transaction_id,transaction_date,branch_id,flow_type,category,amount,payment_channel,reference_id,narration
CSH-000001,2024-02-13,BR-02,INFLOW,Customer Payment,3994.3,NEFT / Bank Transfer,INV-000001,Bank Settlement from Manjunatha Electrical Works
CSH-000002,2024-01-21,BR-01,INFLOW,Customer Payment,9117.86,Cheque,INV-000002,Bank Settlement from Anbu Electricals (Anbazhagan)
CSH-000003,2024-01-31,BR-01,INFLOW,Customer Payment,202467.94,UPI,INV-000003,Bank Settlement from Victory Housing Projects Phase 2
CSH-000004,2024-01-18,BR-02,INFLOW,Customer Payment,145930.6,Cheque,INV-000004,Bank Settlement from Sri Venkateshwara Hardware & Electricals
CSH-000005,2024-01-31,BR-01,INFLOW,Customer Payment,9292.5,NEFT / Bank Transfer,INV-000005,Bank Settlement from Saravana Electric Works (Govindaraj)
CSH-000006,2024-01-22,BR-02,INFLOW,Customer Payment,101952.0,RTGS,INV-000006,Bank Settlement from Sri Venkateshwara Hardware & Electricals
CSH-000007,2024-01-01,BR-01,INFLOW,Customer Payment,826.0,Cash,INV-000007,Receipt from Murugan Auto Garage & Works
CSH-000008,2024-01-01,BR-01,OUTFLOW,Showroom Rent,75000.0,Bank Transfer,EXP-000001,Rent for Vidyut Central Hub & Showroom
CSH-000009,2024-01-01,BR-02,OUTFLOW,Showroom Rent,45000.0,Bank Transfer,EXP-000002,Rent for Vidyut Electronic City Retail Branch
CSH-000010,2024-01-01,BR-03,OUTFLOW,Showroom Rent,35000.0,Bank Transfer,EXP-000003,Rent for Vidyut Coimbatore Townhall Branch
CSH-000011,2024-02-14,BR-02,INFLOW,Customer Payment,1286.2,UPI,INV-000008,Bank Settlement from InnoTech Coworking Hub
CSH-000012,2024-01-11,BR-01,INFLOW,Customer Payment,91863.0,NEFT / Bank Transfer,INV-000009,Bank Settlement from Victory Housing Projects Phase 2
CSH-000013,2024-02-24,BR-01,INFLOW,Customer Payment,1239.0,NEFT / Bank Transfer,INV-000010,Bank Settlement from Apex Manufacturing Solutions
CSH-000014,2024-01-03,BR-01,INFLOW,Customer Payment,3085.7,Cash,INV-000011,Receipt from Siva Shankaran (Individual Home)
CSH-000015,2024-01-27,BR-02,INFLOW,Customer Payment,99145.96,RTGS,INV-000012,Bank Settlement from Raghavendra Infrastructure Developers
CSH-000016,2024-02-25,BR-02,INFLOW,Customer Payment,191331.1,Cheque,INV-000013,Bank Settlement from Sri Venkateshwara Hardware & Electricals
CSH-000017,2024-01-31,BR-01,INFLOW,Customer Payment,6195.0,Cheque,INV-000014,Bank Settlement from Saravana Electric Works (Govindaraj)
CSH-000018,2024-02-09,BR-01,INFLOW,Customer Payment,160568.5,RTGS,INV-000015,Bank Settlement from Kalaivani Hardware & Paints
CSH-000019,2024-01-04,BR-01,INFLOW,Customer Payment,1239.0,UPI,INV-000016,Receipt from Lakshmi Vilas Sweets & Bakery
CSH-000020,2024-02-16,BR-01,INFLOW,Customer Payment,6254.0,NEFT / Bank Transfer,INV-000017,Bank Settlement from Anbu Electricals (Anbazhagan)
CSH-000021,2024-02-25,BR-01,INFLOW,Customer Payment,162202.8,Cheque,INV-000018,Bank Settlement from Balaji Electrical Contractors
CSH-000022,2024-02-03,BR-02,INFLOW,Customer Payment,10766.32,NEFT / Bank Transfer,INV-000019,Bank Settlement from Manjunatha Electrical Works
CSH-000023,2024-02-01,BR-03,INFLOW,Customer Payment,69057.14,UPI,INV-000020,Bank Settlement from Kongu Builders & Real Estate
CSH-000024,2024-02-08,BR-01,INFLOW,Customer Payment,3256.8,UPI,INV-000021,Bank Settlement from TechPark Facility Maintenance Team
CSH-000025,2024-01-05,BR-01,OUTFLOW,Payroll Salaries,160000.0,Bank Transfer,EXP-000004,Salary Payout BR-01
CSH-000026,2024-01-05,BR-02,OUTFLOW,Payroll Salaries,96000.0,Bank Transfer,EXP-000005,Salary Payout BR-02
CSH-000027,2024-01-05,BR-03,OUTFLOW,Payroll Salaries,96000.0,Bank Transfer,EXP-000006,Salary Payout BR-03
CSH-000028,2024-01-12,BR-02,INFLOW,Customer Payment,58569.3,Cheque,INV-000022,Bank Settlement from Raghavendra Infrastructure Developers
CSH-000029,2024-01-06,BR-01,INFLOW,Customer Payment,1392.4,Cash,INV-000023,Receipt from Murugan Auto Garage & Works
CSH-000030,2024-01-28,BR-02,INFLOW,Customer Payment,513.3,Cheque,INV-000024,Bank Settlement from InnoTech Coworking Hub
CSH-000031,2024-01-20,BR-02,INFLOW,Customer Payment,8696.6,UPI,INV-000025,Bank Settlement from Cauvery Engineering Contractors
CSH-000032,2024-01-15,BR-02,INFLOW,Customer Payment,1020.7,NEFT / Bank Transfer,INV-000026,Bank Settlement from Brigade Vista Apartment Owners Assn
CSH-000033,2024-02-24,BR-01,INFLOW,Customer Payment,26019.0,RTGS,INV-000027,Bank Settlement from Kalam Brothers Electrical Store
CSH-000034,2024-01-07,BR-01,OUTFLOW,Staff Refreshments & Tea,571.6,Petty Cash,EXP-000007,Operational expense
CSH-000035,2024-01-31,BR-01,INFLOW,Customer Payment,75909.4,UPI,INV-000028,Bank Settlement from Global Smart Solutions (P) Ltd
CSH-000036,2024-02-04,BR-01,INFLOW,Customer Payment,2537.0,UPI,INV-000029,Bank Settlement from Royal Comfort Residency Hotel
CSH-000037,2024-01-30,BR-01,INFLOW,Customer Payment,5268.7,UPI,INV-000030,Bank Settlement from Apex Manufacturing Solutions
CSH-000038,2024-02-21,BR-01,INFLOW,Customer Payment,13260.84,UPI,INV-000031,Bank Settlement from Kalaivani Hardware & Paints
CSH-000039,2024-01-26,BR-01,INFLOW,Customer Payment,566.4,Cheque,INV-000032,Bank Settlement from Apex Manufacturing Solutions
CSH-000040,2024-01-08,BR-01,INFLOW,Customer Payment,4395.5,UPI,INV-000033,Receipt from Lakshmi Vilas Sweets & Bakery
CSH-000041,2024-01-31,BR-01,INFLOW,Customer Payment,161910.16,NEFT / Bank Transfer,INV-000034,Bank Settlement from Balaji Electrical Contractors
CSH-000042,2024-01-08,BR-01,OUTFLOW,Staff Refreshments & Tea,524.62,Petty Cash,EXP-000008,Operational expense
CSH-000043,2024-01-25,BR-02,INFLOW,Customer Payment,2112.2,Cheque,INV-000035,Bank Settlement from InnoTech Coworking Hub
CSH-000044,2024-01-09,BR-01,INFLOW,Customer Payment,1298.0,UPI,INV-000036,Receipt from Dr. Priya Sundaram (Home Clinic)
CSH-000045,2024-02-07,BR-02,INFLOW,Customer Payment,4354.2,UPI,INV-000037,Bank Settlement from InnoTech Coworking Hub
CSH-000046,2024-02-23,BR-01,INFLOW,Customer Payment,19977.4,UPI,INV-000038,Bank Settlement from Srinivasan & Sons Contractor
CSH-000047,2024-01-09,BR-01,INFLOW,Customer Payment,2973.6,Cash,INV-000039,Receipt from Mohammed Riyaz (Home Renovation)
CSH-000048,2024-01-25,BR-02,INFLOW,Customer Payment,2312.8,UPI,INV-000040,Bank Settlement from Manjunatha Electrical Works
CSH-000049,2024-01-17,BR-01,INFLOW,Customer Payment,269748.0,Cheque,INV-000041,Bank Settlement from Vivek Enterprises (Old Partner)
CSH-000050,2024-02-08,BR-01,INFLOW,Customer Payment,15758.9,NEFT / Bank Transfer,INV-000042,Bank Settlement from Anbu Electricals (Anbazhagan)
CSH-000051,2024-01-10,BR-01,OUTFLOW,Electricity Bill,14820.05,Online Banking,EXP-000009,Utility Payment
CSH-000052,2024-01-10,BR-02,OUTFLOW,Electricity Bill,11819.54,Online Banking,EXP-000010,Utility Payment
CSH-000053,2024-01-10,BR-03,OUTFLOW,Electricity Bill,15973.99,Online Banking,EXP-000011,Utility Payment
CSH-000054,2024-01-25,BR-03,INFLOW,Customer Payment,428198.4,RTGS,INV-000043,Bank Settlement from Marutham Electrical & Power Agency
CSH-000055,2024-01-17,BR-02,INFLOW,Customer Payment,814.2,Cheque,INV-000044,Bank Settlement from Brigade Vista Apartment Owners Assn
CSH-000056,2024-01-24,BR-03,INFLOW,Customer Payment,108719.3,NEFT / Bank Transfer,INV-000045,Bank Settlement from Velan Pump & Motor Spares Store
CSH-000057,2024-01-12,BR-01,INFLOW,Customer Payment,477.9,UPI,INV-000046,Receipt from Dr. Priya Sundaram (Home Clinic)
CSH-000058,2024-02-01,BR-01,INFLOW,Customer Payment,3654.46,UPI,INV-000047,Bank Settlement from Saravana Electric Works (Govindaraj)
CSH-000059,2024-03-04,BR-01,INFLOW,Customer Payment,35.4,Cheque,INV-000048,Bank Settlement from Vels Vidyashram School Campus
CSH-000060,2024-03-05,BR-01,INFLOW,Customer Payment,11375.2,NEFT / Bank Transfer,INV-000049,Bank Settlement from Selvam Electrician Services
CSH-000061,2024-02-05,BR-01,INFLOW,Customer Payment,140022.34,NEFT / Bank Transfer,INV-000050,Bank Settlement from Sri Ramakrishna Builders & Infra
CSH-000062,2024-02-03,BR-01,INFLOW,Customer Payment,445208.1,RTGS,INV-000051,Bank Settlement from Devi Agency & Lighting Store
CSH-000063,2024-01-13,BR-02,INFLOW,Customer Payment,5498.8,UPI,INV-000052,Receipt from Dr. Arvind Rao Dental Clinic
CSH-000064,2024-01-13,BR-02,INFLOW,Customer Payment,2478.0,Cash,INV-000053,Receipt from Nandini Milk Parlour & Mart
CSH-000065,2024-02-01,BR-03,INFLOW,Customer Payment,13555.84,UPI,INV-000054,Bank Settlement from Kongu Builders & Real Estate
CSH-000066,2024-02-05,BR-03,INFLOW,Customer Payment,1911.6,Cheque,INV-000055,Bank Settlement from Rangasamy Electrician Workshop
CSH-000067,2024-01-22,BR-01,INFLOW,Customer Payment,2778.9,RTGS,INV-000056,Bank Settlement from Vels Vidyashram School Campus
CSH-000068,2024-03-05,BR-01,INFLOW,Customer Payment,49052.6,UPI,INV-000057,Bank Settlement from Sri Ramakrishna Builders & Infra
CSH-000069,2024-02-09,BR-02,INFLOW,Customer Payment,12826.6,RTGS,INV-000058,Bank Settlement from Manjunatha Electrical Works
CSH-000070,2024-02-27,BR-03,INFLOW,Customer Payment,14089.2,UPI,INV-000059,Bank Settlement from Rangasamy Electrician Workshop
CSH-000071,2024-02-12,BR-01,INFLOW,Customer Payment,814.2,NEFT / Bank Transfer,INV-000060,Bank Settlement from Apex Manufacturing Solutions
CSH-000072,2024-01-24,BR-02,INFLOW,Customer Payment,142673.8,RTGS,INV-000061,Bank Settlement from Sri Venkateshwara Hardware & Electricals
CSH-000073,2024-01-22,BR-02,INFLOW,Customer Payment,233964.5,Cheque,INV-000062,Bank Settlement from Sri Venkateshwara Hardware & Electricals
CSH-000074,2024-01-16,BR-02,INFLOW,Customer Payment,5876.4,UPI,INV-000063,Receipt from Dr. Arvind Rao Dental Clinic
CSH-000075,2024-02-15,BR-03,INFLOW,Customer Payment,660.8,UPI,INV-000064,Bank Settlement from Kovai Textile Mills Facility Team
CSH-000076,2024-02-29,BR-01,INFLOW,Customer Payment,460.2,NEFT / Bank Transfer,INV-000065,Bank Settlement from Poompuhar Handicrafts Store
CSH-000077,2024-02-06,BR-01,INFLOW,Customer Payment,8178.58,RTGS,INV-000066,Bank Settlement from Saravana Electric Works (Govindaraj)
CSH-000078,2024-02-03,BR-01,INFLOW,Customer Payment,153.4,RTGS,INV-000067,Bank Settlement from TechPark Facility Maintenance Team
CSH-000079,2024-02-07,BR-01,INFLOW,Customer Payment,3304.0,UPI,INV-000068,Bank Settlement from Metro Supermarket Tambaram
CSH-000080,2024-01-30,BR-03,INFLOW,Customer Payment,140482.54,NEFT / Bank Transfer,INV-000069,Bank Settlement from Velan Pump & Motor Spares Store
CSH-000081,2024-01-18,BR-02,INFLOW,Customer Payment,277.3,Credit Card,INV-000070,Receipt from Suresh Babu (Villa Construction)
CSH-000082,2024-01-18,BR-02,INFLOW,Customer Payment,3256.8,Cash,INV-000071,Receipt from Nandini Milk Parlour & Mart
CSH-000083,2024-01-18,BR-01,INFLOW,Customer Payment,2596.0,Credit Card,INV-000072,Receipt from Karthik Residential Apartment Owner
CSH-000084,2024-03-13,BR-03,INFLOW,Customer Payment,2773.0,NEFT / Bank Transfer,INV-000073,Bank Settlement from Sri Krishna Engineering College Hostel
CSH-000085,2024-02-05,BR-01,INFLOW,Customer Payment,737.5,NEFT / Bank Transfer,INV-000074,Bank Settlement from Vels Vidyashram School Campus
CSH-000086,2024-02-07,BR-01,INFLOW,Customer Payment,129997.06,Cheque,INV-000075,Bank Settlement from Vivek Enterprises (Old Partner)
CSH-000087,2024-02-10,BR-03,INFLOW,Customer Payment,17.7,Cheque,INV-000076,Bank Settlement from Sri Krishna Engineering College Hostel
CSH-000088,2024-01-26,BR-01,INFLOW,Customer Payment,212.4,UPI,INV-000077,Bank Settlement from Metro Supermarket Tambaram
CSH-000089,2024-04-02,BR-01,INFLOW,Customer Payment,1008.9,RTGS,INV-000078,Bank Settlement from TechPark Facility Maintenance Team
CSH-000090,2024-01-19,BR-01,OUTFLOW,Staff Refreshments & Tea,810.3,Petty Cash,EXP-000012,Operational expense
CSH-000091,2024-01-25,BR-03,INFLOW,Customer Payment,199201.7,RTGS,INV-000079,Bank Settlement from Velan Pump & Motor Spares Store
CSH-000092,2024-02-07,BR-01,INFLOW,Customer Payment,15446.2,Cheque,INV-000080,Bank Settlement from Anbu Electricals (Anbazhagan)
CSH-000093,2024-01-20,BR-02,OUTFLOW,Office Supplies & Printing,1519.86,Petty Cash,EXP-000013,Operational expense
CSH-000094,2024-02-03,BR-01,INFLOW,Customer Payment,245381.0,RTGS,INV-000081,Bank Settlement from Kalam Brothers Electrical Store
CSH-000095,2024-03-01,BR-01,INFLOW,Customer Payment,1239.0,RTGS,INV-000082,Bank Settlement from Metro Supermarket Tambaram
CSH-000096,2024-02-08,BR-01,INFLOW,Customer Payment,48545.2,NEFT / Bank Transfer,INV-000083,Bank Settlement from Sri Ramakrishna Builders & Infra
CSH-000097,2024-02-18,BR-01,INFLOW,Customer Payment,171.1,RTGS,INV-000084,Bank Settlement from Poompuhar Handicrafts Store
CSH-000098,2024-02-24,BR-01,INFLOW,Customer Payment,11841.3,RTGS,INV-000085,Bank Settlement from Sri Ramakrishna Builders & Infra
CSH-000099,2024-02-22,BR-02,INFLOW,Customer Payment,93857.2,NEFT / Bank Transfer,INV-000086,Bank Settlement from Raghavendra Infrastructure Developers
CSH-000100,2024-03-16,BR-03,INFLOW,Customer Payment,1286.2,RTGS,INV-000087,Bank Settlement from Sri Krishna Engineering College Hostel
CSH-000101,2024-03-01,BR-01,INFLOW,Customer Payment,12154.0,RTGS,INV-000088,Bank Settlement from Selvam Electrician Services
CSH-000102,2024-02-18,BR-01,INFLOW,Customer Payment,74289.26,UPI,INV-000089,Bank Settlement from Devi Agency & Lighting Store
CSH-000103,2024-02-16,BR-01,INFLOW,Customer Payment,13538.14,Cheque,INV-000090,Bank Settlement from Victory Housing Projects Phase 2
CSH-000104,2024-02-07,BR-03,INFLOW,Customer Payment,88.5,UPI,INV-000091,Bank Settlement from Kovai Textile Mills Facility Team
CSH-000105,2024-02-23,BR-01,INFLOW,Customer Payment,8708.4,Cheque,INV-000092,Bank Settlement from Poompuhar Handicrafts Store
CSH-000106,2024-03-05,BR-01,INFLOW,Customer Payment,4012.0,UPI,INV-000093,Bank Settlement from Vels Vidyashram School Campus
CSH-000107,2024-01-25,BR-01,INFLOW,Customer Payment,3091.6,Cash,INV-000094,Receipt from Mohammed Riyaz (Home Renovation)
CSH-000108,2024-03-15,BR-01,INFLOW,Customer Payment,5723.0,NEFT / Bank Transfer,INV-000095,Bank Settlement from Selvam Electrician Services
CSH-000109,2024-01-31,BR-02,INFLOW,Customer Payment,228589.6,Cheque,INV-000096,Bank Settlement from Sri Venkateshwara Hardware & Electricals
CSH-000110,2024-04-15,BR-02,INFLOW,Customer Payment,4613.8,UPI,INV-000097,Bank Settlement from Manjunatha Electrical Works
CSH-000111,2024-01-26,BR-01,INFLOW,Customer Payment,849.6,Cash,INV-000098,Receipt from Mohammed Riyaz (Home Renovation)
CSH-000112,2024-01-26,BR-02,INFLOW,Customer Payment,5652.2,Credit Card,INV-000099,Receipt from Suresh Babu (Villa Construction)
CSH-000113,2024-02-17,BR-03,INFLOW,Customer Payment,51759.52,NEFT / Bank Transfer,INV-000100,Bank Settlement from Marutham Electrical & Power Agency
CSH-000114,2024-02-25,BR-02,INFLOW,Customer Payment,153.4,RTGS,INV-000101,Bank Settlement from InnoTech Coworking Hub
CSH-000115,2024-01-26,BR-02,INFLOW,Customer Payment,3109.3,Cash,INV-000102,Receipt from Nandini Milk Parlour & Mart
CSH-000116,2024-01-27,BR-02,INFLOW,Customer Payment,1298.0,Cash,INV-000103,Receipt from Nandini Milk Parlour & Mart
CSH-000117,2024-03-10,BR-01,INFLOW,Customer Payment,11437.74,NEFT / Bank Transfer,INV-000104,Bank Settlement from Selvam Electrician Services
CSH-000118,2024-01-27,BR-01,INFLOW,Customer Payment,2572.4,UPI,INV-000105,Receipt from Dr. Priya Sundaram (Home Clinic)
CSH-000119,2024-01-27,BR-01,INFLOW,Customer Payment,6395.6,UPI,INV-000106,Receipt from Lakshmi Vilas Sweets & Bakery
CSH-000120,2024-01-28,BR-01,OUTFLOW,Minor Maintenance & Repair,1027.1,Petty Cash,EXP-000014,Operational expense
CSH-000121,2024-02-22,BR-01,INFLOW,Customer Payment,102730.8,UPI,INV-000107,Bank Settlement from Srinivasan & Sons Contractor
CSH-000122,2024-01-29,BR-02,INFLOW,Customer Payment,5492.9,UPI,INV-000108,Receipt from Dr. Arvind Rao Dental Clinic
CSH-000123,2024-03-07,BR-03,INFLOW,Customer Payment,35046.0,RTGS,INV-000109,Bank Settlement from Kongu Builders & Real Estate
CSH-000124,2024-02-22,BR-01,INFLOW,Customer Payment,198216.4,UPI,INV-000110,Bank Settlement from Vivek Enterprises (Old Partner)
CSH-000125,2024-02-12,BR-03,INFLOW,Customer Payment,7221.6,NEFT / Bank Transfer,INV-000111,Bank Settlement from Rangasamy Electrician Workshop
CSH-000126,2024-02-16,BR-01,INFLOW,Customer Payment,2478.0,NEFT / Bank Transfer,INV-000112,Bank Settlement from Vels Vidyashram School Campus
CSH-000127,2024-02-05,BR-01,INFLOW,Customer Payment,36702.72,RTGS,INV-000113,Bank Settlement from Sri Ramakrishna Builders & Infra
CSH-000128,2024-02-19,BR-03,INFLOW,Customer Payment,473764.1,NEFT / Bank Transfer,INV-000114,Bank Settlement from Velan Pump & Motor Spares Store
CSH-000129,2024-02-07,BR-01,INFLOW,Customer Payment,16295.8,Cheque,INV-000115,Bank Settlement from Selvam Electrician Services
CSH-000130,2024-02-04,BR-01,INFLOW,Customer Payment,4366.0,Cheque,INV-000116,Bank Settlement from TechPark Facility Maintenance Team
CSH-000131,2024-02-19,BR-02,INFLOW,Customer Payment,11145.1,Cheque,INV-000117,Bank Settlement from Cauvery Engineering Contractors
CSH-000132,2024-02-13,BR-01,INFLOW,Customer Payment,165707.4,Cheque,INV-000118,Bank Settlement from Sri Ramakrishna Builders & Infra
CSH-000133,2024-01-31,BR-01,INFLOW,Customer Payment,4159.5,Cash,INV-000119,Receipt from Siva Shankaran (Individual Home)
CSH-000134,2024-01-31,BR-02,INFLOW,Customer Payment,1003.0,Cash,INV-000120,Receipt from Nandini Milk Parlour & Mart
CSH-000135,2024-03-16,BR-01,INFLOW,Customer Payment,2790.7,Cheque,INV-000121,Bank Settlement from Poompuhar Handicrafts Store
CSH-000136,2024-03-02,BR-01,INFLOW,Customer Payment,235681.4,Cheque,INV-000122,Bank Settlement from Kalaivani Hardware & Paints
CSH-000137,2024-02-06,BR-01,INFLOW,Customer Payment,268568.0,Cheque,INV-000123,Bank Settlement from Kalam Brothers Electrical Store
CSH-000138,2024-02-25,BR-01,INFLOW,Customer Payment,227580.7,NEFT / Bank Transfer,INV-000124,Bank Settlement from Sri Ramakrishna Builders & Infra
CSH-000139,2024-02-01,BR-01,OUTFLOW,Showroom Rent,75000.0,Bank Transfer,EXP-000015,Rent for Vidyut Central Hub & Showroom
CSH-000140,2024-02-01,BR-02,OUTFLOW,Showroom Rent,45000.0,Bank Transfer,EXP-000016,Rent for Vidyut Electronic City Retail Branch
CSH-000141,2024-02-01,BR-03,OUTFLOW,Showroom Rent,35000.0,Bank Transfer,EXP-000017,Rent for Vidyut Coimbatore Townhall Branch
CSH-000142,2024-02-02,BR-01,INFLOW,Customer Payment,867.3,UPI,INV-000125,Receipt from Dr. Priya Sundaram (Home Clinic)
CSH-000143,2024-02-02,BR-01,INFLOW,Customer Payment,2342.3,UPI,INV-000126,Receipt from Dr. Priya Sundaram (Home Clinic)
CSH-000144,2024-03-26,BR-01,INFLOW,Customer Payment,105362.2,NEFT / Bank Transfer,INV-000127,Bank Settlement from Balaji Electrical Contractors
CSH-000145,2024-02-24,BR-03,INFLOW,Customer Payment,477.9,RTGS,INV-000128,Bank Settlement from Kovai Textile Mills Facility Team
CSH-000146,2024-02-25,BR-01,INFLOW,Customer Payment,122531.2,UPI,INV-000129,Bank Settlement from Devi Agency & Lighting Store
CSH-000147,2024-04-22,BR-03,INFLOW,Customer Payment,39211.4,RTGS,INV-000130,Bank Settlement from Marutham Electrical & Power Agency
CSH-000148,2024-02-15,BR-01,INFLOW,Customer Payment,206.5,RTGS,INV-000131,Bank Settlement from TechPark Facility Maintenance Team
CSH-000149,2024-02-03,BR-01,INFLOW,Customer Payment,2867.4,UPI,INV-000132,Receipt from Dr. Priya Sundaram (Home Clinic)
CSH-000150,2024-02-29,BR-02,INFLOW,Customer Payment,160763.2,Cheque,INV-000133,Bank Settlement from Raghavendra Infrastructure Developers
CSH-000151,2024-02-10,BR-03,INFLOW,Customer Payment,660.8,UPI,INV-000134,Bank Settlement from Kovai Textile Mills Facility Team
CSH-000152,2024-02-18,BR-01,INFLOW,Customer Payment,127375.1,Cheque,INV-000135,Bank Settlement from Devi Agency & Lighting Store
CSH-000153,2024-03-19,BR-01,INFLOW,Customer Payment,73555.3,NEFT / Bank Transfer,INV-000136,Bank Settlement from Kalam Brothers Electrical Store
CSH-000154,2024-03-21,BR-01,INFLOW,Customer Payment,696.2,UPI,INV-000137,Bank Settlement from Poompuhar Handicrafts Store
CSH-000155,2024-02-05,BR-01,OUTFLOW,Payroll Salaries,160000.0,Bank Transfer,EXP-000018,Salary Payout BR-01
CSH-000156,2024-02-05,BR-02,OUTFLOW,Payroll Salaries,96000.0,Bank Transfer,EXP-000019,Salary Payout BR-02
CSH-000157,2024-02-05,BR-03,OUTFLOW,Payroll Salaries,96000.0,Bank Transfer,EXP-000020,Salary Payout BR-03
CSH-000158,2024-02-26,BR-01,INFLOW,Customer Payment,991.2,RTGS,INV-000138,Bank Settlement from Selvam Electrician Services
CSH-000159,2024-02-06,BR-02,INFLOW,Customer Payment,849.6,UPI,INV-000139,Receipt from Dr. Arvind Rao Dental Clinic
CSH-000160,2024-02-24,BR-03,INFLOW,Customer Payment,276745.4,RTGS,INV-000140,Bank Settlement from Kongu Builders & Real Estate
CSH-000161,2024-03-24,BR-02,INFLOW,Customer Payment,2961.8,UPI,INV-000141,Bank Settlement from InnoTech Coworking Hub
CSH-000162,2024-03-07,BR-01,INFLOW,Customer Payment,203461.5,Cheque,INV-000142,Bank Settlement from Kalam Brothers Electrical Store
CSH-000163,2024-03-27,BR-01,INFLOW,Customer Payment,12342.8,NEFT / Bank Transfer,INV-000143,Bank Settlement from Kalaivani Hardware & Paints
CSH-000164,2024-03-04,BR-02,INFLOW,Customer Payment,38307.52,Cheque,INV-000144,Bank Settlement from Raghavendra Infrastructure Developers
CSH-000165,2024-02-27,BR-01,INFLOW,Customer Payment,2820.2,RTGS,INV-000145,Bank Settlement from Poompuhar Handicrafts Store
CSH-000166,2024-03-05,BR-02,INFLOW,Customer Payment,11328.0,UPI,INV-000146,Bank Settlement from Manjunatha Electrical Works
CSH-000167,2024-03-16,BR-01,INFLOW,Customer Payment,11853.1,RTGS,INV-000147,Bank Settlement from Balaji Electrical Contractors
CSH-000168,2024-03-08,BR-01,INFLOW,Customer Payment,5793.8,Cheque,INV-000148,Bank Settlement from Global Smart Solutions (P) Ltd
CSH-000169,2024-02-23,BR-01,INFLOW,Customer Payment,374956.8,UPI,INV-000149,Bank Settlement from Vivek Enterprises (Old Partner)
CSH-000170,2024-02-27,BR-02,INFLOW,Customer Payment,59040.12,NEFT / Bank Transfer,INV-000150,Bank Settlement from Sri Venkateshwara Hardware & Electricals
CSH-000171,2024-03-06,BR-01,INFLOW,Customer Payment,48439.0,Cheque,INV-000151,Bank Settlement from Balaji Electrical Contractors
CSH-000172,2024-02-21,BR-01,INFLOW,Customer Payment,33090.74,RTGS,INV-000152,Bank Settlement from Kalaivani Hardware & Paints
CSH-000173,2024-03-08,BR-01,INFLOW,Customer Payment,158527.1,UPI,INV-000153,Bank Settlement from Devi Agency & Lighting Store
CSH-000174,2024-02-15,BR-03,INFLOW,Customer Payment,2537.0,RTGS,INV-000154,Bank Settlement from Sri Krishna Engineering College Hostel
CSH-000175,2024-02-09,BR-01,INFLOW,Customer Payment,601.8,UPI,INV-000155,Receipt from Dr. Priya Sundaram (Home Clinic)
CSH-000176,2024-02-17,BR-01,INFLOW,Customer Payment,348235.7,NEFT / Bank Transfer,INV-000156,Bank Settlement from Devi Agency & Lighting Store
CSH-000177,2024-03-01,BR-02,INFLOW,Customer Payment,211715.6,NEFT / Bank Transfer,INV-000157,Bank Settlement from Sri Venkateshwara Hardware & Electricals
CSH-000178,2024-03-19,BR-01,INFLOW,Customer Payment,25499.8,NEFT / Bank Transfer,INV-000158,Bank Settlement from Balaji Electrical Contractors
CSH-000179,2024-02-27,BR-01,INFLOW,Customer Payment,82033.6,RTGS,INV-000159,Bank Settlement from Sri Ramakrishna Builders & Infra
CSH-000180,2024-02-20,BR-01,INFLOW,Customer Payment,233512.56,Cheque,INV-000160,Bank Settlement from Vivek Enterprises (Old Partner)
CSH-000181,2024-03-19,BR-01,INFLOW,Customer Payment,542.8,UPI,INV-000161,Bank Settlement from Royal Comfort Residency Hotel
CSH-000182,2024-02-10,BR-01,INFLOW,Customer Payment,3292.2,UPI,INV-000162,Receipt from Dr. Priya Sundaram (Home Clinic)
CSH-000183,2024-05-08,BR-01,INFLOW,Customer Payment,50846.2,RTGS,INV-000163,Bank Settlement from Devi Agency & Lighting Store
CSH-000184,2024-02-10,BR-01,OUTFLOW,Electricity Bill,12787.4,Online Banking,EXP-000021,Utility Payment
CSH-000185,2024-02-10,BR-02,OUTFLOW,Electricity Bill,16217.08,Online Banking,EXP-000022,Utility Payment
CSH-000186,2024-02-10,BR-03,OUTFLOW,Electricity Bill,10161.09,Online Banking,EXP-000023,Utility Payment
CSH-000187,2024-02-11,BR-01,OUTFLOW,Staff Refreshments & Tea,2044.09,Petty Cash,EXP-000024,Operational expense
CSH-000188,2024-02-25,BR-01,INFLOW,Customer Payment,1298.0,UPI,INV-000164,Bank Settlement from Vels Vidyashram School Campus
CSH-000189,2024-02-12,BR-02,INFLOW,Customer Payment,531.0,UPI,INV-000165,Receipt from Dr. Arvind Rao Dental Clinic
CSH-000190,2024-02-27,BR-01,INFLOW,Customer Payment,51235.6,NEFT / Bank Transfer,INV-000166,Bank Settlement from Srinivasan & Sons Contractor
CSH-000191,2024-03-25,BR-03,INFLOW,Customer Payment,708.0,RTGS,INV-000167,Bank Settlement from Kovai Textile Mills Facility Team
CSH-000192,2024-03-31,BR-01,INFLOW,Customer Payment,2596.0,UPI,INV-000168,Bank Settlement from Vels Vidyashram School Campus
CSH-000193,2024-02-24,BR-02,INFLOW,Customer Payment,8130.2,RTGS,INV-000169,Bank Settlement from Brigade Vista Apartment Owners Assn
CSH-000194,2024-02-13,BR-02,INFLOW,Customer Payment,4484.0,Cash,INV-000170,Receipt from Nandini Milk Parlour & Mart
CSH-000195,2024-02-13,BR-01,OUTFLOW,Minor Maintenance & Repair,1077.35,Petty Cash,EXP-000025,Operational expense
CSH-000196,2024-04-03,BR-01,INFLOW,Customer Payment,5286.4,Cheque,INV-000171,Bank Settlement from Royal Comfort Residency Hotel
CSH-000197,2024-02-14,BR-01,INFLOW,Customer Payment,2596.0,UPI,INV-000172,Receipt from Dr. Priya Sundaram (Home Clinic)
CSH-000198,2024-02-14,BR-02,INFLOW,Customer Payment,2478.0,Cash,INV-000173,Receipt from Nandini Milk Parlour & Mart
CSH-000199,2024-02-27,BR-01,INFLOW,Customer Payment,43497.16,RTGS,INV-000174,Bank Settlement from Global Smart Solutions (P) Ltd
CSH-000200,2024-02-15,BR-01,INFLOW,Customer Payment,8083.0,Credit Card,INV-000175,Receipt from Karthik Residential Apartment Owner
CSH-000201,2024-03-13,BR-01,INFLOW,Customer Payment,660.8,RTGS,INV-000176,Bank Settlement from Poompuhar Handicrafts Store
CSH-000202,2024-03-03,BR-03,INFLOW,Customer Payment,283.2,NEFT / Bank Transfer,INV-000177,Bank Settlement from Sri Krishna Engineering College Hostel
CSH-000203,2024-03-02,BR-01,INFLOW,Customer Payment,2596.0,UPI,INV-000178,Bank Settlement from Apex Manufacturing Solutions
CSH-000204,2024-02-20,BR-01,INFLOW,Customer Payment,102329.6,RTGS,INV-000179,Bank Settlement from Victory Housing Projects Phase 2
CSH-000205,2024-02-27,BR-01,INFLOW,Customer Payment,239958.9,NEFT / Bank Transfer,INV-000180,Bank Settlement from Global Smart Solutions (P) Ltd
CSH-000206,2024-03-11,BR-01,INFLOW,Customer Payment,23399.4,UPI,INV-000181,Bank Settlement from Vivek Enterprises (Old Partner)
CSH-000207,2024-02-17,BR-01,INFLOW,Customer Payment,3197.8,Credit Card,INV-000182,Receipt from Karthik Residential Apartment Owner
CSH-000208,2024-02-17,BR-02,INFLOW,Customer Payment,5133.0,UPI,INV-000183,Receipt from Dr. Arvind Rao Dental Clinic
CSH-000209,2024-05-11,BR-01,INFLOW,Customer Payment,5546.0,UPI,INV-000184,Bank Settlement from TechPark Facility Maintenance Team
CSH-000210,2024-03-17,BR-02,INFLOW,Customer Payment,6702.4,Cheque,INV-000185,Bank Settlement from Manjunatha Electrical Works
CSH-000211,2024-04-05,BR-02,INFLOW,Customer Payment,135251.6,UPI,INV-000186,Bank Settlement from Sri Venkateshwara Hardware & Electricals
CSH-000212,2024-02-17,BR-03,OUTFLOW,Minor Maintenance & Repair,580.66,Petty Cash,EXP-000026,Operational expense
CSH-000213,2024-02-19,BR-01,INFLOW,Customer Payment,1911.6,Credit Card,INV-000187,Receipt from Karthik Residential Apartment Owner
CSH-000214,2024-03-20,BR-01,INFLOW,Customer Payment,28320.0,RTGS,INV-000188,Bank Settlement from Global Smart Solutions (P) Ltd
CSH-000215,2024-03-03,BR-02,INFLOW,Customer Payment,3805.5,RTGS,INV-000189,Bank Settlement from InnoTech Coworking Hub
CSH-000216,2024-03-13,BR-03,INFLOW,Customer Payment,330.4,RTGS,INV-000190,Bank Settlement from Kovai Textile Mills Facility Team
CSH-000217,2024-02-20,BR-02,INFLOW,Customer Payment,1947.0,UPI,INV-000191,Receipt from Dr. Arvind Rao Dental Clinic
CSH-000218,2024-02-20,BR-01,INFLOW,Customer Payment,2967.7,Credit Card,INV-000192,Receipt from Karthik Residential Apartment Owner
CSH-000219,2024-02-28,BR-02,INFLOW,Customer Payment,660.8,NEFT / Bank Transfer,INV-000193,Bank Settlement from Brigade Vista Apartment Owners Assn
CSH-000220,2024-02-29,BR-01,INFLOW,Customer Payment,76053.36,NEFT / Bank Transfer,INV-000194,Bank Settlement from Devi Agency & Lighting Store
CSH-000221,2024-03-30,BR-03,INFLOW,Customer Payment,8336.7,RTGS,INV-000195,Bank Settlement from Sundaram Hospital Maintenance
CSH-000222,2024-04-09,BR-03,INFLOW,Customer Payment,41904.16,Cheque,INV-000196,Bank Settlement from Rangasamy Electrician Workshop
CSH-000223,2024-03-01,BR-01,INFLOW,Customer Payment,21027.6,NEFT / Bank Transfer,INV-000197,Bank Settlement from Global Smart Solutions (P) Ltd
CSH-000224,2024-03-03,BR-02,INFLOW,Customer Payment,4236.2,UPI,INV-000198,Bank Settlement from Brigade Vista Apartment Owners Assn
CSH-000225,2024-02-21,BR-01,INFLOW,Customer Payment,218.3,Credit Card,INV-000199,Receipt from Karthik Residential Apartment Owner
CSH-000226,2024-04-15,BR-01,INFLOW,Customer Payment,249015.4,Cheque,INV-000200,Bank Settlement from Victory Housing Projects Phase 2
CSH-000227,2024-04-05,BR-01,INFLOW,Customer Payment,158391.4,UPI,INV-000201,Bank Settlement from Kalam Brothers Electrical Store
CSH-000228,2024-02-29,BR-01,INFLOW,Customer Payment,424.8,RTGS,INV-000202,Bank Settlement from Metro Supermarket Tambaram
CSH-000229,2024-04-05,BR-01,INFLOW,Customer Payment,12154.0,UPI,INV-000203,Bank Settlement from Saravana Electric Works (Govindaraj)
CSH-000230,2024-02-21,BR-03,OUTFLOW,Vehicle Fuel & Freight,967.29,Petty Cash,EXP-000027,Operational expense
CSH-000231,2024-03-17,BR-03,INFLOW,Customer Payment,1250.8,Cheque,INV-000204,Bank Settlement from Sri Krishna Engineering College Hostel
CSH-000232,2024-03-05,BR-02,INFLOW,Customer Payment,790.6,UPI,INV-000205,Bank Settlement from InnoTech Coworking Hub
CSH-000233,2024-02-22,BR-01,INFLOW,Customer Payment,790.6,UPI,INV-000206,Receipt from Dr. Priya Sundaram (Home Clinic)
CSH-000234,2024-03-02,BR-01,INFLOW,Customer Payment,147.5,NEFT / Bank Transfer,INV-000207,Bank Settlement from Poompuhar Handicrafts Store
CSH-000235,2024-03-13,BR-01,INFLOW,Customer Payment,392414.9,NEFT / Bank Transfer,INV-000208,Bank Settlement from Kalam Brothers Electrical Store
CSH-000236,2024-04-08,BR-02,INFLOW,Customer Payment,207721.3,NEFT / Bank Transfer,INV-000209,Bank Settlement from Raghavendra Infrastructure Developers
CSH-000237,2024-04-15,BR-03,INFLOW,Customer Payment,10148.0,UPI,INV-000210,Bank Settlement from Kovai Textile Mills Facility Team
CSH-000238,2024-03-11,BR-03,INFLOW,Customer Payment,177.0,RTGS,INV-000211,Bank Settlement from Sri Krishna Engineering College Hostel
CSH-000239,2024-02-28,BR-01,INFLOW,Customer Payment,50527.6,RTGS,INV-000212,Bank Settlement from Srinivasan & Sons Contractor
CSH-000240,2024-03-06,BR-01,INFLOW,Customer Payment,187915.0,RTGS,INV-000213,Bank Settlement from Vivek Enterprises (Old Partner)
CSH-000241,2024-03-15,BR-03,INFLOW,Customer Payment,53164.9,UPI,INV-000214,Bank Settlement from Kongu Builders & Real Estate
CSH-000242,2024-03-22,BR-01,INFLOW,Customer Payment,2336.4,Cheque,INV-000215,Bank Settlement from Saravana Electric Works (Govindaraj)
CSH-000243,2024-02-23,BR-01,OUTFLOW,Vehicle Fuel & Freight,1144.18,Petty Cash,EXP-000028,Operational expense
CSH-000244,2024-02-24,BR-02,INFLOW,Customer Payment,1374.7,Credit Card,INV-000216,Receipt from Suresh Babu (Villa Construction)
CSH-000245,2024-03-16,BR-02,INFLOW,Customer Payment,197779.8,Cheque,INV-000217,Bank Settlement from Raghavendra Infrastructure Developers
CSH-000246,2024-03-18,BR-01,INFLOW,Customer Payment,31795.1,NEFT / Bank Transfer,INV-000218,Bank Settlement from Kalam Brothers Electrical Store
CSH-000247,2024-03-22,BR-02,INFLOW,Customer Payment,226052.6,UPI,INV-000219,Bank Settlement from Raghavendra Infrastructure Developers
CSH-000248,2024-03-24,BR-03,INFLOW,Customer Payment,99798.5,Cheque,INV-000220,Bank Settlement from Velan Pump & Motor Spares Store
CSH-000249,2024-03-21,BR-01,INFLOW,Customer Payment,1239.0,RTGS,INV-000221,Bank Settlement from Apex Manufacturing Solutions
CSH-000250,2024-02-26,BR-01,INFLOW,Customer Payment,4495.8,Cash,INV-000222,Receipt from Mohammed Riyaz (Home Renovation)
CSH-000251,2024-03-07,BR-02,INFLOW,Customer Payment,13658.5,NEFT / Bank Transfer,INV-000223,Bank Settlement from Manjunatha Electrical Works
CSH-000252,2024-03-23,BR-02,INFLOW,Customer Payment,154001.8,UPI,INV-000224,Bank Settlement from Raghavendra Infrastructure Developers
CSH-000253,2024-02-26,BR-01,OUTFLOW,Office Supplies & Printing,2341.84,Petty Cash,EXP-000029,Operational expense
CSH-000254,2024-03-26,BR-01,INFLOW,Customer Payment,14561.2,NEFT / Bank Transfer,INV-000225,Bank Settlement from Balaji Electrical Contractors
CSH-000255,2024-03-10,BR-01,INFLOW,Customer Payment,110353.6,NEFT / Bank Transfer,INV-000226,Bank Settlement from Sri Ramakrishna Builders & Infra
CSH-000256,2024-03-25,BR-03,INFLOW,Customer Payment,237935.2,NEFT / Bank Transfer,INV-000227,Bank Settlement from Marutham Electrical & Power Agency
CSH-000257,2024-03-08,BR-01,INFLOW,Customer Payment,101149.6,NEFT / Bank Transfer,INV-000228,Bank Settlement from Srinivasan & Sons Contractor
CSH-000258,2024-02-27,BR-01,INFLOW,Customer Payment,3776.0,UPI,INV-000229,Receipt from Dr. Priya Sundaram (Home Clinic)
CSH-000259,2024-04-04,BR-01,INFLOW,Customer Payment,115994.0,RTGS,INV-000230,Bank Settlement from Srinivasan & Sons Contractor
CSH-000260,2024-05-19,BR-01,INFLOW,Customer Payment,103651.2,UPI,INV-000231,Bank Settlement from Global Smart Solutions (P) Ltd
CSH-000261,2024-03-12,BR-01,INFLOW,Customer Payment,206.5,NEFT / Bank Transfer,INV-000232,Bank Settlement from TechPark Facility Maintenance Team
CSH-000262,2024-03-16,BR-03,INFLOW,Customer Payment,40108.2,RTGS,INV-000233,Bank Settlement from Marutham Electrical & Power Agency
CSH-000263,2024-03-18,BR-03,INFLOW,Customer Payment,660.8,RTGS,INV-000234,Bank Settlement from Sundaram Hospital Maintenance
CSH-000264,2024-04-13,BR-01,INFLOW,Customer Payment,2725.8,NEFT / Bank Transfer,INV-000235,Bank Settlement from Apex Manufacturing Solutions
CSH-000265,2024-04-17,BR-02,INFLOW,Customer Payment,9534.4,UPI,INV-000236,Bank Settlement from Silicon Valley PG Hostel Chain
CSH-000266,2024-02-29,BR-02,INFLOW,Customer Payment,17.7,Credit Card,INV-000237,Receipt from Suresh Babu (Villa Construction)
CSH-000267,2024-03-20,BR-03,INFLOW,Customer Payment,364261.28,NEFT / Bank Transfer,INV-000238,Bank Settlement from Velan Pump & Motor Spares Store
CSH-000268,2024-03-30,BR-01,INFLOW,Customer Payment,194877.0,Cheque,INV-000239,Bank Settlement from Devi Agency & Lighting Store
CSH-000269,2024-03-01,BR-01,INFLOW,Customer Payment,10938.6,Credit Card,INV-000240,Receipt from Karthik Residential Apartment Owner
CSH-000270,2024-03-01,BR-01,INFLOW,Customer Payment,849.6,Cash,INV-000241,Receipt from Murugan Auto Garage & Works
CSH-000271,2024-03-13,BR-01,INFLOW,Customer Payment,708.0,UPI,INV-000242,Bank Settlement from Metro Supermarket Tambaram
CSH-000272,2024-03-27,BR-03,INFLOW,Customer Payment,28355.4,UPI,INV-000243,Bank Settlement from Rangasamy Electrician Workshop
CSH-000273,2024-04-10,BR-02,INFLOW,Customer Payment,436.6,Cheque,INV-000244,Bank Settlement from Brigade Vista Apartment Owners Assn
CSH-000274,2024-03-24,BR-01,INFLOW,Customer Payment,21046.48,Cheque,INV-000245,Bank Settlement from Balaji Electrical Contractors
CSH-000275,2024-03-07,BR-01,INFLOW,Customer Payment,521672.1,Cheque,INV-000246,Bank Settlement from Vivek Enterprises (Old Partner)
CSH-000276,2024-03-01,BR-01,OUTFLOW,Showroom Rent,75000.0,Bank Transfer,EXP-000030,Rent for Vidyut Central Hub & Showroom
CSH-000277,2024-03-01,BR-02,OUTFLOW,Showroom Rent,45000.0,Bank Transfer,EXP-000031,Rent for Vidyut Electronic City Retail Branch
CSH-000278,2024-03-01,BR-03,OUTFLOW,Showroom Rent,35000.0,Bank Transfer,EXP-000032,Rent for Vidyut Coimbatore Townhall Branch
CSH-000279,2024-03-02,BR-02,INFLOW,Customer Payment,489.7,Cash,INV-000247,Receipt from Nandini Milk Parlour & Mart
CSH-000280,2024-04-16,BR-02,INFLOW,Customer Payment,16868.1,Cheque,INV-000248,Bank Settlement from Brigade Vista Apartment Owners Assn
CSH-000281,2024-04-04,BR-03,INFLOW,Customer Payment,22573.4,UPI,INV-000249,Bank Settlement from Rangasamy Electrician Workshop
CSH-000282,2024-03-02,BR-01,OUTFLOW,Vehicle Fuel & Freight,2234.31,Petty Cash,EXP-000033,Operational expense
CSH-000283,2024-03-12,BR-01,INFLOW,Customer Payment,10602.3,UPI,INV-000250,Bank Settlement from Anbu Electricals (Anbazhagan)
CSH-000284,2024-03-04,BR-01,INFLOW,Customer Payment,1687.4,Cash,INV-000251,Receipt from Murugan Auto Garage & Works
CSH-000285,2024-03-25,BR-01,INFLOW,Customer Payment,28492.28,Cheque,INV-000252,Bank Settlement from Balaji Electrical Contractors
CSH-000286,2024-03-10,BR-01,INFLOW,Customer Payment,2773.0,NEFT / Bank Transfer,INV-000253,Bank Settlement from Metro Supermarket Tambaram
CSH-000287,2024-03-24,BR-01,INFLOW,Customer Payment,319372.9,NEFT / Bank Transfer,INV-000254,Bank Settlement from Vivek Enterprises (Old Partner)
CSH-000288,2024-03-05,BR-01,INFLOW,Customer Payment,5239.2,Cash,INV-000255,Receipt from Siva Shankaran (Individual Home)
CSH-000289,2024-04-20,BR-01,INFLOW,Customer Payment,5074.0,RTGS,INV-000256,Bank Settlement from Apex Manufacturing Solutions
CSH-000290,2024-03-05,BR-01,OUTFLOW,Payroll Salaries,160000.0,Bank Transfer,EXP-000034,Salary Payout BR-01
CSH-000291,2024-03-05,BR-02,OUTFLOW,Payroll Salaries,96000.0,Bank Transfer,EXP-000035,Salary Payout BR-02
CSH-000292,2024-03-05,BR-03,OUTFLOW,Payroll Salaries,96000.0,Bank Transfer,EXP-000036,Salary Payout BR-03
CSH-000293,2024-03-19,BR-02,INFLOW,Customer Payment,3009.0,Cheque,INV-000257,Bank Settlement from InnoTech Coworking Hub
CSH-000294,2024-03-06,BR-02,INFLOW,Customer Payment,5864.6,Cash,INV-000258,Receipt from Nandini Milk Parlour & Mart
CSH-000295,2024-03-31,BR-01,INFLOW,Customer Payment,241.9,UPI,INV-000259,Bank Settlement from Apex Manufacturing Solutions
CSH-000296,2024-04-02,BR-02,INFLOW,Customer Payment,9044.7,RTGS,INV-000260,Bank Settlement from Brigade Vista Apartment Owners Assn
CSH-000297,2024-03-18,BR-03,INFLOW,Customer Payment,448966.4,NEFT / Bank Transfer,INV-000261,Bank Settlement from Marutham Electrical & Power Agency
CSH-000298,2024-03-31,BR-02,INFLOW,Customer Payment,283.2,Cheque,INV-000262,Bank Settlement from Silicon Valley PG Hostel Chain
CSH-000299,2024-03-27,BR-03,INFLOW,Customer Payment,3327.6,UPI,INV-000263,Bank Settlement from Sundaram Hospital Maintenance
CSH-000300,2024-04-06,BR-01,INFLOW,Customer Payment,272122.16,RTGS,INV-000264,Bank Settlement from Kalam Brothers Electrical Store
CSH-000301,2024-03-07,BR-01,OUTFLOW,Staff Refreshments & Tea,736.57,Petty Cash,EXP-000037,Operational expense
CSH-000302,2024-04-21,BR-02,INFLOW,Customer Payment,7316.0,RTGS,INV-000265,Bank Settlement from Manjunatha Electrical Works
CSH-000303,2024-03-08,BR-01,INFLOW,Customer Payment,531.0,Cash,INV-000266,Receipt from Murugan Auto Garage & Works
CSH-000304,2024-04-25,BR-03,INFLOW,Customer Payment,3103.4,RTGS,INV-000267,Bank Settlement from Sri Krishna Engineering College Hostel
CSH-000305,2024-03-19,BR-01,INFLOW,Customer Payment,283.2,RTGS,INV-000268,Bank Settlement from Vels Vidyashram School Campus
CSH-000306,2024-03-30,BR-02,INFLOW,Customer Payment,1657.9,UPI,INV-000269,Bank Settlement from Manjunatha Electrical Works
CSH-000307,2024-04-04,BR-01,INFLOW,Customer Payment,1528.1,NEFT / Bank Transfer,INV-000270,Bank Settlement from Saravana Electric Works (Govindaraj)
CSH-000308,2024-03-29,BR-03,INFLOW,Customer Payment,102388.6,NEFT / Bank Transfer,INV-000271,Bank Settlement from Kongu Builders & Real Estate
CSH-000309,2024-05-03,BR-01,INFLOW,Customer Payment,1504.5,Cheque,INV-000272,Bank Settlement from Vels Vidyashram School Campus
CSH-000310,2024-04-02,BR-01,INFLOW,Customer Payment,116389.3,Cheque,INV-000273,Bank Settlement from Srinivasan & Sons Contractor
CSH-000311,2024-03-09,BR-02,INFLOW,Customer Payment,867.3,UPI,INV-000274,Receipt from Dr. Arvind Rao Dental Clinic
CSH-000312,2024-03-14,BR-01,INFLOW,Customer Payment,11233.6,UPI,INV-000275,Bank Settlement from Apex Manufacturing Solutions
CSH-000313,2024-03-10,BR-01,OUTFLOW,Electricity Bill,13404.31,Online Banking,EXP-000038,Utility Payment
CSH-000314,2024-03-10,BR-02,OUTFLOW,Electricity Bill,11080.8,Online Banking,EXP-000039,Utility Payment
CSH-000315,2024-03-10,BR-03,OUTFLOW,Electricity Bill,13627.23,Online Banking,EXP-000040,Utility Payment
CSH-000316,2024-03-10,BR-03,OUTFLOW,Vehicle Fuel & Freight,439.74,Petty Cash,EXP-000041,Operational expense
CSH-000317,2024-03-16,BR-01,INFLOW,Customer Payment,283.2,RTGS,INV-000276,Bank Settlement from Metro Supermarket Tambaram
CSH-000318,2024-03-11,BR-01,INFLOW,Customer Payment,2006.0,Cash,INV-000277,Receipt from Murugan Auto Garage & Works
CSH-000319,2024-03-21,BR-01,INFLOW,Customer Payment,53347.8,Cheque,INV-000278,Bank Settlement from Sri Ramakrishna Builders & Infra
CSH-000320,2024-04-01,BR-01,INFLOW,Customer Payment,11652.5,RTGS,INV-000279,Bank Settlement from Royal Comfort Residency Hotel
CSH-000321,2024-04-24,BR-03,INFLOW,Customer Payment,5373.72,UPI,INV-000280,Bank Settlement from Rangasamy Electrician Workshop
CSH-000322,2024-03-31,BR-02,INFLOW,Customer Payment,1628.4,RTGS,INV-000281,Bank Settlement from Manjunatha Electrical Works
CSH-000323,2024-03-12,BR-01,INFLOW,Customer Payment,855.5,UPI,INV-000282,Receipt from Lakshmi Vilas Sweets & Bakery
CSH-000324,2024-03-28,BR-01,INFLOW,Customer Payment,129479.04,NEFT / Bank Transfer,INV-000283,Bank Settlement from Vivek Enterprises (Old Partner)
CSH-000325,2024-03-30,BR-01,INFLOW,Customer Payment,1492.7,Cheque,INV-000284,Bank Settlement from Vels Vidyashram School Campus
CSH-000326,2024-04-09,BR-02,INFLOW,Customer Payment,4690.5,NEFT / Bank Transfer,INV-000285,Bank Settlement from Manjunatha Electrical Works
CSH-000327,2024-04-02,BR-02,INFLOW,Customer Payment,319260.8,UPI,INV-000286,Bank Settlement from Sri Venkateshwara Hardware & Electricals
CSH-000328,2024-04-23,BR-01,INFLOW,Customer Payment,10938.6,UPI,INV-000287,Bank Settlement from Srinivasan & Sons Contractor
CSH-000329,2024-03-13,BR-01,INFLOW,Customer Payment,389.4,Cash,INV-000288,Receipt from Siva Shankaran (Individual Home)
CSH-000330,2024-03-20,BR-01,INFLOW,Customer Payment,5522.4,UPI,INV-000289,Bank Settlement from Vels Vidyashram School Campus
CSH-000331,2024-03-27,BR-01,INFLOW,Customer Payment,79473.0,Cheque,INV-000290,Bank Settlement from Kalaivani Hardware & Paints
CSH-000332,2024-04-30,BR-01,INFLOW,Customer Payment,5227.4,UPI,INV-000291,Bank Settlement from Selvam Electrician Services
CSH-000333,2024-05-02,BR-01,INFLOW,Customer Payment,768385.32,UPI,INV-000292,Bank Settlement from Kalaivani Hardware & Paints
CSH-000334,2024-03-14,BR-01,OUTFLOW,Office Supplies & Printing,2118.3,Petty Cash,EXP-000042,Operational expense
CSH-000335,2024-04-01,BR-02,INFLOW,Customer Payment,76.7,RTGS,INV-000293,Bank Settlement from Silicon Valley PG Hostel Chain
CSH-000336,2024-04-18,BR-02,INFLOW,Customer Payment,16337.1,Cheque,INV-000294,Bank Settlement from InnoTech Coworking Hub
CSH-000337,2024-04-04,BR-01,INFLOW,Customer Payment,8885.4,Cheque,INV-000295,Bank Settlement from Srinivasan & Sons Contractor
CSH-000338,2024-04-09,BR-02,INFLOW,Customer Payment,1003.0,Cheque,INV-000296,Bank Settlement from InnoTech Coworking Hub
CSH-000339,2024-04-06,BR-01,INFLOW,Customer Payment,37952.34,NEFT / Bank Transfer,INV-000297,Bank Settlement from Saravana Electric Works (Govindaraj)
CSH-000340,2024-04-04,BR-02,INFLOW,Customer Payment,1663.8,UPI,INV-000298,Bank Settlement from Silicon Valley PG Hostel Chain
CSH-000341,2024-03-25,BR-03,INFLOW,Customer Payment,226299.22,UPI,INV-000299,Bank Settlement from Marutham Electrical & Power Agency
CSH-000342,2024-03-15,BR-01,INFLOW,Customer Payment,2607.8,UPI,INV-000300,Receipt from Dr. Priya Sundaram (Home Clinic)
CSH-000343,2024-04-20,BR-01,INFLOW,Customer Payment,17499.4,NEFT / Bank Transfer,INV-000301,Bank Settlement from Victory Housing Projects Phase 2
CSH-000344,2024-04-17,BR-01,INFLOW,Customer Payment,230454.0,NEFT / Bank Transfer,INV-000302,Bank Settlement from Balaji Electrical Contractors
CSH-000345,2024-04-17,BR-01,INFLOW,Customer Payment,4478.1,RTGS,INV-000303,Bank Settlement from Selvam Electrician Services
CSH-000346,2024-03-16,BR-01,INFLOW,Customer Payment,4277.5,Cash,INV-000304,Receipt from Murugan Auto Garage & Works
CSH-000347,2024-05-07,BR-03,INFLOW,Customer Payment,3593.1,Cheque,INV-000305,Bank Settlement from Kovai Textile Mills Facility Team
CSH-000348,2024-04-15,BR-02,INFLOW,Customer Payment,237463.2,NEFT / Bank Transfer,INV-000306,Bank Settlement from Cauvery Engineering Contractors
CSH-000349,2024-03-18,BR-01,INFLOW,Customer Payment,5310.0,Cash,INV-000307,Receipt from Murugan Auto Garage & Works
CSH-000350,2024-03-19,BR-01,INFLOW,Customer Payment,2478.0,Credit Card,INV-000308,Receipt from Karthik Residential Apartment Owner
CSH-000351,2024-03-30,BR-01,INFLOW,Customer Payment,13853.2,Cheque,INV-000309,Bank Settlement from Saravana Electric Works (Govindaraj)
CSH-000352,2024-03-26,BR-01,INFLOW,Customer Payment,35571.1,RTGS,INV-000310,Bank Settlement from Global Smart Solutions (P) Ltd
CSH-000353,2024-04-18,BR-01,INFLOW,Customer Payment,4637.4,NEFT / Bank Transfer,INV-000311,Bank Settlement from Metro Supermarket Tambaram
CSH-000354,2024-03-20,BR-02,INFLOW,Customer Payment,566.4,UPI,INV-000312,Receipt from Dr. Arvind Rao Dental Clinic
CSH-000355,2024-03-26,BR-01,INFLOW,Customer Payment,10152.72,NEFT / Bank Transfer,INV-000313,Bank Settlement from Selvam Electrician Services
CSH-000356,2024-06-15,BR-01,INFLOW,Customer Payment,217326.5,Cheque,INV-000314,Bank Settlement from Kalam Brothers Electrical Store
CSH-000357,2024-04-03,BR-03,INFLOW,Customer Payment,9027.0,UPI,INV-000315,Bank Settlement from Sri Krishna Engineering College Hostel
CSH-000358,2024-04-16,BR-01,INFLOW,Customer Payment,154285.0,UPI,INV-000316,Bank Settlement from Srinivasan & Sons Contractor
CSH-000359,2024-04-18,BR-01,INFLOW,Customer Payment,122186.64,RTGS,INV-000317,Bank Settlement from Devi Agency & Lighting Store
CSH-000360,2024-04-19,BR-01,INFLOW,Customer Payment,413.0,RTGS,INV-000318,Bank Settlement from Royal Comfort Residency Hotel
CSH-000361,2024-03-21,BR-01,INFLOW,Customer Payment,2218.4,Cash,INV-000319,Receipt from Murugan Auto Garage & Works
CSH-000362,2024-04-16,BR-01,INFLOW,Customer Payment,169023.2,RTGS,INV-000320,Bank Settlement from Devi Agency & Lighting Store
CSH-000363,2024-04-18,BR-01,INFLOW,Customer Payment,19723.7,UPI,INV-000321,Bank Settlement from Kalam Brothers Electrical Store
CSH-000364,2024-04-11,BR-02,INFLOW,Customer Payment,16284.0,UPI,INV-000322,Bank Settlement from InnoTech Coworking Hub
CSH-000365,2024-04-12,BR-01,INFLOW,Customer Payment,174675.4,NEFT / Bank Transfer,INV-000323,Bank Settlement from Devi Agency & Lighting Store
CSH-000366,2024-03-28,BR-01,INFLOW,Customer Payment,11735.1,Cheque,INV-000324,Bank Settlement from Royal Comfort Residency Hotel
CSH-000367,2024-05-13,BR-02,INFLOW,Customer Payment,466.1,NEFT / Bank Transfer,INV-000325,Bank Settlement from Silicon Valley PG Hostel Chain
CSH-000368,2024-05-03,BR-03,INFLOW,Customer Payment,8142.0,RTGS,INV-000326,Bank Settlement from Sri Krishna Engineering College Hostel
CSH-000369,2024-04-13,BR-03,INFLOW,Customer Payment,294303.8,UPI,INV-000327,Bank Settlement from Marutham Electrical & Power Agency
CSH-000370,2024-04-21,BR-01,INFLOW,Customer Payment,997.1,RTGS,INV-000328,Bank Settlement from Royal Comfort Residency Hotel
CSH-000371,2024-04-20,BR-01,INFLOW,Customer Payment,42775.0,RTGS,INV-000329,Bank Settlement from Srinivasan & Sons Contractor
CSH-000372,2024-05-16,BR-03,INFLOW,Customer Payment,285565.9,RTGS,INV-000330,Bank Settlement from Marutham Electrical & Power Agency
CSH-000373,2024-04-11,BR-01,INFLOW,Customer Payment,132280.36,RTGS,INV-000331,Bank Settlement from Kalaivani Hardware & Paints
CSH-000374,2024-05-06,BR-01,INFLOW,Customer Payment,206.5,Cheque,INV-000332,Bank Settlement from Apex Manufacturing Solutions
CSH-000375,2024-04-03,BR-02,INFLOW,Customer Payment,196965.6,NEFT / Bank Transfer,INV-000333,Bank Settlement from Cauvery Engineering Contractors
CSH-000376,2024-04-23,BR-01,INFLOW,Customer Payment,332937.0,NEFT / Bank Transfer,INV-000334,Bank Settlement from Kalaivani Hardware & Paints
CSH-000377,2024-03-26,BR-02,INFLOW,Customer Payment,5546.0,Cash,INV-000335,Receipt from Nandini Milk Parlour & Mart
CSH-000378,2024-04-20,BR-01,INFLOW,Customer Payment,25045.5,NEFT / Bank Transfer,INV-000336,Bank Settlement from Global Smart Solutions (P) Ltd
CSH-000379,2024-04-05,BR-03,INFLOW,Customer Payment,35795.3,NEFT / Bank Transfer,INV-000337,Bank Settlement from Kongu Builders & Real Estate
CSH-000380,2024-03-27,BR-01,INFLOW,Customer Payment,5557.8,Cash,INV-000338,Receipt from Siva Shankaran (Individual Home)
CSH-000381,2024-04-03,BR-01,INFLOW,Customer Payment,12844.3,UPI,INV-000339,Bank Settlement from Saravana Electric Works (Govindaraj)
CSH-000382,2024-04-30,BR-03,INFLOW,Customer Payment,108560.0,Cheque,INV-000340,Bank Settlement from Marutham Electrical & Power Agency
CSH-000383,2024-04-25,BR-03,INFLOW,Customer Payment,279719.0,NEFT / Bank Transfer,INV-000341,Bank Settlement from Marutham Electrical & Power Agency
CSH-000384,2024-06-12,BR-03,INFLOW,Customer Payment,73219.0,UPI,INV-000342,Bank Settlement from Kongu Builders & Real Estate
CSH-000385,2024-05-12,BR-03,INFLOW,Customer Payment,61596.0,NEFT / Bank Transfer,INV-000343,Bank Settlement from Kongu Builders & Real Estate
CSH-000386,2024-03-28,BR-02,INFLOW,Customer Payment,855.5,Cash,INV-000344,Receipt from Nandini Milk Parlour & Mart
CSH-000387,2024-04-26,BR-01,INFLOW,Customer Payment,153.4,Cheque,INV-000345,Bank Settlement from Poompuhar Handicrafts Store
CSH-000388,2024-04-09,BR-02,INFLOW,Customer Payment,108322.82,UPI,INV-000346,Bank Settlement from Raghavendra Infrastructure Developers
CSH-000389,2024-05-09,BR-02,INFLOW,Customer Payment,1079.7,Cheque,INV-000347,Bank Settlement from Brigade Vista Apartment Owners Assn
CSH-000390,2024-03-29,BR-02,INFLOW,Customer Payment,483.8,UPI,INV-000348,Receipt from Dr. Arvind Rao Dental Clinic
CSH-000391,2024-04-09,BR-01,INFLOW,Customer Payment,174999.9,UPI,INV-000349,Bank Settlement from Victory Housing Projects Phase 2
CSH-000392,2024-03-30,BR-02,INFLOW,Customer Payment,230.1,Credit Card,INV-000350,Receipt from Suresh Babu (Villa Construction)
CSH-000393,2024-04-10,BR-01,INFLOW,Customer Payment,2879.2,NEFT / Bank Transfer,INV-000351,Bank Settlement from TechPark Facility Maintenance Team
CSH-000394,2024-04-16,BR-03,INFLOW,Customer Payment,1439.6,RTGS,INV-000352,Bank Settlement from Kovai Textile Mills Facility Team
CSH-000395,2024-06-21,BR-01,INFLOW,Customer Payment,11151.0,NEFT / Bank Transfer,INV-000353,Bank Settlement from Poompuhar Handicrafts Store
CSH-000396,2024-03-30,BR-01,INFLOW,Customer Payment,1793.6,Credit Card,INV-000354,Receipt from Karthik Residential Apartment Owner
CSH-000397,2024-04-01,BR-01,INFLOW,Customer Payment,7078.82,Cash,INV-000355,Receipt from Mohammed Riyaz (Home Renovation)
CSH-000398,2024-05-04,BR-02,INFLOW,Customer Payment,178262.6,NEFT / Bank Transfer,INV-000356,Bank Settlement from Raghavendra Infrastructure Developers
CSH-000399,2024-05-15,BR-02,INFLOW,Customer Payment,79001.0,Cheque,INV-000357,Bank Settlement from Cauvery Engineering Contractors
CSH-000400,2024-05-16,BR-02,INFLOW,Customer Payment,18631.02,Cheque,INV-000358,Bank Settlement from Silicon Valley PG Hostel Chain
CSH-000401,2024-04-01,BR-01,OUTFLOW,Showroom Rent,75000.0,Bank Transfer,EXP-000043,Rent for Vidyut Central Hub & Showroom
CSH-000402,2024-04-01,BR-02,OUTFLOW,Showroom Rent,45000.0,Bank Transfer,EXP-000044,Rent for Vidyut Electronic City Retail Branch
CSH-000403,2024-04-01,BR-03,OUTFLOW,Showroom Rent,35000.0,Bank Transfer,EXP-000045,Rent for Vidyut Coimbatore Townhall Branch
CSH-000404,2024-04-22,BR-01,INFLOW,Customer Payment,1244.9,Cheque,INV-000359,Bank Settlement from Poompuhar Handicrafts Store
CSH-000405,2024-04-02,BR-01,INFLOW,Customer Payment,743.4,Cash,INV-000360,Receipt from Mohammed Riyaz (Home Renovation)
CSH-000406,2024-05-13,BR-01,INFLOW,Customer Payment,235959.88,UPI,INV-000361,Bank Settlement from Kalam Brothers Electrical Store
CSH-000407,2024-04-07,BR-03,INFLOW,Customer Payment,1740.5,UPI,INV-000362,Bank Settlement from Kovai Textile Mills Facility Team
CSH-000408,2024-04-19,BR-01,INFLOW,Customer Payment,119963.52,Cheque,INV-000363,Bank Settlement from Srinivasan & Sons Contractor
CSH-000409,2024-04-02,BR-03,OUTFLOW,Staff Refreshments & Tea,1164.99,Petty Cash,EXP-000046,Operational expense
CSH-000410,2024-04-10,BR-01,INFLOW,Customer Payment,135748.38,Cheque,INV-000364,Bank Settlement from Balaji Electrical Contractors
CSH-000411,2024-04-03,BR-01,INFLOW,Customer Payment,1351.1,Cash,INV-000365,Receipt from Murugan Auto Garage & Works
CSH-000412,2024-04-03,BR-02,INFLOW,Customer Payment,1947.0,UPI,INV-000366,Receipt from Dr. Arvind Rao Dental Clinic
CSH-000413,2024-04-27,BR-01,INFLOW,Customer Payment,2141.7,Cheque,INV-000367,Bank Settlement from Selvam Electrician Services
CSH-000414,2024-04-19,BR-03,INFLOW,Customer Payment,9133.2,RTGS,INV-000368,Bank Settlement from Rangasamy Electrician Workshop
CSH-000415,2024-04-25,BR-01,INFLOW,Customer Payment,486771.24,RTGS,INV-000369,Bank Settlement from Devi Agency & Lighting Store
CSH-000416,2024-04-05,BR-01,INFLOW,Customer Payment,12821.88,UPI,INV-000370,Receipt from Lakshmi Vilas Sweets & Bakery
CSH-000417,2024-04-13,BR-01,INFLOW,Customer Payment,643.1,UPI,INV-000371,Bank Settlement from Poompuhar Handicrafts Store
CSH-000418,2024-04-05,BR-01,INFLOW,Customer Payment,531.0,Cash,INV-000372,Receipt from Murugan Auto Garage & Works
CSH-000419,2024-04-05,BR-01,OUTFLOW,Payroll Salaries,160000.0,Bank Transfer,EXP-000047,Salary Payout BR-01
CSH-000420,2024-04-05,BR-02,OUTFLOW,Payroll Salaries,96000.0,Bank Transfer,EXP-000048,Salary Payout BR-02
CSH-000421,2024-04-05,BR-03,OUTFLOW,Payroll Salaries,96000.0,Bank Transfer,EXP-000049,Salary Payout BR-03
CSH-000422,2024-04-05,BR-02,OUTFLOW,Staff Refreshments & Tea,703.02,Petty Cash,EXP-000050,Operational expense
CSH-000423,2024-04-12,BR-01,INFLOW,Customer Payment,9546.2,NEFT / Bank Transfer,INV-000373,Bank Settlement from Anbu Electricals (Anbazhagan)
CSH-000424,2024-04-11,BR-02,INFLOW,Customer Payment,20331.4,Cheque,INV-000374,Bank Settlement from Sri Venkateshwara Hardware & Electricals
CSH-000425,2024-04-29,BR-01,INFLOW,Customer Payment,2551.16,NEFT / Bank Transfer,INV-000375,Bank Settlement from Metro Supermarket Tambaram
CSH-000426,2024-05-23,BR-03,INFLOW,Customer Payment,11756.34,Cheque,INV-000376,Bank Settlement from Marutham Electrical & Power Agency
CSH-000427,2024-04-14,BR-01,INFLOW,Customer Payment,7653.48,UPI,INV-000377,Bank Settlement from TechPark Facility Maintenance Team
CSH-000428,2024-04-30,BR-01,INFLOW,Customer Payment,666.7,UPI,INV-000378,Bank Settlement from Poompuhar Handicrafts Store
CSH-000429,2024-04-19,BR-02,INFLOW,Customer Payment,362893.66,Cheque,INV-000379,Bank Settlement from Sri Venkateshwara Hardware & Electricals
CSH-000430,2024-04-20,BR-02,INFLOW,Customer Payment,175147.4,RTGS,INV-000380,Bank Settlement from Cauvery Engineering Contractors
CSH-000431,2024-04-25,BR-01,INFLOW,Customer Payment,22071.9,UPI,INV-000381,Bank Settlement from Sri Ramakrishna Builders & Infra
CSH-000432,2024-04-20,BR-01,INFLOW,Customer Payment,1653.18,Cheque,INV-000382,Bank Settlement from Apex Manufacturing Solutions
CSH-000433,2024-05-08,BR-01,INFLOW,Customer Payment,6124.2,Cheque,INV-000383,Bank Settlement from Selvam Electrician Services
CSH-000434,2024-05-21,BR-03,INFLOW,Customer Payment,6957.28,UPI,INV-000384,Bank Settlement from Sri Krishna Engineering College Hostel
CSH-000435,2024-05-08,BR-01,INFLOW,Customer Payment,58882.0,UPI,INV-000385,Bank Settlement from Sri Ramakrishna Builders & Infra
CSH-000436,2024-04-09,BR-01,INFLOW,Customer Payment,2414.28,Cash,INV-000386,Receipt from Mohammed Riyaz (Home Renovation)
CSH-000437,2024-05-05,BR-03,INFLOW,Customer Payment,2948.82,RTGS,INV-000387,Bank Settlement from Mani Bros Electricals (Mani)
CSH-000438,2024-05-23,BR-01,INFLOW,Customer Payment,37016.6,RTGS,INV-000388,Bank Settlement from Selvam Electrician Services
CSH-000439,2024-05-28,BR-02,INFLOW,Customer Payment,13280.9,UPI,INV-000389,Bank Settlement from Gowda Electrical Repairs
CSH-000440,2024-05-08,BR-01,INFLOW,Customer Payment,1581.2,NEFT / Bank Transfer,INV-000390,Bank Settlement from Royal Comfort Residency Hotel
CSH-000441,2024-04-10,BR-01,INFLOW,Customer Payment,88.5,UPI,INV-000391,Receipt from Lakshmi Vilas Sweets & Bakery
CSH-000442,2024-04-10,BR-01,INFLOW,Customer Payment,837.8,Credit Card,INV-000392,Receipt from Karthik Residential Apartment Owner
CSH-000443,2024-04-10,BR-01,INFLOW,Customer Payment,8066.48,Cash,INV-000393,Receipt from Murugan Auto Garage & Works
CSH-000444,2024-05-18,BR-03,INFLOW,Customer Payment,10486.66,UPI,INV-000394,Bank Settlement from Kovai Textile Mills Facility Team
CSH-000445,2024-04-26,BR-01,INFLOW,Customer Payment,1534.0,RTGS,INV-000395,Bank Settlement from Royal Comfort Residency Hotel
CSH-000446,2024-04-10,BR-01,OUTFLOW,Electricity Bill,9403.69,Online Banking,EXP-000051,Utility Payment
CSH-000447,2024-04-10,BR-02,OUTFLOW,Electricity Bill,12865.96,Online Banking,EXP-000052,Utility Payment
CSH-000448,2024-04-10,BR-03,OUTFLOW,Electricity Bill,12298.83,Online Banking,EXP-000053,Utility Payment
CSH-000449,2024-04-10,BR-02,OUTFLOW,Office Supplies & Printing,1094.15,Petty Cash,EXP-000054,Operational expense
CSH-000450,2024-05-24,BR-03,INFLOW,Customer Payment,272167.0,NEFT / Bank Transfer,INV-000396,Bank Settlement from Velan Pump & Motor Spares Store
CSH-000451,2024-05-11,BR-01,INFLOW,Customer Payment,1663.8,UPI,INV-000397,Bank Settlement from Royal Comfort Residency Hotel
CSH-000452,2024-04-27,BR-01,INFLOW,Customer Payment,58398.2,NEFT / Bank Transfer,INV-000398,Bank Settlement from Global Smart Solutions (P) Ltd
CSH-000453,2024-04-11,BR-01,OUTFLOW,Office Supplies & Printing,1408.55,Petty Cash,EXP-000055,Operational expense
CSH-000454,2024-04-19,BR-01,INFLOW,Customer Payment,307564.64,NEFT / Bank Transfer,INV-000399,Bank Settlement from Devi Agency & Lighting Store
CSH-000455,2024-05-10,BR-03,INFLOW,Customer Payment,118964.06,UPI,INV-000400,Bank Settlement from Velan Pump & Motor Spares Store
CSH-000456,2024-04-12,BR-01,INFLOW,Customer Payment,7002.12,Cash,INV-000401,Receipt from Siva Shankaran (Individual Home)
CSH-000457,2024-04-20,BR-02,INFLOW,Customer Payment,90903.66,NEFT / Bank Transfer,INV-000402,Bank Settlement from Sri Venkateshwara Hardware & Electricals
CSH-000458,2024-04-12,BR-01,INFLOW,Customer Payment,10509.08,Cash,INV-000403,Receipt from Mohammed Riyaz (Home Renovation)
CSH-000459,2024-05-06,BR-01,INFLOW,Customer Payment,70677.28,RTGS,INV-000404,Bank Settlement from Sri Ramakrishna Builders & Infra
CSH-000460,2024-04-12,BR-01,OUTFLOW,Minor Maintenance & Repair,2257.17,Petty Cash,EXP-000056,Operational expense
CSH-000461,2024-04-13,BR-01,INFLOW,Customer Payment,348.1,UPI,INV-000405,Receipt from Dr. Priya Sundaram (Home Clinic)
CSH-000462,2024-05-12,BR-01,INFLOW,Customer Payment,318010.0,Cheque,INV-000406,Bank Settlement from Devi Agency & Lighting Store
CSH-000463,2024-05-13,BR-01,INFLOW,Customer Payment,35.4,UPI,INV-000407,Bank Settlement from Apex Manufacturing Solutions
CSH-000464,2024-04-14,BR-02,OUTFLOW,Office Supplies & Printing,2061.66,Petty Cash,EXP-000057,Operational expense
CSH-000465,2024-04-23,BR-03,INFLOW,Customer Payment,9096.62,RTGS,INV-000408,Bank Settlement from Sundaram Hospital Maintenance
CSH-000466,2024-04-27,BR-03,INFLOW,Customer Payment,292470.08,UPI,INV-000409,Bank Settlement from Marutham Electrical & Power Agency
CSH-000467,2024-04-24,BR-03,INFLOW,Customer Payment,1003.0,UPI,INV-000410,Bank Settlement from Kovai Textile Mills Facility Team
CSH-000468,2024-04-26,BR-01,INFLOW,Customer Payment,295.0,RTGS,INV-000411,Bank Settlement from Royal Comfort Residency Hotel
CSH-000469,2024-05-13,BR-02,INFLOW,Customer Payment,475154.14,NEFT / Bank Transfer,INV-000412,Bank Settlement from Sri Venkateshwara Hardware & Electricals
CSH-000470,2024-05-08,BR-03,INFLOW,Customer Payment,164515.6,RTGS,INV-000413,Bank Settlement from Velan Pump & Motor Spares Store
CSH-000471,2024-04-16,BR-01,INFLOW,Customer Payment,194.7,Cash,INV-000414,Receipt from Murugan Auto Garage & Works
CSH-000472,2024-04-16,BR-02,INFLOW,Customer Payment,12949.32,UPI,INV-000415,Receipt from Dr. Arvind Rao Dental Clinic
CSH-000473,2024-05-01,BR-03,INFLOW,Customer Payment,1470.28,NEFT / Bank Transfer,INV-000416,Bank Settlement from Sri Krishna Engineering College Hostel
CSH-000474,2024-04-17,BR-02,INFLOW,Customer Payment,2655.0,UPI,INV-000417,Receipt from Dr. Arvind Rao Dental Clinic
CSH-000475,2024-04-17,BR-01,INFLOW,Customer Payment,531.0,UPI,INV-000418,Receipt from Dr. Priya Sundaram (Home Clinic)
CSH-000476,2024-05-17,BR-01,INFLOW,Customer Payment,270179.88,NEFT / Bank Transfer,INV-000419,Bank Settlement from Kalaivani Hardware & Paints
CSH-000477,2024-04-25,BR-01,INFLOW,Customer Payment,3180.1,RTGS,INV-000420,Bank Settlement from Vels Vidyashram School Campus
CSH-000478,2024-07-12,BR-02,INFLOW,Customer Payment,295139.24,NEFT / Bank Transfer,INV-000421,Bank Settlement from Cauvery Engineering Contractors
CSH-000479,2024-04-18,BR-02,INFLOW,Customer Payment,4559.52,Credit Card,INV-000422,Receipt from Suresh Babu (Villa Construction)
CSH-000480,2024-05-05,BR-01,INFLOW,Customer Payment,2354.1,Cheque,INV-000423,Bank Settlement from Poompuhar Handicrafts Store
CSH-000481,2024-05-04,BR-01,INFLOW,Customer Payment,112090.56,NEFT / Bank Transfer,INV-000424,Bank Settlement from Victory Housing Projects Phase 2
CSH-000482,2024-04-30,BR-01,INFLOW,Customer Payment,104776.92,NEFT / Bank Transfer,INV-000425,Bank Settlement from Kalam Brothers Electrical Store
CSH-000483,2024-04-18,BR-01,OUTFLOW,Office Supplies & Printing,2217.52,Petty Cash,EXP-000058,Operational expense
CSH-000484,2024-06-05,BR-02,INFLOW,Customer Payment,36614.22,UPI,INV-000426,Bank Settlement from Raghavendra Infrastructure Developers
CSH-000485,2024-05-01,BR-02,INFLOW,Customer Payment,1829.0,NEFT / Bank Transfer,INV-000427,Bank Settlement from Silicon Valley PG Hostel Chain
CSH-000486,2024-06-02,BR-02,INFLOW,Customer Payment,23552.8,RTGS,INV-000428,Bank Settlement from Manjunatha Electrical Works
CSH-000487,2024-07-09,BR-02,INFLOW,Customer Payment,43624.6,Cheque,INV-000429,Bank Settlement from Manjunatha Electrical Works
CSH-000488,2024-06-06,BR-01,INFLOW,Customer Payment,13575.9,RTGS,INV-000430,Bank Settlement from Selvam Electrician Services
CSH-000489,2024-05-09,BR-01,INFLOW,Customer Payment,91709.6,Cheque,INV-000431,Bank Settlement from Kalam Brothers Electrical Store
CSH-000490,2024-06-27,BR-02,INFLOW,Customer Payment,6150.16,Cheque,INV-000432,Bank Settlement from Silicon Valley PG Hostel Chain
CSH-000491,2024-06-27,BR-02,INFLOW,Customer Payment,9902.56,UPI,INV-000433,Bank Settlement from Silicon Valley PG Hostel Chain
CSH-000492,2024-05-04,BR-01,INFLOW,Customer Payment,3392.5,Cheque,INV-000434,Bank Settlement from Anbu Electricals (Anbazhagan)
CSH-000493,2024-05-04,BR-02,INFLOW,Customer Payment,109138.2,UPI,INV-000435,Bank Settlement from Raghavendra Infrastructure Developers
CSH-000494,2024-05-09,BR-01,INFLOW,Customer Payment,16620.3,UPI,INV-000436,Bank Settlement from Saravana Electric Works (Govindaraj)
CSH-000495,2024-04-28,BR-01,INFLOW,Customer Payment,73056.16,RTGS,INV-000437,Bank Settlement from Kalaivani Hardware & Paints
CSH-000496,2024-05-26,BR-02,INFLOW,Customer Payment,389.4,Cheque,INV-000438,Bank Settlement from InnoTech Coworking Hub
CSH-000497,2024-04-22,BR-01,INFLOW,Customer Payment,11235.96,UPI,INV-000439,Receipt from Dr. Priya Sundaram (Home Clinic)
CSH-000498,2024-04-22,BR-01,INFLOW,Customer Payment,177.0,Cash,INV-000440,Receipt from Mohammed Riyaz (Home Renovation)
CSH-000499,2024-05-14,BR-01,INFLOW,Customer Payment,684.4,UPI,INV-000441,Bank Settlement from TechPark Facility Maintenance Team
CSH-000500,2024-05-21,BR-03,INFLOW,Customer Payment,232259.4,Cheque,INV-000442,Bank Settlement from Kongu Builders & Real Estate
CSH-000501,2024-06-01,BR-02,INFLOW,Customer Payment,6313.0,Cheque,INV-000443,Bank Settlement from Gowda Electrical Repairs
CSH-000502,2024-04-23,BR-02,INFLOW,Customer Payment,920.4,Credit Card,INV-000444,Receipt from Suresh Babu (Villa Construction)
CSH-000503,2024-05-16,BR-02,INFLOW,Customer Payment,4602.0,RTGS,INV-000445,Bank Settlement from Manjunatha Electrical Works
CSH-000504,2024-04-23,BR-01,INFLOW,Customer Payment,2041.4,Cash,INV-000446,Receipt from Mohammed Riyaz (Home Renovation)
CSH-000505,2024-05-08,BR-01,INFLOW,Customer Payment,168555.92,NEFT / Bank Transfer,INV-000447,Bank Settlement from Devi Agency & Lighting Store
CSH-000506,2024-05-20,BR-01,INFLOW,Customer Payment,14366.5,Cheque,INV-000448,Bank Settlement from Balaji Electrical Contractors
CSH-000507,2024-04-25,BR-02,INFLOW,Customer Payment,2666.8,Credit Card,INV-000449,Receipt from Suresh Babu (Villa Construction)
CSH-000508,2024-05-18,BR-01,INFLOW,Customer Payment,162309.0,NEFT / Bank Transfer,INV-000450,Bank Settlement from Devi Agency & Lighting Store
CSH-000509,2024-05-18,BR-03,INFLOW,Customer Payment,45099.6,UPI,INV-000451,Bank Settlement from Velan Pump & Motor Spares Store
CSH-000510,2024-05-03,BR-02,INFLOW,Customer Payment,4573.68,NEFT / Bank Transfer,INV-000452,Bank Settlement from Manjunatha Electrical Works
CSH-000511,2024-05-09,BR-01,INFLOW,Customer Payment,273489.78,NEFT / Bank Transfer,INV-000453,Bank Settlement from Kalaivani Hardware & Paints
CSH-000512,2024-06-16,BR-01,INFLOW,Customer Payment,10668.38,UPI,INV-000454,Bank Settlement from Saravana Electric Works (Govindaraj)
CSH-000513,2024-05-10,BR-03,INFLOW,Customer Payment,1386.5,RTGS,INV-000455,Bank Settlement from Sri Krishna Engineering College Hostel
CSH-000514,2024-04-25,BR-03,OUTFLOW,Staff Refreshments & Tea,1078.55,Petty Cash,EXP-000059,Operational expense
CSH-000515,2024-05-22,BR-02,INFLOW,Customer Payment,50504.0,UPI,INV-000456,Bank Settlement from Raghavendra Infrastructure Developers
CSH-000516,2024-06-02,BR-01,INFLOW,Customer Payment,231197.4,RTGS,INV-000457,Bank Settlement from Balaji Electrical Contractors
CSH-000517,2024-04-26,BR-02,INFLOW,Customer Payment,283.2,UPI,INV-000458,Receipt from Dr. Arvind Rao Dental Clinic
CSH-000518,2024-05-27,BR-01,INFLOW,Customer Payment,193727.68,UPI,INV-000459,Bank Settlement from Srinivasan & Sons Contractor
CSH-000519,2024-05-03,BR-01,INFLOW,Customer Payment,100023.88,NEFT / Bank Transfer,INV-000460,Bank Settlement from Kalaivani Hardware & Paints
CSH-000520,2024-05-14,BR-01,INFLOW,Customer Payment,408806.28,Cheque,INV-000461,Bank Settlement from Devi Agency & Lighting Store
CSH-000521,2024-05-16,BR-03,INFLOW,Customer Payment,187159.8,Cheque,INV-000462,Bank Settlement from Kongu Builders & Real Estate
CSH-000522,2024-06-12,BR-03,INFLOW,Customer Payment,660.8,RTGS,INV-000463,Bank Settlement from Sri Krishna Engineering College Hostel
CSH-000523,2024-05-21,BR-03,INFLOW,Customer Payment,24414.2,RTGS,INV-000464,Bank Settlement from Marutham Electrical & Power Agency
CSH-000524,2024-05-28,BR-01,INFLOW,Customer Payment,24448.42,NEFT / Bank Transfer,INV-000465,Bank Settlement from Saravana Electric Works (Govindaraj)
CSH-000525,2024-04-27,BR-01,INFLOW,Customer Payment,595.9,UPI,INV-000466,Receipt from Dr. Priya Sundaram (Home Clinic)
CSH-000526,2024-04-27,BR-01,OUTFLOW,Staff Refreshments & Tea,753.12,Petty Cash,EXP-000060,Operational expense
CSH-000527,2024-05-18,BR-01,INFLOW,Customer Payment,7621.62,Cheque,INV-000467,Bank Settlement from Metro Supermarket Tambaram
CSH-000528,2024-04-29,BR-01,INFLOW,Customer Payment,2631.4,Cash,INV-000468,Receipt from Siva Shankaran (Individual Home)
CSH-000529,2024-04-29,BR-01,INFLOW,Customer Payment,230.1,Cash,INV-000469,Receipt from Mohammed Riyaz (Home Renovation)
CSH-000530,2024-05-14,BR-02,INFLOW,Customer Payment,184182.66,RTGS,INV-000470,Bank Settlement from Raghavendra Infrastructure Developers
CSH-000531,2024-04-30,BR-01,INFLOW,Customer Payment,1056.1,Cash,INV-000471,Receipt from Siva Shankaran (Individual Home)
CSH-000532,2024-06-12,BR-02,INFLOW,Customer Payment,30036.9,NEFT / Bank Transfer,INV-000472,Bank Settlement from Raghavendra Infrastructure Developers
CSH-000533,2024-05-21,BR-01,INFLOW,Customer Payment,38373.6,RTGS,INV-000473,Bank Settlement from Victory Housing Projects Phase 2
CSH-000534,2024-06-18,BR-01,INFLOW,Customer Payment,32520.8,UPI,INV-000474,Bank Settlement from Balaji Electrical Contractors
CSH-000535,2024-04-30,BR-01,INFLOW,Customer Payment,3256.8,Credit Card,INV-000475,Receipt from Karthik Residential Apartment Owner
CSH-000536,2024-05-05,BR-03,INFLOW,Customer Payment,283.2,Cheque,INV-000476,Bank Settlement from Sundaram Hospital Maintenance
CSH-000537,2024-05-30,BR-02,INFLOW,Customer Payment,12000.6,RTGS,INV-000477,Bank Settlement from InnoTech Coworking Hub
CSH-000538,2024-05-30,BR-01,INFLOW,Customer Payment,218.3,UPI,INV-000478,Bank Settlement from Metro Supermarket Tambaram
CSH-000539,2024-05-01,BR-01,INFLOW,Customer Payment,330.4,UPI,INV-000479,Receipt from Lakshmi Vilas Sweets & Bakery
CSH-000540,2024-05-09,BR-01,INFLOW,Customer Payment,17865.2,NEFT / Bank Transfer,INV-000480,Bank Settlement from Anbu Electricals (Anbazhagan)
CSH-000541,2024-05-29,BR-01,INFLOW,Customer Payment,14944.7,NEFT / Bank Transfer,INV-000481,Bank Settlement from Selvam Electrician Services
CSH-000542,2024-05-01,BR-01,OUTFLOW,Showroom Rent,75000.0,Bank Transfer,EXP-000061,Rent for Vidyut Central Hub & Showroom
CSH-000543,2024-05-01,BR-02,OUTFLOW,Showroom Rent,45000.0,Bank Transfer,EXP-000062,Rent for Vidyut Electronic City Retail Branch
CSH-000544,2024-05-01,BR-03,OUTFLOW,Showroom Rent,35000.0,Bank Transfer,EXP-000063,Rent for Vidyut Coimbatore Townhall Branch
CSH-000545,2024-05-16,BR-01,INFLOW,Customer Payment,40002.0,Cheque,INV-000482,Bank Settlement from Victory Housing Projects Phase 2
CSH-000546,2024-05-07,BR-02,INFLOW,Customer Payment,13334.0,Cheque,INV-000483,Bank Settlement from Manjunatha Electrical Works
CSH-000547,2024-05-31,BR-01,INFLOW,Customer Payment,6513.6,Cheque,INV-000484,Bank Settlement from TechPark Facility Maintenance Team
CSH-000548,2024-05-15,BR-01,INFLOW,Customer Payment,5120.02,Cheque,INV-000485,Bank Settlement from Royal Comfort Residency Hotel
CSH-000549,2024-05-28,BR-03,INFLOW,Customer Payment,10690.8,Cheque,INV-000486,Bank Settlement from Rangasamy Electrician Workshop
CSH-000550,2024-05-24,BR-02,INFLOW,Customer Payment,7327.8,Cheque,INV-000487,Bank Settlement from Brigade Vista Apartment Owners Assn
CSH-000551,2024-05-17,BR-03,INFLOW,Customer Payment,200657.82,RTGS,INV-000488,Bank Settlement from Marutham Electrical & Power Agency
CSH-000552,2024-05-26,BR-01,INFLOW,Customer Payment,155234.9,UPI,INV-000489,Bank Settlement from Victory Housing Projects Phase 2
CSH-000553,2024-05-04,BR-02,INFLOW,Customer Payment,531.0,Cash,INV-000490,Receipt from Nandini Milk Parlour & Mart
CSH-000554,2024-05-20,BR-02,INFLOW,Customer Payment,8503.08,UPI,INV-000491,Bank Settlement from InnoTech Coworking Hub
CSH-000555,2024-06-02,BR-01,INFLOW,Customer Payment,407660.5,NEFT / Bank Transfer,INV-000492,Bank Settlement from Kalam Brothers Electrical Store
CSH-000556,2024-05-04,BR-01,INFLOW,Customer Payment,14224.9,UPI,INV-000493,Receipt from Dr. Priya Sundaram (Home Clinic)
CSH-000557,2024-06-27,BR-01,INFLOW,Customer Payment,70265.46,NEFT / Bank Transfer,INV-000494,Bank Settlement from Victory Housing Projects Phase 2
CSH-000558,2024-05-04,BR-03,INFLOW,Customer Payment,737.5,Cash,INV-000495,Receipt from Karthika Departmental Store
CSH-000559,2024-05-04,BR-01,INFLOW,Customer Payment,861.4,Credit Card,INV-000496,Receipt from Karthik Residential Apartment Owner
CSH-000560,2024-05-04,BR-03,OUTFLOW,Office Supplies & Printing,730.56,Petty Cash,EXP-000064,Operational expense
CSH-000561,2024-05-05,BR-01,OUTFLOW,Payroll Salaries,160000.0,Bank Transfer,EXP-000065,Salary Payout BR-01
CSH-000562,2024-05-05,BR-02,OUTFLOW,Payroll Salaries,96000.0,Bank Transfer,EXP-000066,Salary Payout BR-02
CSH-000563,2024-05-05,BR-03,OUTFLOW,Payroll Salaries,96000.0,Bank Transfer,EXP-000067,Salary Payout BR-03
CSH-000564,2024-05-05,BR-01,OUTFLOW,Staff Refreshments & Tea,2365.04,Petty Cash,EXP-000068,Operational expense
CSH-000565,2024-06-05,BR-01,INFLOW,Customer Payment,1067.9,NEFT / Bank Transfer,INV-000497,Bank Settlement from TechPark Facility Maintenance Team
CSH-000566,2024-06-30,BR-01,INFLOW,Customer Payment,2419.0,RTGS,INV-000498,Bank Settlement from Saravana Electric Works (Govindaraj)
CSH-000567,2024-05-11,BR-01,INFLOW,Customer Payment,52002.6,NEFT / Bank Transfer,INV-000499,Bank Settlement from Global Smart Solutions (P) Ltd
CSH-000568,2024-05-31,BR-03,INFLOW,Customer Payment,6059.3,Cheque,INV-000500,Bank Settlement from Sri Krishna Engineering College Hostel
CSH-000569,2024-06-05,BR-01,INFLOW,Customer Payment,284552.28,UPI,INV-000501,Bank Settlement from Kalam Brothers Electrical Store
CSH-000570,2024-05-06,BR-02,INFLOW,Customer Payment,2448.5,Cash,INV-000502,Receipt from Nandini Milk Parlour & Mart
CSH-000571,2024-05-06,BR-02,OUTFLOW,Minor Maintenance & Repair,1920.93,Petty Cash,EXP-000069,Operational expense
CSH-000572,2024-05-19,BR-03,INFLOW,Customer Payment,1628.4,RTGS,INV-000503,Bank Settlement from Sundaram Hospital Maintenance
CSH-000573,2024-05-13,BR-02,INFLOW,Customer Payment,43912.52,RTGS,INV-000504,Bank Settlement from Sri Venkateshwara Hardware & Electricals
CSH-000574,2024-06-07,BR-02,INFLOW,Customer Payment,3577.76,Cheque,INV-000505,Bank Settlement from Gowda Electrical Repairs
CSH-000575,2024-06-11,BR-01,INFLOW,Customer Payment,849.6,RTGS,INV-000506,Bank Settlement from Poompuhar Handicrafts Store
CSH-000576,2024-06-03,BR-03,INFLOW,Customer Payment,177.0,UPI,INV-000507,Bank Settlement from Sundaram Hospital Maintenance
CSH-000577,2024-06-26,BR-01,INFLOW,Customer Payment,1622.5,Cheque,INV-000508,Bank Settlement from Metro Supermarket Tambaram
CSH-000578,2024-05-19,BR-01,INFLOW,Customer Payment,3577.76,RTGS,INV-000509,Bank Settlement from Metro Supermarket Tambaram
CSH-000579,2024-05-08,BR-01,INFLOW,Customer Payment,566.4,Credit Card,INV-000510,Receipt from Karthik Residential Apartment Owner
CSH-000580,2024-06-29,BR-01,INFLOW,Customer Payment,4904.08,NEFT / Bank Transfer,INV-000511,Bank Settlement from Anbu Electricals (Anbazhagan)
CSH-000581,2024-05-09,BR-01,INFLOW,Customer Payment,849.6,UPI,INV-000512,Receipt from Dr. Priya Sundaram (Home Clinic)
CSH-000582,2024-06-08,BR-03,INFLOW,Customer Payment,15939.44,NEFT / Bank Transfer,INV-000513,Bank Settlement from Kovai Textile Mills Facility Team
CSH-000583,2024-05-10,BR-01,INFLOW,Customer Payment,1451.4,Credit Card,INV-000514,Receipt from Karthik Residential Apartment Owner
CSH-000584,2024-07-04,BR-03,INFLOW,Customer Payment,100780.26,RTGS,INV-000515,Bank Settlement from Marutham Electrical & Power Agency
CSH-000585,2024-05-23,BR-01,INFLOW,Customer Payment,76926.56,NEFT / Bank Transfer,INV-000516,Bank Settlement from Victory Housing Projects Phase 2
CSH-000586,2024-05-10,BR-01,INFLOW,Customer Payment,2006.0,Cash,INV-000517,Receipt from Siva Shankaran (Individual Home)
CSH-000587,2024-07-25,BR-03,INFLOW,Customer Payment,7208.62,Cheque,INV-000518,Bank Settlement from Sri Krishna Engineering College Hostel
CSH-000588,2024-05-10,BR-03,INFLOW,Customer Payment,33488.4,Cash,INV-000519,Receipt from Karthika Departmental Store
CSH-000589,2024-05-10,BR-01,OUTFLOW,Electricity Bill,15072.54,Online Banking,EXP-000070,Utility Payment
CSH-000590,2024-05-10,BR-02,OUTFLOW,Electricity Bill,11030.88,Online Banking,EXP-000071,Utility Payment
CSH-000591,2024-05-10,BR-03,OUTFLOW,Electricity Bill,14802.27,Online Banking,EXP-000072,Utility Payment
CSH-000592,2024-05-11,BR-01,INFLOW,Customer Payment,1150.5,Cash,INV-000520,Receipt from Murugan Auto Garage & Works
CSH-000593,2024-06-02,BR-03,INFLOW,Customer Payment,7867.06,NEFT / Bank Transfer,INV-000521,Bank Settlement from Kongu Builders & Real Estate
CSH-000594,2024-05-29,BR-02,INFLOW,Customer Payment,58185.8,RTGS,INV-000522,Bank Settlement from Cauvery Engineering Contractors
CSH-000595,2024-06-03,BR-02,INFLOW,Customer Payment,19346.1,UPI,INV-000523,Bank Settlement from Manjunatha Electrical Works
CSH-000596,2024-05-11,BR-02,OUTFLOW,Minor Maintenance & Repair,1379.57,Petty Cash,EXP-000073,Operational expense
CSH-000597,2024-05-19,BR-01,INFLOW,Customer Payment,962.88,RTGS,INV-000524,Bank Settlement from Selvam Electrician Services
CSH-000598,2024-05-28,BR-02,INFLOW,Customer Payment,50220.8,RTGS,INV-000525,Bank Settlement from Cauvery Engineering Contractors
CSH-000599,2024-05-18,BR-01,INFLOW,Customer Payment,22886.1,RTGS,INV-000526,Bank Settlement from Saravana Electric Works (Govindaraj)
CSH-000600,2024-05-29,BR-01,INFLOW,Customer Payment,12050.16,UPI,INV-000527,Bank Settlement from Royal Comfort Residency Hotel
CSH-000601,2024-05-13,BR-02,OUTFLOW,Staff Refreshments & Tea,961.62,Petty Cash,EXP-000074,Operational expense
CSH-000602,2024-05-14,BR-01,INFLOW,Customer Payment,2639.66,Credit Card,INV-000528,Receipt from Karthik Residential Apartment Owner
CSH-000603,2024-06-09,BR-02,INFLOW,Customer Payment,737.5,Cheque,INV-000529,Bank Settlement from Silicon Valley PG Hostel Chain
CSH-000604,2024-07-06,BR-03,INFLOW,Customer Payment,1392.4,NEFT / Bank Transfer,INV-000530,Bank Settlement from Sundaram Hospital Maintenance
CSH-000605,2024-06-10,BR-01,INFLOW,Customer Payment,37789.5,NEFT / Bank Transfer,INV-000531,Bank Settlement from Victory Housing Projects Phase 2
CSH-000606,2024-06-22,BR-01,INFLOW,Customer Payment,134826.8,Cheque,INV-000532,Bank Settlement from Global Smart Solutions (P) Ltd
CSH-000607,2024-06-02,BR-01,INFLOW,Customer Payment,1811.3,Cheque,INV-000533,Bank Settlement from TechPark Facility Maintenance Team
CSH-000608,2024-06-18,BR-01,INFLOW,Customer Payment,65718.92,UPI,INV-000534,Bank Settlement from Sri Ramakrishna Builders & Infra
CSH-000609,2024-06-28,BR-01,INFLOW,Customer Payment,6375.54,RTGS,INV-000535,Bank Settlement from Balaji Electrical Contractors
CSH-000610,2024-06-02,BR-01,INFLOW,Customer Payment,139930.3,UPI,INV-000536,Bank Settlement from Devi Agency & Lighting Store
CSH-000611,2024-05-15,BR-01,INFLOW,Customer Payment,19920.76,Cash,INV-000537,Receipt from Murugan Auto Garage & Works
CSH-000612,2024-06-01,BR-01,INFLOW,Customer Payment,14655.6,RTGS,INV-000538,Bank Settlement from Metro Supermarket Tambaram
CSH-000613,2024-06-07,BR-01,INFLOW,Customer Payment,97084.5,NEFT / Bank Transfer,INV-000539,Bank Settlement from Devi Agency & Lighting Store
CSH-000614,2024-05-23,BR-01,INFLOW,Customer Payment,13831.96,Cheque,INV-000540,Bank Settlement from Apex Manufacturing Solutions
CSH-000615,2024-05-16,BR-01,INFLOW,Customer Payment,2334.04,UPI,INV-000541,Receipt from Lakshmi Vilas Sweets & Bakery
CSH-000616,2024-05-16,BR-01,INFLOW,Customer Payment,6159.6,Cash,INV-000542,Receipt from Siva Shankaran (Individual Home)
CSH-000617,2024-06-11,BR-01,INFLOW,Customer Payment,1250.8,RTGS,INV-000543,Bank Settlement from Apex Manufacturing Solutions
CSH-000618,2024-06-06,BR-02,INFLOW,Customer Payment,5711.2,UPI,INV-000544,Bank Settlement from Gowda Electrical Repairs
CSH-000619,2024-05-16,BR-03,OUTFLOW,Minor Maintenance & Repair,1105.71,Petty Cash,EXP-000075,Operational expense
CSH-000620,2024-06-06,BR-02,INFLOW,Customer Payment,88842.2,Cheque,INV-000545,Bank Settlement from Cauvery Engineering Contractors
CSH-000621,2024-05-24,BR-03,INFLOW,Customer Payment,172448.74,NEFT / Bank Transfer,INV-000546,Bank Settlement from Velan Pump & Motor Spares Store
CSH-000622,2024-05-24,BR-01,INFLOW,Customer Payment,1912.78,RTGS,INV-000547,Bank Settlement from TechPark Facility Maintenance Team
CSH-000623,2024-05-17,BR-02,OUTFLOW,Vehicle Fuel & Freight,1398.66,Petty Cash,EXP-000076,Operational expense
CSH-000624,2024-06-05,BR-01,INFLOW,Customer Payment,26904.0,NEFT / Bank Transfer,INV-000548,Bank Settlement from Balaji Electrical Contractors
CSH-000625,2024-05-18,BR-01,INFLOW,Customer Payment,531.0,UPI,INV-000549,Receipt from Dr. Priya Sundaram (Home Clinic)
CSH-000626,2024-06-21,BR-03,INFLOW,Customer Payment,41453.4,RTGS,INV-000550,Bank Settlement from Rangasamy Electrician Workshop
CSH-000627,2024-05-19,BR-01,OUTFLOW,Office Supplies & Printing,1006.52,Petty Cash,EXP-000077,Operational expense
CSH-000628,2024-06-11,BR-01,INFLOW,Customer Payment,295514.48,NEFT / Bank Transfer,INV-000551,Bank Settlement from Kalam Brothers Electrical Store
CSH-000629,2024-06-24,BR-02,INFLOW,Customer Payment,1787.7,RTGS,INV-000552,Bank Settlement from InnoTech Coworking Hub
CSH-000630,2024-05-31,BR-01,INFLOW,Customer Payment,247751.62,NEFT / Bank Transfer,INV-000553,Bank Settlement from Devi Agency & Lighting Store
CSH-000631,2024-05-20,BR-01,INFLOW,Customer Payment,418.9,Cash,INV-000554,Receipt from Murugan Auto Garage & Works
CSH-000632,2024-05-20,BR-01,INFLOW,Customer Payment,76.7,Cash,INV-000555,Receipt from Murugan Auto Garage & Works
CSH-000633,2024-07-03,BR-01,INFLOW,Customer Payment,367679.74,RTGS,INV-000556,Bank Settlement from Devi Agency & Lighting Store
CSH-000634,2024-06-07,BR-02,INFLOW,Customer Payment,2537.0,UPI,INV-000557,Bank Settlement from Silicon Valley PG Hostel Chain
CSH-000635,2024-05-27,BR-01,INFLOW,Customer Payment,50085.1,Cheque,INV-000558,Bank Settlement from Victory Housing Projects Phase 2
CSH-000636,2024-07-22,BR-03,INFLOW,Customer Payment,1008.9,NEFT / Bank Transfer,INV-000559,Bank Settlement from Rangasamy Electrician Workshop
CSH-000637,2024-05-21,BR-02,OUTFLOW,Vehicle Fuel & Freight,2360.11,Petty Cash,EXP-000078,Operational expense
CSH-000638,2024-06-01,BR-01,INFLOW,Customer Payment,13180.6,UPI,INV-000560,Bank Settlement from Metro Supermarket Tambaram
CSH-000639,2024-06-16,BR-01,INFLOW,Customer Payment,16797.3,Cheque,INV-000561,Bank Settlement from Saravana Electric Works (Govindaraj)
CSH-000640,2024-06-05,BR-03,INFLOW,Customer Payment,554.6,NEFT / Bank Transfer,INV-000562,Bank Settlement from Sri Krishna Engineering College Hostel
CSH-000641,2024-05-22,BR-01,INFLOW,Customer Payment,300.9,UPI,INV-000563,Receipt from Dr. Priya Sundaram (Home Clinic)
CSH-000642,2024-05-22,BR-01,INFLOW,Customer Payment,3005.46,UPI,INV-000564,Receipt from Lakshmi Vilas Sweets & Bakery
CSH-000643,2024-05-22,BR-02,INFLOW,Customer Payment,1079.7,Cash,INV-000565,Receipt from Nandini Milk Parlour & Mart
CSH-000644,2024-06-16,BR-01,INFLOW,Customer Payment,311956.6,Cheque,INV-000566,Bank Settlement from Devi Agency & Lighting Store
CSH-000645,2024-05-23,BR-01,INFLOW,Customer Payment,849.6,Cash,INV-000567,Receipt from Murugan Auto Garage & Works
CSH-000646,2024-05-23,BR-02,INFLOW,Customer Payment,713.9,UPI,INV-000568,Receipt from Dr. Arvind Rao Dental Clinic
CSH-000647,2024-06-22,BR-01,INFLOW,Customer Payment,3626.14,UPI,INV-000569,Bank Settlement from Metro Supermarket Tambaram
CSH-000648,2024-05-23,BR-01,INFLOW,Customer Payment,979.4,Cash,INV-000570,Receipt from Siva Shankaran (Individual Home)
CSH-000649,2024-05-23,BR-01,INFLOW,Customer Payment,1003.0,Cash,INV-000571,Receipt from Siva Shankaran (Individual Home)
CSH-000650,2024-06-09,BR-03,INFLOW,Customer Payment,14024.3,RTGS,INV-000572,Bank Settlement from Kongu Builders & Real Estate
CSH-000651,2024-05-23,BR-02,INFLOW,Customer Payment,560.5,Cash,INV-000573,Receipt from Nandini Milk Parlour & Mart
CSH-000652,2024-05-24,BR-01,INFLOW,Customer Payment,7611.0,Cash,INV-000574,Receipt from Murugan Auto Garage & Works
CSH-000653,2024-05-24,BR-01,INFLOW,Customer Payment,153.4,Cash,INV-000575,Receipt from Mohammed Riyaz (Home Renovation)
CSH-000654,2024-06-03,BR-01,INFLOW,Customer Payment,113543.14,UPI,INV-000576,Bank Settlement from Devi Agency & Lighting Store
CSH-000655,2024-05-24,BR-02,INFLOW,Customer Payment,12909.2,UPI,INV-000577,Receipt from Dr. Arvind Rao Dental Clinic
CSH-000656,2024-05-25,BR-02,INFLOW,Customer Payment,13416.6,UPI,INV-000578,Receipt from Dr. Arvind Rao Dental Clinic
CSH-000657,2024-05-31,BR-02,INFLOW,Customer Payment,18956.7,UPI,INV-000579,Bank Settlement from Brigade Vista Apartment Owners Assn
CSH-000658,2024-06-05,BR-03,INFLOW,Customer Payment,12254.3,Cheque,INV-000580,Bank Settlement from Sri Krishna Engineering College Hostel
CSH-000659,2024-05-25,BR-02,INFLOW,Customer Payment,938.1,UPI,INV-000581,Receipt from Dr. Arvind Rao Dental Clinic
CSH-000660,2024-06-21,BR-02,INFLOW,Customer Payment,88.5,UPI,INV-000582,Bank Settlement from InnoTech Coworking Hub
CSH-000661,2024-07-17,BR-03,INFLOW,Customer Payment,164316.18,Cheque,INV-000583,Bank Settlement from Velan Pump & Motor Spares Store
CSH-000662,2024-05-27,BR-01,INFLOW,Customer Payment,206.5,Cash,INV-000584,Receipt from Siva Shankaran (Individual Home)
CSH-000663,2024-07-05,BR-03,INFLOW,Customer Payment,1150.5,Cheque,INV-000585,Bank Settlement from Kovai Textile Mills Facility Team
CSH-000664,2024-06-02,BR-01,INFLOW,Customer Payment,8566.8,Cheque,INV-000586,Bank Settlement from Royal Comfort Residency Hotel
CSH-000665,2024-05-28,BR-01,INFLOW,Customer Payment,206.5,Credit Card,INV-000587,Receipt from Karthik Residential Apartment Owner
CSH-000666,2024-05-28,BR-01,OUTFLOW,Minor Maintenance & Repair,1980.65,Petty Cash,EXP-000079,Operational expense
CSH-000667,2024-06-13,BR-01,INFLOW,Customer Payment,26939.4,Cheque,INV-000588,Bank Settlement from Anbu Electricals (Anbazhagan)
CSH-000668,2024-07-05,BR-01,INFLOW,Customer Payment,2187.72,UPI,INV-000589,Bank Settlement from Anbu Electricals (Anbazhagan)
CSH-000669,2024-07-12,BR-02,INFLOW,Customer Payment,82836.0,RTGS,INV-000590,Bank Settlement from Cauvery Engineering Contractors
CSH-000670,2024-05-30,BR-02,INFLOW,Customer Payment,18956.7,Credit Card,INV-000591,Receipt from Suresh Babu (Villa Construction)
CSH-000671,2024-06-07,BR-01,INFLOW,Customer Payment,2225.48,NEFT / Bank Transfer,INV-000592,Bank Settlement from Anbu Electricals (Anbazhagan)
CSH-000672,2024-06-16,BR-01,INFLOW,Customer Payment,95246.06,UPI,INV-000593,Bank Settlement from Balaji Electrical Contractors
CSH-000673,2024-07-19,BR-02,INFLOW,Customer Payment,283.2,NEFT / Bank Transfer,INV-000594,Bank Settlement from InnoTech Coworking Hub
CSH-000674,2024-07-18,BR-03,INFLOW,Customer Payment,35.4,NEFT / Bank Transfer,INV-000595,Bank Settlement from Kovai Textile Mills Facility Team
CSH-000675,2024-07-16,BR-01,INFLOW,Customer Payment,18238.08,UPI,INV-000596,Bank Settlement from TechPark Facility Maintenance Team
CSH-000676,2024-06-19,BR-03,INFLOW,Customer Payment,88.5,Cheque,INV-000597,Bank Settlement from Sri Krishna Engineering College Hostel
CSH-000677,2024-07-03,BR-02,INFLOW,Customer Payment,2678.6,Cheque,INV-000598,Bank Settlement from Gowda Electrical Repairs
CSH-000678,2024-07-23,BR-01,INFLOW,Customer Payment,3829.1,UPI,INV-000599,Bank Settlement from Vels Vidyashram School Campus
CSH-000679,2024-06-26,BR-01,INFLOW,Customer Payment,103486.0,NEFT / Bank Transfer,INV-000600,Bank Settlement from Kalam Brothers Electrical Store
CSH-000680,2024-06-20,BR-01,INFLOW,Customer Payment,96264.4,NEFT / Bank Transfer,INV-000601,Bank Settlement from Srinivasan & Sons Contractor
CSH-000681,2024-06-01,BR-01,INFLOW,Customer Payment,743.4,Credit Card,INV-000602,Receipt from Karthik Residential Apartment Owner
CSH-000682,2024-07-18,BR-01,INFLOW,Customer Payment,861.4,RTGS,INV-000603,Bank Settlement from Anbu Electricals (Anbazhagan)
CSH-000683,2024-06-01,BR-01,OUTFLOW,Showroom Rent,75000.0,Bank Transfer,EXP-000080,Rent for Vidyut Central Hub & Showroom
CSH-000684,2024-06-01,BR-02,OUTFLOW,Showroom Rent,45000.0,Bank Transfer,EXP-000081,Rent for Vidyut Electronic City Retail Branch
CSH-000685,2024-06-01,BR-03,OUTFLOW,Showroom Rent,35000.0,Bank Transfer,EXP-000082,Rent for Vidyut Coimbatore Townhall Branch
CSH-000686,2024-06-03,BR-01,INFLOW,Customer Payment,8566.8,Cash,INV-000604,Receipt from Murugan Auto Garage & Works
CSH-000687,2024-06-10,BR-01,INFLOW,Customer Payment,5074.0,NEFT / Bank Transfer,INV-000605,Bank Settlement from TechPark Facility Maintenance Team
CSH-000688,2024-07-04,BR-01,INFLOW,Customer Payment,10282.52,NEFT / Bank Transfer,INV-000606,Bank Settlement from Selvam Electrician Services
CSH-000689,2024-06-29,BR-01,INFLOW,Customer Payment,660.8,UPI,INV-000607,Bank Settlement from Apex Manufacturing Solutions
CSH-000690,2024-07-05,BR-01,INFLOW,Customer Payment,56654.16,UPI,INV-000608,Bank Settlement from Srinivasan & Sons Contractor
CSH-000691,2024-06-14,BR-01,INFLOW,Customer Payment,384016.84,RTGS,INV-000609,Bank Settlement from Kalaivani Hardware & Paints
CSH-000692,2024-06-12,BR-03,INFLOW,Customer Payment,26355.3,UPI,INV-000610,Bank Settlement from Mani Bros Electricals (Mani)
CSH-000693,2024-07-03,BR-03,INFLOW,Customer Payment,4354.2,RTGS,INV-000611,Bank Settlement from Kovai Textile Mills Facility Team
CSH-000694,2024-06-04,BR-01,INFLOW,Customer Payment,106.2,Cash,INV-000612,Receipt from Murugan Auto Garage & Works
CSH-000695,2024-06-04,BR-02,OUTFLOW,Staff Refreshments & Tea,360.44,Petty Cash,EXP-000083,Operational expense
CSH-000696,2024-07-19,BR-01,INFLOW,Customer Payment,129.8,RTGS,INV-000613,Bank Settlement from Poompuhar Handicrafts Store
CSH-000697,2024-06-05,BR-01,INFLOW,Customer Payment,2242.0,Credit Card,INV-000614,Receipt from Karthik Residential Apartment Owner
CSH-000698,2024-06-18,BR-02,INFLOW,Customer Payment,10207.0,Cheque,INV-000615,Bank Settlement from InnoTech Coworking Hub
CSH-000699,2024-06-05,BR-01,OUTFLOW,Payroll Salaries,160000.0,Bank Transfer,EXP-000084,Salary Payout BR-01
CSH-000700,2024-06-05,BR-02,OUTFLOW,Payroll Salaries,96000.0,Bank Transfer,EXP-000085,Salary Payout BR-02
CSH-000701,2024-06-05,BR-03,OUTFLOW,Payroll Salaries,96000.0,Bank Transfer,EXP-000086,Salary Payout BR-03
CSH-000702,2024-06-06,BR-02,INFLOW,Customer Payment,94.4,UPI,INV-000616,Receipt from Dr. Arvind Rao Dental Clinic
CSH-000703,2024-09-07,BR-01,INFLOW,Customer Payment,293548.6,NEFT / Bank Transfer,INV-000617,Bank Settlement from Kalaivani Hardware & Paints
CSH-000704,2024-06-06,BR-01,INFLOW,Customer Payment,14974.2,UPI,INV-000618,Receipt from Lakshmi Vilas Sweets & Bakery
CSH-000705,2024-07-11,BR-01,INFLOW,Customer Payment,31405.7,RTGS,INV-000619,Bank Settlement from Sri Ramakrishna Builders & Infra
CSH-000706,2024-06-23,BR-01,INFLOW,Customer Payment,113315.4,Cheque,INV-000620,Bank Settlement from Balaji Electrical Contractors
CSH-000707,2024-06-28,BR-03,INFLOW,Customer Payment,849.6,UPI,INV-000621,Bank Settlement from Sundaram Hospital Maintenance
CSH-000708,2024-07-11,BR-02,INFLOW,Customer Payment,29411.5,NEFT / Bank Transfer,INV-000622,Bank Settlement from Cauvery Engineering Contractors
CSH-000709,2024-06-08,BR-02,INFLOW,Customer Payment,5268.7,UPI,INV-000623,Receipt from Dr. Arvind Rao Dental Clinic
CSH-000710,2024-07-23,BR-02,INFLOW,Customer Payment,607.7,RTGS,INV-000624,Bank Settlement from Silicon Valley PG Hostel Chain
CSH-000711,2024-06-08,BR-02,INFLOW,Customer Payment,6147.8,Cash,INV-000625,Receipt from Nandini Milk Parlour & Mart
CSH-000712,2024-06-09,BR-03,OUTFLOW,Office Supplies & Printing,824.99,Petty Cash,EXP-000087,Operational expense
CSH-000713,2024-06-10,BR-02,INFLOW,Customer Payment,1492.7,Cash,INV-000626,Receipt from Nandini Milk Parlour & Mart
CSH-000714,2024-06-16,BR-02,INFLOW,Customer Payment,259.6,Cheque,INV-000627,Bank Settlement from InnoTech Coworking Hub
CSH-000715,2024-06-10,BR-03,INFLOW,Customer Payment,1911.6,Cash,INV-000628,Receipt from Karthika Departmental Store
CSH-000716,2024-07-01,BR-01,INFLOW,Customer Payment,4088.7,NEFT / Bank Transfer,INV-000629,Bank Settlement from Apex Manufacturing Solutions
CSH-000717,2024-07-29,BR-01,INFLOW,Customer Payment,173094.2,Cheque,INV-000630,Bank Settlement from Balaji Electrical Contractors
CSH-000718,2024-06-16,BR-03,INFLOW,Customer Payment,1062.0,Cheque,INV-000631,Bank Settlement from Kovai Textile Mills Facility Team
CSH-000719,2024-07-04,BR-01,INFLOW,Customer Payment,3197.8,NEFT / Bank Transfer,INV-000632,Bank Settlement from Poompuhar Handicrafts Store
CSH-000720,2024-07-05,BR-01,INFLOW,Customer Payment,6104.14,UPI,INV-000633,Bank Settlement from Anbu Electricals (Anbazhagan)
CSH-000721,2024-06-10,BR-01,OUTFLOW,Electricity Bill,16083.98,Online Banking,EXP-000088,Utility Payment
CSH-000722,2024-06-10,BR-02,OUTFLOW,Electricity Bill,15734.59,Online Banking,EXP-000089,Utility Payment
CSH-000723,2024-06-10,BR-03,OUTFLOW,Electricity Bill,14124.73,Online Banking,EXP-000090,Utility Payment
CSH-000724,2024-07-07,BR-02,INFLOW,Customer Payment,967.6,UPI,INV-000634,Bank Settlement from InnoTech Coworking Hub
CSH-000725,2024-07-11,BR-01,INFLOW,Customer Payment,12266.1,UPI,INV-000635,Bank Settlement from Srinivasan & Sons Contractor
CSH-000726,2024-06-19,BR-01,INFLOW,Customer Payment,4681.06,Cheque,INV-000636,Bank Settlement from Anbu Electricals (Anbazhagan)
CSH-000727,2024-06-11,BR-01,OUTFLOW,Minor Maintenance & Repair,720.22,Petty Cash,EXP-000091,Operational expense
CSH-000728,2024-07-26,BR-01,INFLOW,Customer Payment,70260.74,NEFT / Bank Transfer,INV-000637,Bank Settlement from Srinivasan & Sons Contractor
CSH-000729,2024-07-28,BR-02,INFLOW,Customer Payment,20596.9,UPI,INV-000638,Bank Settlement from Urban Spaces Interior Studio
CSH-000730,2024-06-17,BR-03,INFLOW,Customer Payment,371.7,RTGS,INV-000639,Bank Settlement from Sri Krishna Engineering College Hostel
CSH-000731,2024-06-26,BR-03,INFLOW,Customer Payment,2501.6,UPI,INV-000640,Bank Settlement from Rangasamy Electrician Workshop
CSH-000732,2024-06-20,BR-01,INFLOW,Customer Payment,424.8,Cheque,INV-000641,Bank Settlement from Apex Manufacturing Solutions
CSH-000733,2024-06-22,BR-01,INFLOW,Customer Payment,979.4,RTGS,INV-000642,Bank Settlement from Poompuhar Handicrafts Store
CSH-000734,2024-06-13,BR-01,INFLOW,Customer Payment,348.1,Cash,INV-000643,Receipt from Mohammed Riyaz (Home Renovation)
CSH-000735,2024-06-25,BR-03,INFLOW,Customer Payment,192062.7,Cheque,INV-000644,Bank Settlement from Kongu Builders & Real Estate
CSH-000736,2024-06-30,BR-02,INFLOW,Customer Payment,74836.78,Cheque,INV-000645,Bank Settlement from Raghavendra Infrastructure Developers
CSH-000737,2024-06-20,BR-02,INFLOW,Customer Payment,518515.6,NEFT / Bank Transfer,INV-000646,Bank Settlement from Sri Venkateshwara Hardware & Electricals
CSH-000738,2024-06-13,BR-01,INFLOW,Customer Payment,8796.9,Cash,INV-000647,Receipt from Mohammed Riyaz (Home Renovation)
CSH-000739,2024-07-07,BR-01,INFLOW,Customer Payment,184858.8,RTGS,INV-000648,Bank Settlement from Srinivasan & Sons Contractor
CSH-000740,2024-06-14,BR-01,INFLOW,Customer Payment,2147.6,Cash,INV-000649,Receipt from Mohammed Riyaz (Home Renovation)
CSH-000741,2024-06-14,BR-02,INFLOW,Customer Payment,8319.0,Credit Card,INV-000650,Receipt from Suresh Babu (Villa Construction)
CSH-000742,2024-07-16,BR-01,INFLOW,Customer Payment,212423.6,UPI,INV-000651,Bank Settlement from Devi Agency & Lighting Store
CSH-000743,2024-07-20,BR-01,INFLOW,Customer Payment,77077.6,NEFT / Bank Transfer,INV-000652,Bank Settlement from Devi Agency & Lighting Store
CSH-000744,2024-07-11,BR-01,INFLOW,Customer Payment,189525.7,UPI,INV-000653,Bank Settlement from Global Smart Solutions (P) Ltd
CSH-000745,2024-06-15,BR-01,INFLOW,Customer Payment,1298.0,UPI,INV-000654,Receipt from Lakshmi Vilas Sweets & Bakery
CSH-000746,2024-07-06,BR-03,INFLOW,Customer Payment,802.4,RTGS,INV-000655,Bank Settlement from Kovai Textile Mills Facility Team
CSH-000747,2024-07-31,BR-03,INFLOW,Customer Payment,3056.2,RTGS,INV-000656,Bank Settlement from Sri Krishna Engineering College Hostel
CSH-000748,2024-06-20,BR-01,INFLOW,Customer Payment,2006.0,UPI,INV-000657,Bank Settlement from Vels Vidyashram School Campus
CSH-000749,2024-06-24,BR-03,INFLOW,Customer Payment,584.1,Cheque,INV-000658,Bank Settlement from Annamalai Agro Processing Unit
CSH-000750,2024-06-17,BR-01,INFLOW,Customer Payment,194.7,Cash,INV-000659,Receipt from Mohammed Riyaz (Home Renovation)
CSH-000751,2024-06-18,BR-03,INFLOW,Customer Payment,283.2,Cash,INV-000660,Receipt from Karthika Departmental Store
CSH-000752,2024-07-08,BR-02,INFLOW,Customer Payment,23387.6,RTGS,INV-000661,Bank Settlement from Urban Spaces Interior Studio
CSH-000753,2024-06-18,BR-01,INFLOW,Customer Payment,76.7,Cash,INV-000662,Receipt from Siva Shankaran (Individual Home)
CSH-000754,2024-06-18,BR-01,INFLOW,Customer Payment,2796.6,Cash,INV-000663,Receipt from Siva Shankaran (Individual Home)
CSH-000755,2024-08-03,BR-01,INFLOW,Customer Payment,13676.2,UPI,INV-000664,Bank Settlement from Royal Comfort Residency Hotel
CSH-000756,2024-08-02,BR-01,INFLOW,Customer Payment,10079.56,UPI,INV-000665,Bank Settlement from Srinivasan & Sons Contractor
CSH-000757,2024-07-05,BR-01,INFLOW,Customer Payment,5074.0,Cheque,INV-000666,Bank Settlement from Apex Manufacturing Solutions
CSH-000758,2024-08-09,BR-01,INFLOW,Customer Payment,18809.2,Cheque,INV-000667,Bank Settlement from Anbu Electricals (Anbazhagan)
CSH-000759,2024-07-07,BR-02,INFLOW,Customer Payment,15087.48,UPI,INV-000668,Bank Settlement from Gowda Electrical Repairs
CSH-000760,2024-09-11,BR-01,INFLOW,Customer Payment,2773.0,Cheque,INV-000669,Bank Settlement from Poompuhar Handicrafts Store
CSH-000761,2024-06-19,BR-01,INFLOW,Customer Payment,206.5,UPI,INV-000670,Receipt from Lakshmi Vilas Sweets & Bakery
CSH-000762,2024-08-03,BR-03,INFLOW,Customer Payment,219721.9,UPI,INV-000671,Bank Settlement from Marutham Electrical & Power Agency
CSH-000763,2024-06-20,BR-03,INFLOW,Customer Payment,3498.7,Cash,INV-000672,Receipt from Karthika Departmental Store
CSH-000764,2024-08-01,BR-02,INFLOW,Customer Payment,3127.0,RTGS,INV-000673,Bank Settlement from Gowda Electrical Repairs
CSH-000765,2024-07-09,BR-03,INFLOW,Customer Payment,66327.8,NEFT / Bank Transfer,INV-000674,Bank Settlement from Kongu Builders & Real Estate
CSH-000766,2024-07-20,BR-01,INFLOW,Customer Payment,3717.0,RTGS,INV-000675,Bank Settlement from Vels Vidyashram School Campus
CSH-000767,2024-06-20,BR-02,INFLOW,Customer Payment,1699.2,Credit Card,INV-000676,Receipt from Suresh Babu (Villa Construction)
CSH-000768,2024-07-30,BR-01,INFLOW,Customer Payment,54427.5,RTGS,INV-000677,Bank Settlement from Victory Housing Projects Phase 2
CSH-000769,2024-07-13,BR-01,INFLOW,Customer Payment,2395.4,Cheque,INV-000678,Bank Settlement from Vels Vidyashram School Campus
CSH-000770,2024-07-20,BR-01,INFLOW,Customer Payment,14124.6,RTGS,INV-000679,Bank Settlement from Selvam Electrician Services
CSH-000771,2024-07-01,BR-01,INFLOW,Customer Payment,12366.4,Cheque,INV-000680,Bank Settlement from Metro Supermarket Tambaram
CSH-000772,2024-06-21,BR-01,INFLOW,Customer Payment,3197.8,Cash,INV-000681,Receipt from Siva Shankaran (Individual Home)
CSH-000773,2024-07-27,BR-03,INFLOW,Customer Payment,3103.4,NEFT / Bank Transfer,INV-000682,Bank Settlement from Kovai Textile Mills Facility Team
CSH-000774,2024-08-04,BR-01,INFLOW,Customer Payment,73720.5,RTGS,INV-000683,Bank Settlement from Sri Ramakrishna Builders & Infra
CSH-000775,2024-06-22,BR-01,INFLOW,Customer Payment,7611.0,Cash,INV-000684,Receipt from Siva Shankaran (Individual Home)
CSH-000776,2024-07-13,BR-02,INFLOW,Customer Payment,88677.0,RTGS,INV-000685,Bank Settlement from Urban Spaces Interior Studio
CSH-000777,2024-06-23,BR-02,OUTFLOW,Staff Refreshments & Tea,1380.73,Petty Cash,EXP-000092,Operational expense
CSH-000778,2024-06-24,BR-02,INFLOW,Customer Payment,1227.2,UPI,INV-000686,Receipt from Dr. Arvind Rao Dental Clinic
CSH-000779,2024-07-09,BR-01,INFLOW,Customer Payment,363187.48,RTGS,INV-000687,Bank Settlement from Kalaivani Hardware & Paints
CSH-000780,2024-07-27,BR-03,INFLOW,Customer Payment,206.5,Cheque,INV-000688,Bank Settlement from Sundaram Hospital Maintenance
CSH-000781,2024-07-30,BR-01,INFLOW,Customer Payment,72562.92,NEFT / Bank Transfer,INV-000689,Bank Settlement from Balaji Electrical Contractors
CSH-000782,2024-06-24,BR-02,INFLOW,Customer Payment,1298.0,UPI,INV-000690,Receipt from Dr. Arvind Rao Dental Clinic
CSH-000783,2024-08-03,BR-01,INFLOW,Customer Payment,131493.3,NEFT / Bank Transfer,INV-000691,Bank Settlement from Devi Agency & Lighting Store
CSH-000784,2024-07-03,BR-03,INFLOW,Customer Payment,107279.7,Cheque,INV-000692,Bank Settlement from Marutham Electrical & Power Agency
CSH-000785,2024-08-16,BR-02,INFLOW,Customer Payment,1103.3,NEFT / Bank Transfer,INV-000693,Bank Settlement from Silicon Valley PG Hostel Chain
CSH-000786,2024-06-25,BR-02,INFLOW,Customer Payment,1522.2,Cash,INV-000694,Receipt from Nandini Milk Parlour & Mart
CSH-000787,2024-08-02,BR-02,INFLOW,Customer Payment,2714.0,UPI,INV-000695,Bank Settlement from Gowda Electrical Repairs
CSH-000788,2024-07-16,BR-01,INFLOW,Customer Payment,5227.4,Cheque,INV-000696,Bank Settlement from TechPark Facility Maintenance Team
CSH-000789,2024-07-17,BR-01,INFLOW,Customer Payment,3852.7,Cheque,INV-000697,Bank Settlement from Selvam Electrician Services
CSH-000790,2024-07-26,BR-02,INFLOW,Customer Payment,265848.1,UPI,INV-000698,Bank Settlement from Sri Venkateshwara Hardware & Electricals
CSH-000791,2024-08-15,BR-01,INFLOW,Customer Payment,3009.0,UPI,INV-000699,Bank Settlement from TechPark Facility Maintenance Team
CSH-000792,2024-07-15,BR-03,INFLOW,Customer Payment,9115.5,Cheque,INV-000700,Bank Settlement from Rangasamy Electrician Workshop
CSH-000793,2024-07-01,BR-01,INFLOW,Customer Payment,10017.02,UPI,INV-000701,Bank Settlement from Selvam Electrician Services
CSH-000794,2024-07-23,BR-01,INFLOW,Customer Payment,84446.7,NEFT / Bank Transfer,INV-000702,Bank Settlement from Kalam Brothers Electrical Store
CSH-000795,2024-06-27,BR-02,INFLOW,Customer Payment,3044.4,Credit Card,INV-000703,Receipt from Suresh Babu (Villa Construction)
CSH-000796,2024-08-12,BR-02,INFLOW,Customer Payment,339598.1,RTGS,INV-000704,Bank Settlement from Sri Venkateshwara Hardware & Electricals
CSH-000797,2024-07-02,BR-03,INFLOW,Customer Payment,2318.7,RTGS,INV-000705,Bank Settlement from Mani Bros Electricals (Mani)
CSH-000798,2024-07-07,BR-02,INFLOW,Customer Payment,10537.4,NEFT / Bank Transfer,INV-000706,Bank Settlement from Gowda Electrical Repairs
CSH-000799,2024-08-10,BR-01,INFLOW,Customer Payment,13776.5,NEFT / Bank Transfer,INV-000707,Bank Settlement from Saravana Electric Works (Govindaraj)
CSH-000800,2024-08-15,BR-02,INFLOW,Customer Payment,61153.5,Cheque,INV-000708,Bank Settlement from Sri Venkateshwara Hardware & Electricals
CSH-000801,2024-07-07,BR-03,INFLOW,Customer Payment,4838.0,Cheque,INV-000709,Bank Settlement from Mani Bros Electricals (Mani)
CSH-000802,2024-07-23,BR-03,INFLOW,Customer Payment,2802.5,UPI,INV-000710,Bank Settlement from Annamalai Agro Processing Unit
CSH-000803,2024-07-15,BR-01,INFLOW,Customer Payment,20743.22,RTGS,INV-000711,Bank Settlement from Balaji Electrical Contractors
CSH-000804,2024-08-16,BR-01,INFLOW,Customer Payment,212.4,UPI,INV-000712,Bank Settlement from Poompuhar Handicrafts Store
CSH-000805,2024-07-26,BR-03,INFLOW,Customer Payment,2265.6,RTGS,INV-000713,Bank Settlement from Rangasamy Electrician Workshop
CSH-000806,2024-07-29,BR-02,INFLOW,Customer Payment,9215.8,RTGS,INV-000714,Bank Settlement from InnoTech Coworking Hub
CSH-000807,2024-07-27,BR-02,INFLOW,Customer Payment,24407.12,Cheque,INV-000715,Bank Settlement from Raghavendra Infrastructure Developers
CSH-000808,2024-07-13,BR-03,INFLOW,Customer Payment,448.4,UPI,INV-000716,Bank Settlement from Sri Krishna Engineering College Hostel
CSH-000809,2024-07-28,BR-01,INFLOW,Customer Payment,26809.6,Cheque,INV-000717,Bank Settlement from Victory Housing Projects Phase 2
CSH-000810,2024-07-10,BR-01,INFLOW,Customer Payment,13033.1,UPI,INV-000718,Bank Settlement from Global Smart Solutions (P) Ltd
CSH-000811,2024-08-25,BR-01,INFLOW,Customer Payment,71269.64,RTGS,INV-000719,Bank Settlement from Global Smart Solutions (P) Ltd
CSH-000812,2024-08-12,BR-03,INFLOW,Customer Payment,1191.8,Cheque,INV-000720,Bank Settlement from Kovai Textile Mills Facility Team
CSH-000813,2024-07-09,BR-01,INFLOW,Customer Payment,34143.3,RTGS,INV-000721,Bank Settlement from Selvam Electrician Services
CSH-000814,2024-07-01,BR-02,INFLOW,Customer Payment,2112.2,Credit Card,INV-000722,Receipt from Suresh Babu (Villa Construction)
CSH-000815,2024-07-01,BR-02,INFLOW,Customer Payment,2967.7,Credit Card,INV-000723,Receipt from Suresh Babu (Villa Construction)
CSH-000816,2024-07-01,BR-02,INFLOW,Customer Payment,283.2,Cash,INV-000724,Receipt from Nandini Milk Parlour & Mart
CSH-000817,2024-07-01,BR-01,INFLOW,Customer Payment,5369.0,Cash,INV-000725,Receipt from Murugan Auto Garage & Works
CSH-000818,2024-07-01,BR-01,OUTFLOW,Showroom Rent,75000.0,Bank Transfer,EXP-000093,Rent for Vidyut Central Hub & Showroom
CSH-000819,2024-07-01,BR-02,OUTFLOW,Showroom Rent,45000.0,Bank Transfer,EXP-000094,Rent for Vidyut Electronic City Retail Branch
CSH-000820,2024-07-01,BR-03,OUTFLOW,Showroom Rent,35000.0,Bank Transfer,EXP-000095,Rent for Vidyut Coimbatore Townhall Branch
CSH-000821,2024-07-15,BR-02,INFLOW,Customer Payment,97219.02,UPI,INV-000726,Bank Settlement from Cauvery Engineering Contractors
CSH-000822,2024-07-02,BR-01,INFLOW,Customer Payment,5563.7,Credit Card,INV-000727,Receipt from Karthik Residential Apartment Owner
CSH-000823,2024-07-02,BR-01,INFLOW,Customer Payment,5723.0,UPI,INV-000728,Receipt from Lakshmi Vilas Sweets & Bakery
CSH-000824,2024-09-05,BR-01,INFLOW,Customer Payment,67284.78,Cheque,INV-000729,Bank Settlement from Sri Ramakrishna Builders & Infra
CSH-000825,2024-07-15,BR-01,INFLOW,Customer Payment,6136.0,RTGS,INV-000730,Bank Settlement from Apex Manufacturing Solutions
CSH-000826,2024-07-03,BR-02,INFLOW,Customer Payment,613.6,Credit Card,INV-000731,Receipt from Suresh Babu (Villa Construction)
CSH-000827,2024-07-11,BR-01,INFLOW,Customer Payment,1569.4,RTGS,INV-000732,Bank Settlement from TechPark Facility Maintenance Team
CSH-000828,2024-08-23,BR-01,INFLOW,Customer Payment,1050.2,Cheque,INV-000733,Bank Settlement from Metro Supermarket Tambaram
CSH-000829,2024-07-03,BR-02,INFLOW,Customer Payment,3304.0,Cash,INV-000734,Receipt from Nandini Milk Parlour & Mart
CSH-000830,2024-08-01,BR-01,INFLOW,Customer Payment,34321.48,UPI,INV-000735,Bank Settlement from Sri Ramakrishna Builders & Infra
CSH-000831,2024-07-04,BR-02,INFLOW,Customer Payment,1545.8,Cash,INV-000736,Receipt from Nandini Milk Parlour & Mart
CSH-000832,2024-07-21,BR-03,INFLOW,Customer Payment,9794.0,Cheque,INV-000737,Bank Settlement from Rangasamy Electrician Workshop
CSH-000833,2024-07-14,BR-03,INFLOW,Customer Payment,206.5,Cheque,INV-000738,Bank Settlement from Kovai Textile Mills Facility Team
CSH-000834,2024-07-04,BR-01,INFLOW,Customer Payment,6802.7,Cash,INV-000739,Receipt from Murugan Auto Garage & Works
CSH-000835,2024-07-04,BR-02,OUTFLOW,Staff Refreshments & Tea,757.92,Petty Cash,EXP-000096,Operational expense
CSH-000836,2024-08-21,BR-01,INFLOW,Customer Payment,837.8,NEFT / Bank Transfer,INV-000740,Bank Settlement from Apex Manufacturing Solutions
CSH-000837,2024-07-19,BR-01,INFLOW,Customer Payment,5730.08,UPI,INV-000741,Bank Settlement from Saravana Electric Works (Govindaraj)
CSH-000838,2024-08-25,BR-01,INFLOW,Customer Payment,76.7,UPI,INV-000742,Bank Settlement from Metro Supermarket Tambaram
CSH-000839,2024-07-05,BR-03,INFLOW,Customer Payment,1244.9,Cash,INV-000743,Receipt from Karthika Departmental Store
CSH-000840,2024-08-03,BR-01,INFLOW,Customer Payment,170079.89,Cheque,INV-000744,Bank Settlement from Kalaivani Hardware & Paints
CSH-000841,2024-07-05,BR-01,OUTFLOW,Payroll Salaries,160000.0,Bank Transfer,EXP-000097,Salary Payout BR-01
CSH-000842,2024-07-05,BR-02,OUTFLOW,Payroll Salaries,96000.0,Bank Transfer,EXP-000098,Salary Payout BR-02
CSH-000843,2024-07-05,BR-03,OUTFLOW,Payroll Salaries,96000.0,Bank Transfer,EXP-000099,Salary Payout BR-03
CSH-000844,2024-07-05,BR-01,OUTFLOW,Vehicle Fuel & Freight,403.76,Petty Cash,EXP-000100,Operational expense
CSH-000845,2024-07-11,BR-01,INFLOW,Customer Payment,251676.3,UPI,INV-000745,Bank Settlement from Devi Agency & Lighting Store
CSH-000846,2024-07-06,BR-01,INFLOW,Customer Payment,147.5,Cash,INV-000746,Receipt from Siva Shankaran (Individual Home)
CSH-000847,2024-07-07,BR-01,OUTFLOW,Vehicle Fuel & Freight,683.91,Petty Cash,EXP-000101,Operational expense
CSH-000848,2024-08-04,BR-01,INFLOW,Customer Payment,6844.0,NEFT / Bank Transfer,INV-000747,Bank Settlement from TechPark Facility Maintenance Team
CSH-000849,2024-09-01,BR-01,INFLOW,Customer Payment,88.5,RTGS,INV-000748,Bank Settlement from Royal Comfort Residency Hotel
CSH-000850,2024-08-28,BR-01,INFLOW,Customer Payment,64557.8,NEFT / Bank Transfer,INV-000749,Bank Settlement from Victory Housing Projects Phase 2
CSH-000851,2024-07-15,BR-01,INFLOW,Customer Payment,1109.2,UPI,INV-000750,Bank Settlement from Vels Vidyashram School Campus
CSH-000852,2024-08-16,BR-02,INFLOW,Customer Payment,1174.1,NEFT / Bank Transfer,INV-000751,Bank Settlement from InnoTech Coworking Hub
CSH-000853,2024-08-03,BR-01,INFLOW,Customer Payment,114760.9,RTGS,INV-000752,Bank Settlement from Srinivasan & Sons Contractor
CSH-000854,2024-08-09,BR-01,INFLOW,Customer Payment,6749.6,Cheque,INV-000753,Bank Settlement from Saravana Electric Works (Govindaraj)
CSH-000855,2024-08-12,BR-03,INFLOW,Customer Payment,2023.7,Cheque,INV-000754,Bank Settlement from Kovai Textile Mills Facility Team
CSH-000856,2024-08-07,BR-02,INFLOW,Customer Payment,63371.31,RTGS,INV-000755,Bank Settlement from Cauvery Engineering Contractors
CSH-000857,2024-07-09,BR-03,OUTFLOW,Office Supplies & Printing,1164.99,Petty Cash,EXP-000102,Operational expense
CSH-000858,2024-07-26,BR-01,INFLOW,Customer Payment,3056.2,RTGS,INV-000756,Bank Settlement from Vels Vidyashram School Campus
CSH-000859,2024-08-18,BR-03,INFLOW,Customer Payment,1062.0,UPI,INV-000757,Bank Settlement from Sri Krishna Engineering College Hostel
CSH-000860,2024-08-06,BR-01,INFLOW,Customer Payment,47436.0,Cheque,INV-000758,Bank Settlement from Devi Agency & Lighting Store
CSH-000861,2024-07-10,BR-01,INFLOW,Customer Payment,2537.0,Cash,INV-000759,Receipt from Murugan Auto Garage & Works
CSH-000862,2024-07-10,BR-01,OUTFLOW,Electricity Bill,14417.24,Online Banking,EXP-000103,Utility Payment
CSH-000863,2024-07-10,BR-02,OUTFLOW,Electricity Bill,16054.73,Online Banking,EXP-000104,Utility Payment
CSH-000864,2024-07-10,BR-03,OUTFLOW,Electricity Bill,9714.77,Online Banking,EXP-000105,Utility Payment
CSH-000865,2024-08-04,BR-03,INFLOW,Customer Payment,48790.64,NEFT / Bank Transfer,INV-000760,Bank Settlement from Kongu Builders & Real Estate
CSH-000866,2024-07-29,BR-01,INFLOW,Customer Payment,9941.5,UPI,INV-000761,Bank Settlement from Saravana Electric Works (Govindaraj)
CSH-000867,2024-07-19,BR-02,INFLOW,Customer Payment,73753.54,UPI,INV-000762,Bank Settlement from Sri Venkateshwara Hardware & Electricals
CSH-000868,2024-08-15,BR-03,INFLOW,Customer Payment,826.0,UPI,INV-000763,Bank Settlement from Sundaram Hospital Maintenance
CSH-000869,2024-08-25,BR-02,INFLOW,Customer Payment,45321.44,RTGS,INV-000764,Bank Settlement from Raghavendra Infrastructure Developers
CSH-000870,2024-07-23,BR-01,INFLOW,Customer Payment,18395.02,RTGS,INV-000765,Bank Settlement from Sri Ramakrishna Builders & Infra
CSH-000871,2024-08-11,BR-01,INFLOW,Customer Payment,2289.2,RTGS,INV-000766,Bank Settlement from Selvam Electrician Services
CSH-000872,2024-08-05,BR-02,INFLOW,Customer Payment,26157.06,UPI,INV-000767,Bank Settlement from Cauvery Engineering Contractors
CSH-000873,2024-07-23,BR-03,INFLOW,Customer Payment,3799.6,RTGS,INV-000768,Bank Settlement from Annamalai Agro Processing Unit
CSH-000874,2024-08-03,BR-02,INFLOW,Customer Payment,38444.4,NEFT / Bank Transfer,INV-000769,Bank Settlement from Raghavendra Infrastructure Developers
CSH-000875,2024-08-30,BR-02,INFLOW,Customer Payment,109420.22,Cheque,INV-000770,Bank Settlement from Urban Spaces Interior Studio
CSH-000876,2024-07-13,BR-02,INFLOW,Customer Payment,2065.0,Credit Card,INV-000771,Receipt from Suresh Babu (Villa Construction)
CSH-000877,2024-07-18,BR-03,INFLOW,Customer Payment,53825.7,RTGS,INV-000772,Bank Settlement from Velan Pump & Motor Spares Store
CSH-000878,2024-08-25,BR-03,INFLOW,Customer Payment,5251.0,RTGS,INV-000773,Bank Settlement from Kovai Elite Residency Hotel
CSH-000879,2024-07-18,BR-03,INFLOW,Customer Payment,2065.0,NEFT / Bank Transfer,INV-000774,Bank Settlement from Kovai Textile Mills Facility Team
CSH-000880,2024-07-20,BR-03,INFLOW,Customer Payment,1003.0,RTGS,INV-000775,Bank Settlement from Kovai Elite Residency Hotel
CSH-000881,2024-08-21,BR-02,INFLOW,Customer Payment,4041.5,UPI,INV-000776,Bank Settlement from Manjunatha Electrical Works
CSH-000882,2024-07-14,BR-02,OUTFLOW,Vehicle Fuel & Freight,1423.93,Petty Cash,EXP-000106,Operational expense
CSH-000883,2024-08-04,BR-01,INFLOW,Customer Payment,334294.0,UPI,INV-000777,Bank Settlement from Kalaivani Hardware & Paints
CSH-000884,2024-08-18,BR-01,INFLOW,Customer Payment,1600.08,UPI,INV-000778,Bank Settlement from Saravana Electric Works (Govindaraj)
CSH-000885,2024-07-26,BR-02,INFLOW,Customer Payment,69687.85,NEFT / Bank Transfer,INV-000779,Bank Settlement from Urban Spaces Interior Studio
CSH-000886,2024-07-15,BR-03,INFLOW,Customer Payment,1522.2,Cash,INV-000780,Receipt from Karthika Departmental Store
CSH-000887,2024-08-25,BR-02,INFLOW,Customer Payment,10996.42,UPI,INV-000781,Bank Settlement from Raghavendra Infrastructure Developers
CSH-000888,2024-07-15,BR-01,OUTFLOW,Staff Refreshments & Tea,2178.79,Petty Cash,EXP-000107,Operational expense
CSH-000889,2024-08-01,BR-02,INFLOW,Customer Payment,1719.26,Cheque,INV-000782,Bank Settlement from Gowda Electrical Repairs
CSH-000890,2024-07-26,BR-03,INFLOW,Customer Payment,8873.6,NEFT / Bank Transfer,INV-000783,Bank Settlement from Mani Bros Electricals (Mani)
CSH-000891,2024-07-16,BR-01,INFLOW,Customer Payment,8513.7,Cash,INV-000784,Receipt from Siva Shankaran (Individual Home)
CSH-000892,2024-08-13,BR-01,INFLOW,Customer Payment,156892.8,UPI,INV-000785,Bank Settlement from Srinivasan & Sons Contractor
CSH-000893,2024-08-31,BR-02,INFLOW,Customer Payment,36248.42,Cheque,INV-000786,Bank Settlement from Cauvery Engineering Contractors
CSH-000894,2024-09-16,BR-01,INFLOW,Customer Payment,2820.2,UPI,INV-000787,Bank Settlement from Poompuhar Handicrafts Store
CSH-000895,2024-07-30,BR-01,INFLOW,Customer Payment,9935.6,Cheque,INV-000788,Bank Settlement from Srinivasan & Sons Contractor
CSH-000896,2024-07-30,BR-02,INFLOW,Customer Payment,39034.4,NEFT / Bank Transfer,INV-000789,Bank Settlement from Raghavendra Infrastructure Developers
CSH-000897,2024-09-18,BR-03,INFLOW,Customer Payment,1764.1,NEFT / Bank Transfer,INV-000790,Bank Settlement from Sri Krishna Engineering College Hostel
CSH-000898,2024-07-17,BR-01,INFLOW,Customer Payment,566.4,Cash,INV-000791,Receipt from Murugan Auto Garage & Works
CSH-000899,2024-08-05,BR-03,INFLOW,Customer Payment,1333.4,RTGS,INV-000792,Bank Settlement from Sri Krishna Engineering College Hostel
CSH-000900,2024-08-08,BR-02,INFLOW,Customer Payment,3433.8,Cheque,INV-000793,Bank Settlement from Brigade Vista Apartment Owners Assn
CSH-000901,2024-08-07,BR-01,INFLOW,Customer Payment,63174.84,RTGS,INV-000794,Bank Settlement from Kalam Brothers Electrical Store
CSH-000902,2024-08-06,BR-02,INFLOW,Customer Payment,40726.52,UPI,INV-000795,Bank Settlement from Urban Spaces Interior Studio
CSH-000903,2024-08-07,BR-02,INFLOW,Customer Payment,8507.8,Cheque,INV-000796,Bank Settlement from Brigade Vista Apartment Owners Assn
CSH-000904,2024-08-12,BR-03,INFLOW,Customer Payment,12466.7,Cheque,INV-000797,Bank Settlement from Kongu Builders & Real Estate
CSH-000905,2024-07-18,BR-01,INFLOW,Customer Payment,649.0,Cash,INV-000798,Receipt from Mohammed Riyaz (Home Renovation)
CSH-000906,2024-08-06,BR-02,INFLOW,Customer Payment,22136.8,NEFT / Bank Transfer,INV-000799,Bank Settlement from Urban Spaces Interior Studio
CSH-000907,2024-07-18,BR-02,INFLOW,Customer Payment,177.0,Cash,INV-000800,Receipt from Nandini Milk Parlour & Mart
CSH-000908,2024-09-07,BR-03,INFLOW,Customer Payment,267694.8,UPI,INV-000801,Bank Settlement from Marutham Electrical & Power Agency
CSH-000909,2024-08-26,BR-03,INFLOW,Customer Payment,285872.7,NEFT / Bank Transfer,INV-000802,Bank Settlement from Marutham Electrical & Power Agency
CSH-000910,2024-07-19,BR-01,INFLOW,Customer Payment,790.6,UPI,INV-000803,Receipt from Dr. Priya Sundaram (Home Clinic)
CSH-000911,2024-08-16,BR-01,INFLOW,Customer Payment,814.2,RTGS,INV-000804,Bank Settlement from Metro Supermarket Tambaram
CSH-000912,2024-08-06,BR-01,INFLOW,Customer Payment,131440.2,NEFT / Bank Transfer,INV-000805,Bank Settlement from Kalam Brothers Electrical Store
CSH-000913,2024-07-19,BR-01,INFLOW,Customer Payment,1298.0,Cash,INV-000806,Receipt from Murugan Auto Garage & Works
CSH-000914,2024-07-19,BR-01,INFLOW,Customer Payment,35.4,Cash,INV-000807,Receipt from Murugan Auto Garage & Works
CSH-000915,2024-08-03,BR-01,INFLOW,Customer Payment,5959.0,Cheque,INV-000808,Bank Settlement from TechPark Facility Maintenance Team
CSH-000916,2024-07-25,BR-03,INFLOW,Customer Payment,174927.92,NEFT / Bank Transfer,INV-000809,Bank Settlement from Kongu Builders & Real Estate
CSH-000917,2024-07-27,BR-01,INFLOW,Customer Payment,102557.34,RTGS,INV-000810,Bank Settlement from Srinivasan & Sons Contractor
CSH-000918,2024-07-26,BR-03,INFLOW,Customer Payment,241.9,RTGS,INV-000811,Bank Settlement from Sri Krishna Engineering College Hostel
CSH-000919,2024-07-20,BR-02,INFLOW,Customer Payment,4354.2,Cash,INV-000812,Receipt from Nandini Milk Parlour & Mart
CSH-000920,2024-08-16,BR-01,INFLOW,Customer Payment,6519.5,NEFT / Bank Transfer,INV-000813,Bank Settlement from Victory Housing Projects Phase 2
CSH-000921,2024-07-21,BR-03,OUTFLOW,Office Supplies & Printing,659.63,Petty Cash,EXP-000108,Operational expense
CSH-000922,2024-08-21,BR-02,INFLOW,Customer Payment,10589.32,UPI,INV-000814,Bank Settlement from Manjunatha Electrical Works
CSH-000923,2024-08-19,BR-01,INFLOW,Customer Payment,13374.12,RTGS,INV-000815,Bank Settlement from Victory Housing Projects Phase 2
CSH-000924,2024-08-06,BR-01,INFLOW,Customer Payment,1642.56,RTGS,INV-000816,Bank Settlement from Anbu Electricals (Anbazhagan)
CSH-000925,2024-07-23,BR-02,INFLOW,Customer Payment,2672.7,Cash,INV-000817,Receipt from Nandini Milk Parlour & Mart
CSH-000926,2024-08-25,BR-03,INFLOW,Customer Payment,211257.76,NEFT / Bank Transfer,INV-000818,Bank Settlement from Kongu Builders & Real Estate
CSH-000927,2024-07-23,BR-01,INFLOW,Customer Payment,3380.7,UPI,INV-000819,Receipt from Lakshmi Vilas Sweets & Bakery
CSH-000928,2024-07-23,BR-01,INFLOW,Customer Payment,814.2,Cash,INV-000820,Receipt from Mohammed Riyaz (Home Renovation)
CSH-000929,2024-08-08,BR-03,INFLOW,Customer Payment,11894.4,UPI,INV-000821,Bank Settlement from Rangasamy Electrician Workshop
CSH-000930,2024-08-12,BR-01,INFLOW,Customer Payment,37450.84,RTGS,INV-000822,Bank Settlement from Balaji Electrical Contractors
CSH-000931,2024-08-08,BR-03,INFLOW,Customer Payment,4312.9,RTGS,INV-000823,Bank Settlement from Annamalai Agro Processing Unit
CSH-000932,2024-08-06,BR-02,INFLOW,Customer Payment,1404.2,Cheque,INV-000824,Bank Settlement from Brigade Vista Apartment Owners Assn
CSH-000933,2024-07-30,BR-02,INFLOW,Customer Payment,3492.8,Cheque,INV-000825,Bank Settlement from InnoTech Coworking Hub
CSH-000934,2024-08-17,BR-01,INFLOW,Customer Payment,14921.1,NEFT / Bank Transfer,INV-000826,Bank Settlement from Saravana Electric Works (Govindaraj)
CSH-000935,2024-07-24,BR-03,INFLOW,Customer Payment,466.1,Cash,INV-000827,Receipt from Karthika Departmental Store
CSH-000936,2024-08-16,BR-03,INFLOW,Customer Payment,174359.75,Cheque,INV-000828,Bank Settlement from Marutham Electrical & Power Agency
CSH-000937,2024-08-22,BR-01,INFLOW,Customer Payment,2242.0,Cheque,INV-000829,Bank Settlement from Apex Manufacturing Solutions
CSH-000938,2024-09-04,BR-02,INFLOW,Customer Payment,1003.0,Cheque,INV-000830,Bank Settlement from Brigade Vista Apartment Owners Assn
CSH-000939,2024-08-20,BR-01,INFLOW,Customer Payment,4177.2,UPI,INV-000831,Bank Settlement from Selvam Electrician Services
CSH-000940,2024-07-25,BR-01,INFLOW,Customer Payment,536.9,Cash,INV-000832,Receipt from Murugan Auto Garage & Works
CSH-000941,2024-08-27,BR-01,INFLOW,Customer Payment,52810.9,NEFT / Bank Transfer,INV-000833,Bank Settlement from Balaji Electrical Contractors
CSH-000942,2024-07-25,BR-01,INFLOW,Customer Payment,88.5,Cash,INV-000834,Receipt from Siva Shankaran (Individual Home)
CSH-000943,2024-08-05,BR-03,INFLOW,Customer Payment,144650.3,RTGS,INV-000835,Bank Settlement from Marutham Electrical & Power Agency
CSH-000944,2024-08-24,BR-01,INFLOW,Customer Payment,29641.6,Cheque,INV-000836,Bank Settlement from Kalaivani Hardware & Paints
CSH-000945,2024-09-06,BR-03,INFLOW,Customer Payment,5074.0,Cheque,INV-000837,Bank Settlement from Kovai Elite Residency Hotel
CSH-000946,2024-08-14,BR-02,INFLOW,Customer Payment,187525.6,Cheque,INV-000838,Bank Settlement from Cauvery Engineering Contractors
CSH-000947,2024-07-26,BR-02,INFLOW,Customer Payment,8555.0,Credit Card,INV-000839,Receipt from Suresh Babu (Villa Construction)
CSH-000948,2024-08-22,BR-01,INFLOW,Customer Payment,5959.0,UPI,INV-000840,Bank Settlement from Anbu Electricals (Anbazhagan)
CSH-000949,2024-07-27,BR-03,INFLOW,Customer Payment,177.0,Cash,INV-000841,Receipt from Karthika Departmental Store
CSH-000950,2024-07-27,BR-01,INFLOW,Customer Payment,5793.8,Cash,INV-000842,Receipt from Murugan Auto Garage & Works
CSH-000951,2024-08-02,BR-01,INFLOW,Customer Payment,88.5,RTGS,INV-000843,Bank Settlement from Metro Supermarket Tambaram
CSH-000952,2024-08-05,BR-01,INFLOW,Customer Payment,21723.8,UPI,INV-000844,Bank Settlement from Anbu Electricals (Anbazhagan)
CSH-000953,2024-08-08,BR-02,INFLOW,Customer Payment,33384.56,UPI,INV-000845,Bank Settlement from Cauvery Engineering Contractors
CSH-000954,2024-07-28,BR-02,OUTFLOW,Staff Refreshments & Tea,844.83,Petty Cash,EXP-000109,Operational expense
CSH-000955,2024-09-20,BR-02,INFLOW,Customer Payment,147435.1,NEFT / Bank Transfer,INV-000846,Bank Settlement from Urban Spaces Interior Studio
CSH-000956,2024-08-16,BR-01,INFLOW,Customer Payment,129.8,UPI,INV-000847,Bank Settlement from Poompuhar Handicrafts Store
CSH-000957,2024-08-06,BR-01,INFLOW,Customer Payment,37185.34,Cheque,INV-000848,Bank Settlement from Balaji Electrical Contractors
CSH-000958,2024-08-03,BR-02,INFLOW,Customer Payment,54816.9,NEFT / Bank Transfer,INV-000849,Bank Settlement from Raghavendra Infrastructure Developers
CSH-000959,2024-07-29,BR-02,INFLOW,Customer Payment,531.0,Credit Card,INV-000850,Receipt from Suresh Babu (Villa Construction)
CSH-000960,2024-08-17,BR-03,INFLOW,Customer Payment,9145.0,RTGS,INV-000851,Bank Settlement from Sundaram Hospital Maintenance
CSH-000961,2024-08-20,BR-02,INFLOW,Customer Payment,3156.5,NEFT / Bank Transfer,INV-000852,Bank Settlement from Silicon Valley PG Hostel Chain
CSH-000962,2024-07-30,BR-01,INFLOW,Customer Payment,1062.0,Cash,INV-000853,Receipt from Murugan Auto Garage & Works
CSH-000963,2024-07-30,BR-01,INFLOW,Customer Payment,595.9,Cash,INV-000854,Receipt from Murugan Auto Garage & Works
CSH-000964,2024-09-23,BR-02,INFLOW,Customer Payment,4147.7,UPI,INV-000855,Bank Settlement from InnoTech Coworking Hub
CSH-000965,2024-08-13,BR-01,INFLOW,Customer Payment,235074.88,UPI,INV-000856,Bank Settlement from Srinivasan & Sons Contractor
CSH-000966,2024-07-30,BR-02,OUTFLOW,Minor Maintenance & Repair,925.71,Petty Cash,EXP-000110,Operational expense
CSH-000967,2024-08-12,BR-01,INFLOW,Customer Payment,6515.96,RTGS,INV-000857,Bank Settlement from Selvam Electrician Services
CSH-000968,2024-07-31,BR-01,INFLOW,Customer Payment,1492.7,UPI,INV-000858,Receipt from Lakshmi Vilas Sweets & Bakery
CSH-000969,2024-08-21,BR-01,INFLOW,Customer Payment,75390.2,UPI,INV-000859,Bank Settlement from Kalam Brothers Electrical Store
CSH-000970,2024-07-31,BR-01,INFLOW,Customer Payment,8142.0,Credit Card,INV-000860,Receipt from Karthik Residential Apartment Owner
CSH-000971,2024-09-04,BR-03,INFLOW,Customer Payment,67060.58,NEFT / Bank Transfer,INV-000861,Bank Settlement from Kongu Builders & Real Estate
CSH-000972,2024-08-01,BR-02,INFLOW,Customer Payment,3675.7,Credit Card,INV-000862,Receipt from Suresh Babu (Villa Construction)
CSH-000973,2024-08-01,BR-02,INFLOW,Customer Payment,1663.8,Cash,INV-000863,Receipt from Nandini Milk Parlour & Mart
CSH-000974,2024-08-08,BR-01,INFLOW,Customer Payment,27547.1,NEFT / Bank Transfer,INV-000864,Bank Settlement from Sri Ramakrishna Builders & Infra
CSH-000975,2024-08-27,BR-01,INFLOW,Customer Payment,1882.1,Cheque,INV-000865,Bank Settlement from Poompuhar Handicrafts Store
CSH-000976,2024-10-15,BR-02,INFLOW,Customer Payment,88.5,Cheque,INV-000866,Bank Settlement from Brigade Vista Apartment Owners Assn
CSH-000977,2024-08-01,BR-01,OUTFLOW,Showroom Rent,75000.0,Bank Transfer,EXP-000111,Rent for Vidyut Central Hub & Showroom
CSH-000978,2024-08-01,BR-02,OUTFLOW,Showroom Rent,45000.0,Bank Transfer,EXP-000112,Rent for Vidyut Electronic City Retail Branch
CSH-000979,2024-08-01,BR-03,OUTFLOW,Showroom Rent,35000.0,Bank Transfer,EXP-000113,Rent for Vidyut Coimbatore Townhall Branch
CSH-000980,2024-08-02,BR-01,INFLOW,Customer Payment,88.5,UPI,INV-000867,Receipt from Lakshmi Vilas Sweets & Bakery
CSH-000981,2024-08-23,BR-03,INFLOW,Customer Payment,24957.0,UPI,INV-000868,Bank Settlement from Rangasamy Electrician Workshop
CSH-000982,2024-10-05,BR-02,INFLOW,Customer Payment,1504.5,Cheque,INV-000869,Bank Settlement from Silicon Valley PG Hostel Chain
CSH-000983,2024-08-02,BR-01,INFLOW,Customer Payment,4071.0,UPI,INV-000870,Receipt from Lakshmi Vilas Sweets & Bakery
CSH-000984,2024-08-03,BR-03,INFLOW,Customer Payment,53.1,Cash,INV-000871,Receipt from Karthika Departmental Store
CSH-000985,2024-08-12,BR-01,INFLOW,Customer Payment,71555.2,UPI,INV-000872,Bank Settlement from Kalam Brothers Electrical Store
CSH-000986,2024-10-11,BR-01,INFLOW,Customer Payment,12732.2,RTGS,INV-000873,Bank Settlement from Srinivasan & Sons Contractor
CSH-000987,2024-08-03,BR-01,INFLOW,Customer Payment,619.5,Cash,INV-000874,Receipt from Murugan Auto Garage & Works
CSH-000988,2024-08-03,BR-03,INFLOW,Customer Payment,8142.0,UPI,INV-000875,Receipt from Ramachandran (Individual House Owner)
CSH-000989,2024-08-21,BR-01,INFLOW,Customer Payment,103663.0,Cheque,INV-000876,Bank Settlement from Victory Housing Projects Phase 2
CSH-000990,2024-08-03,BR-01,INFLOW,Customer Payment,5074.0,Cash,INV-000877,Receipt from Mohammed Riyaz (Home Renovation)
CSH-000991,2024-08-23,BR-01,INFLOW,Customer Payment,87438.0,NEFT / Bank Transfer,INV-000878,Bank Settlement from Sri Ramakrishna Builders & Infra
CSH-000992,2024-08-18,BR-02,INFLOW,Customer Payment,3811.4,RTGS,INV-000879,Bank Settlement from Silicon Valley PG Hostel Chain
CSH-000993,2024-08-24,BR-01,INFLOW,Customer Payment,13811.9,Cheque,INV-000880,Bank Settlement from Selvam Electrician Services
CSH-000994,2024-08-31,BR-01,INFLOW,Customer Payment,26256.18,UPI,INV-000881,Bank Settlement from Srinivasan & Sons Contractor
CSH-000995,2024-08-10,BR-01,INFLOW,Customer Payment,155845.55,UPI,INV-000882,Bank Settlement from Kalam Brothers Electrical Store
CSH-000996,2024-08-18,BR-03,INFLOW,Customer Payment,4012.0,NEFT / Bank Transfer,INV-000883,Bank Settlement from Sri Krishna Engineering College Hostel
CSH-000997,2024-08-19,BR-03,INFLOW,Customer Payment,3068.0,RTGS,INV-000884,Bank Settlement from Annamalai Agro Processing Unit
CSH-000998,2024-08-28,BR-03,INFLOW,Customer Payment,76.7,NEFT / Bank Transfer,INV-000885,Bank Settlement from Kovai Textile Mills Facility Team
CSH-000999,2024-08-05,BR-02,INFLOW,Customer Payment,2596.0,Cash,INV-000886,Receipt from Nandini Milk Parlour & Mart
CSH-001000,2024-08-05,BR-01,OUTFLOW,Payroll Salaries,160000.0,Bank Transfer,EXP-000114,Salary Payout BR-01
CSH-001001,2024-08-05,BR-02,OUTFLOW,Payroll Salaries,96000.0,Bank Transfer,EXP-000115,Salary Payout BR-02
CSH-001002,2024-08-05,BR-03,OUTFLOW,Payroll Salaries,96000.0,Bank Transfer,EXP-000116,Salary Payout BR-03
CSH-001003,2024-09-03,BR-01,INFLOW,Customer Payment,133472.16,RTGS,INV-000887,Bank Settlement from Global Smart Solutions (P) Ltd
CSH-001004,2024-08-28,BR-03,INFLOW,Customer Payment,4330.6,Cheque,INV-000888,Bank Settlement from Kovai Elite Residency Hotel
CSH-001005,2024-08-06,BR-03,INFLOW,Customer Payment,5363.1,Cash,INV-000889,Receipt from Karthika Departmental Store
CSH-001006,2024-08-06,BR-01,INFLOW,Customer Payment,991.2,UPI,INV-000890,Receipt from Dr. Priya Sundaram (Home Clinic)
CSH-001007,2024-09-10,BR-03,INFLOW,Customer Payment,1239.0,RTGS,INV-000891,Bank Settlement from Sundaram Hospital Maintenance
CSH-001008,2024-08-20,BR-02,INFLOW,Customer Payment,94573.46,Cheque,INV-000892,Bank Settlement from Cauvery Engineering Contractors
CSH-001009,2024-08-13,BR-01,INFLOW,Customer Payment,16252.14,Cheque,INV-000893,Bank Settlement from Balaji Electrical Contractors
CSH-001010,2024-08-20,BR-03,INFLOW,Customer Payment,143930.5,UPI,INV-000894,Bank Settlement from Marutham Electrical & Power Agency
CSH-001011,2024-09-03,BR-03,INFLOW,Customer Payment,566.4,Cheque,INV-000895,Bank Settlement from Sundaram Hospital Maintenance
CSH-001012,2024-08-07,BR-01,OUTFLOW,Vehicle Fuel & Freight,512.88,Petty Cash,EXP-000117,Operational expense
CSH-001013,2024-09-05,BR-02,INFLOW,Customer Payment,16833.88,UPI,INV-000896,Bank Settlement from Raghavendra Infrastructure Developers
CSH-001014,2024-09-12,BR-01,INFLOW,Customer Payment,25089.16,Cheque,INV-000897,Bank Settlement from Kalam Brothers Electrical Store
CSH-001015,2024-08-08,BR-01,INFLOW,Customer Payment,1770.0,UPI,INV-000898,Receipt from Dr. Priya Sundaram (Home Clinic)
CSH-001016,2024-08-19,BR-03,INFLOW,Customer Payment,76.7,UPI,INV-000899,Bank Settlement from Kovai Elite Residency Hotel
CSH-001017,2024-08-09,BR-02,INFLOW,Customer Payment,1003.0,Credit Card,INV-000900,Receipt from Suresh Babu (Villa Construction)
CSH-001018,2024-08-09,BR-03,INFLOW,Customer Payment,6313.0,UPI,INV-000901,Receipt from Ramachandran (Individual House Owner)
CSH-001019,2024-08-24,BR-01,INFLOW,Customer Payment,442.5,NEFT / Bank Transfer,INV-000902,Bank Settlement from Metro Supermarket Tambaram
CSH-001020,2024-09-02,BR-03,INFLOW,Customer Payment,2478.0,RTGS,INV-000903,Bank Settlement from Kovai Textile Mills Facility Team
CSH-001021,2024-08-26,BR-01,INFLOW,Customer Payment,102665.9,Cheque,INV-000904,Bank Settlement from Balaji Electrical Contractors
CSH-001022,2024-09-01,BR-01,INFLOW,Customer Payment,3469.2,NEFT / Bank Transfer,INV-000905,Bank Settlement from Royal Comfort Residency Hotel
CSH-001023,2024-08-10,BR-03,INFLOW,Customer Payment,4767.2,UPI,INV-000906,Receipt from Ramachandran (Individual House Owner)
CSH-001024,2024-09-10,BR-02,INFLOW,Customer Payment,278409.2,Cheque,INV-000907,Bank Settlement from Sri Venkateshwara Hardware & Electricals
CSH-001025,2024-09-05,BR-02,INFLOW,Customer Payment,130428.35,RTGS,INV-000908,Bank Settlement from Raghavendra Infrastructure Developers
CSH-001026,2024-08-10,BR-01,INFLOW,Customer Payment,330.4,UPI,INV-000909,Receipt from Dr. Priya Sundaram (Home Clinic)
CSH-001027,2024-08-10,BR-01,OUTFLOW,Electricity Bill,15021.74,Online Banking,EXP-000118,Utility Payment
CSH-001028,2024-08-10,BR-02,OUTFLOW,Electricity Bill,12778.47,Online Banking,EXP-000119,Utility Payment
CSH-001029,2024-08-10,BR-03,OUTFLOW,Electricity Bill,12329.52,Online Banking,EXP-000120,Utility Payment
CSH-001030,2024-08-11,BR-02,OUTFLOW,Minor Maintenance & Repair,562.32,Petty Cash,EXP-000121,Operational expense
CSH-001031,2024-08-29,BR-01,INFLOW,Customer Payment,14986.0,UPI,INV-000910,Bank Settlement from Saravana Electric Works (Govindaraj)
CSH-001032,2024-08-28,BR-02,INFLOW,Customer Payment,149570.9,RTGS,INV-000911,Bank Settlement from Urban Spaces Interior Studio
CSH-001033,2024-08-24,BR-02,INFLOW,Customer Payment,389.4,RTGS,INV-000912,Bank Settlement from InnoTech Coworking Hub
CSH-001034,2024-08-31,BR-03,INFLOW,Customer Payment,2106.3,NEFT / Bank Transfer,INV-000913,Bank Settlement from Rangasamy Electrician Workshop
CSH-001035,2024-08-19,BR-02,INFLOW,Customer Payment,154326.3,NEFT / Bank Transfer,INV-000914,Bank Settlement from Urban Spaces Interior Studio
CSH-001036,2024-08-19,BR-02,INFLOW,Customer Payment,3758.3,UPI,INV-000915,Bank Settlement from Manjunatha Electrical Works
CSH-001037,2024-09-26,BR-03,INFLOW,Customer Payment,991.2,Cheque,INV-000916,Bank Settlement from Annamalai Agro Processing Unit
CSH-001038,2024-09-24,BR-01,INFLOW,Customer Payment,76.7,RTGS,INV-000917,Bank Settlement from Royal Comfort Residency Hotel
CSH-001039,2024-09-02,BR-01,INFLOW,Customer Payment,32562.1,NEFT / Bank Transfer,INV-000918,Bank Settlement from Anbu Electricals (Anbazhagan)
CSH-001040,2024-08-13,BR-01,OUTFLOW,Vehicle Fuel & Freight,1752.34,Petty Cash,EXP-000122,Operational expense
CSH-001041,2024-09-06,BR-01,INFLOW,Customer Payment,566.4,Cheque,INV-000919,Bank Settlement from Vels Vidyashram School Campus
CSH-001042,2024-08-30,BR-03,INFLOW,Customer Payment,3357.1,RTGS,INV-000920,Bank Settlement from Sundaram Hospital Maintenance
CSH-001043,2024-08-14,BR-01,INFLOW,Customer Payment,76.7,UPI,INV-000921,Receipt from Lakshmi Vilas Sweets & Bakery
CSH-001044,2024-09-06,BR-02,INFLOW,Customer Payment,35.4,UPI,INV-000922,Bank Settlement from Silicon Valley PG Hostel Chain
CSH-001045,2024-08-20,BR-01,INFLOW,Customer Payment,92713.78,RTGS,INV-000923,Bank Settlement from Devi Agency & Lighting Store
CSH-001046,2024-09-03,BR-02,INFLOW,Customer Payment,690.3,NEFT / Bank Transfer,INV-000924,Bank Settlement from Silicon Valley PG Hostel Chain
CSH-001047,2024-09-05,BR-01,INFLOW,Customer Payment,849.6,RTGS,INV-000925,Bank Settlement from Metro Supermarket Tambaram
CSH-001048,2024-08-15,BR-02,INFLOW,Customer Payment,4259.8,Cash,INV-000926,Receipt from Nandini Milk Parlour & Mart
CSH-001049,2024-08-23,BR-02,INFLOW,Customer Payment,6389.7,NEFT / Bank Transfer,INV-000927,Bank Settlement from Gowda Electrical Repairs
CSH-001050,2024-09-07,BR-02,INFLOW,Customer Payment,31529.6,NEFT / Bank Transfer,INV-000928,Bank Settlement from Urban Spaces Interior Studio
CSH-001051,2024-08-20,BR-01,INFLOW,Customer Payment,4737.7,NEFT / Bank Transfer,INV-000929,Bank Settlement from Apex Manufacturing Solutions
CSH-001052,2024-09-04,BR-01,INFLOW,Customer Payment,12083.2,Cheque,INV-000930,Bank Settlement from Srinivasan & Sons Contractor
CSH-001053,2024-10-25,BR-01,INFLOW,Customer Payment,12572.9,UPI,INV-000931,Bank Settlement from Saravana Electric Works (Govindaraj)
CSH-001054,2024-08-16,BR-01,INFLOW,Customer Payment,489.7,Credit Card,INV-000932,Receipt from Karthik Residential Apartment Owner
CSH-001055,2024-09-21,BR-02,INFLOW,Customer Payment,138502.5,RTGS,INV-000933,Bank Settlement from Sri Venkateshwara Hardware & Electricals
CSH-001056,2024-08-16,BR-01,INFLOW,Customer Payment,3032.6,Cash,INV-000934,Receipt from Siva Shankaran (Individual Home)
CSH-001057,2024-09-06,BR-01,INFLOW,Customer Payment,62811.4,NEFT / Bank Transfer,INV-000935,Bank Settlement from Devi Agency & Lighting Store
CSH-001058,2024-09-03,BR-03,INFLOW,Customer Payment,13381.2,NEFT / Bank Transfer,INV-000936,Bank Settlement from Rangasamy Electrician Workshop
CSH-001059,2024-08-17,BR-01,INFLOW,Customer Payment,3894.0,Cash,INV-000937,Receipt from Siva Shankaran (Individual Home)
CSH-001060,2024-10-01,BR-03,INFLOW,Customer Payment,849.6,NEFT / Bank Transfer,INV-000938,Bank Settlement from Sri Krishna Engineering College Hostel
CSH-001061,2024-08-17,BR-03,INFLOW,Customer Payment,88.5,Cash,INV-000939,Receipt from Karthika Departmental Store
CSH-001062,2024-08-17,BR-03,INFLOW,Customer Payment,3368.9,UPI,INV-000940,Receipt from Ramachandran (Individual House Owner)
CSH-001063,2024-10-03,BR-02,INFLOW,Customer Payment,5292.3,Cheque,INV-000941,Bank Settlement from Gowda Electrical Repairs
CSH-001064,2024-09-02,BR-01,INFLOW,Customer Payment,6218.6,UPI,INV-000942,Bank Settlement from Vels Vidyashram School Campus
CSH-001065,2024-10-08,BR-02,INFLOW,Customer Payment,1693.3,NEFT / Bank Transfer,INV-000943,Bank Settlement from Brigade Vista Apartment Owners Assn
CSH-001066,2024-09-08,BR-03,INFLOW,Customer Payment,28945.4,Cheque,INV-000944,Bank Settlement from Kongu Builders & Real Estate
CSH-001067,2024-08-19,BR-01,INFLOW,Customer Payment,6431.0,Cash,INV-000945,Receipt from Murugan Auto Garage & Works
CSH-001068,2024-09-08,BR-02,INFLOW,Customer Payment,9074.2,RTGS,INV-000946,Bank Settlement from Manjunatha Electrical Works
CSH-001069,2024-09-04,BR-02,INFLOW,Customer Payment,2572.4,RTGS,INV-000947,Bank Settlement from Silicon Valley PG Hostel Chain
CSH-001070,2024-09-11,BR-01,INFLOW,Customer Payment,23864.32,NEFT / Bank Transfer,INV-000948,Bank Settlement from Srinivasan & Sons Contractor
CSH-001071,2024-08-19,BR-01,INFLOW,Customer Payment,1646.1,UPI,INV-000949,Receipt from Lakshmi Vilas Sweets & Bakery
CSH-001072,2024-08-31,BR-01,INFLOW,Customer Payment,63088.7,UPI,INV-000950,Bank Settlement from Sri Ramakrishna Builders & Infra
CSH-001073,2024-08-28,BR-03,INFLOW,Customer Payment,21540.9,UPI,INV-000951,Bank Settlement from Rangasamy Electrician Workshop
CSH-001074,2024-11-20,BR-03,INFLOW,Customer Payment,619.5,NEFT / Bank Transfer,INV-000952,Bank Settlement from Kovai Elite Residency Hotel
CSH-001075,2024-09-07,BR-01,INFLOW,Customer Payment,347297.6,UPI,INV-000953,Bank Settlement from Kalaivani Hardware & Paints
CSH-001076,2024-08-28,BR-01,INFLOW,Customer Payment,91963.3,Cheque,INV-000954,Bank Settlement from Kalam Brothers Electrical Store
CSH-001077,2024-09-22,BR-02,INFLOW,Customer Payment,991.2,RTGS,INV-000955,Bank Settlement from InnoTech Coworking Hub
CSH-001078,2024-08-20,BR-01,INFLOW,Customer Payment,8271.8,UPI,INV-000956,Receipt from Dr. Priya Sundaram (Home Clinic)
CSH-001079,2024-09-05,BR-01,INFLOW,Customer Payment,8389.8,UPI,INV-000957,Bank Settlement from Saravana Electric Works (Govindaraj)
CSH-001080,2024-08-20,BR-01,OUTFLOW,Office Supplies & Printing,2143.4,Petty Cash,EXP-000123,Operational expense
CSH-001081,2024-10-10,BR-01,INFLOW,Customer Payment,75248.6,NEFT / Bank Transfer,INV-000958,Bank Settlement from Kalam Brothers Electrical Store
CSH-001082,2024-09-09,BR-01,INFLOW,Customer Payment,3256.8,NEFT / Bank Transfer,INV-000959,Bank Settlement from Selvam Electrician Services
CSH-001083,2024-09-05,BR-03,INFLOW,Customer Payment,249145.2,RTGS,INV-000960,Bank Settlement from Velan Pump & Motor Spares Store
CSH-001084,2024-09-16,BR-01,INFLOW,Customer Payment,268969.2,Cheque,INV-000961,Bank Settlement from Victory Housing Projects Phase 2
CSH-001085,2024-08-21,BR-02,INFLOW,Customer Payment,1333.4,Credit Card,INV-000962,Receipt from Suresh Babu (Villa Construction)
CSH-001086,2024-10-12,BR-02,INFLOW,Customer Payment,1233.1,Cheque,INV-000963,Bank Settlement from InnoTech Coworking Hub
CSH-001087,2024-10-30,BR-01,INFLOW,Customer Payment,86995.5,RTGS,INV-000964,Bank Settlement from Srinivasan & Sons Contractor
CSH-001088,2024-10-16,BR-01,INFLOW,Customer Payment,185354.4,NEFT / Bank Transfer,INV-000965,Bank Settlement from Kalam Brothers Electrical Store
CSH-001089,2024-08-22,BR-02,OUTFLOW,Minor Maintenance & Repair,1460.01,Petty Cash,EXP-000124,Operational expense
CSH-001090,2024-08-23,BR-02,INFLOW,Customer Payment,306.8,Credit Card,INV-000966,Receipt from Suresh Babu (Villa Construction)
CSH-001091,2024-08-23,BR-01,INFLOW,Customer Payment,566.4,Cash,INV-000967,Receipt from Murugan Auto Garage & Works
CSH-001092,2024-08-29,BR-03,INFLOW,Customer Payment,1239.0,RTGS,INV-000968,Bank Settlement from Sundaram Hospital Maintenance
CSH-001093,2024-09-24,BR-02,INFLOW,Customer Payment,194.7,RTGS,INV-000969,Bank Settlement from InnoTech Coworking Hub
CSH-001094,2024-09-22,BR-02,INFLOW,Customer Payment,77715.98,UPI,INV-000970,Bank Settlement from Cauvery Engineering Contractors
CSH-001095,2024-09-03,BR-01,INFLOW,Customer Payment,84470.3,UPI,INV-000971,Bank Settlement from Kalaivani Hardware & Paints
CSH-001096,2024-08-24,BR-01,INFLOW,Customer Payment,3097.5,UPI,INV-000972,Receipt from Dr. Priya Sundaram (Home Clinic)
CSH-001097,2024-09-19,BR-01,INFLOW,Customer Payment,37052.0,NEFT / Bank Transfer,INV-000973,Bank Settlement from Victory Housing Projects Phase 2
CSH-001098,2024-10-29,BR-02,INFLOW,Customer Payment,3772.46,RTGS,INV-000974,Bank Settlement from Gowda Electrical Repairs
CSH-001099,2024-09-22,BR-01,INFLOW,Customer Payment,22673.7,NEFT / Bank Transfer,INV-000975,Bank Settlement from Sri Ramakrishna Builders & Infra
CSH-001100,2024-08-26,BR-01,INFLOW,Customer Payment,1581.2,Credit Card,INV-000976,Receipt from Karthik Residential Apartment Owner
CSH-001101,2024-09-10,BR-01,INFLOW,Customer Payment,314965.6,Cheque,INV-000977,Bank Settlement from Kalaivani Hardware & Paints
CSH-001102,2024-09-24,BR-01,INFLOW,Customer Payment,18411.54,NEFT / Bank Transfer,INV-000978,Bank Settlement from Victory Housing Projects Phase 2
CSH-001103,2024-09-11,BR-03,INFLOW,Customer Payment,2478.0,UPI,INV-000979,Bank Settlement from Kovai Textile Mills Facility Team
CSH-001104,2024-10-19,BR-02,INFLOW,Customer Payment,2613.7,Cheque,INV-000980,Bank Settlement from Gowda Electrical Repairs
CSH-001105,2024-09-05,BR-03,INFLOW,Customer Payment,8224.6,UPI,INV-000981,Bank Settlement from Rangasamy Electrician Workshop
CSH-001106,2024-08-26,BR-01,INFLOW,Customer Payment,849.6,Credit Card,INV-000982,Receipt from Karthik Residential Apartment Owner
CSH-001107,2024-10-19,BR-01,INFLOW,Customer Payment,165241.3,Cheque,INV-000983,Bank Settlement from Kalaivani Hardware & Paints
CSH-001108,2024-08-27,BR-03,INFLOW,Customer Payment,2478.0,UPI,INV-000984,Receipt from Ramachandran (Individual House Owner)
CSH-001109,2024-10-02,BR-01,INFLOW,Customer Payment,83142.8,RTGS,INV-000985,Bank Settlement from Sri Ramakrishna Builders & Infra
CSH-001110,2024-10-03,BR-03,INFLOW,Customer Payment,324210.9,UPI,INV-000986,Bank Settlement from Marutham Electrical & Power Agency
CSH-001111,2024-08-27,BR-03,OUTFLOW,Staff Refreshments & Tea,732.53,Petty Cash,EXP-000125,Operational expense
CSH-001112,2024-08-28,BR-01,INFLOW,Customer Payment,1604.8,Credit Card,INV-000987,Receipt from Karthik Residential Apartment Owner
CSH-001113,2024-10-09,BR-01,INFLOW,Customer Payment,140346.84,UPI,INV-000988,Bank Settlement from Srinivasan & Sons Contractor
CSH-001114,2024-09-27,BR-02,INFLOW,Customer Payment,68221.7,RTGS,INV-000989,Bank Settlement from Cauvery Engineering Contractors
CSH-001115,2024-08-28,BR-01,INFLOW,Customer Payment,4484.0,Cash,INV-000990,Receipt from Siva Shankaran (Individual Home)
CSH-001116,2024-08-28,BR-01,INFLOW,Customer Payment,283.2,Cash,INV-000991,Receipt from Mohammed Riyaz (Home Renovation)
CSH-001117,2024-09-03,BR-01,INFLOW,Customer Payment,153.4,RTGS,INV-000992,Bank Settlement from TechPark Facility Maintenance Team
CSH-001118,2024-10-23,BR-02,INFLOW,Customer Payment,4206.7,Cheque,INV-000993,Bank Settlement from Brigade Vista Apartment Owners Assn
CSH-001119,2024-08-29,BR-02,INFLOW,Customer Payment,4242.1,Credit Card,INV-000994,Receipt from Suresh Babu (Villa Construction)
CSH-001120,2024-08-29,BR-01,INFLOW,Customer Payment,1469.1,Cash,INV-000995,Receipt from Mohammed Riyaz (Home Renovation)
CSH-001121,2024-10-10,BR-01,INFLOW,Customer Payment,72164.08,Cheque,INV-000996,Bank Settlement from Victory Housing Projects Phase 2
CSH-001122,2024-08-29,BR-01,INFLOW,Customer Payment,1404.2,UPI,INV-000997,Receipt from Dr. Priya Sundaram (Home Clinic)
CSH-001123,2024-11-18,BR-01,INFLOW,Customer Payment,14425.5,NEFT / Bank Transfer,INV-000998,Bank Settlement from Selvam Electrician Services
CSH-001124,2024-08-30,BR-01,INFLOW,Customer Payment,10301.4,Credit Card,INV-000999,Receipt from Karthik Residential Apartment Owner
CSH-001125,2024-09-23,BR-03,INFLOW,Customer Payment,3976.6,RTGS,INV-001000,Bank Settlement from Sri Krishna Engineering College Hostel
CSH-001126,2024-09-17,BR-01,INFLOW,Customer Payment,619.5,Cheque,INV-001001,Bank Settlement from Poompuhar Handicrafts Store
CSH-001127,2024-09-20,BR-03,INFLOW,Customer Payment,62587.2,RTGS,INV-001002,Bank Settlement from Velan Pump & Motor Spares Store
CSH-001128,2024-09-09,BR-01,INFLOW,Customer Payment,35293.8,RTGS,INV-001003,Bank Settlement from Victory Housing Projects Phase 2
CSH-001129,2024-09-19,BR-03,INFLOW,Customer Payment,1522.2,NEFT / Bank Transfer,INV-001004,Bank Settlement from Sundaram Hospital Maintenance
CSH-001130,2024-08-30,BR-01,INFLOW,Customer Payment,53.1,Cash,INV-001005,Receipt from Siva Shankaran (Individual Home)
CSH-001131,2024-10-21,BR-03,INFLOW,Customer Payment,288456.9,Cheque,INV-001006,Bank Settlement from Velan Pump & Motor Spares Store
CSH-001132,2024-08-30,BR-01,OUTFLOW,Staff Refreshments & Tea,1689.31,Petty Cash,EXP-000126,Operational expense
CSH-001133,2024-09-29,BR-03,INFLOW,Customer Payment,5782.0,Cheque,INV-001007,Bank Settlement from Kovai Textile Mills Facility Team
CSH-001134,2024-09-09,BR-01,INFLOW,Customer Payment,265.5,Cheque,INV-001008,Bank Settlement from Poompuhar Handicrafts Store
CSH-001135,2024-10-24,BR-03,INFLOW,Customer Payment,7097.7,Cheque,INV-001009,Bank Settlement from Rangasamy Electrician Workshop
CSH-001136,2024-09-29,BR-02,INFLOW,Customer Payment,53365.5,RTGS,INV-001010,Bank Settlement from Urban Spaces Interior Studio
CSH-001137,2024-09-01,BR-01,OUTFLOW,Showroom Rent,75000.0,Bank Transfer,EXP-000127,Rent for Vidyut Central Hub & Showroom
CSH-001138,2024-09-01,BR-02,OUTFLOW,Showroom Rent,45000.0,Bank Transfer,EXP-000128,Rent for Vidyut Electronic City Retail Branch
CSH-001139,2024-09-01,BR-03,OUTFLOW,Showroom Rent,35000.0,Bank Transfer,EXP-000129,Rent for Vidyut Coimbatore Townhall Branch
CSH-001140,2024-09-13,BR-01,INFLOW,Customer Payment,2537.0,UPI,INV-001011,Bank Settlement from Metro Supermarket Tambaram
CSH-001141,2024-09-28,BR-01,INFLOW,Customer Payment,164586.4,UPI,INV-001012,Bank Settlement from Victory Housing Projects Phase 2
CSH-001142,2024-09-14,BR-03,INFLOW,Customer Payment,265.5,NEFT / Bank Transfer,INV-001013,Bank Settlement from Sri Krishna Engineering College Hostel
CSH-001143,2024-09-02,BR-01,OUTFLOW,Vehicle Fuel & Freight,2126.8,Petty Cash,EXP-000130,Operational expense
CSH-001144,2024-09-21,BR-02,INFLOW,Customer Payment,920.4,NEFT / Bank Transfer,INV-001014,Bank Settlement from InnoTech Coworking Hub
CSH-001145,2024-09-13,BR-03,INFLOW,Customer Payment,17.7,RTGS,INV-001015,Bank Settlement from Kovai Elite Residency Hotel
CSH-001146,2024-11-03,BR-02,INFLOW,Customer Payment,318620.06,Cheque,INV-001016,Bank Settlement from Sri Venkateshwara Hardware & Electricals
CSH-001147,2024-09-24,BR-01,INFLOW,Customer Payment,180057.38,UPI,INV-001017,Bank Settlement from Balaji Electrical Contractors
CSH-001148,2024-09-14,BR-01,INFLOW,Customer Payment,12065.5,RTGS,INV-001018,Bank Settlement from Anbu Electricals (Anbazhagan)
CSH-001149,2024-09-03,BR-03,INFLOW,Customer Payment,88.5,UPI,INV-001019,Receipt from Ramachandran (Individual House Owner)
CSH-001150,2024-09-09,BR-02,INFLOW,Customer Payment,161992.76,Cheque,INV-001020,Bank Settlement from Sri Venkateshwara Hardware & Electricals
CSH-001151,2024-10-18,BR-01,INFLOW,Customer Payment,228973.1,UPI,INV-001021,Bank Settlement from Kalaivani Hardware & Paints
CSH-001152,2024-09-12,BR-01,INFLOW,Customer Payment,154751.1,UPI,INV-001022,Bank Settlement from Devi Agency & Lighting Store
CSH-001153,2024-09-04,BR-01,INFLOW,Customer Payment,1067.9,UPI,INV-001023,Receipt from Dr. Priya Sundaram (Home Clinic)
CSH-001154,2024-09-29,BR-03,INFLOW,Customer Payment,2955.9,NEFT / Bank Transfer,INV-001024,Bank Settlement from Kovai Elite Residency Hotel
CSH-001155,2024-10-06,BR-01,INFLOW,Customer Payment,259.6,RTGS,INV-001025,Bank Settlement from TechPark Facility Maintenance Team
CSH-001156,2024-09-26,BR-03,INFLOW,Customer Payment,15292.8,Cheque,INV-001026,Bank Settlement from Mani Bros Electricals (Mani)
CSH-001157,2024-11-21,BR-02,INFLOW,Customer Payment,34792.3,UPI,INV-001027,Bank Settlement from Raghavendra Infrastructure Developers
CSH-001158,2024-09-10,BR-01,INFLOW,Customer Payment,183985.6,RTGS,INV-001028,Bank Settlement from Kalaivani Hardware & Paints
CSH-001159,2024-09-05,BR-01,INFLOW,Customer Payment,413.0,Cash,INV-001029,Receipt from Mohammed Riyaz (Home Renovation)
CSH-001160,2024-10-02,BR-03,INFLOW,Customer Payment,2118.1,NEFT / Bank Transfer,INV-001030,Bank Settlement from Sri Krishna Engineering College Hostel
CSH-001161,2024-09-21,BR-02,INFLOW,Customer Payment,4637.4,UPI,INV-001031,Bank Settlement from InnoTech Coworking Hub
CSH-001162,2024-09-12,BR-01,INFLOW,Customer Payment,660.8,UPI,INV-001032,Bank Settlement from Royal Comfort Residency Hotel
CSH-001163,2024-09-05,BR-01,OUTFLOW,Payroll Salaries,160000.0,Bank Transfer,EXP-000131,Salary Payout BR-01
CSH-001164,2024-09-05,BR-02,OUTFLOW,Payroll Salaries,96000.0,Bank Transfer,EXP-000132,Salary Payout BR-02
CSH-001165,2024-09-05,BR-03,OUTFLOW,Payroll Salaries,96000.0,Bank Transfer,EXP-000133,Salary Payout BR-03
CSH-001166,2024-09-05,BR-02,OUTFLOW,Office Supplies & Printing,2161.02,Petty Cash,EXP-000134,Operational expense
CSH-001167,2024-09-12,BR-01,INFLOW,Customer Payment,118151.04,RTGS,INV-001033,Bank Settlement from Devi Agency & Lighting Store
CSH-001168,2024-10-09,BR-02,INFLOW,Customer Payment,18502.4,NEFT / Bank Transfer,INV-001034,Bank Settlement from Gowda Electrical Repairs
CSH-001169,2024-09-06,BR-01,INFLOW,Customer Payment,4342.4,Cash,INV-001035,Receipt from Murugan Auto Garage & Works
CSH-001170,2024-10-01,BR-01,INFLOW,Customer Payment,180254.44,UPI,INV-001036,Bank Settlement from Kalam Brothers Electrical Store
CSH-001171,2024-09-25,BR-01,INFLOW,Customer Payment,49855.0,UPI,INV-001037,Bank Settlement from Selvam Electrician Services
CSH-001172,2024-09-23,BR-03,INFLOW,Customer Payment,5203.8,NEFT / Bank Transfer,INV-001038,Bank Settlement from Sundaram Hospital Maintenance
CSH-001173,2024-09-22,BR-03,INFLOW,Customer Payment,165202.36,RTGS,INV-001039,Bank Settlement from Velan Pump & Motor Spares Store
CSH-001174,2024-09-23,BR-02,INFLOW,Customer Payment,6431.0,NEFT / Bank Transfer,INV-001040,Bank Settlement from Brigade Vista Apartment Owners Assn
CSH-001175,2024-09-14,BR-01,INFLOW,Customer Payment,73446.74,UPI,INV-001041,Bank Settlement from Kalam Brothers Electrical Store
CSH-001176,2024-09-07,BR-01,INFLOW,Customer Payment,4071.0,Cash,INV-001042,Receipt from Murugan Auto Garage & Works
CSH-001177,2024-09-18,BR-01,INFLOW,Customer Payment,39223.2,RTGS,INV-001043,Bank Settlement from Anbu Electricals (Anbazhagan)
CSH-001178,2024-10-02,BR-01,INFLOW,Customer Payment,2537.0,RTGS,INV-001044,Bank Settlement from Royal Comfort Residency Hotel
CSH-001179,2024-09-08,BR-01,OUTFLOW,Vehicle Fuel & Freight,1229.28,Petty Cash,EXP-000135,Operational expense
CSH-001180,2024-09-21,BR-01,INFLOW,Customer Payment,253.7,NEFT / Bank Transfer,INV-001045,Bank Settlement from Poompuhar Handicrafts Store
CSH-001181,2024-09-09,BR-02,INFLOW,Customer Payment,1486.8,UPI,INV-001046,Receipt from Dr. Arvind Rao Dental Clinic
CSH-001182,2024-10-01,BR-01,INFLOW,Customer Payment,2478.0,UPI,INV-001047,Bank Settlement from TechPark Facility Maintenance Team
CSH-001183,2024-09-09,BR-03,INFLOW,Customer Payment,1239.0,Cash,INV-001048,Receipt from Karthika Departmental Store
CSH-001184,2024-09-09,BR-01,INFLOW,Customer Payment,1256.7,Cash,INV-001049,Receipt from Mohammed Riyaz (Home Renovation)
CSH-001185,2024-10-01,BR-03,INFLOW,Customer Payment,9056.5,UPI,INV-001050,Bank Settlement from Mani Bros Electricals (Mani)
CSH-001186,2024-09-23,BR-02,INFLOW,Customer Payment,4696.4,RTGS,INV-001051,Bank Settlement from InnoTech Coworking Hub
CSH-001187,2024-10-23,BR-01,INFLOW,Customer Payment,8328.44,Cheque,INV-001052,Bank Settlement from Selvam Electrician Services
CSH-001188,2024-09-30,BR-01,INFLOW,Customer Payment,176963.42,RTGS,INV-001053,Bank Settlement from Global Smart Solutions (P) Ltd
CSH-001189,2024-10-26,BR-01,INFLOW,Customer Payment,167630.8,UPI,INV-001054,Bank Settlement from Global Smart Solutions (P) Ltd
CSH-001190,2024-09-23,BR-01,INFLOW,Customer Payment,98022.6,NEFT / Bank Transfer,INV-001055,Bank Settlement from Kalaivani Hardware & Paints
CSH-001191,2024-10-06,BR-02,INFLOW,Customer Payment,1044.3,NEFT / Bank Transfer,INV-001056,Bank Settlement from Silicon Valley PG Hostel Chain
CSH-001192,2024-09-21,BR-01,INFLOW,Customer Payment,31317.2,UPI,INV-001057,Bank Settlement from Victory Housing Projects Phase 2
CSH-001193,2024-09-23,BR-01,INFLOW,Customer Payment,9091.9,NEFT / Bank Transfer,INV-001058,Bank Settlement from Apex Manufacturing Solutions
CSH-001194,2024-09-10,BR-01,OUTFLOW,Electricity Bill,11933.9,Online Banking,EXP-000136,Utility Payment
CSH-001195,2024-09-10,BR-02,OUTFLOW,Electricity Bill,10944.02,Online Banking,EXP-000137,Utility Payment
CSH-001196,2024-09-10,BR-03,OUTFLOW,Electricity Bill,11439.42,Online Banking,EXP-000138,Utility Payment
CSH-001197,2024-10-01,BR-03,INFLOW,Customer Payment,448.4,Cheque,INV-001059,Bank Settlement from Kovai Elite Residency Hotel
CSH-001198,2024-09-27,BR-02,INFLOW,Customer Payment,59306.8,Cheque,INV-001060,Bank Settlement from Urban Spaces Interior Studio
CSH-001199,2024-09-11,BR-01,INFLOW,Customer Payment,2613.7,UPI,INV-001061,Receipt from Lakshmi Vilas Sweets & Bakery
CSH-001200,2024-09-11,BR-03,INFLOW,Customer Payment,3752.4,Cash,INV-001062,Receipt from Karthika Departmental Store
CSH-001201,2024-09-11,BR-01,INFLOW,Customer Payment,3433.8,Cash,INV-001063,Receipt from Murugan Auto Garage & Works
CSH-001202,2024-09-17,BR-01,INFLOW,Customer Payment,359.9,NEFT / Bank Transfer,INV-001064,Bank Settlement from Apex Manufacturing Solutions
CSH-001203,2024-09-25,BR-03,INFLOW,Customer Payment,240720.0,RTGS,INV-001065,Bank Settlement from Velan Pump & Motor Spares Store
CSH-001204,2024-11-05,BR-01,INFLOW,Customer Payment,1097.4,Cheque,INV-001066,Bank Settlement from TechPark Facility Maintenance Team
CSH-001205,2024-10-12,BR-03,INFLOW,Customer Payment,38780.7,Cheque,INV-001067,Bank Settlement from Velan Pump & Motor Spares Store
CSH-001206,2024-09-12,BR-02,INFLOW,Customer Payment,1003.0,Credit Card,INV-001068,Receipt from Suresh Babu (Villa Construction)
CSH-001207,2024-09-18,BR-01,INFLOW,Customer Payment,3917.6,NEFT / Bank Transfer,INV-001069,Bank Settlement from Anbu Electricals (Anbazhagan)
CSH-001208,2024-10-14,BR-03,INFLOW,Customer Payment,127192.2,RTGS,INV-001070,Bank Settlement from Kongu Builders & Real Estate
CSH-001209,2024-09-27,BR-01,INFLOW,Customer Payment,116660.7,UPI,INV-001071,Bank Settlement from Sri Ramakrishna Builders & Infra
CSH-001210,2024-09-13,BR-01,INFLOW,Customer Payment,436.6,Cash,INV-001072,Receipt from Murugan Auto Garage & Works
CSH-001211,2024-09-13,BR-01,INFLOW,Customer Payment,265.5,UPI,INV-001073,Receipt from Dr. Priya Sundaram (Home Clinic)
CSH-001212,2024-10-06,BR-01,INFLOW,Customer Payment,3363.0,NEFT / Bank Transfer,INV-001074,Bank Settlement from Selvam Electrician Services
CSH-001213,2024-10-10,BR-01,INFLOW,Customer Payment,64487.0,UPI,INV-001075,Bank Settlement from Balaji Electrical Contractors
CSH-001214,2024-10-12,BR-02,INFLOW,Customer Payment,1687.4,NEFT / Bank Transfer,INV-001076,Bank Settlement from Silicon Valley PG Hostel Chain
CSH-001215,2024-09-13,BR-01,INFLOW,Customer Payment,230.1,UPI,INV-001077,Receipt from Dr. Priya Sundaram (Home Clinic)
CSH-001216,2024-09-14,BR-01,INFLOW,Customer Payment,8230.5,Credit Card,INV-001078,Receipt from Karthik Residential Apartment Owner
CSH-001217,2024-10-18,BR-03,INFLOW,Customer Payment,1475.0,NEFT / Bank Transfer,INV-001079,Bank Settlement from Kovai Textile Mills Facility Team
CSH-001218,2024-10-20,BR-01,INFLOW,Customer Payment,295147.5,NEFT / Bank Transfer,INV-001080,Bank Settlement from Devi Agency & Lighting Store
CSH-001219,2024-10-26,BR-03,INFLOW,Customer Payment,5310.0,UPI,INV-001081,Bank Settlement from Annamalai Agro Processing Unit
CSH-001220,2024-10-09,BR-01,INFLOW,Customer Payment,415938.2,RTGS,INV-001082,Bank Settlement from Devi Agency & Lighting Store
CSH-001221,2024-09-14,BR-02,INFLOW,Customer Payment,1003.0,UPI,INV-001083,Receipt from Dr. Arvind Rao Dental Clinic
CSH-001222,2024-09-14,BR-02,INFLOW,Customer Payment,194.7,Cash,INV-001084,Receipt from Nandini Milk Parlour & Mart
CSH-001223,2024-09-15,BR-02,OUTFLOW,Office Supplies & Printing,679.88,Petty Cash,EXP-000139,Operational expense
CSH-001224,2024-11-26,BR-01,INFLOW,Customer Payment,84198.9,NEFT / Bank Transfer,INV-001085,Bank Settlement from Balaji Electrical Contractors
CSH-001225,2024-09-22,BR-02,INFLOW,Customer Payment,44816.4,UPI,INV-001086,Bank Settlement from Raghavendra Infrastructure Developers
CSH-001226,2024-10-07,BR-03,INFLOW,Customer Payment,9381.0,RTGS,INV-001087,Bank Settlement from Kovai Textile Mills Facility Team
CSH-001227,2024-09-30,BR-01,INFLOW,Customer Payment,1416.0,Cheque,INV-001088,Bank Settlement from Apex Manufacturing Solutions
CSH-001228,2024-10-05,BR-03,INFLOW,Customer Payment,259.6,Cheque,INV-001089,Bank Settlement from Kovai Elite Residency Hotel
CSH-001229,2024-10-15,BR-02,INFLOW,Customer Payment,57199.32,Cheque,INV-001090,Bank Settlement from Raghavendra Infrastructure Developers
CSH-001230,2024-09-17,BR-02,INFLOW,Customer Payment,4071.0,Credit Card,INV-001091,Receipt from Suresh Babu (Villa Construction)
CSH-001231,2024-09-27,BR-02,INFLOW,Customer Payment,5363.1,UPI,INV-001092,Bank Settlement from Brigade Vista Apartment Owners Assn
CSH-001232,2024-11-10,BR-03,INFLOW,Customer Payment,3186.0,RTGS,INV-001093,Bank Settlement from Sri Krishna Engineering College Hostel
CSH-001233,2024-10-05,BR-03,INFLOW,Customer Payment,1840.8,RTGS,INV-001094,Bank Settlement from Sundaram Hospital Maintenance
CSH-001234,2024-10-07,BR-01,INFLOW,Customer Payment,19818.1,UPI,INV-001095,Bank Settlement from Sri Ramakrishna Builders & Infra
CSH-001235,2024-11-10,BR-01,INFLOW,Customer Payment,25570.6,UPI,INV-001096,Bank Settlement from Sri Ramakrishna Builders & Infra
CSH-001236,2024-10-01,BR-03,INFLOW,Customer Payment,1062.0,Cheque,INV-001097,Bank Settlement from Annamalai Agro Processing Unit
CSH-001237,2024-09-18,BR-01,INFLOW,Customer Payment,177.0,Cash,INV-001098,Receipt from Murugan Auto Garage & Works
CSH-001238,2024-09-26,BR-03,INFLOW,Customer Payment,8142.0,Cheque,INV-001099,Bank Settlement from Sri Krishna Engineering College Hostel
CSH-001239,2024-10-06,BR-01,INFLOW,Customer Payment,619.5,RTGS,INV-001100,Bank Settlement from Poompuhar Handicrafts Store
CSH-001240,2024-09-24,BR-01,INFLOW,Customer Payment,2301.0,NEFT / Bank Transfer,INV-001101,Bank Settlement from Royal Comfort Residency Hotel
CSH-001241,2024-11-06,BR-02,INFLOW,Customer Payment,115610.5,Cheque,INV-001102,Bank Settlement from Sri Venkateshwara Hardware & Electricals
CSH-001242,2024-10-07,BR-01,INFLOW,Customer Payment,22189.9,RTGS,INV-001103,Bank Settlement from Global Smart Solutions (P) Ltd
CSH-001243,2024-10-05,BR-03,INFLOW,Customer Payment,3976.6,NEFT / Bank Transfer,INV-001104,Bank Settlement from Kovai Textile Mills Facility Team
CSH-001244,2024-11-03,BR-01,INFLOW,Customer Payment,101403.3,Cheque,INV-001105,Bank Settlement from Balaji Electrical Contractors
CSH-001245,2024-09-24,BR-01,INFLOW,Customer Payment,19458.2,RTGS,INV-001106,Bank Settlement from Selvam Electrician Services
CSH-001246,2024-09-27,BR-01,INFLOW,Customer Payment,1811.3,Cheque,INV-001107,Bank Settlement from Anbu Electricals (Anbazhagan)
CSH-001247,2024-09-25,BR-02,INFLOW,Customer Payment,584.1,UPI,INV-001108,Bank Settlement from Silicon Valley PG Hostel Chain
CSH-001248,2024-09-20,BR-01,INFLOW,Customer Payment,6802.7,UPI,INV-001109,Receipt from Dr. Priya Sundaram (Home Clinic)
CSH-001249,2024-10-11,BR-02,INFLOW,Customer Payment,259.6,UPI,INV-001110,Bank Settlement from Silicon Valley PG Hostel Chain
CSH-001250,2024-10-10,BR-01,INFLOW,Customer Payment,32402.8,RTGS,INV-001111,Bank Settlement from Selvam Electrician Services
CSH-001251,2024-09-28,BR-03,INFLOW,Customer Payment,9198.1,UPI,INV-001112,Bank Settlement from Kongu Builders & Real Estate
CSH-001252,2024-10-17,BR-01,INFLOW,Customer Payment,15688.1,RTGS,INV-001113,Bank Settlement from Balaji Electrical Contractors
CSH-001253,2024-10-13,BR-02,INFLOW,Customer Payment,413.0,UPI,INV-001114,Bank Settlement from InnoTech Coworking Hub
CSH-001254,2024-11-24,BR-02,INFLOW,Customer Payment,13192.4,RTGS,INV-001115,Bank Settlement from Manjunatha Electrical Works
CSH-001255,2024-09-26,BR-03,INFLOW,Customer Payment,5876.4,UPI,INV-001116,Bank Settlement from Rangasamy Electrician Workshop
CSH-001256,2024-10-19,BR-01,INFLOW,Customer Payment,2548.8,UPI,INV-001117,Bank Settlement from Vels Vidyashram School Campus
CSH-001257,2024-09-21,BR-01,INFLOW,Customer Payment,1475.0,UPI,INV-001118,Receipt from Dr. Priya Sundaram (Home Clinic)
CSH-001258,2024-11-13,BR-01,INFLOW,Customer Payment,295.0,NEFT / Bank Transfer,INV-001119,Bank Settlement from Apex Manufacturing Solutions
CSH-001259,2024-11-04,BR-03,INFLOW,Customer Payment,9086.0,RTGS,INV-001120,Bank Settlement from Rangasamy Electrician Workshop
CSH-001260,2024-09-21,BR-03,OUTFLOW,Vehicle Fuel & Freight,1444.29,Petty Cash,EXP-000140,Operational expense
CSH-001261,2024-10-20,BR-03,INFLOW,Customer Payment,4189.0,Cheque,INV-001121,Bank Settlement from Sri Krishna Engineering College Hostel
CSH-001262,2024-09-23,BR-01,INFLOW,Customer Payment,3162.4,Credit Card,INV-001122,Receipt from Karthik Residential Apartment Owner
CSH-001263,2024-11-05,BR-01,INFLOW,Customer Payment,1298.0,UPI,INV-001123,Bank Settlement from Metro Supermarket Tambaram
CSH-001264,2024-11-04,BR-02,INFLOW,Customer Payment,4094.6,UPI,INV-001124,Bank Settlement from Brigade Vista Apartment Owners Assn
CSH-001265,2024-09-23,BR-01,INFLOW,Customer Payment,814.2,UPI,INV-001125,Receipt from Lakshmi Vilas Sweets & Bakery
CSH-001266,2024-10-07,BR-01,INFLOW,Customer Payment,448252.5,RTGS,INV-001126,Bank Settlement from Devi Agency & Lighting Store
CSH-001267,2024-10-05,BR-02,INFLOW,Customer Payment,4314.08,UPI,INV-001127,Bank Settlement from Manjunatha Electrical Works
CSH-001268,2024-09-23,BR-01,INFLOW,Customer Payment,2596.0,UPI,INV-001128,Receipt from Lakshmi Vilas Sweets & Bakery
CSH-001269,2024-10-16,BR-01,INFLOW,Customer Payment,147393.8,Cheque,INV-001129,Bank Settlement from Sri Ramakrishna Builders & Infra
CSH-001270,2024-10-27,BR-03,INFLOW,Customer Payment,132750.0,Cheque,INV-001130,Bank Settlement from Velan Pump & Motor Spares Store
CSH-001271,2024-10-24,BR-03,INFLOW,Customer Payment,1144.6,NEFT / Bank Transfer,INV-001131,Bank Settlement from Sundaram Hospital Maintenance
CSH-001272,2024-10-22,BR-01,INFLOW,Customer Payment,35.4,Cheque,INV-001132,Bank Settlement from Vels Vidyashram School Campus
CSH-001273,2024-12-02,BR-03,INFLOW,Customer Payment,119475.0,Cheque,INV-001133,Bank Settlement from Velan Pump & Motor Spares Store
CSH-001274,2024-09-24,BR-01,OUTFLOW,Staff Refreshments & Tea,1299.39,Petty Cash,EXP-000141,Operational expense
CSH-001275,2024-10-22,BR-01,INFLOW,Customer Payment,175032.94,UPI,INV-001134,Bank Settlement from Kalaivani Hardware & Paints
CSH-001276,2024-10-03,BR-01,INFLOW,Customer Payment,323259.82,RTGS,INV-001135,Bank Settlement from Kalam Brothers Electrical Store
CSH-001277,2024-09-25,BR-02,INFLOW,Customer Payment,4637.4,Cash,INV-001136,Receipt from Nandini Milk Parlour & Mart
CSH-001278,2024-10-25,BR-01,INFLOW,Customer Payment,42226.3,UPI,INV-001137,Bank Settlement from Kalam Brothers Electrical Store
CSH-001279,2024-10-18,BR-01,INFLOW,Customer Payment,99739.5,UPI,INV-001138,Bank Settlement from Balaji Electrical Contractors
CSH-001280,2024-09-25,BR-01,INFLOW,Customer Payment,531.0,Cash,INV-001139,Receipt from Siva Shankaran (Individual Home)
CSH-001281,2024-10-03,BR-01,INFLOW,Customer Payment,5546.0,UPI,INV-001140,Bank Settlement from Apex Manufacturing Solutions
CSH-001282,2024-10-04,BR-03,INFLOW,Customer Payment,5782.0,RTGS,INV-001141,Bank Settlement from Sri Krishna Engineering College Hostel
CSH-001283,2024-11-20,BR-01,INFLOW,Customer Payment,849.6,Cheque,INV-001142,Bank Settlement from Royal Comfort Residency Hotel
CSH-001284,2024-09-26,BR-01,INFLOW,Customer Payment,4460.4,Credit Card,INV-001143,Receipt from Karthik Residential Apartment Owner
CSH-001285,2024-10-05,BR-03,INFLOW,Customer Payment,3622.6,Cheque,INV-001144,Bank Settlement from Kovai Elite Residency Hotel
CSH-001286,2024-12-01,BR-03,INFLOW,Customer Payment,1203.6,Cheque,INV-001145,Bank Settlement from Kovai Elite Residency Hotel
CSH-001287,2024-10-27,BR-02,INFLOW,Customer Payment,84853.8,RTGS,INV-001146,Bank Settlement from Raghavendra Infrastructure Developers
CSH-001288,2024-10-24,BR-03,INFLOW,Customer Payment,1327.5,NEFT / Bank Transfer,INV-001147,Bank Settlement from Annamalai Agro Processing Unit
CSH-001289,2024-11-08,BR-02,INFLOW,Customer Payment,129481.4,Cheque,INV-001148,Bank Settlement from Cauvery Engineering Contractors
CSH-001290,2024-10-04,BR-01,INFLOW,Customer Payment,584.1,NEFT / Bank Transfer,INV-001149,Bank Settlement from Metro Supermarket Tambaram
CSH-001291,2024-10-25,BR-01,INFLOW,Customer Payment,116442.4,UPI,INV-001150,Bank Settlement from Kalaivani Hardware & Paints
CSH-001292,2024-09-28,BR-01,INFLOW,Customer Payment,2855.6,UPI,INV-001151,Receipt from Dr. Priya Sundaram (Home Clinic)
CSH-001293,2024-10-21,BR-01,INFLOW,Customer Payment,20166.2,Cheque,INV-001152,Bank Settlement from Global Smart Solutions (P) Ltd
CSH-001294,2024-10-06,BR-03,INFLOW,Customer Payment,10679.0,Cheque,INV-001153,Bank Settlement from Kovai Textile Mills Facility Team
CSH-001295,2024-10-31,BR-01,INFLOW,Customer Payment,6625.7,UPI,INV-001154,Bank Settlement from Anbu Electricals (Anbazhagan)
CSH-001296,2024-11-07,BR-01,INFLOW,Customer Payment,2749.4,NEFT / Bank Transfer,INV-001155,Bank Settlement from Poompuhar Handicrafts Store
CSH-001297,2024-09-30,BR-02,INFLOW,Customer Payment,3669.8,Cash,INV-001156,Receipt from Nandini Milk Parlour & Mart
CSH-001298,2024-10-16,BR-03,INFLOW,Customer Payment,1722.8,RTGS,INV-001157,Bank Settlement from Kovai Textile Mills Facility Team
CSH-001299,2024-12-16,BR-02,INFLOW,Customer Payment,2761.2,RTGS,INV-001158,Bank Settlement from InnoTech Coworking Hub
CSH-001300,2024-09-30,BR-01,INFLOW,Customer Payment,3894.0,Cash,INV-001159,Receipt from Murugan Auto Garage & Works
CSH-001301,2024-10-27,BR-01,INFLOW,Customer Payment,3675.7,RTGS,INV-001160,Bank Settlement from Vels Vidyashram School Campus
CSH-001302,2024-11-07,BR-02,INFLOW,Customer Payment,301006.2,NEFT / Bank Transfer,INV-001161,Bank Settlement from Urban Spaces Interior Studio
CSH-001303,2024-10-23,BR-02,INFLOW,Customer Payment,531.0,Cheque,INV-001162,Bank Settlement from InnoTech Coworking Hub
CSH-001304,2024-10-23,BR-01,INFLOW,Customer Payment,48056.68,NEFT / Bank Transfer,INV-001163,Bank Settlement from Kalaivani Hardware & Paints
CSH-001305,2024-10-01,BR-01,INFLOW,Customer Payment,4543.0,Cash,INV-001164,Receipt from Murugan Auto Garage & Works
CSH-001306,2024-10-28,BR-01,INFLOW,Customer Payment,87414.4,Cheque,INV-001165,Bank Settlement from Sri Ramakrishna Builders & Infra
CSH-001307,2024-11-08,BR-01,INFLOW,Customer Payment,16386.66,UPI,INV-001166,Bank Settlement from Srinivasan & Sons Contractor
CSH-001308,2024-10-08,BR-02,INFLOW,Customer Payment,439219.6,Cheque,INV-001167,Bank Settlement from Sri Venkateshwara Hardware & Electricals
CSH-001309,2024-10-01,BR-03,INFLOW,Customer Payment,3026.7,UPI,INV-001168,Receipt from Ramachandran (Individual House Owner)
CSH-001310,2024-10-01,BR-01,OUTFLOW,Showroom Rent,75000.0,Bank Transfer,EXP-000142,Rent for Vidyut Central Hub & Showroom
CSH-001311,2024-10-01,BR-02,OUTFLOW,Showroom Rent,45000.0,Bank Transfer,EXP-000143,Rent for Vidyut Electronic City Retail Branch
CSH-001312,2024-10-01,BR-03,OUTFLOW,Showroom Rent,35000.0,Bank Transfer,EXP-000144,Rent for Vidyut Coimbatore Townhall Branch
CSH-001313,2024-10-22,BR-02,INFLOW,Customer Payment,112937.8,UPI,INV-001169,Bank Settlement from Raghavendra Infrastructure Developers
CSH-001314,2024-10-10,BR-01,INFLOW,Customer Payment,233454.74,Cheque,INV-001170,Bank Settlement from Global Smart Solutions (P) Ltd
CSH-001315,2024-10-18,BR-01,INFLOW,Customer Payment,25594.2,Cheque,INV-001171,Bank Settlement from Anbu Electricals (Anbazhagan)
CSH-001316,2024-10-03,BR-01,INFLOW,Customer Payment,2820.2,Credit Card,INV-001172,Receipt from Karthik Residential Apartment Owner
CSH-001317,2024-12-09,BR-02,INFLOW,Customer Payment,7953.2,Cheque,INV-001173,Bank Settlement from Brigade Vista Apartment Owners Assn
CSH-001318,2024-10-03,BR-01,INFLOW,Customer Payment,3191.9,Cash,INV-001174,Receipt from Mohammed Riyaz (Home Renovation)
CSH-001319,2024-11-12,BR-01,INFLOW,Customer Payment,4071.0,NEFT / Bank Transfer,INV-001175,Bank Settlement from Metro Supermarket Tambaram
CSH-001320,2024-10-23,BR-01,INFLOW,Customer Payment,405194.3,UPI,INV-001176,Bank Settlement from Kalaivani Hardware & Paints
CSH-001321,2024-10-03,BR-03,OUTFLOW,Staff Refreshments & Tea,1198.94,Petty Cash,EXP-000145,Operational expense
CSH-001322,2024-10-23,BR-02,INFLOW,Customer Payment,126378.0,RTGS,INV-001177,Bank Settlement from Cauvery Engineering Contractors
CSH-001323,2024-10-23,BR-01,INFLOW,Customer Payment,4336.5,Cheque,INV-001178,Bank Settlement from Vels Vidyashram School Campus
CSH-001324,2024-10-18,BR-02,INFLOW,Customer Payment,2478.0,Cheque,INV-001179,Bank Settlement from Brigade Vista Apartment Owners Assn
CSH-001325,2024-10-18,BR-01,INFLOW,Customer Payment,129.8,Cheque,INV-001180,Bank Settlement from TechPark Facility Maintenance Team
CSH-001326,2024-10-04,BR-03,INFLOW,Customer Payment,1150.5,UPI,INV-001181,Receipt from Ramachandran (Individual House Owner)
CSH-001327,2024-10-16,BR-02,INFLOW,Customer Payment,7150.8,UPI,INV-001182,Bank Settlement from Manjunatha Electrical Works
CSH-001328,2024-10-05,BR-02,INFLOW,Customer Payment,584.1,Credit Card,INV-001183,Receipt from Suresh Babu (Villa Construction)
CSH-001329,2024-11-02,BR-02,INFLOW,Customer Payment,9145.0,NEFT / Bank Transfer,INV-001184,Bank Settlement from Brigade Vista Apartment Owners Assn
CSH-001330,2024-10-29,BR-03,INFLOW,Customer Payment,861.4,RTGS,INV-001185,Bank Settlement from Annamalai Agro Processing Unit
CSH-001331,2024-10-12,BR-01,INFLOW,Customer Payment,7894.2,Cheque,INV-001186,Bank Settlement from Anbu Electricals (Anbazhagan)
CSH-001332,2024-10-16,BR-01,INFLOW,Customer Payment,88.5,NEFT / Bank Transfer,INV-001187,Bank Settlement from Metro Supermarket Tambaram
CSH-001333,2024-10-05,BR-01,OUTFLOW,Payroll Salaries,160000.0,Bank Transfer,EXP-000146,Salary Payout BR-01
CSH-001334,2024-10-05,BR-02,OUTFLOW,Payroll Salaries,96000.0,Bank Transfer,EXP-000147,Salary Payout BR-02
CSH-001335,2024-10-05,BR-03,OUTFLOW,Payroll Salaries,96000.0,Bank Transfer,EXP-000148,Salary Payout BR-03
CSH-001336,2024-10-06,BR-01,OUTFLOW,Vehicle Fuel & Freight,1009.62,Petty Cash,EXP-000149,Operational expense
CSH-001337,2024-11-03,BR-01,INFLOW,Customer Payment,189921.0,UPI,INV-001188,Bank Settlement from Victory Housing Projects Phase 2
CSH-001338,2024-10-13,BR-03,INFLOW,Customer Payment,89904.2,NEFT / Bank Transfer,INV-001189,Bank Settlement from Kongu Builders & Real Estate
CSH-001339,2024-10-24,BR-01,INFLOW,Customer Payment,531.0,RTGS,INV-001190,Bank Settlement from Metro Supermarket Tambaram
CSH-001340,2024-10-07,BR-03,INFLOW,Customer Payment,1062.0,UPI,INV-001191,Receipt from Ramachandran (Individual House Owner)
CSH-001341,2024-11-21,BR-02,INFLOW,Customer Payment,48716.3,UPI,INV-001192,Bank Settlement from Sri Venkateshwara Hardware & Electricals
CSH-001342,2024-11-02,BR-02,INFLOW,Customer Payment,8047.6,UPI,INV-001193,Bank Settlement from Gowda Electrical Repairs
CSH-001343,2024-10-30,BR-03,INFLOW,Customer Payment,1628.4,NEFT / Bank Transfer,INV-001194,Bank Settlement from Sri Krishna Engineering College Hostel
CSH-001344,2024-10-08,BR-02,INFLOW,Customer Payment,153.4,Cash,INV-001195,Receipt from Nandini Milk Parlour & Mart
CSH-001345,2024-11-10,BR-02,INFLOW,Customer Payment,302711.3,NEFT / Bank Transfer,INV-001196,Bank Settlement from Raghavendra Infrastructure Developers
CSH-001346,2024-12-02,BR-02,INFLOW,Customer Payment,7339.6,RTGS,INV-001197,Bank Settlement from Silicon Valley PG Hostel Chain
CSH-001347,2024-11-08,BR-03,INFLOW,Customer Payment,48392.98,RTGS,INV-001198,Bank Settlement from Kongu Builders & Real Estate
CSH-001348,2024-10-17,BR-01,INFLOW,Customer Payment,20957.98,Cheque,INV-001199,Bank Settlement from Saravana Electric Works (Govindaraj)
CSH-001349,2024-11-19,BR-02,INFLOW,Customer Payment,24520.4,Cheque,INV-001200,Bank Settlement from Raghavendra Infrastructure Developers
CSH-001350,2024-10-13,BR-03,INFLOW,Customer Payment,389.4,NEFT / Bank Transfer,INV-001201,Bank Settlement from Kovai Textile Mills Facility Team
CSH-001351,2024-10-08,BR-01,INFLOW,Customer Payment,3056.2,Cash,INV-001202,Receipt from Siva Shankaran (Individual Home)
CSH-001352,2024-12-03,BR-01,INFLOW,Customer Payment,28334.16,UPI,INV-001203,Bank Settlement from Saravana Electric Works (Govindaraj)
CSH-001353,2024-11-08,BR-01,INFLOW,Customer Payment,111704.7,RTGS,INV-001204,Bank Settlement from Devi Agency & Lighting Store
CSH-001354,2024-11-03,BR-03,INFLOW,Customer Payment,16826.8,RTGS,INV-001205,Bank Settlement from Mani Bros Electricals (Mani)
CSH-001355,2024-10-28,BR-01,INFLOW,Customer Payment,66793.9,UPI,INV-001206,Bank Settlement from Kalam Brothers Electrical Store
CSH-001356,2024-10-09,BR-01,INFLOW,Customer Payment,13216.0,UPI,INV-001207,Receipt from Lakshmi Vilas Sweets & Bakery
CSH-001357,2024-10-26,BR-01,INFLOW,Customer Payment,101520.12,NEFT / Bank Transfer,INV-001208,Bank Settlement from Victory Housing Projects Phase 2
CSH-001358,2024-11-01,BR-03,INFLOW,Customer Payment,163536.2,RTGS,INV-001209,Bank Settlement from Kongu Builders & Real Estate
CSH-001359,2024-10-10,BR-03,INFLOW,Customer Payment,4578.4,Cash,INV-001210,Receipt from Karthika Departmental Store
CSH-001360,2024-10-21,BR-02,INFLOW,Customer Payment,172870.0,RTGS,INV-001211,Bank Settlement from Cauvery Engineering Contractors
CSH-001361,2024-11-08,BR-01,INFLOW,Customer Payment,1126.9,RTGS,INV-001212,Bank Settlement from Poompuhar Handicrafts Store
CSH-001362,2024-10-10,BR-02,INFLOW,Customer Payment,3339.4,Cash,INV-001213,Receipt from Nandini Milk Parlour & Mart
CSH-001363,2024-10-22,BR-01,INFLOW,Customer Payment,2961.8,RTGS,INV-001214,Bank Settlement from Metro Supermarket Tambaram
CSH-001364,2024-10-10,BR-01,OUTFLOW,Electricity Bill,15009.06,Online Banking,EXP-000150,Utility Payment
CSH-001365,2024-10-10,BR-02,OUTFLOW,Electricity Bill,9592.41,Online Banking,EXP-000151,Utility Payment
CSH-001366,2024-10-10,BR-03,OUTFLOW,Electricity Bill,13336.81,Online Banking,EXP-000152,Utility Payment
CSH-001367,2024-11-05,BR-01,INFLOW,Customer Payment,607.7,RTGS,INV-001215,Bank Settlement from Apex Manufacturing Solutions
CSH-001368,2024-11-16,BR-03,INFLOW,Customer Payment,230.1,RTGS,INV-001216,Bank Settlement from Annamalai Agro Processing Unit
CSH-001369,2024-10-21,BR-03,INFLOW,Customer Payment,8159.7,Cheque,INV-001217,Bank Settlement from Sundaram Hospital Maintenance
CSH-001370,2024-11-13,BR-02,INFLOW,Customer Payment,8602.2,RTGS,INV-001218,Bank Settlement from Gowda Electrical Repairs
CSH-001371,2024-10-24,BR-01,INFLOW,Customer Payment,2082.7,Cheque,INV-001219,Bank Settlement from TechPark Facility Maintenance Team
CSH-001372,2024-11-05,BR-01,INFLOW,Customer Payment,22254.8,NEFT / Bank Transfer,INV-001220,Bank Settlement from Anbu Electricals (Anbazhagan)
CSH-001373,2024-10-22,BR-02,INFLOW,Customer Payment,169170.7,NEFT / Bank Transfer,INV-001221,Bank Settlement from Urban Spaces Interior Studio
CSH-001374,2024-12-05,BR-01,INFLOW,Customer Payment,1770.0,NEFT / Bank Transfer,INV-001222,Bank Settlement from Royal Comfort Residency Hotel
CSH-001375,2024-10-31,BR-03,INFLOW,Customer Payment,259.6,UPI,INV-001223,Bank Settlement from Annamalai Agro Processing Unit
CSH-001376,2024-10-20,BR-01,INFLOW,Customer Payment,128236.5,RTGS,INV-001224,Bank Settlement from Global Smart Solutions (P) Ltd
CSH-001377,2024-10-27,BR-01,INFLOW,Customer Payment,896.8,RTGS,INV-001225,Bank Settlement from Royal Comfort Residency Hotel
CSH-001378,2024-10-23,BR-01,INFLOW,Customer Payment,194.7,NEFT / Bank Transfer,INV-001226,Bank Settlement from Poompuhar Handicrafts Store
CSH-001379,2024-10-23,BR-03,INFLOW,Customer Payment,2106.3,NEFT / Bank Transfer,INV-001227,Bank Settlement from Sri Krishna Engineering College Hostel
CSH-001380,2024-11-30,BR-01,INFLOW,Customer Payment,566.4,RTGS,INV-001228,Bank Settlement from Apex Manufacturing Solutions
CSH-001381,2024-10-28,BR-02,INFLOW,Customer Payment,3811.4,Cheque,INV-001229,Bank Settlement from Silicon Valley PG Hostel Chain
CSH-001382,2024-10-14,BR-02,INFLOW,Customer Payment,3776.0,Credit Card,INV-001230,Receipt from Suresh Babu (Villa Construction)
CSH-001383,2024-11-06,BR-01,INFLOW,Customer Payment,85933.5,RTGS,INV-001231,Bank Settlement from Global Smart Solutions (P) Ltd
CSH-001384,2024-12-04,BR-02,INFLOW,Customer Payment,83585.3,Cheque,INV-001232,Bank Settlement from Raghavendra Infrastructure Developers
CSH-001385,2024-10-15,BR-01,INFLOW,Customer Payment,1991.25,Credit Card,INV-001233,Receipt from Karthik Residential Apartment Owner
CSH-001386,2024-10-15,BR-01,INFLOW,Customer Payment,4987.86,Cash,INV-001234,Receipt from Murugan Auto Garage & Works
CSH-001387,2024-10-21,BR-01,INFLOW,Customer Payment,41949.0,NEFT / Bank Transfer,INV-001235,Bank Settlement from Devi Agency & Lighting Store
CSH-001388,2024-10-30,BR-03,INFLOW,Customer Payment,5564.88,UPI,INV-001236,Bank Settlement from Annamalai Agro Processing Unit
CSH-001389,2024-11-19,BR-03,INFLOW,Customer Payment,1497.42,Cheque,INV-001237,Bank Settlement from Kovai Textile Mills Facility Team
CSH-001390,2024-10-15,BR-03,OUTFLOW,Vehicle Fuel & Freight,422.66,Petty Cash,EXP-000153,Operational expense
CSH-001391,2024-12-03,BR-01,INFLOW,Customer Payment,1988.3,UPI,INV-001238,Bank Settlement from Royal Comfort Residency Hotel
CSH-001392,2024-10-16,BR-01,INFLOW,Customer Payment,116.82,Cash,INV-001239,Receipt from Mohammed Riyaz (Home Renovation)
CSH-001393,2024-11-01,BR-01,INFLOW,Customer Payment,172350.8,NEFT / Bank Transfer,INV-001240,Bank Settlement from Global Smart Solutions (P) Ltd
CSH-001394,2024-10-21,BR-01,INFLOW,Customer Payment,280503.7,Cheque,INV-001241,Bank Settlement from Kalaivani Hardware & Paints
CSH-001395,2024-10-23,BR-01,INFLOW,Customer Payment,9320.82,Cheque,INV-001242,Bank Settlement from Selvam Electrician Services
CSH-001396,2024-12-02,BR-02,INFLOW,Customer Payment,251408.44,NEFT / Bank Transfer,INV-001243,Bank Settlement from Raghavendra Infrastructure Developers
CSH-001397,2024-11-10,BR-01,INFLOW,Customer Payment,351402.82,RTGS,INV-001244,Bank Settlement from Kalam Brothers Electrical Store
CSH-001398,2024-12-18,BR-02,INFLOW,Customer Payment,136156.07,RTGS,INV-001245,Bank Settlement from Sri Venkateshwara Hardware & Electricals
CSH-001399,2024-11-07,BR-03,INFLOW,Customer Payment,371.7,Cheque,INV-001246,Bank Settlement from Kovai Textile Mills Facility Team
CSH-001400,2024-10-17,BR-01,INFLOW,Customer Payment,5074.0,Cash,INV-001247,Receipt from Mohammed Riyaz (Home Renovation)
CSH-001401,2024-10-17,BR-01,INFLOW,Customer Payment,414.18,UPI,INV-001248,Receipt from Lakshmi Vilas Sweets & Bakery
CSH-001402,2024-11-12,BR-02,INFLOW,Customer Payment,172070.55,NEFT / Bank Transfer,INV-001249,Bank Settlement from Sri Venkateshwara Hardware & Electricals
CSH-001403,2024-10-23,BR-01,INFLOW,Customer Payment,146166.6,NEFT / Bank Transfer,INV-001250,Bank Settlement from Kalaivani Hardware & Paints
CSH-001404,2024-11-15,BR-01,INFLOW,Customer Payment,126280.65,NEFT / Bank Transfer,INV-001251,Bank Settlement from Devi Agency & Lighting Store
CSH-001405,2024-11-28,BR-03,INFLOW,Customer Payment,19639.92,RTGS,INV-001252,Bank Settlement from Rangasamy Electrician Workshop
CSH-001406,2024-11-24,BR-01,INFLOW,Customer Payment,6141.9,UPI,INV-001253,Bank Settlement from Vels Vidyashram School Campus
CSH-001407,2024-11-06,BR-03,INFLOW,Customer Payment,9711.4,RTGS,INV-001254,Bank Settlement from Kovai Textile Mills Facility Team
CSH-001408,2024-11-01,BR-02,INFLOW,Customer Payment,2407.2,Cheque,INV-001255,Bank Settlement from Gowda Electrical Repairs
CSH-001409,2024-11-07,BR-02,INFLOW,Customer Payment,3523.48,UPI,INV-001256,Bank Settlement from Manjunatha Electrical Works
CSH-001410,2024-11-06,BR-01,INFLOW,Customer Payment,20024.6,RTGS,INV-001257,Bank Settlement from Srinivasan & Sons Contractor
CSH-001411,2024-10-24,BR-02,INFLOW,Customer Payment,2483.9,Cheque,INV-001258,Bank Settlement from Manjunatha Electrical Works
CSH-001412,2024-11-07,BR-02,INFLOW,Customer Payment,17.7,NEFT / Bank Transfer,INV-001259,Bank Settlement from Silicon Valley PG Hostel Chain
CSH-001413,2024-11-28,BR-01,INFLOW,Customer Payment,8041.7,Cheque,INV-001260,Bank Settlement from Apex Manufacturing Solutions
CSH-001414,2024-11-12,BR-02,INFLOW,Customer Payment,54214.51,RTGS,INV-001261,Bank Settlement from Raghavendra Infrastructure Developers
CSH-001415,2024-11-03,BR-02,INFLOW,Customer Payment,1731.06,UPI,INV-001262,Bank Settlement from InnoTech Coworking Hub
CSH-001416,2024-11-20,BR-03,INFLOW,Customer Payment,350691.28,RTGS,INV-001263,Bank Settlement from Marutham Electrical & Power Agency
CSH-001417,2024-10-21,BR-01,INFLOW,Customer Payment,4538.28,Cash,INV-001264,Receipt from Siva Shankaran (Individual Home)
CSH-001418,2024-10-28,BR-01,INFLOW,Customer Payment,5580.81,UPI,INV-001265,Bank Settlement from Anbu Electricals (Anbazhagan)
CSH-001419,2024-10-21,BR-01,INFLOW,Customer Payment,1205.37,UPI,INV-001266,Receipt from Lakshmi Vilas Sweets & Bakery
CSH-001420,2024-10-22,BR-02,INFLOW,Customer Payment,318.6,UPI,INV-001267,Receipt from Dr. Arvind Rao Dental Clinic
CSH-001421,2025-01-15,BR-01,INFLOW,Customer Payment,136384.4,RTGS,INV-001268,Bank Settlement from Srinivasan & Sons Contractor
CSH-001422,2024-11-09,BR-01,INFLOW,Customer Payment,5210.88,NEFT / Bank Transfer,INV-001269,Bank Settlement from Saravana Electric Works (Govindaraj)
CSH-001423,2024-10-22,BR-03,INFLOW,Customer Payment,430.7,UPI,INV-001270,Receipt from Ramachandran (Individual House Owner)
CSH-001424,2024-10-23,BR-01,INFLOW,Customer Payment,2537.0,UPI,INV-001271,Receipt from Dr. Priya Sundaram (Home Clinic)
CSH-001425,2024-10-23,BR-02,INFLOW,Customer Payment,1168.2,Cash,INV-001272,Receipt from Nandini Milk Parlour & Mart
CSH-001426,2024-11-16,BR-03,INFLOW,Customer Payment,204328.8,RTGS,INV-001273,Bank Settlement from Marutham Electrical & Power Agency
CSH-001427,2024-11-06,BR-01,INFLOW,Customer Payment,22207.6,Cheque,INV-001274,Bank Settlement from Global Smart Solutions (P) Ltd
CSH-001428,2024-11-06,BR-01,INFLOW,Customer Payment,401725.1,UPI,INV-001275,Bank Settlement from Kalaivani Hardware & Paints
CSH-001429,2024-12-10,BR-02,INFLOW,Customer Payment,23201.16,RTGS,INV-001276,Bank Settlement from Urban Spaces Interior Studio
CSH-001430,2024-12-11,BR-02,INFLOW,Customer Payment,6117.12,UPI,INV-001277,Bank Settlement from Manjunatha Electrical Works
CSH-001431,2024-11-25,BR-01,INFLOW,Customer Payment,349262.3,Cheque,INV-001278,Bank Settlement from Kalaivani Hardware & Paints
CSH-001432,2024-11-07,BR-01,INFLOW,Customer Payment,35447.2,Cheque,INV-001279,Bank Settlement from Balaji Electrical Contractors
CSH-001433,2024-10-25,BR-01,INFLOW,Customer Payment,116.82,Cash,INV-001280,Receipt from Mohammed Riyaz (Home Renovation)
CSH-001434,2024-10-25,BR-01,INFLOW,Customer Payment,6395.6,Cash,INV-001281,Receipt from Murugan Auto Garage & Works
CSH-001435,2024-12-05,BR-02,INFLOW,Customer Payment,42185.0,UPI,INV-001282,Bank Settlement from Manjunatha Electrical Works
CSH-001436,2024-11-25,BR-03,INFLOW,Customer Payment,555703.3,RTGS,INV-001283,Bank Settlement from Marutham Electrical & Power Agency
CSH-001437,2024-12-09,BR-02,INFLOW,Customer Payment,23089.06,UPI,INV-001284,Bank Settlement from Cauvery Engineering Contractors
CSH-001438,2024-11-22,BR-02,INFLOW,Customer Payment,29582.6,UPI,INV-001285,Bank Settlement from Raghavendra Infrastructure Developers
CSH-001439,2024-10-26,BR-01,INFLOW,Customer Payment,1327.5,Cash,INV-001286,Receipt from Mohammed Riyaz (Home Renovation)
CSH-001440,2024-11-18,BR-01,INFLOW,Customer Payment,21157.4,UPI,INV-001287,Bank Settlement from Selvam Electrician Services
CSH-001441,2024-11-10,BR-02,INFLOW,Customer Payment,269.04,Cheque,INV-001288,Bank Settlement from Silicon Valley PG Hostel Chain
CSH-001442,2024-10-26,BR-01,INFLOW,Customer Payment,3363.0,Cash,INV-001289,Receipt from Siva Shankaran (Individual Home)
CSH-001443,2024-12-11,BR-02,INFLOW,Customer Payment,3497.52,Cheque,INV-001290,Bank Settlement from Silicon Valley PG Hostel Chain
CSH-001444,2024-11-20,BR-01,INFLOW,Customer Payment,183603.28,UPI,INV-001291,Bank Settlement from Sri Ramakrishna Builders & Infra
CSH-001445,2024-10-28,BR-01,INFLOW,Customer Payment,297.36,Credit Card,INV-001292,Receipt from Karthik Residential Apartment Owner
CSH-001446,2024-11-08,BR-01,INFLOW,Customer Payment,35.4,RTGS,INV-001293,Bank Settlement from TechPark Facility Maintenance Team
CSH-001447,2024-11-25,BR-01,INFLOW,Customer Payment,2761.2,NEFT / Bank Transfer,INV-001294,Bank Settlement from Poompuhar Handicrafts Store
CSH-001448,2024-10-28,BR-03,INFLOW,Customer Payment,414.18,UPI,INV-001295,Receipt from Ramachandran (Individual House Owner)
CSH-001449,2024-11-18,BR-02,INFLOW,Customer Payment,72290.34,NEFT / Bank Transfer,INV-001296,Bank Settlement from Cauvery Engineering Contractors
CSH-001450,2024-11-04,BR-01,INFLOW,Customer Payment,594.72,UPI,INV-001297,Bank Settlement from Metro Supermarket Tambaram
CSH-001451,2024-11-03,BR-02,INFLOW,Customer Payment,137481.8,Cheque,INV-001298,Bank Settlement from Urban Spaces Interior Studio
CSH-001452,2024-11-27,BR-01,INFLOW,Customer Payment,179289.79,RTGS,INV-001299,Bank Settlement from Victory Housing Projects Phase 2
CSH-001453,2024-12-15,BR-01,INFLOW,Customer Payment,21753.3,NEFT / Bank Transfer,INV-001300,Bank Settlement from Selvam Electrician Services
CSH-001454,2024-12-04,BR-02,INFLOW,Customer Payment,31775.63,RTGS,INV-001301,Bank Settlement from Cauvery Engineering Contractors
CSH-001455,2024-11-23,BR-03,INFLOW,Customer Payment,337209.78,Cheque,INV-001302,Bank Settlement from Velan Pump & Motor Spares Store
CSH-001456,2024-11-14,BR-01,INFLOW,Customer Payment,424.8,NEFT / Bank Transfer,INV-001303,Bank Settlement from Poompuhar Handicrafts Store
CSH-001457,2024-10-30,BR-01,INFLOW,Customer Payment,1040.76,UPI,INV-001304,Receipt from Lakshmi Vilas Sweets & Bakery
CSH-001458,2024-11-28,BR-03,INFLOW,Customer Payment,21992.84,NEFT / Bank Transfer,INV-001305,Bank Settlement from Rangasamy Electrician Workshop
CSH-001459,2024-11-20,BR-02,INFLOW,Customer Payment,5074.0,Cheque,INV-001306,Bank Settlement from Brigade Vista Apartment Owners Assn
CSH-001460,2024-10-30,BR-01,OUTFLOW,Vehicle Fuel & Freight,1337.32,Petty Cash,EXP-000154,Operational expense
CSH-001461,2024-10-31,BR-02,INFLOW,Customer Payment,1805.4,Cash,INV-001307,Receipt from Nandini Milk Parlour & Mart
CSH-001462,2024-12-22,BR-01,INFLOW,Customer Payment,352.82,Cheque,INV-001308,Bank Settlement from Vels Vidyashram School Campus
CSH-001463,2024-10-31,BR-01,INFLOW,Customer Payment,3575.4,Cash,INV-001309,Receipt from Murugan Auto Garage & Works
CSH-001464,2024-10-31,BR-01,INFLOW,Customer Payment,6237.48,Cash,INV-001310,Receipt from Siva Shankaran (Individual Home)
CSH-001465,2024-11-06,BR-01,INFLOW,Customer Payment,169442.1,Cheque,INV-001311,Bank Settlement from Sri Ramakrishna Builders & Infra
CSH-001466,2024-11-25,BR-02,INFLOW,Customer Payment,255051.1,RTGS,INV-001312,Bank Settlement from Cauvery Engineering Contractors
CSH-001467,2024-12-06,BR-01,INFLOW,Customer Payment,268809.9,RTGS,INV-001313,Bank Settlement from Kalam Brothers Electrical Store
CSH-001468,2024-12-26,BR-03,INFLOW,Customer Payment,95512.15,UPI,INV-001314,Bank Settlement from Kongu Builders & Real Estate
CSH-001469,2024-12-31,BR-02,INFLOW,Customer Payment,56612.86,UPI,INV-001315,Bank Settlement from Urban Spaces Interior Studio
CSH-001470,2024-11-12,BR-02,INFLOW,Customer Payment,2696.3,NEFT / Bank Transfer,INV-001316,Bank Settlement from InnoTech Coworking Hub
CSH-001471,2024-11-23,BR-03,INFLOW,Customer Payment,467.28,Cheque,INV-001317,Bank Settlement from Sri Krishna Engineering College Hostel
CSH-001472,2024-11-01,BR-01,OUTFLOW,Showroom Rent,75000.0,Bank Transfer,EXP-000155,Rent for Vidyut Central Hub & Showroom
CSH-001473,2024-11-01,BR-02,OUTFLOW,Showroom Rent,45000.0,Bank Transfer,EXP-000156,Rent for Vidyut Electronic City Retail Branch
CSH-001474,2024-11-01,BR-03,OUTFLOW,Showroom Rent,35000.0,Bank Transfer,EXP-000157,Rent for Vidyut Coimbatore Townhall Branch
CSH-001475,2024-11-02,BR-03,INFLOW,Customer Payment,76.7,Cash,INV-001318,Receipt from Karthika Departmental Store
CSH-001476,2024-12-07,BR-02,INFLOW,Customer Payment,4899.36,NEFT / Bank Transfer,INV-001319,Bank Settlement from Cauvery Engineering Contractors
CSH-001477,2024-11-23,BR-01,INFLOW,Customer Payment,525.1,NEFT / Bank Transfer,INV-001320,Bank Settlement from Metro Supermarket Tambaram
CSH-001478,2024-11-02,BR-02,OUTFLOW,Staff Refreshments & Tea,631.29,Petty Cash,EXP-000158,Operational expense
CSH-001479,2024-11-03,BR-02,OUTFLOW,Staff Refreshments & Tea,2194.85,Petty Cash,EXP-000159,Operational expense
CSH-001480,2024-11-14,BR-03,INFLOW,Customer Payment,24422.46,UPI,INV-001321,Bank Settlement from Rangasamy Electrician Workshop
CSH-001481,2024-11-26,BR-03,INFLOW,Customer Payment,594.72,RTGS,INV-001322,Bank Settlement from Kovai Textile Mills Facility Team
CSH-001482,2024-11-04,BR-01,INFLOW,Customer Payment,283.2,UPI,INV-001323,Receipt from Lakshmi Vilas Sweets & Bakery
CSH-001483,2024-11-12,BR-02,INFLOW,Customer Payment,48149.9,RTGS,INV-001324,Bank Settlement from Sri Venkateshwara Hardware & Electricals
CSH-001484,2024-11-04,BR-01,INFLOW,Customer Payment,389.4,Credit Card,INV-001325,Receipt from Karthik Residential Apartment Owner
CSH-001485,2024-11-04,BR-01,OUTFLOW,Staff Refreshments & Tea,815.63,Petty Cash,EXP-000160,Operational expense
CSH-001486,2024-11-05,BR-01,INFLOW,Customer Payment,3131.72,Cash,INV-001326,Receipt from Mohammed Riyaz (Home Renovation)
CSH-001487,2024-12-20,BR-03,INFLOW,Customer Payment,161569.73,Cheque,INV-001327,Bank Settlement from Marutham Electrical & Power Agency
CSH-001488,2024-12-30,BR-02,INFLOW,Customer Payment,7174.4,RTGS,INV-001328,Bank Settlement from Manjunatha Electrical Works
CSH-001489,2024-11-05,BR-01,INFLOW,Customer Payment,3165.94,UPI,INV-001329,Receipt from Dr. Priya Sundaram (Home Clinic)
CSH-001490,2024-12-06,BR-01,INFLOW,Customer Payment,1345.2,UPI,INV-001330,Bank Settlement from Anbu Electricals (Anbazhagan)
CSH-001491,2024-11-20,BR-02,INFLOW,Customer Payment,98957.16,NEFT / Bank Transfer,INV-001331,Bank Settlement from Sri Venkateshwara Hardware & Electricals
CSH-001492,2024-11-05,BR-02,INFLOW,Customer Payment,1869.12,Cash,INV-001332,Receipt from Nandini Milk Parlour & Mart
CSH-001493,2024-11-05,BR-02,INFLOW,Customer Payment,7351.4,Cash,INV-001333,Receipt from Nandini Milk Parlour & Mart
CSH-001494,2024-11-05,BR-01,OUTFLOW,Payroll Salaries,160000.0,Bank Transfer,EXP-000161,Salary Payout BR-01
CSH-001495,2024-11-05,BR-02,OUTFLOW,Payroll Salaries,96000.0,Bank Transfer,EXP-000162,Salary Payout BR-02
CSH-001496,2024-11-05,BR-03,OUTFLOW,Payroll Salaries,96000.0,Bank Transfer,EXP-000163,Salary Payout BR-03
CSH-001497,2024-11-23,BR-03,INFLOW,Customer Payment,6608.0,UPI,INV-001334,Bank Settlement from Sundaram Hospital Maintenance
CSH-001498,2024-11-26,BR-01,INFLOW,Customer Payment,18526.0,UPI,INV-001335,Bank Settlement from Sri Ramakrishna Builders & Infra
CSH-001499,2024-11-06,BR-01,INFLOW,Customer Payment,17.7,Cash,INV-001336,Receipt from Siva Shankaran (Individual Home)
CSH-001500,2024-11-12,BR-03,INFLOW,Customer Payment,2171.2,Cheque,INV-001337,Bank Settlement from Sri Krishna Engineering College Hostel
CSH-001501,2024-12-25,BR-01,INFLOW,Customer Payment,22101.4,RTGS,INV-001338,Bank Settlement from Anbu Electricals (Anbazhagan)
CSH-001502,2025-01-10,BR-02,INFLOW,Customer Payment,2537.0,NEFT / Bank Transfer,INV-001339,Bank Settlement from Silicon Valley PG Hostel Chain
CSH-001503,2024-11-13,BR-02,INFLOW,Customer Payment,7611.0,RTGS,INV-001340,Bank Settlement from Brigade Vista Apartment Owners Assn
CSH-001504,2024-11-07,BR-02,INFLOW,Customer Payment,1062.0,Cash,INV-001341,Receipt from Nandini Milk Parlour & Mart
CSH-001505,2024-11-17,BR-03,INFLOW,Customer Payment,78104.2,UPI,INV-001342,Bank Settlement from Kongu Builders & Real Estate
CSH-001506,2024-11-14,BR-03,INFLOW,Customer Payment,53.1,UPI,INV-001343,Bank Settlement from Kovai Textile Mills Facility Team
CSH-001507,2024-12-22,BR-01,INFLOW,Customer Payment,128277.8,RTGS,INV-001344,Bank Settlement from Victory Housing Projects Phase 2
CSH-001508,2024-12-02,BR-03,INFLOW,Customer Payment,174799.3,UPI,INV-001345,Bank Settlement from Velan Pump & Motor Spares Store
CSH-001509,2024-12-07,BR-03,INFLOW,Customer Payment,315883.64,UPI,INV-001346,Bank Settlement from Marutham Electrical & Power Agency
CSH-001510,2024-12-20,BR-02,INFLOW,Customer Payment,18131.88,NEFT / Bank Transfer,INV-001347,Bank Settlement from Raghavendra Infrastructure Developers
CSH-001511,2024-11-08,BR-01,INFLOW,Customer Payment,5522.4,UPI,INV-001348,Receipt from Lakshmi Vilas Sweets & Bakery
CSH-001512,2025-02-02,BR-01,INFLOW,Customer Payment,5504.7,UPI,INV-001349,Bank Settlement from Royal Comfort Residency Hotel
CSH-001513,2024-11-09,BR-01,INFLOW,Customer Payment,5546.0,Cash,INV-001350,Receipt from Murugan Auto Garage & Works
CSH-001514,2024-11-24,BR-02,INFLOW,Customer Payment,16537.7,UPI,INV-001351,Bank Settlement from Cauvery Engineering Contractors
CSH-001515,2024-11-28,BR-03,INFLOW,Customer Payment,1947.0,RTGS,INV-001352,Bank Settlement from Kovai Textile Mills Facility Team
CSH-001516,2024-11-09,BR-03,INFLOW,Customer Payment,1309.8,UPI,INV-001353,Receipt from Ramachandran (Individual House Owner)
CSH-001517,2024-11-10,BR-01,OUTFLOW,Electricity Bill,10908.86,Online Banking,EXP-000164,Utility Payment
CSH-001518,2024-11-10,BR-02,OUTFLOW,Electricity Bill,10476.47,Online Banking,EXP-000165,Utility Payment
CSH-001519,2024-11-10,BR-03,OUTFLOW,Electricity Bill,12701.53,Online Banking,EXP-000166,Utility Payment
CSH-001520,2024-11-10,BR-02,OUTFLOW,Office Supplies & Printing,546.07,Petty Cash,EXP-000167,Operational expense
CSH-001521,2024-11-11,BR-03,INFLOW,Customer Payment,3398.4,Cash,INV-001354,Receipt from Karthika Departmental Store
CSH-001522,2024-12-18,BR-01,INFLOW,Customer Payment,2476.82,Cheque,INV-001355,Bank Settlement from Selvam Electrician Services
CSH-001523,2024-11-30,BR-02,INFLOW,Customer Payment,44344.4,NEFT / Bank Transfer,INV-001356,Bank Settlement from Gowda Electrical Repairs
CSH-001524,2024-12-16,BR-01,INFLOW,Customer Payment,133977.2,UPI,INV-001357,Bank Settlement from Srinivasan & Sons Contractor
CSH-001525,2024-12-06,BR-03,INFLOW,Customer Payment,2950.0,Cheque,INV-001358,Bank Settlement from Sundaram Hospital Maintenance
CSH-001526,2025-01-13,BR-01,INFLOW,Customer Payment,62381.88,UPI,INV-001359,Bank Settlement from Balaji Electrical Contractors
CSH-001527,2024-12-06,BR-01,INFLOW,Customer Payment,24322.16,UPI,INV-001360,Bank Settlement from Kalam Brothers Electrical Store
CSH-001528,2024-11-11,BR-02,INFLOW,Customer Payment,2006.0,UPI,INV-001361,Receipt from Dr. Arvind Rao Dental Clinic
CSH-001529,2024-11-27,BR-01,INFLOW,Customer Payment,5310.0,UPI,INV-001362,Bank Settlement from Poompuhar Handicrafts Store
CSH-001530,2024-12-08,BR-03,INFLOW,Customer Payment,4023.8,RTGS,INV-001363,Bank Settlement from Rangasamy Electrician Workshop
CSH-001531,2024-12-21,BR-01,INFLOW,Customer Payment,297926.4,Cheque,INV-001364,Bank Settlement from Kalam Brothers Electrical Store
CSH-001532,2024-11-21,BR-01,INFLOW,Customer Payment,8991.6,Cheque,INV-001365,Bank Settlement from Anbu Electricals (Anbazhagan)
CSH-001533,2024-12-09,BR-03,INFLOW,Customer Payment,2973.6,RTGS,INV-001366,Bank Settlement from Annamalai Agro Processing Unit
CSH-001534,2024-11-19,BR-02,INFLOW,Customer Payment,20591.0,UPI,INV-001367,Bank Settlement from Gowda Electrical Repairs
CSH-001535,2024-12-02,BR-02,INFLOW,Customer Payment,177194.7,UPI,INV-001368,Bank Settlement from Sri Venkateshwara Hardware & Electricals
CSH-001536,2024-12-07,BR-01,INFLOW,Customer Payment,129378.74,NEFT / Bank Transfer,INV-001369,Bank Settlement from Global Smart Solutions (P) Ltd
CSH-001537,2024-11-13,BR-02,INFLOW,Customer Payment,7847.0,Cash,INV-001370,Receipt from Nandini Milk Parlour & Mart
CSH-001538,2024-12-07,BR-03,INFLOW,Customer Payment,13947.6,UPI,INV-001371,Bank Settlement from Mani Bros Electricals (Mani)
CSH-001539,2024-12-11,BR-02,INFLOW,Customer Payment,76.7,UPI,INV-001372,Bank Settlement from InnoTech Coworking Hub
CSH-001540,2024-11-30,BR-02,INFLOW,Customer Payment,8649.4,Cheque,INV-001373,Bank Settlement from Gowda Electrical Repairs
CSH-001541,2024-11-25,BR-02,INFLOW,Customer Payment,1681.5,Cheque,INV-001374,Bank Settlement from Manjunatha Electrical Works
CSH-001542,2024-12-20,BR-03,INFLOW,Customer Payment,25417.2,UPI,INV-001375,Bank Settlement from Marutham Electrical & Power Agency
CSH-001543,2024-12-16,BR-01,INFLOW,Customer Payment,68805.8,UPI,INV-001376,Bank Settlement from Srinivasan & Sons Contractor
CSH-001544,2025-01-06,BR-03,INFLOW,Customer Payment,103969.8,RTGS,INV-001377,Bank Settlement from Kongu Builders & Real Estate
CSH-001545,2024-12-07,BR-03,INFLOW,Customer Payment,27960.1,RTGS,INV-001378,Bank Settlement from Rangasamy Electrician Workshop
CSH-001546,2024-11-20,BR-01,INFLOW,Customer Payment,140874.3,UPI,INV-001379,Bank Settlement from Kalaivani Hardware & Paints
CSH-001547,2024-12-14,BR-03,INFLOW,Customer Payment,2955.9,RTGS,INV-001380,Bank Settlement from Kovai Elite Residency Hotel
CSH-001548,2024-11-15,BR-01,INFLOW,Customer Payment,1239.0,Cash,INV-001381,Receipt from Siva Shankaran (Individual Home)
CSH-001549,2024-11-15,BR-02,OUTFLOW,Staff Refreshments & Tea,1850.44,Petty Cash,EXP-000168,Operational expense
CSH-001550,2024-12-10,BR-03,INFLOW,Customer Payment,7965.0,Cheque,INV-001382,Bank Settlement from Mani Bros Electricals (Mani)
CSH-001551,2024-12-15,BR-02,INFLOW,Customer Payment,1298.0,NEFT / Bank Transfer,INV-001383,Bank Settlement from Brigade Vista Apartment Owners Assn
CSH-001552,2024-11-16,BR-02,INFLOW,Customer Payment,330.4,UPI,INV-001384,Receipt from Dr. Arvind Rao Dental Clinic
CSH-001553,2024-12-16,BR-03,INFLOW,Customer Payment,330.4,UPI,INV-001385,Bank Settlement from Kovai Textile Mills Facility Team
CSH-001554,2024-12-08,BR-03,INFLOW,Customer Payment,11280.8,UPI,INV-001386,Bank Settlement from Mani Bros Electricals (Mani)
CSH-001555,2024-12-13,BR-03,INFLOW,Customer Payment,80753.3,Cheque,INV-001387,Bank Settlement from Marutham Electrical & Power Agency
CSH-001556,2024-11-18,BR-03,OUTFLOW,Vehicle Fuel & Freight,483.78,Petty Cash,EXP-000169,Operational expense
CSH-001557,2024-11-19,BR-01,INFLOW,Customer Payment,7021.0,Credit Card,INV-001388,Receipt from Karthik Residential Apartment Owner
CSH-001558,2024-12-22,BR-02,INFLOW,Customer Payment,354.0,Cheque,INV-001389,Bank Settlement from Silicon Valley PG Hostel Chain
CSH-001559,2024-12-13,BR-03,INFLOW,Customer Payment,3746.5,UPI,INV-001390,Bank Settlement from Kovai Textile Mills Facility Team
CSH-001560,2024-12-06,BR-03,INFLOW,Customer Payment,1062.0,NEFT / Bank Transfer,INV-001391,Bank Settlement from Kovai Elite Residency Hotel
CSH-001561,2024-12-18,BR-03,INFLOW,Customer Payment,22414.1,UPI,INV-001392,Bank Settlement from Kongu Builders & Real Estate
CSH-001562,2024-12-30,BR-01,INFLOW,Customer Payment,72416.6,UPI,INV-001393,Bank Settlement from Balaji Electrical Contractors
CSH-001563,2024-11-20,BR-01,INFLOW,Customer Payment,3540.0,Cash,INV-001394,Receipt from Siva Shankaran (Individual Home)
CSH-001564,2024-11-20,BR-03,INFLOW,Customer Payment,2177.1,UPI,INV-001395,Receipt from Ramachandran (Individual House Owner)
CSH-001565,2024-12-16,BR-01,INFLOW,Customer Payment,108597.76,RTGS,INV-001396,Bank Settlement from Devi Agency & Lighting Store
CSH-001566,2024-11-21,BR-03,INFLOW,Customer Payment,1321.6,Cash,INV-001397,Receipt from Karthika Departmental Store
CSH-001567,2024-11-21,BR-03,INFLOW,Customer Payment,531.0,Cash,INV-001398,Receipt from Karthika Departmental Store
CSH-001568,2024-12-01,BR-03,INFLOW,Customer Payment,8425.2,Cheque,INV-001399,Bank Settlement from Annamalai Agro Processing Unit
CSH-001569,2024-11-21,BR-02,OUTFLOW,Minor Maintenance & Repair,468.51,Petty Cash,EXP-000170,Operational expense
CSH-001570,2024-11-22,BR-01,INFLOW,Customer Payment,908.6,Cash,INV-001400,Receipt from Murugan Auto Garage & Works
CSH-001571,2024-12-20,BR-01,INFLOW,Customer Payment,9322.0,RTGS,INV-001401,Bank Settlement from Metro Supermarket Tambaram
CSH-001572,2024-11-29,BR-02,INFLOW,Customer Payment,1298.0,Cheque,INV-001402,Bank Settlement from Brigade Vista Apartment Owners Assn
CSH-001573,2025-01-15,BR-02,INFLOW,Customer Payment,708.0,RTGS,INV-001403,Bank Settlement from Brigade Vista Apartment Owners Assn
CSH-001574,2024-11-28,BR-02,INFLOW,Customer Payment,1628.4,NEFT / Bank Transfer,INV-001404,Bank Settlement from Silicon Valley PG Hostel Chain
CSH-001575,2024-12-26,BR-01,INFLOW,Customer Payment,150520.8,NEFT / Bank Transfer,INV-001405,Bank Settlement from Devi Agency & Lighting Store
CSH-001576,2024-11-28,BR-01,INFLOW,Customer Payment,389.4,UPI,INV-001406,Bank Settlement from Metro Supermarket Tambaram
CSH-001577,2024-12-14,BR-01,INFLOW,Customer Payment,4271.6,NEFT / Bank Transfer,INV-001407,Bank Settlement from Royal Comfort Residency Hotel
CSH-001578,2024-12-08,BR-01,INFLOW,Customer Payment,181425.0,NEFT / Bank Transfer,INV-001408,Bank Settlement from Global Smart Solutions (P) Ltd
CSH-001579,2024-12-02,BR-03,INFLOW,Customer Payment,3599.0,RTGS,INV-001409,Bank Settlement from Kovai Textile Mills Facility Team
CSH-001580,2025-01-11,BR-01,INFLOW,Customer Payment,18708.9,NEFT / Bank Transfer,INV-001410,Bank Settlement from Saravana Electric Works (Govindaraj)
CSH-001581,2025-01-04,BR-02,INFLOW,Customer Payment,163937.4,RTGS,INV-001411,Bank Settlement from Sri Venkateshwara Hardware & Electricals
CSH-001582,2024-12-08,BR-03,INFLOW,Customer Payment,15605.5,UPI,INV-001412,Bank Settlement from Mani Bros Electricals (Mani)
CSH-001583,2024-12-07,BR-03,INFLOW,Customer Payment,322317.0,UPI,INV-001413,Bank Settlement from Velan Pump & Motor Spares Store
CSH-001584,2025-01-07,BR-01,INFLOW,Customer Payment,81378.7,UPI,INV-001414,Bank Settlement from Balaji Electrical Contractors
CSH-001585,2024-12-25,BR-01,INFLOW,Customer Payment,1062.0,Cheque,INV-001415,Bank Settlement from Vels Vidyashram School Campus
CSH-001586,2024-12-18,BR-03,INFLOW,Customer Payment,7552.0,UPI,INV-001416,Bank Settlement from Annamalai Agro Processing Unit
CSH-001587,2024-12-09,BR-02,INFLOW,Customer Payment,1823.1,RTGS,INV-001417,Bank Settlement from InnoTech Coworking Hub
CSH-001588,2024-11-26,BR-01,INFLOW,Customer Payment,8401.6,Cash,INV-001418,Receipt from Mohammed Riyaz (Home Renovation)
CSH-001589,2025-02-09,BR-02,INFLOW,Customer Payment,120236.1,NEFT / Bank Transfer,INV-001419,Bank Settlement from Urban Spaces Interior Studio
CSH-001590,2024-12-02,BR-01,INFLOW,Customer Payment,101562.6,UPI,INV-001420,Bank Settlement from Global Smart Solutions (P) Ltd
CSH-001591,2024-12-15,BR-01,INFLOW,Customer Payment,2973.6,RTGS,INV-001421,Bank Settlement from Anbu Electricals (Anbazhagan)
CSH-001592,2024-11-26,BR-02,INFLOW,Customer Payment,4507.6,Credit Card,INV-001422,Receipt from Suresh Babu (Villa Construction)
CSH-001593,2024-11-27,BR-01,INFLOW,Customer Payment,1239.0,Cash,INV-001423,Receipt from Siva Shankaran (Individual Home)
CSH-001594,2025-01-13,BR-03,INFLOW,Customer Payment,43394.5,NEFT / Bank Transfer,INV-001424,Bank Settlement from Mani Bros Electricals (Mani)
CSH-001595,2024-11-27,BR-02,INFLOW,Customer Payment,2548.8,Credit Card,INV-001425,Receipt from Suresh Babu (Villa Construction)
CSH-001596,2024-12-07,BR-03,INFLOW,Customer Payment,123227.4,UPI,INV-001426,Bank Settlement from Velan Pump & Motor Spares Store
CSH-001597,2024-12-19,BR-02,INFLOW,Customer Payment,109907.56,UPI,INV-001427,Bank Settlement from Raghavendra Infrastructure Developers
CSH-001598,2024-12-15,BR-01,INFLOW,Customer Payment,198461.84,Cheque,INV-001428,Bank Settlement from Devi Agency & Lighting Store
CSH-001599,2024-12-06,BR-01,INFLOW,Customer Payment,358917.06,UPI,INV-001429,Bank Settlement from Devi Agency & Lighting Store
CSH-001600,2024-12-14,BR-01,INFLOW,Customer Payment,6206.8,RTGS,INV-001430,Bank Settlement from Selvam Electrician Services
CSH-001601,2024-12-21,BR-01,INFLOW,Customer Payment,68145.0,UPI,INV-001431,Bank Settlement from Balaji Electrical Contractors
CSH-001602,2024-12-25,BR-02,INFLOW,Customer Payment,37500.4,NEFT / Bank Transfer,INV-001432,Bank Settlement from Urban Spaces Interior Studio
CSH-001603,2024-11-28,BR-03,INFLOW,Customer Payment,1274.4,UPI,INV-001433,Receipt from Ramachandran (Individual House Owner)
CSH-001604,2024-12-26,BR-01,INFLOW,Customer Payment,867.3,RTGS,INV-001434,Bank Settlement from Metro Supermarket Tambaram
CSH-001605,2024-12-06,BR-01,INFLOW,Customer Payment,460.2,Cheque,INV-001435,Bank Settlement from Royal Comfort Residency Hotel
CSH-001606,2024-12-21,BR-02,INFLOW,Customer Payment,212943.98,Cheque,INV-001436,Bank Settlement from Sri Venkateshwara Hardware & Electricals
CSH-001607,2024-12-24,BR-02,INFLOW,Customer Payment,111409.7,UPI,INV-001437,Bank Settlement from Sri Venkateshwara Hardware & Electricals
CSH-001608,2024-12-30,BR-02,INFLOW,Customer Payment,4897.0,NEFT / Bank Transfer,INV-001438,Bank Settlement from Brigade Vista Apartment Owners Assn
CSH-001609,2024-11-29,BR-01,INFLOW,Customer Payment,10679.0,Cash,INV-001439,Receipt from Siva Shankaran (Individual Home)
CSH-001610,2025-01-07,BR-02,INFLOW,Customer Payment,5026.8,UPI,INV-001440,Bank Settlement from Gowda Electrical Repairs
CSH-001611,2024-12-28,BR-01,INFLOW,Customer Payment,2773.0,NEFT / Bank Transfer,INV-001441,Bank Settlement from Metro Supermarket Tambaram
CSH-001612,2024-11-30,BR-01,INFLOW,Customer Payment,2649.1,Cash,INV-001442,Receipt from Mohammed Riyaz (Home Renovation)
CSH-001613,2024-11-30,BR-02,INFLOW,Customer Payment,519.2,Credit Card,INV-001443,Receipt from Suresh Babu (Villa Construction)
CSH-001614,2025-01-10,BR-01,INFLOW,Customer Payment,30255.2,Cheque,INV-001444,Bank Settlement from Sri Ramakrishna Builders & Infra
CSH-001615,2025-01-03,BR-01,INFLOW,Customer Payment,849.6,UPI,INV-001445,Bank Settlement from TechPark Facility Maintenance Team
CSH-001616,2024-12-17,BR-02,INFLOW,Customer Payment,2531.1,NEFT / Bank Transfer,INV-001446,Bank Settlement from InnoTech Coworking Hub
CSH-001617,2024-12-10,BR-01,INFLOW,Customer Payment,72499.2,RTGS,INV-001447,Bank Settlement from Sri Ramakrishna Builders & Infra
CSH-001618,2024-12-18,BR-01,INFLOW,Customer Payment,5487.0,Cheque,INV-001448,Bank Settlement from TechPark Facility Maintenance Team
CSH-001619,2024-11-30,BR-02,OUTFLOW,Office Supplies & Printing,2131.57,Petty Cash,EXP-000171,Operational expense
CSH-001620,2024-12-01,BR-01,OUTFLOW,Showroom Rent,75000.0,Bank Transfer,EXP-000172,Rent for Vidyut Central Hub & Showroom
CSH-001621,2024-12-01,BR-02,OUTFLOW,Showroom Rent,45000.0,Bank Transfer,EXP-000173,Rent for Vidyut Electronic City Retail Branch
CSH-001622,2024-12-01,BR-03,OUTFLOW,Showroom Rent,35000.0,Bank Transfer,EXP-000174,Rent for Vidyut Coimbatore Townhall Branch
CSH-001623,2024-12-01,BR-01,OUTFLOW,Vehicle Fuel & Freight,1113.5,Petty Cash,EXP-000175,Operational expense
CSH-001624,2024-12-30,BR-01,INFLOW,Customer Payment,29948.4,RTGS,INV-001449,Bank Settlement from Srinivasan & Sons Contractor
CSH-001625,2024-12-18,BR-01,INFLOW,Customer Payment,7557.9,UPI,INV-001450,Bank Settlement from Selvam Electrician Services
CSH-001626,2025-01-14,BR-03,INFLOW,Customer Payment,197461.2,Cheque,INV-001451,Bank Settlement from Kongu Builders & Real Estate
CSH-001627,2024-12-25,BR-01,INFLOW,Customer Payment,68617.0,Cheque,INV-001452,Bank Settlement from Global Smart Solutions (P) Ltd
CSH-001628,2024-12-30,BR-02,INFLOW,Customer Payment,43893.64,Cheque,INV-001453,Bank Settlement from Manjunatha Electrical Works
CSH-001629,2024-12-27,BR-01,INFLOW,Customer Payment,51925.9,NEFT / Bank Transfer,INV-001454,Bank Settlement from Global Smart Solutions (P) Ltd
CSH-001630,2024-12-14,BR-01,INFLOW,Customer Payment,4743.6,UPI,INV-001455,Bank Settlement from Vels Vidyashram School Campus
CSH-001631,2024-12-10,BR-01,INFLOW,Customer Payment,283.2,NEFT / Bank Transfer,INV-001456,Bank Settlement from Royal Comfort Residency Hotel
CSH-001632,2025-01-06,BR-03,INFLOW,Customer Payment,938.1,UPI,INV-001457,Bank Settlement from Sri Krishna Engineering College Hostel
CSH-001633,2024-12-19,BR-03,INFLOW,Customer Payment,169078.66,Cheque,INV-001458,Bank Settlement from Marutham Electrical & Power Agency
CSH-001634,2024-12-20,BR-01,INFLOW,Customer Payment,78334.3,Cheque,INV-001459,Bank Settlement from Srinivasan & Sons Contractor
CSH-001635,2024-12-10,BR-03,INFLOW,Customer Payment,2855.6,NEFT / Bank Transfer,INV-001460,Bank Settlement from Sundaram Hospital Maintenance
CSH-001636,2024-12-09,BR-01,INFLOW,Customer Payment,725.7,NEFT / Bank Transfer,INV-001461,Bank Settlement from Saravana Electric Works (Govindaraj)
CSH-001637,2025-01-23,BR-03,INFLOW,Customer Payment,87620.9,Cheque,INV-001462,Bank Settlement from Velan Pump & Motor Spares Store
CSH-001638,2024-12-21,BR-01,INFLOW,Customer Payment,2867.4,NEFT / Bank Transfer,INV-001463,Bank Settlement from Metro Supermarket Tambaram
CSH-001639,2024-12-15,BR-03,INFLOW,Customer Payment,1209.5,NEFT / Bank Transfer,INV-001464,Bank Settlement from Kovai Textile Mills Facility Team
CSH-001640,2024-12-23,BR-01,INFLOW,Customer Payment,9805.8,NEFT / Bank Transfer,INV-001465,Bank Settlement from Anbu Electricals (Anbazhagan)
CSH-001641,2024-12-04,BR-03,OUTFLOW,Minor Maintenance & Repair,2094.72,Petty Cash,EXP-000176,Operational expense
CSH-001642,2024-12-16,BR-03,INFLOW,Customer Payment,3699.3,NEFT / Bank Transfer,INV-001466,Bank Settlement from Rangasamy Electrician Workshop
CSH-001643,2024-12-31,BR-02,INFLOW,Customer Payment,255104.2,NEFT / Bank Transfer,INV-001467,Bank Settlement from Cauvery Engineering Contractors
CSH-001644,2024-12-31,BR-03,INFLOW,Customer Payment,1180.0,UPI,INV-001468,Bank Settlement from Sundaram Hospital Maintenance
CSH-001645,2024-12-05,BR-01,OUTFLOW,Payroll Salaries,160000.0,Bank Transfer,EXP-000177,Salary Payout BR-01
CSH-001646,2024-12-05,BR-02,OUTFLOW,Payroll Salaries,96000.0,Bank Transfer,EXP-000178,Salary Payout BR-02
CSH-001647,2024-12-05,BR-03,OUTFLOW,Payroll Salaries,96000.0,Bank Transfer,EXP-000179,Salary Payout BR-03
CSH-001648,2024-12-06,BR-02,INFLOW,Customer Payment,10089.0,UPI,INV-001469,Receipt from Dr. Arvind Rao Dental Clinic
CSH-001649,2025-01-04,BR-01,INFLOW,Customer Payment,254520.1,UPI,INV-001470,Bank Settlement from Kalaivani Hardware & Paints
CSH-001650,2025-02-28,BR-03,INFLOW,Customer Payment,93609.4,Cheque,INV-001471,Bank Settlement from Velan Pump & Motor Spares Store
CSH-001651,2024-12-06,BR-03,INFLOW,Customer Payment,885.0,Cash,INV-001472,Receipt from Karthika Departmental Store
CSH-001652,2024-12-25,BR-03,INFLOW,Customer Payment,9752.7,NEFT / Bank Transfer,INV-001473,Bank Settlement from Rangasamy Electrician Workshop
CSH-001653,2025-01-11,BR-03,INFLOW,Customer Payment,531.0,NEFT / Bank Transfer,INV-001474,Bank Settlement from Sundaram Hospital Maintenance
CSH-001654,2025-01-14,BR-02,INFLOW,Customer Payment,5546.0,UPI,INV-001475,Bank Settlement from Silicon Valley PG Hostel Chain
CSH-001655,2024-12-16,BR-01,INFLOW,Customer Payment,2808.4,UPI,INV-001476,Bank Settlement from TechPark Facility Maintenance Team
CSH-001656,2025-01-16,BR-02,INFLOW,Customer Payment,88.5,Cheque,INV-001477,Bank Settlement from Silicon Valley PG Hostel Chain
CSH-001657,2024-12-12,BR-01,INFLOW,Customer Payment,388833.6,Cheque,INV-001478,Bank Settlement from Devi Agency & Lighting Store
CSH-001658,2025-01-17,BR-03,INFLOW,Customer Payment,113291.8,UPI,INV-001479,Bank Settlement from Marutham Electrical & Power Agency
CSH-001659,2024-12-23,BR-03,INFLOW,Customer Payment,125058.76,RTGS,INV-001480,Bank Settlement from Marutham Electrical & Power Agency
CSH-001660,2024-12-26,BR-01,INFLOW,Customer Payment,35.4,UPI,INV-001481,Bank Settlement from Royal Comfort Residency Hotel
CSH-001661,2024-12-27,BR-01,INFLOW,Customer Payment,176830.08,RTGS,INV-001482,Bank Settlement from Srinivasan & Sons Contractor
CSH-001662,2024-12-07,BR-01,OUTFLOW,Staff Refreshments & Tea,1734.39,Petty Cash,EXP-000180,Operational expense
CSH-001663,2024-12-08,BR-02,OUTFLOW,Office Supplies & Printing,785.81,Petty Cash,EXP-000181,Operational expense
CSH-001664,2024-12-20,BR-01,INFLOW,Customer Payment,1628.4,Cheque,INV-001483,Bank Settlement from TechPark Facility Maintenance Team
CSH-001665,2024-12-09,BR-01,INFLOW,Customer Payment,1593.0,Cash,INV-001484,Receipt from Siva Shankaran (Individual Home)
CSH-001666,2025-01-05,BR-01,INFLOW,Customer Payment,2926.4,UPI,INV-001485,Bank Settlement from Poompuhar Handicrafts Store
CSH-001667,2024-12-09,BR-03,INFLOW,Customer Payment,631.3,Cash,INV-001486,Receipt from Karthika Departmental Store
CSH-001668,2025-01-05,BR-01,INFLOW,Customer Payment,100016.8,Cheque,INV-001487,Bank Settlement from Devi Agency & Lighting Store
CSH-001669,2024-12-25,BR-01,INFLOW,Customer Payment,33370.4,NEFT / Bank Transfer,INV-001488,Bank Settlement from Balaji Electrical Contractors
CSH-001670,2025-01-03,BR-03,INFLOW,Customer Payment,132573.0,RTGS,INV-001489,Bank Settlement from Velan Pump & Motor Spares Store
CSH-001671,2024-12-10,BR-01,INFLOW,Customer Payment,11109.7,Cash,INV-001490,Receipt from Murugan Auto Garage & Works
CSH-001672,2024-12-27,BR-03,INFLOW,Customer Payment,1298.0,UPI,INV-001491,Bank Settlement from Sri Krishna Engineering College Hostel
CSH-001673,2025-01-10,BR-01,INFLOW,Customer Payment,8991.6,RTGS,INV-001492,Bank Settlement from Poompuhar Handicrafts Store
CSH-001674,2025-01-09,BR-03,INFLOW,Customer Payment,2218.4,NEFT / Bank Transfer,INV-001493,Bank Settlement from Sri Krishna Engineering College Hostel
CSH-001675,2024-12-10,BR-01,INFLOW,Customer Payment,6879.4,UPI,INV-001494,Receipt from Dr. Priya Sundaram (Home Clinic)
CSH-001676,2024-12-16,BR-03,INFLOW,Customer Payment,531.0,UPI,INV-001495,Bank Settlement from Sri Krishna Engineering College Hostel
CSH-001677,2024-12-10,BR-01,OUTFLOW,Electricity Bill,10468.6,Online Banking,EXP-000182,Utility Payment
CSH-001678,2024-12-10,BR-02,OUTFLOW,Electricity Bill,9709.35,Online Banking,EXP-000183,Utility Payment
CSH-001679,2024-12-10,BR-03,OUTFLOW,Electricity Bill,13971.64,Online Banking,EXP-000184,Utility Payment
CSH-001680,2024-12-10,BR-02,OUTFLOW,Office Supplies & Printing,496.81,Petty Cash,EXP-000185,Operational expense
CSH-001681,2024-12-11,BR-02,INFLOW,Customer Payment,2891.0,UPI,INV-001496,Receipt from Dr. Arvind Rao Dental Clinic
CSH-001682,2024-12-18,BR-01,INFLOW,Customer Payment,4047.4,UPI,INV-001497,Bank Settlement from Apex Manufacturing Solutions
CSH-001683,2024-12-24,BR-01,INFLOW,Customer Payment,1587.1,UPI,INV-001498,Bank Settlement from Metro Supermarket Tambaram
CSH-001684,2025-01-06,BR-01,INFLOW,Customer Payment,29082.28,RTGS,INV-001499,Bank Settlement from Victory Housing Projects Phase 2
CSH-001685,2025-01-25,BR-01,INFLOW,Customer Payment,3604.9,UPI,INV-001500,Bank Settlement from Poompuhar Handicrafts Store
CSH-001686,2025-01-17,BR-01,INFLOW,Customer Payment,21293.1,NEFT / Bank Transfer,INV-001501,Bank Settlement from Global Smart Solutions (P) Ltd
CSH-001687,2024-12-12,BR-01,INFLOW,Customer Payment,206.5,UPI,INV-001502,Receipt from Lakshmi Vilas Sweets & Bakery
CSH-001688,2025-01-29,BR-03,INFLOW,Customer Payment,418.9,RTGS,INV-001503,Bank Settlement from Sundaram Hospital Maintenance
CSH-001689,2025-01-10,BR-01,INFLOW,Customer Payment,102483.0,Cheque,INV-001504,Bank Settlement from Devi Agency & Lighting Store
CSH-001690,2025-01-08,BR-03,INFLOW,Customer Payment,389.4,UPI,INV-001505,Bank Settlement from Kovai Elite Residency Hotel
CSH-001691,2024-12-27,BR-02,INFLOW,Customer Payment,20355.0,NEFT / Bank Transfer,INV-001506,Bank Settlement from Raghavendra Infrastructure Developers
CSH-001692,2025-01-09,BR-02,INFLOW,Customer Payment,10407.6,NEFT / Bank Transfer,INV-001507,Bank Settlement from Gowda Electrical Repairs
CSH-001693,2024-12-27,BR-02,INFLOW,Customer Payment,2478.0,RTGS,INV-001508,Bank Settlement from Brigade Vista Apartment Owners Assn
CSH-001694,2024-12-13,BR-01,INFLOW,Customer Payment,566.4,UPI,INV-001509,Receipt from Lakshmi Vilas Sweets & Bakery
CSH-001695,2024-12-13,BR-01,INFLOW,Customer Payment,5870.5,UPI,INV-001510,Receipt from Dr. Priya Sundaram (Home Clinic)
CSH-001696,2025-01-19,BR-01,INFLOW,Customer Payment,1416.0,RTGS,INV-001511,Bank Settlement from Poompuhar Handicrafts Store
CSH-001697,2024-12-13,BR-01,OUTFLOW,Staff Refreshments & Tea,846.08,Petty Cash,EXP-000186,Operational expense
CSH-001698,2024-12-14,BR-02,INFLOW,Customer Payment,1416.0,Credit Card,INV-001512,Receipt from Suresh Babu (Villa Construction)
CSH-001699,2025-01-08,BR-03,INFLOW,Customer Payment,262255.0,RTGS,INV-001513,Bank Settlement from Velan Pump & Motor Spares Store
CSH-001700,2025-03-07,BR-02,INFLOW,Customer Payment,279388.6,UPI,INV-001514,Bank Settlement from Cauvery Engineering Contractors
CSH-001701,2024-12-27,BR-03,INFLOW,Customer Payment,902.7,UPI,INV-001515,Bank Settlement from Kovai Textile Mills Facility Team
CSH-001702,2025-01-25,BR-03,INFLOW,Customer Payment,1504.5,UPI,INV-001516,Bank Settlement from Kovai Elite Residency Hotel
CSH-001703,2025-02-01,BR-03,INFLOW,Customer Payment,2773.0,Cheque,INV-001517,Bank Settlement from Annamalai Agro Processing Unit
CSH-001704,2024-12-16,BR-01,INFLOW,Customer Payment,3829.1,Cash,INV-001518,Receipt from Murugan Auto Garage & Works
CSH-001705,2024-12-16,BR-01,INFLOW,Customer Payment,1003.0,Cash,INV-001519,Receipt from Siva Shankaran (Individual Home)
CSH-001706,2025-01-10,BR-01,INFLOW,Customer Payment,62398.4,RTGS,INV-001520,Bank Settlement from Global Smart Solutions (P) Ltd
CSH-001707,2025-01-16,BR-02,INFLOW,Customer Payment,12384.1,NEFT / Bank Transfer,INV-001521,Bank Settlement from Gowda Electrical Repairs
CSH-001708,2024-12-17,BR-02,INFLOW,Customer Payment,3009.0,Credit Card,INV-001522,Receipt from Suresh Babu (Villa Construction)
CSH-001709,2025-01-15,BR-02,INFLOW,Customer Payment,265.5,RTGS,INV-001523,Bank Settlement from Brigade Vista Apartment Owners Assn
CSH-001710,2024-12-18,BR-02,INFLOW,Customer Payment,8531.4,UPI,INV-001524,Receipt from Dr. Arvind Rao Dental Clinic
CSH-001711,2025-01-13,BR-01,INFLOW,Customer Payment,4071.0,UPI,INV-001525,Bank Settlement from Royal Comfort Residency Hotel
CSH-001712,2024-12-27,BR-01,INFLOW,Customer Payment,1333.4,RTGS,INV-001526,Bank Settlement from Metro Supermarket Tambaram
CSH-001713,2024-12-18,BR-02,INFLOW,Customer Payment,1628.4,Cash,INV-001527,Receipt from Nandini Milk Parlour & Mart
CSH-001714,2025-01-06,BR-01,INFLOW,Customer Payment,7257.0,RTGS,INV-001528,Bank Settlement from Global Smart Solutions (P) Ltd
CSH-001715,2024-12-19,BR-01,INFLOW,Customer Payment,1239.0,Cash,INV-001529,Receipt from Siva Shankaran (Individual Home)
CSH-001716,2024-12-19,BR-01,INFLOW,Customer Payment,2619.6,UPI,INV-001530,Receipt from Dr. Priya Sundaram (Home Clinic)
CSH-001717,2024-12-28,BR-02,INFLOW,Customer Payment,389.4,UPI,INV-001531,Bank Settlement from Brigade Vista Apartment Owners Assn
CSH-001718,2025-01-08,BR-03,INFLOW,Customer Payment,5622.7,Cheque,INV-001532,Bank Settlement from Sundaram Hospital Maintenance
CSH-001719,2024-12-19,BR-03,INFLOW,Customer Payment,3864.5,UPI,INV-001533,Receipt from Ramachandran (Individual House Owner)
CSH-001720,2024-12-19,BR-03,INFLOW,Customer Payment,2566.5,UPI,INV-001534,Receipt from Ramachandran (Individual House Owner)
CSH-001721,2025-01-09,BR-01,INFLOW,Customer Payment,62610.8,Cheque,INV-001535,Bank Settlement from Global Smart Solutions (P) Ltd
CSH-001722,2024-12-19,BR-01,OUTFLOW,Office Supplies & Printing,485.23,Petty Cash,EXP-000187,Operational expense
CSH-001723,2024-12-27,BR-03,INFLOW,Customer Payment,8142.0,RTGS,INV-001536,Bank Settlement from Kovai Elite Residency Hotel
CSH-001724,2025-01-11,BR-03,INFLOW,Customer Payment,43152.6,UPI,INV-001537,Bank Settlement from Rangasamy Electrician Workshop
CSH-001725,2024-12-29,BR-03,INFLOW,Customer Payment,60486.8,RTGS,INV-001538,Bank Settlement from Velan Pump & Motor Spares Store
CSH-001726,2024-12-20,BR-01,OUTFLOW,Vehicle Fuel & Freight,2357.93,Petty Cash,EXP-000188,Operational expense
CSH-001727,2025-01-25,BR-03,INFLOW,Customer Payment,14354.7,Cheque,INV-001539,Bank Settlement from Mani Bros Electricals (Mani)
CSH-001728,2025-01-08,BR-03,INFLOW,Customer Payment,2625.5,UPI,INV-001540,Bank Settlement from Rangasamy Electrician Workshop
CSH-001729,2025-01-18,BR-01,INFLOW,Customer Payment,214321.04,UPI,INV-001541,Bank Settlement from Devi Agency & Lighting Store
CSH-001730,2024-12-21,BR-03,INFLOW,Customer Payment,3569.5,Cash,INV-001542,Receipt from Karthika Departmental Store
CSH-001731,2025-01-10,BR-02,INFLOW,Customer Payment,77265.22,NEFT / Bank Transfer,INV-001543,Bank Settlement from Cauvery Engineering Contractors
CSH-001732,2025-02-16,BR-01,INFLOW,Customer Payment,49229.6,RTGS,INV-001544,Bank Settlement from Kalam Brothers Electrical Store
CSH-001733,2024-12-31,BR-03,INFLOW,Customer Payment,153695.0,NEFT / Bank Transfer,INV-001545,Bank Settlement from Kongu Builders & Real Estate
CSH-001734,2025-01-07,BR-01,INFLOW,Customer Payment,27022.0,Cheque,INV-001546,Bank Settlement from Balaji Electrical Contractors
CSH-001735,2024-12-23,BR-01,INFLOW,Customer Payment,177.0,Cash,INV-001547,Receipt from Siva Shankaran (Individual Home)
CSH-001736,2025-01-02,BR-01,INFLOW,Customer Payment,46132.1,RTGS,INV-001548,Bank Settlement from Balaji Electrical Contractors
CSH-001737,2024-12-23,BR-01,INFLOW,Customer Payment,6395.6,UPI,INV-001549,Receipt from Lakshmi Vilas Sweets & Bakery
CSH-001738,2024-12-24,BR-01,INFLOW,Customer Payment,6608.0,Cash,INV-001550,Receipt from Siva Shankaran (Individual Home)
CSH-001739,2024-12-24,BR-01,INFLOW,Customer Payment,1504.5,Cash,INV-001551,Receipt from Murugan Auto Garage & Works
CSH-001740,2024-12-24,BR-02,INFLOW,Customer Payment,5074.0,Credit Card,INV-001552,Receipt from Suresh Babu (Villa Construction)
CSH-001741,2025-01-21,BR-02,INFLOW,Customer Payment,70210.0,Cheque,INV-001553,Bank Settlement from Urban Spaces Interior Studio
CSH-001742,2025-02-14,BR-02,INFLOW,Customer Payment,4159.5,Cheque,INV-001554,Bank Settlement from Silicon Valley PG Hostel Chain
CSH-001743,2025-01-16,BR-02,INFLOW,Customer Payment,1433.7,UPI,INV-001555,Bank Settlement from Gowda Electrical Repairs
CSH-001744,2024-12-25,BR-01,INFLOW,Customer Payment,3038.5,Cash,INV-001556,Receipt from Mohammed Riyaz (Home Renovation)
CSH-001745,2025-01-01,BR-01,INFLOW,Customer Payment,266508.9,Cheque,INV-001557,Bank Settlement from Devi Agency & Lighting Store
CSH-001746,2024-12-31,BR-03,INFLOW,Customer Payment,43872.4,RTGS,INV-001558,Bank Settlement from Rangasamy Electrician Workshop
CSH-001747,2025-02-10,BR-01,INFLOW,Customer Payment,34975.2,RTGS,INV-001559,Bank Settlement from Victory Housing Projects Phase 2
CSH-001748,2025-01-16,BR-02,INFLOW,Customer Payment,115024.04,NEFT / Bank Transfer,INV-001560,Bank Settlement from Sri Venkateshwara Hardware & Electricals
CSH-001749,2025-01-17,BR-02,INFLOW,Customer Payment,283.2,NEFT / Bank Transfer,INV-001561,Bank Settlement from InnoTech Coworking Hub
CSH-001750,2025-01-05,BR-01,INFLOW,Customer Payment,380467.4,RTGS,INV-001562,Bank Settlement from Devi Agency & Lighting Store
CSH-001751,2025-01-27,BR-01,INFLOW,Customer Payment,287678.1,Cheque,INV-001563,Bank Settlement from Balaji Electrical Contractors
CSH-001752,2025-02-04,BR-03,INFLOW,Customer Payment,1758.2,Cheque,INV-001564,Bank Settlement from Mani Bros Electricals (Mani)
CSH-001753,2025-01-14,BR-03,INFLOW,Customer Payment,2213.68,RTGS,INV-001565,Bank Settlement from Rangasamy Electrician Workshop
CSH-001754,2025-01-11,BR-03,INFLOW,Customer Payment,849.6,NEFT / Bank Transfer,INV-001566,Bank Settlement from Sri Krishna Engineering College Hostel
CSH-001755,2025-02-11,BR-01,INFLOW,Customer Payment,4071.0,NEFT / Bank Transfer,INV-001567,Bank Settlement from Royal Comfort Residency Hotel
CSH-001756,2025-01-06,BR-03,INFLOW,Customer Payment,35128.6,UPI,INV-001568,Bank Settlement from Mani Bros Electricals (Mani)
CSH-001757,2025-01-18,BR-03,INFLOW,Customer Payment,389.4,UPI,INV-001569,Bank Settlement from Sri Krishna Engineering College Hostel
CSH-001758,2025-01-08,BR-03,INFLOW,Customer Payment,6590.3,RTGS,INV-001570,Bank Settlement from Mani Bros Electricals (Mani)
CSH-001759,2025-02-13,BR-01,INFLOW,Customer Payment,46409.4,RTGS,INV-001571,Bank Settlement from Sri Ramakrishna Builders & Infra
CSH-001760,2025-01-13,BR-02,INFLOW,Customer Payment,99373.7,UPI,INV-001572,Bank Settlement from Raghavendra Infrastructure Developers
CSH-001761,2024-12-27,BR-03,OUTFLOW,Office Supplies & Printing,1265.13,Petty Cash,EXP-000189,Operational expense
CSH-001762,2025-01-02,BR-01,INFLOW,Customer Payment,2596.0,NEFT / Bank Transfer,INV-001573,Bank Settlement from TechPark Facility Maintenance Team
CSH-001763,2025-01-24,BR-01,INFLOW,Customer Payment,389.4,UPI,INV-001574,Bank Settlement from Royal Comfort Residency Hotel
CSH-001764,2025-01-21,BR-01,INFLOW,Customer Payment,2035.5,NEFT / Bank Transfer,INV-001575,Bank Settlement from Royal Comfort Residency Hotel
CSH-001765,2025-01-06,BR-01,INFLOW,Customer Payment,65973.8,Cheque,INV-001576,Bank Settlement from Kalam Brothers Electrical Store
CSH-001766,2025-01-24,BR-01,INFLOW,Customer Payment,238991.3,UPI,INV-001577,Bank Settlement from Balaji Electrical Contractors
CSH-001767,2025-01-25,BR-02,INFLOW,Customer Payment,296888.0,UPI,INV-001578,Bank Settlement from Sri Venkateshwara Hardware & Electricals
CSH-001768,2025-01-23,BR-01,INFLOW,Customer Payment,13310.4,UPI,INV-001579,Bank Settlement from Saravana Electric Works (Govindaraj)
CSH-001769,2025-02-13,BR-03,INFLOW,Customer Payment,177.0,Cheque,INV-001580,Bank Settlement from Kovai Elite Residency Hotel
CSH-001770,2025-01-20,BR-01,INFLOW,Customer Payment,5062.2,RTGS,INV-001581,Bank Settlement from TechPark Facility Maintenance Team
CSH-001771,2025-01-17,BR-03,INFLOW,Customer Payment,169469.24,NEFT / Bank Transfer,INV-001582,Bank Settlement from Marutham Electrical & Power Agency
CSH-001772,2025-02-05,BR-01,INFLOW,Customer Payment,72108.62,UPI,INV-001583,Bank Settlement from Victory Housing Projects Phase 2
CSH-001773,2025-01-14,BR-01,INFLOW,Customer Payment,16691.1,RTGS,INV-001584,Bank Settlement from Anbu Electricals (Anbazhagan)
CSH-001774,2025-01-10,BR-01,INFLOW,Customer Payment,151028.2,UPI,INV-001585,Bank Settlement from Devi Agency & Lighting Store
CSH-001775,2024-12-31,BR-01,INFLOW,Customer Payment,1882.1,Cash,INV-001586,Receipt from Siva Shankaran (Individual Home)
CSH-001776,2025-01-16,BR-01,INFLOW,Customer Payment,107680.9,Cheque,INV-001587,Bank Settlement from Victory Housing Projects Phase 2
CSH-001777,2024-12-31,BR-01,OUTFLOW,Minor Maintenance & Repair,2381.77,Petty Cash,EXP-000190,Operational expense
CSH-001778,2025-01-25,BR-03,INFLOW,Customer Payment,14791.3,RTGS,INV-001588,Bank Settlement from Rangasamy Electrician Workshop
CSH-001779,2025-01-08,BR-01,INFLOW,Customer Payment,2643.2,UPI,INV-001589,Bank Settlement from Royal Comfort Residency Hotel
CSH-001780,2025-01-01,BR-01,INFLOW,Customer Payment,7882.4,Cash,INV-001590,Receipt from Murugan Auto Garage & Works
CSH-001781,2025-04-05,BR-02,INFLOW,Customer Payment,566.4,Cheque,INV-001591,Bank Settlement from InnoTech Coworking Hub
CSH-001782,2025-01-11,BR-01,INFLOW,Customer Payment,3103.4,Cheque,INV-001592,Bank Settlement from Apex Manufacturing Solutions
CSH-001783,2025-02-19,BR-03,INFLOW,Customer Payment,2997.2,NEFT / Bank Transfer,INV-001593,Bank Settlement from Sundaram Hospital Maintenance
CSH-001784,2025-01-01,BR-01,INFLOW,Customer Payment,1882.1,Credit Card,INV-001594,Receipt from Karthik Residential Apartment Owner
CSH-001785,2025-01-01,BR-02,INFLOW,Customer Payment,206.5,Credit Card,INV-001595,Receipt from Suresh Babu (Villa Construction)
CSH-001786,2025-01-01,BR-01,OUTFLOW,Showroom Rent,75000.0,Bank Transfer,EXP-000191,Rent for Vidyut Central Hub & Showroom
CSH-001787,2025-01-01,BR-02,OUTFLOW,Showroom Rent,45000.0,Bank Transfer,EXP-000192,Rent for Vidyut Electronic City Retail Branch
CSH-001788,2025-01-01,BR-03,OUTFLOW,Showroom Rent,35000.0,Bank Transfer,EXP-000193,Rent for Vidyut Coimbatore Townhall Branch
CSH-001789,2025-01-02,BR-03,INFLOW,Customer Payment,283.2,Cash,INV-001596,Receipt from Karthika Departmental Store
CSH-001790,2025-01-09,BR-01,INFLOW,Customer Payment,330.4,Cheque,INV-001597,Bank Settlement from Poompuhar Handicrafts Store
CSH-001791,2025-01-25,BR-01,INFLOW,Customer Payment,41189.08,NEFT / Bank Transfer,INV-001598,Bank Settlement from Sri Ramakrishna Builders & Infra
CSH-001792,2025-01-26,BR-01,INFLOW,Customer Payment,14023.64,UPI,INV-001599,Bank Settlement from Balaji Electrical Contractors
CSH-001793,2025-01-02,BR-01,INFLOW,Customer Payment,259.6,Cash,INV-001600,Receipt from Mohammed Riyaz (Home Renovation)
CSH-001794,2025-01-02,BR-01,OUTFLOW,Vehicle Fuel & Freight,1668.16,Petty Cash,EXP-000194,Operational expense
CSH-001795,2025-01-31,BR-03,INFLOW,Customer Payment,719.8,Cheque,INV-001601,Bank Settlement from Sri Krishna Engineering College Hostel
CSH-001796,2025-02-22,BR-02,INFLOW,Customer Payment,2537.0,Cheque,INV-001602,Bank Settlement from Brigade Vista Apartment Owners Assn
CSH-001797,2025-01-24,BR-03,INFLOW,Customer Payment,6691.49,RTGS,INV-001603,Bank Settlement from Kongu Builders & Real Estate
CSH-001798,2025-01-03,BR-03,INFLOW,Customer Payment,961.7,UPI,INV-001604,Receipt from Ramachandran (Individual House Owner)
CSH-001799,2025-02-12,BR-03,INFLOW,Customer Payment,5251.0,Cheque,INV-001605,Bank Settlement from Kovai Elite Residency Hotel
CSH-001800,2025-04-04,BR-02,INFLOW,Customer Payment,153734.95,RTGS,INV-001606,Bank Settlement from Urban Spaces Interior Studio
CSH-001801,2025-01-23,BR-02,INFLOW,Customer Payment,88.5,RTGS,INV-001607,Bank Settlement from Silicon Valley PG Hostel Chain
CSH-001802,2025-03-11,BR-03,INFLOW,Customer Payment,271.4,NEFT / Bank Transfer,INV-001608,Bank Settlement from Sundaram Hospital Maintenance
CSH-001803,2025-01-05,BR-01,OUTFLOW,Payroll Salaries,160000.0,Bank Transfer,EXP-000195,Salary Payout BR-01
CSH-001804,2025-01-05,BR-02,OUTFLOW,Payroll Salaries,96000.0,Bank Transfer,EXP-000196,Salary Payout BR-02
CSH-001805,2025-01-05,BR-03,OUTFLOW,Payroll Salaries,96000.0,Bank Transfer,EXP-000197,Salary Payout BR-03
CSH-001806,2025-01-05,BR-01,OUTFLOW,Staff Refreshments & Tea,1982.04,Petty Cash,EXP-000198,Operational expense
CSH-001807,2025-01-16,BR-01,INFLOW,Customer Payment,708.0,NEFT / Bank Transfer,INV-001609,Bank Settlement from TechPark Facility Maintenance Team
CSH-001808,2025-02-06,BR-03,INFLOW,Customer Payment,2194.8,NEFT / Bank Transfer,INV-001610,Bank Settlement from Kovai Elite Residency Hotel
CSH-001809,2025-01-13,BR-02,INFLOW,Customer Payment,1581.2,UPI,INV-001611,Bank Settlement from InnoTech Coworking Hub
CSH-001810,2025-01-31,BR-02,INFLOW,Customer Payment,1977.05,UPI,INV-001612,Bank Settlement from Gowda Electrical Repairs
CSH-001811,2025-01-19,BR-02,INFLOW,Customer Payment,595.9,UPI,INV-001613,Bank Settlement from Brigade Vista Apartment Owners Assn
CSH-001812,2025-01-06,BR-02,INFLOW,Customer Payment,2684.5,Credit Card,INV-001614,Receipt from Suresh Babu (Villa Construction)
CSH-001813,2025-01-31,BR-03,INFLOW,Customer Payment,2891.0,UPI,INV-001615,Bank Settlement from Kovai Textile Mills Facility Team
CSH-001814,2025-01-26,BR-02,INFLOW,Customer Payment,413.0,RTGS,INV-001616,Bank Settlement from Silicon Valley PG Hostel Chain
CSH-001815,2025-01-25,BR-01,INFLOW,Customer Payment,1239.0,Cheque,INV-001617,Bank Settlement from Apex Manufacturing Solutions
CSH-001816,2025-02-02,BR-03,INFLOW,Customer Payment,4277.5,UPI,INV-001618,Bank Settlement from Mani Bros Electricals (Mani)
CSH-001817,2025-02-22,BR-02,INFLOW,Customer Payment,424.8,RTGS,INV-001619,Bank Settlement from Brigade Vista Apartment Owners Assn
CSH-001818,2025-02-04,BR-03,INFLOW,Customer Payment,280255.97,RTGS,INV-001620,Bank Settlement from Velan Pump & Motor Spares Store
CSH-001819,2025-01-24,BR-01,INFLOW,Customer Payment,283.2,RTGS,INV-001621,Bank Settlement from Vels Vidyashram School Campus
CSH-001820,2025-01-30,BR-01,INFLOW,Customer Payment,6879.4,UPI,INV-001622,Bank Settlement from Poompuhar Handicrafts Store
CSH-001821,2025-03-03,BR-01,INFLOW,Customer Payment,1114.82,UPI,INV-001623,Bank Settlement from Saravana Electric Works (Govindaraj)
CSH-001822,2025-02-01,BR-03,INFLOW,Customer Payment,7587.75,UPI,INV-001624,Bank Settlement from Rangasamy Electrician Workshop
CSH-001823,2025-01-08,BR-01,INFLOW,Customer Payment,2837.9,UPI,INV-001625,Receipt from Dr. Priya Sundaram (Home Clinic)
CSH-001824,2025-01-18,BR-02,INFLOW,Customer Payment,1911.6,NEFT / Bank Transfer,INV-001626,Bank Settlement from InnoTech Coworking Hub
CSH-001825,2025-01-23,BR-01,INFLOW,Customer Payment,33458.9,UPI,INV-001627,Bank Settlement from Victory Housing Projects Phase 2
CSH-001826,2025-02-14,BR-01,INFLOW,Customer Payment,13165.61,UPI,INV-001628,Bank Settlement from Kalam Brothers Electrical Store
CSH-001827,2025-01-08,BR-02,INFLOW,Customer Payment,2867.4,Credit Card,INV-001629,Receipt from Suresh Babu (Villa Construction)
CSH-001828,2025-01-08,BR-02,OUTFLOW,Staff Refreshments & Tea,928.15,Petty Cash,EXP-000199,Operational expense
CSH-001829,2025-01-17,BR-01,INFLOW,Customer Payment,70746.9,Cheque,INV-001630,Bank Settlement from Kalam Brothers Electrical Store
CSH-001830,2025-01-27,BR-01,INFLOW,Customer Payment,1392.4,RTGS,INV-001631,Bank Settlement from Metro Supermarket Tambaram
CSH-001831,2025-01-27,BR-03,INFLOW,Customer Payment,7103.6,UPI,INV-001632,Bank Settlement from Sri Krishna Engineering College Hostel
CSH-001832,2025-01-09,BR-01,OUTFLOW,Office Supplies & Printing,987.65,Petty Cash,EXP-000200,Operational expense
CSH-001833,2025-01-10,BR-01,INFLOW,Customer Payment,737.5,UPI,INV-001633,Receipt from Dr. Priya Sundaram (Home Clinic)
CSH-001834,2025-01-27,BR-01,INFLOW,Customer Payment,489983.2,RTGS,INV-001634,Bank Settlement from Devi Agency & Lighting Store
CSH-001835,2025-01-10,BR-01,INFLOW,Customer Payment,631.3,UPI,INV-001635,Receipt from Dr. Priya Sundaram (Home Clinic)
CSH-001836,2025-01-22,BR-03,INFLOW,Customer Payment,148223.55,UPI,INV-001636,Bank Settlement from Velan Pump & Motor Spares Store
CSH-001837,2025-01-29,BR-02,INFLOW,Customer Payment,12793.33,RTGS,INV-001637,Bank Settlement from Urban Spaces Interior Studio
CSH-001838,2025-01-10,BR-01,INFLOW,Customer Payment,2466.2,UPI,INV-001638,Receipt from Dr. Priya Sundaram (Home Clinic)
CSH-001839,2025-01-28,BR-02,INFLOW,Customer Payment,1156.4,Cheque,INV-001639,Bank Settlement from Brigade Vista Apartment Owners Assn
CSH-001840,2025-01-10,BR-01,OUTFLOW,Electricity Bill,12527.66,Online Banking,EXP-000201,Utility Payment
CSH-001841,2025-01-10,BR-02,OUTFLOW,Electricity Bill,9507.57,Online Banking,EXP-000202,Utility Payment
CSH-001842,2025-01-10,BR-03,OUTFLOW,Electricity Bill,13996.11,Online Banking,EXP-000203,Utility Payment
CSH-001843,2025-01-16,BR-02,INFLOW,Customer Payment,14131.68,NEFT / Bank Transfer,INV-001640,Bank Settlement from Manjunatha Electrical Works
CSH-001844,2025-03-14,BR-01,INFLOW,Customer Payment,28597.72,RTGS,INV-001641,Bank Settlement from Srinivasan & Sons Contractor
CSH-001845,2025-01-25,BR-01,INFLOW,Customer Payment,17.7,RTGS,INV-001642,Bank Settlement from Apex Manufacturing Solutions
CSH-001846,2025-01-11,BR-02,INFLOW,Customer Payment,1256.7,Credit Card,INV-001643,Receipt from Suresh Babu (Villa Construction)
CSH-001847,2025-02-19,BR-01,INFLOW,Customer Payment,3357.1,NEFT / Bank Transfer,INV-001644,Bank Settlement from Saravana Electric Works (Govindaraj)
CSH-001848,2025-02-02,BR-01,INFLOW,Customer Payment,87980.8,UPI,INV-001645,Bank Settlement from Kalaivani Hardware & Paints
CSH-001849,2025-01-16,BR-02,INFLOW,Customer Payment,1374.7,NEFT / Bank Transfer,INV-001646,Bank Settlement from Brigade Vista Apartment Owners Assn
CSH-001850,2025-01-23,BR-03,INFLOW,Customer Payment,424.8,Cheque,INV-001647,Bank Settlement from Kovai Elite Residency Hotel
CSH-001851,2025-01-11,BR-01,OUTFLOW,Staff Refreshments & Tea,2106.52,Petty Cash,EXP-000204,Operational expense
CSH-001852,2025-01-30,BR-01,INFLOW,Customer Payment,158687.66,UPI,INV-001648,Bank Settlement from Victory Housing Projects Phase 2
CSH-001853,2025-02-10,BR-01,INFLOW,Customer Payment,40811.48,RTGS,INV-001649,Bank Settlement from Srinivasan & Sons Contractor
CSH-001854,2025-02-10,BR-01,INFLOW,Customer Payment,119050.2,UPI,INV-001650,Bank Settlement from Victory Housing Projects Phase 2
CSH-001855,2025-02-23,BR-02,INFLOW,Customer Payment,16067.0,Cheque,INV-001651,Bank Settlement from Manjunatha Electrical Works
CSH-001856,2025-01-13,BR-02,INFLOW,Customer Payment,8024.0,Cash,INV-001652,Receipt from Nandini Milk Parlour & Mart
CSH-001857,2025-01-13,BR-03,INFLOW,Customer Payment,3298.1,Cash,INV-001653,Receipt from Karthika Departmental Store
CSH-001858,2025-01-13,BR-01,INFLOW,Customer Payment,5734.8,Cash,INV-001654,Receipt from Murugan Auto Garage & Works
CSH-001859,2025-02-25,BR-03,INFLOW,Customer Payment,2613.7,UPI,INV-001655,Bank Settlement from Sri Krishna Engineering College Hostel
CSH-001860,2025-02-03,BR-02,INFLOW,Customer Payment,1469.1,NEFT / Bank Transfer,INV-001656,Bank Settlement from Silicon Valley PG Hostel Chain
CSH-001861,2025-03-01,BR-03,INFLOW,Customer Payment,189148.69,UPI,INV-001657,Bank Settlement from Velan Pump & Motor Spares Store
CSH-001862,2025-02-23,BR-01,INFLOW,Customer Payment,86446.8,Cheque,INV-001658,Bank Settlement from Sri Ramakrishna Builders & Infra
CSH-001863,2025-02-06,BR-02,INFLOW,Customer Payment,708.0,Cheque,INV-001659,Bank Settlement from Silicon Valley PG Hostel Chain
CSH-001864,2025-01-14,BR-01,INFLOW,Customer Payment,3551.8,UPI,INV-001660,Receipt from Lakshmi Vilas Sweets & Bakery
CSH-001865,2025-02-02,BR-02,INFLOW,Customer Payment,29682.9,NEFT / Bank Transfer,INV-001661,Bank Settlement from Manjunatha Electrical Works
CSH-001866,2025-01-27,BR-03,INFLOW,Customer Payment,1298.0,Cheque,INV-001662,Bank Settlement from Sundaram Hospital Maintenance
CSH-001867,2025-01-28,BR-03,INFLOW,Customer Payment,9047.06,NEFT / Bank Transfer,INV-001663,Bank Settlement from Rangasamy Electrician Workshop
CSH-001868,2025-01-15,BR-01,INFLOW,Customer Payment,2537.0,Cash,INV-001664,Receipt from Murugan Auto Garage & Works
CSH-001869,2025-03-03,BR-03,INFLOW,Customer Payment,22878.67,UPI,INV-001665,Bank Settlement from Rangasamy Electrician Workshop
CSH-001870,2025-02-12,BR-02,INFLOW,Customer Payment,88029.3,UPI,INV-001666,Bank Settlement from Raghavendra Infrastructure Developers
CSH-001871,2025-01-15,BR-01,INFLOW,Customer Payment,177.0,Credit Card,INV-001667,Receipt from Karthik Residential Apartment Owner
CSH-001872,2025-01-16,BR-01,INFLOW,Customer Payment,212.4,Cash,INV-001668,Receipt from Siva Shankaran (Individual Home)
CSH-001873,2025-02-27,BR-01,INFLOW,Customer Payment,59659.7,UPI,INV-001669,Bank Settlement from Global Smart Solutions (P) Ltd
CSH-001874,2025-02-14,BR-03,INFLOW,Customer Payment,8555.0,Cheque,INV-001670,Bank Settlement from Kovai Elite Residency Hotel
CSH-001875,2025-04-12,BR-02,INFLOW,Customer Payment,5600.94,NEFT / Bank Transfer,INV-001671,Bank Settlement from Gowda Electrical Repairs
CSH-001876,2025-03-18,BR-02,INFLOW,Customer Payment,1286.2,NEFT / Bank Transfer,INV-001672,Bank Settlement from Silicon Valley PG Hostel Chain
CSH-001877,2025-02-11,BR-03,INFLOW,Customer Payment,1581.2,UPI,INV-001673,Bank Settlement from Kovai Elite Residency Hotel
CSH-001878,2025-02-20,BR-03,INFLOW,Customer Payment,413.0,NEFT / Bank Transfer,INV-001674,Bank Settlement from Annamalai Agro Processing Unit
CSH-001879,2025-04-21,BR-01,INFLOW,Customer Payment,875.28,Cheque,INV-001675,Bank Settlement from Saravana Electric Works (Govindaraj)
CSH-001880,2025-01-17,BR-01,INFLOW,Customer Payment,991.2,Cash,INV-001676,Receipt from Mohammed Riyaz (Home Renovation)
CSH-001881,2025-02-13,BR-03,INFLOW,Customer Payment,1174.1,NEFT / Bank Transfer,INV-001677,Bank Settlement from Sundaram Hospital Maintenance
CSH-001882,2025-02-03,BR-02,INFLOW,Customer Payment,1500.84,RTGS,INV-001678,Bank Settlement from Gowda Electrical Repairs
CSH-001883,2025-01-24,BR-03,INFLOW,Customer Payment,171360.78,NEFT / Bank Transfer,INV-001679,Bank Settlement from Kongu Builders & Real Estate
CSH-001884,2025-02-10,BR-03,INFLOW,Customer Payment,79655.66,UPI,INV-001680,Bank Settlement from Kongu Builders & Real Estate
CSH-001885,2025-01-18,BR-01,OUTFLOW,Office Supplies & Printing,1983.37,Petty Cash,EXP-000205,Operational expense
CSH-001886,2025-02-13,BR-02,INFLOW,Customer Payment,566.4,RTGS,INV-001681,Bank Settlement from Brigade Vista Apartment Owners Assn
CSH-001887,2025-01-30,BR-01,INFLOW,Customer Payment,3404.3,NEFT / Bank Transfer,INV-001682,Bank Settlement from Apex Manufacturing Solutions
CSH-001888,2025-01-20,BR-03,INFLOW,Customer Payment,1728.7,Cash,INV-001683,Receipt from Karthika Departmental Store
CSH-001889,2025-03-06,BR-03,INFLOW,Customer Payment,16697.0,NEFT / Bank Transfer,INV-001684,Bank Settlement from Mani Bros Electricals (Mani)
CSH-001890,2025-02-03,BR-01,INFLOW,Customer Payment,861.4,NEFT / Bank Transfer,INV-001685,Bank Settlement from Apex Manufacturing Solutions
CSH-001891,2025-03-22,BR-02,INFLOW,Customer Payment,48633.7,UPI,INV-001686,Bank Settlement from Raghavendra Infrastructure Developers
CSH-001892,2025-01-21,BR-02,INFLOW,Customer Payment,3304.0,UPI,INV-001687,Receipt from Dr. Arvind Rao Dental Clinic
CSH-001893,2025-02-19,BR-01,INFLOW,Customer Payment,3109.3,RTGS,INV-001688,Bank Settlement from TechPark Facility Maintenance Team
CSH-001894,2025-01-22,BR-01,INFLOW,Customer Payment,2478.0,Cash,INV-001689,Receipt from Mohammed Riyaz (Home Renovation)
CSH-001895,2025-02-10,BR-01,INFLOW,Customer Payment,24670.26,UPI,INV-001690,Bank Settlement from Srinivasan & Sons Contractor
CSH-001896,2025-03-24,BR-01,INFLOW,Customer Payment,93574.0,RTGS,INV-001691,Bank Settlement from Global Smart Solutions (P) Ltd
CSH-001897,2025-02-08,BR-03,INFLOW,Customer Payment,10454.8,RTGS,INV-001692,Bank Settlement from Rangasamy Electrician Workshop
CSH-001898,2025-02-08,BR-03,INFLOW,Customer Payment,460.2,Cheque,INV-001693,Bank Settlement from Annamalai Agro Processing Unit
CSH-001899,2025-01-29,BR-01,INFLOW,Customer Payment,108831.4,Cheque,INV-001694,Bank Settlement from Global Smart Solutions (P) Ltd
CSH-001900,2025-01-31,BR-01,INFLOW,Customer Payment,20626.4,UPI,INV-001695,Bank Settlement from Sri Ramakrishna Builders & Infra
CSH-001901,2025-02-15,BR-01,INFLOW,Customer Payment,33796.38,UPI,INV-001696,Bank Settlement from Balaji Electrical Contractors
CSH-001902,2025-02-08,BR-01,INFLOW,Customer Payment,460.2,NEFT / Bank Transfer,INV-001697,Bank Settlement from Apex Manufacturing Solutions
CSH-001903,2025-03-27,BR-01,INFLOW,Customer Payment,196213.94,UPI,INV-001698,Bank Settlement from Kalam Brothers Electrical Store
CSH-001904,2025-03-07,BR-02,INFLOW,Customer Payment,11357.5,RTGS,INV-001699,Bank Settlement from Raghavendra Infrastructure Developers
CSH-001905,2025-02-12,BR-03,INFLOW,Customer Payment,32550.3,NEFT / Bank Transfer,INV-001700,Bank Settlement from Marutham Electrical & Power Agency
CSH-001906,2025-01-23,BR-02,OUTFLOW,Minor Maintenance & Repair,419.23,Petty Cash,EXP-000206,Operational expense
CSH-001907,2025-02-05,BR-02,INFLOW,Customer Payment,240956.0,NEFT / Bank Transfer,INV-001701,Bank Settlement from Raghavendra Infrastructure Developers
CSH-001908,2025-02-13,BR-01,INFLOW,Customer Payment,9310.2,Cheque,INV-001702,Bank Settlement from Anbu Electricals (Anbazhagan)
CSH-001909,2025-02-08,BR-01,INFLOW,Customer Payment,1298.0,RTGS,INV-001703,Bank Settlement from Vels Vidyashram School Campus
CSH-001910,2025-01-31,BR-01,INFLOW,Customer Payment,124554.9,UPI,INV-001704,Bank Settlement from Kalam Brothers Electrical Store
CSH-001911,2025-02-03,BR-01,INFLOW,Customer Payment,2672.7,RTGS,INV-001705,Bank Settlement from Apex Manufacturing Solutions
CSH-001912,2025-02-22,BR-01,INFLOW,Customer Payment,115185.7,NEFT / Bank Transfer,INV-001706,Bank Settlement from Kalam Brothers Electrical Store
CSH-001913,2025-01-24,BR-03,OUTFLOW,Office Supplies & Printing,696.01,Petty Cash,EXP-000207,Operational expense
CSH-001914,2025-01-25,BR-02,INFLOW,Customer Payment,413.0,Cash,INV-001707,Receipt from Nandini Milk Parlour & Mart
CSH-001915,2025-02-24,BR-02,INFLOW,Customer Payment,1062.0,NEFT / Bank Transfer,INV-001708,Bank Settlement from InnoTech Coworking Hub
CSH-001916,2025-02-12,BR-01,INFLOW,Customer Payment,176669.6,NEFT / Bank Transfer,INV-001709,Bank Settlement from Victory Housing Projects Phase 2
CSH-001917,2025-01-25,BR-03,OUTFLOW,Minor Maintenance & Repair,990.05,Petty Cash,EXP-000208,Operational expense
CSH-001918,2025-01-26,BR-01,OUTFLOW,Office Supplies & Printing,1746.27,Petty Cash,EXP-000209,Operational expense
CSH-001919,2025-01-27,BR-01,INFLOW,Customer Payment,3587.2,UPI,INV-001710,Receipt from Dr. Priya Sundaram (Home Clinic)
CSH-001920,2025-03-20,BR-02,INFLOW,Customer Payment,21930.3,RTGS,INV-001711,Bank Settlement from Cauvery Engineering Contractors
CSH-001921,2025-02-11,BR-02,INFLOW,Customer Payment,2029.6,Cheque,INV-001712,Bank Settlement from Manjunatha Electrical Works
CSH-001922,2025-01-27,BR-03,OUTFLOW,Vehicle Fuel & Freight,1223.8,Petty Cash,EXP-000210,Operational expense
CSH-001923,2025-04-04,BR-01,INFLOW,Customer Payment,117315.6,UPI,INV-001713,Bank Settlement from Global Smart Solutions (P) Ltd
CSH-001924,2025-02-18,BR-01,INFLOW,Customer Payment,215456.2,RTGS,INV-001714,Bank Settlement from Kalaivani Hardware & Paints
CSH-001925,2025-02-11,BR-03,INFLOW,Customer Payment,260166.4,UPI,INV-001715,Bank Settlement from Marutham Electrical & Power Agency
CSH-001926,2025-01-28,BR-02,INFLOW,Customer Payment,4354.2,UPI,INV-001716,Receipt from Dr. Arvind Rao Dental Clinic
CSH-001927,2025-02-25,BR-03,INFLOW,Customer Payment,225734.0,UPI,INV-001717,Bank Settlement from Marutham Electrical & Power Agency
CSH-001928,2025-02-22,BR-02,INFLOW,Customer Payment,4661.0,UPI,INV-001718,Bank Settlement from Silicon Valley PG Hostel Chain
CSH-001929,2025-02-21,BR-01,INFLOW,Customer Payment,56976.3,UPI,INV-001719,Bank Settlement from Balaji Electrical Contractors
CSH-001930,2025-02-16,BR-03,INFLOW,Customer Payment,542.8,Cheque,INV-001720,Bank Settlement from Annamalai Agro Processing Unit
CSH-001931,2025-02-21,BR-02,INFLOW,Customer Payment,2231.38,RTGS,INV-001721,Bank Settlement from Manjunatha Electrical Works
CSH-001932,2025-02-25,BR-01,INFLOW,Customer Payment,1587.1,Cheque,INV-001722,Bank Settlement from Royal Comfort Residency Hotel
CSH-001933,2025-02-15,BR-01,INFLOW,Customer Payment,21316.7,RTGS,INV-001723,Bank Settlement from Victory Housing Projects Phase 2
CSH-001934,2025-02-15,BR-02,INFLOW,Customer Payment,51106.98,UPI,INV-001724,Bank Settlement from Raghavendra Infrastructure Developers
CSH-001935,2025-02-24,BR-01,INFLOW,Customer Payment,151705.52,Cheque,INV-001725,Bank Settlement from Srinivasan & Sons Contractor
CSH-001936,2025-02-21,BR-01,INFLOW,Customer Payment,50238.5,RTGS,INV-001726,Bank Settlement from Srinivasan & Sons Contractor
CSH-001937,2025-02-24,BR-02,INFLOW,Customer Payment,5127.1,Cheque,INV-001727,Bank Settlement from Gowda Electrical Repairs
CSH-001938,2025-03-22,BR-01,INFLOW,Customer Payment,662487.4,UPI,INV-001728,Bank Settlement from Kalaivani Hardware & Paints
CSH-001939,2025-01-30,BR-01,INFLOW,Customer Payment,3180.1,UPI,INV-001729,Receipt from Dr. Priya Sundaram (Home Clinic)
CSH-001940,2025-03-25,BR-02,INFLOW,Customer Payment,206.5,NEFT / Bank Transfer,INV-001730,Bank Settlement from Silicon Valley PG Hostel Chain
CSH-001941,2025-01-31,BR-03,INFLOW,Customer Payment,4012.0,Cash,INV-001731,Receipt from Karthika Departmental Store
CSH-001942,2025-02-26,BR-01,INFLOW,Customer Payment,45843.0,Cheque,INV-001732,Bank Settlement from Srinivasan & Sons Contractor
CSH-001943,2025-01-31,BR-01,INFLOW,Customer Payment,4200.8,Cash,INV-001733,Receipt from Murugan Auto Garage & Works
CSH-001944,2025-03-01,BR-03,INFLOW,Customer Payment,5935.4,Cheque,INV-001734,Bank Settlement from Sundaram Hospital Maintenance
CSH-001945,2025-01-31,BR-02,INFLOW,Customer Payment,129.8,Credit Card,INV-001735,Receipt from Suresh Babu (Villa Construction)
CSH-001946,2025-03-21,BR-01,INFLOW,Customer Payment,2006.0,UPI,INV-001736,Bank Settlement from TechPark Facility Maintenance Team
CSH-001947,2025-03-15,BR-01,INFLOW,Customer Payment,8442.9,UPI,INV-001737,Bank Settlement from Anbu Electricals (Anbazhagan)
CSH-001948,2025-03-09,BR-02,INFLOW,Customer Payment,3504.6,UPI,INV-001738,Bank Settlement from Gowda Electrical Repairs
CSH-001949,2025-02-23,BR-01,INFLOW,Customer Payment,3776.0,NEFT / Bank Transfer,INV-001739,Bank Settlement from Metro Supermarket Tambaram
CSH-001950,2025-03-17,BR-03,INFLOW,Customer Payment,20390.4,UPI,INV-001740,Bank Settlement from Rangasamy Electrician Workshop
CSH-001951,2025-02-26,BR-03,INFLOW,Customer Payment,76.7,NEFT / Bank Transfer,INV-001741,Bank Settlement from Kovai Textile Mills Facility Team
CSH-001952,2025-02-18,BR-01,INFLOW,Customer Payment,18667.6,Cheque,INV-001742,Bank Settlement from Selvam Electrician Services
CSH-001953,2025-02-09,BR-01,INFLOW,Customer Payment,3534.1,Cheque,INV-001743,Bank Settlement from Saravana Electric Works (Govindaraj)
CSH-001954,2025-02-01,BR-01,OUTFLOW,Showroom Rent,75000.0,Bank Transfer,EXP-000211,Rent for Vidyut Central Hub & Showroom
CSH-001955,2025-02-01,BR-02,OUTFLOW,Showroom Rent,45000.0,Bank Transfer,EXP-000212,Rent for Vidyut Electronic City Retail Branch
CSH-001956,2025-02-01,BR-03,OUTFLOW,Showroom Rent,35000.0,Bank Transfer,EXP-000213,Rent for Vidyut Coimbatore Townhall Branch
CSH-001957,2025-02-02,BR-01,OUTFLOW,Minor Maintenance & Repair,570.85,Petty Cash,EXP-000214,Operational expense
CSH-001958,2025-02-25,BR-01,INFLOW,Customer Payment,155992.46,Cheque,INV-001744,Bank Settlement from Kalaivani Hardware & Paints
CSH-001959,2025-02-16,BR-01,INFLOW,Customer Payment,1091.5,NEFT / Bank Transfer,INV-001745,Bank Settlement from TechPark Facility Maintenance Team
CSH-001960,2025-03-20,BR-03,INFLOW,Customer Payment,88.5,RTGS,INV-001746,Bank Settlement from Sri Krishna Engineering College Hostel
CSH-001961,2025-02-28,BR-02,INFLOW,Customer Payment,164306.74,Cheque,INV-001747,Bank Settlement from Cauvery Engineering Contractors
CSH-001962,2025-02-15,BR-01,INFLOW,Customer Payment,2773.0,RTGS,INV-001748,Bank Settlement from Poompuhar Handicrafts Store
CSH-001963,2025-02-20,BR-01,INFLOW,Customer Payment,13021.3,Cheque,INV-001749,Bank Settlement from Balaji Electrical Contractors
CSH-001964,2025-03-15,BR-03,INFLOW,Customer Payment,4265.7,UPI,INV-001750,Bank Settlement from Sri Krishna Engineering College Hostel
CSH-001965,2025-04-14,BR-01,INFLOW,Customer Payment,4277.5,UPI,INV-001751,Bank Settlement from Royal Comfort Residency Hotel
CSH-001966,2025-02-15,BR-01,INFLOW,Customer Payment,31346.7,NEFT / Bank Transfer,INV-001752,Bank Settlement from Anbu Electricals (Anbazhagan)
CSH-001967,2025-02-23,BR-03,INFLOW,Customer Payment,1239.0,RTGS,INV-001753,Bank Settlement from Sri Krishna Engineering College Hostel
CSH-001968,2025-02-04,BR-01,INFLOW,Customer Payment,1003.0,UPI,INV-001754,Receipt from Lakshmi Vilas Sweets & Bakery
CSH-001969,2025-03-25,BR-02,INFLOW,Customer Payment,2331.68,UPI,INV-001755,Bank Settlement from Urban Spaces Interior Studio
CSH-001970,2025-03-04,BR-03,INFLOW,Customer Payment,1150.5,UPI,INV-001756,Bank Settlement from Sundaram Hospital Maintenance
CSH-001971,2025-02-27,BR-01,INFLOW,Customer Payment,58191.7,RTGS,INV-001757,Bank Settlement from Sri Ramakrishna Builders & Infra
CSH-001972,2025-02-05,BR-01,INFLOW,Customer Payment,424.8,Cash,INV-001758,Receipt from Murugan Auto Garage & Works
CSH-001973,2025-03-08,BR-02,INFLOW,Customer Payment,68248.37,RTGS,INV-001759,Bank Settlement from Raghavendra Infrastructure Developers
CSH-001974,2025-03-01,BR-02,INFLOW,Customer Payment,750.48,RTGS,INV-001760,Bank Settlement from Manjunatha Electrical Works
CSH-001975,2025-02-05,BR-01,OUTFLOW,Payroll Salaries,160000.0,Bank Transfer,EXP-000215,Salary Payout BR-01
CSH-001976,2025-02-05,BR-02,OUTFLOW,Payroll Salaries,96000.0,Bank Transfer,EXP-000216,Salary Payout BR-02
CSH-001977,2025-02-05,BR-03,OUTFLOW,Payroll Salaries,96000.0,Bank Transfer,EXP-000217,Salary Payout BR-03
CSH-001978,2025-02-28,BR-02,INFLOW,Customer Payment,1746.4,RTGS,INV-001761,Bank Settlement from Manjunatha Electrical Works
CSH-001979,2025-02-12,BR-01,INFLOW,Customer Payment,10059.5,NEFT / Bank Transfer,INV-001762,Bank Settlement from Selvam Electrician Services
CSH-001980,2025-03-02,BR-01,INFLOW,Customer Payment,242846.36,RTGS,INV-001763,Bank Settlement from Kalaivani Hardware & Paints
CSH-001981,2025-02-26,BR-01,INFLOW,Customer Payment,61807.46,UPI,INV-001764,Bank Settlement from Victory Housing Projects Phase 2
CSH-001982,2025-02-07,BR-02,INFLOW,Customer Payment,283.2,UPI,INV-001765,Receipt from Dr. Arvind Rao Dental Clinic
CSH-001983,2025-03-09,BR-01,INFLOW,Customer Payment,6761.4,UPI,INV-001766,Bank Settlement from Selvam Electrician Services
CSH-001984,2025-02-21,BR-01,INFLOW,Customer Payment,2242.0,RTGS,INV-001767,Bank Settlement from Apex Manufacturing Solutions
CSH-001985,2025-03-06,BR-03,INFLOW,Customer Payment,159606.8,RTGS,INV-001768,Bank Settlement from Velan Pump & Motor Spares Store
CSH-001986,2025-03-04,BR-02,INFLOW,Customer Payment,14313.4,RTGS,INV-001769,Bank Settlement from Manjunatha Electrical Works
CSH-001987,2025-02-07,BR-02,INFLOW,Customer Payment,2419.0,Cash,INV-001770,Receipt from Nandini Milk Parlour & Mart
CSH-001988,2025-02-12,BR-03,INFLOW,Customer Payment,1148.14,NEFT / Bank Transfer,INV-001771,Bank Settlement from Rangasamy Electrician Workshop
CSH-001989,2025-02-24,BR-02,INFLOW,Customer Payment,103403.4,Cheque,INV-001772,Bank Settlement from Sri Venkateshwara Hardware & Electricals
CSH-001990,2025-02-16,BR-03,INFLOW,Customer Payment,424.8,UPI,INV-001773,Bank Settlement from Sri Krishna Engineering College Hostel
CSH-001991,2025-02-25,BR-01,INFLOW,Customer Payment,3256.8,NEFT / Bank Transfer,INV-001774,Bank Settlement from Royal Comfort Residency Hotel
CSH-001992,2025-02-08,BR-01,INFLOW,Customer Payment,4625.6,UPI,INV-001775,Receipt from Dr. Priya Sundaram (Home Clinic)
CSH-001993,2025-02-19,BR-01,INFLOW,Customer Payment,76.7,UPI,INV-001776,Bank Settlement from Vels Vidyashram School Campus
CSH-001994,2025-02-27,BR-01,INFLOW,Customer Payment,413.0,UPI,INV-001777,Bank Settlement from Vels Vidyashram School Campus
CSH-001995,2025-03-08,BR-03,INFLOW,Customer Payment,197085.96,NEFT / Bank Transfer,INV-001778,Bank Settlement from Marutham Electrical & Power Agency
CSH-001996,2025-03-11,BR-01,INFLOW,Customer Payment,1593.0,UPI,INV-001779,Bank Settlement from Anbu Electricals (Anbazhagan)
CSH-001997,2025-02-25,BR-03,INFLOW,Customer Payment,121165.7,UPI,INV-001780,Bank Settlement from Kongu Builders & Real Estate
CSH-001998,2025-03-12,BR-02,INFLOW,Customer Payment,8078.28,Cheque,INV-001781,Bank Settlement from Manjunatha Electrical Works
CSH-001999,2025-03-15,BR-03,INFLOW,Customer Payment,2773.0,UPI,INV-001782,Bank Settlement from Kovai Textile Mills Facility Team
CSH-002000,2025-02-10,BR-01,OUTFLOW,Electricity Bill,9182.71,Online Banking,EXP-000218,Utility Payment
CSH-002001,2025-02-10,BR-02,OUTFLOW,Electricity Bill,9015.12,Online Banking,EXP-000219,Utility Payment
CSH-002002,2025-02-10,BR-03,OUTFLOW,Electricity Bill,13903.3,Online Banking,EXP-000220,Utility Payment
CSH-002003,2025-03-01,BR-01,INFLOW,Customer Payment,58629.48,Cheque,INV-001783,Bank Settlement from Balaji Electrical Contractors
CSH-002004,2025-02-24,BR-02,INFLOW,Customer Payment,1864.4,NEFT / Bank Transfer,INV-001784,Bank Settlement from Manjunatha Electrical Works
CSH-002005,2025-03-09,BR-03,INFLOW,Customer Payment,10336.8,NEFT / Bank Transfer,INV-001785,Bank Settlement from Mani Bros Electricals (Mani)
CSH-002006,2025-03-03,BR-02,INFLOW,Customer Payment,98171.28,UPI,INV-001786,Bank Settlement from Raghavendra Infrastructure Developers
CSH-002007,2025-02-11,BR-01,INFLOW,Customer Payment,2891.0,Cash,INV-001787,Receipt from Mohammed Riyaz (Home Renovation)
CSH-002008,2025-02-12,BR-01,INFLOW,Customer Payment,1062.0,Cash,INV-001788,Receipt from Mohammed Riyaz (Home Renovation)
CSH-002009,2025-04-20,BR-01,INFLOW,Customer Payment,6136.0,UPI,INV-001789,Bank Settlement from Vels Vidyashram School Campus
CSH-002010,2025-02-23,BR-02,INFLOW,Customer Payment,25969.44,NEFT / Bank Transfer,INV-001790,Bank Settlement from Urban Spaces Interior Studio
CSH-002011,2025-02-26,BR-01,INFLOW,Customer Payment,66207.44,RTGS,INV-001791,Bank Settlement from Global Smart Solutions (P) Ltd
CSH-002012,2025-03-06,BR-01,INFLOW,Customer Payment,4179.56,UPI,INV-001792,Bank Settlement from Anbu Electricals (Anbazhagan)
CSH-002013,2025-03-21,BR-01,INFLOW,Customer Payment,5333.6,NEFT / Bank Transfer,INV-001793,Bank Settlement from Royal Comfort Residency Hotel
CSH-002014,2025-02-13,BR-01,INFLOW,Customer Payment,1239.0,UPI,INV-001794,Receipt from Dr. Priya Sundaram (Home Clinic)
CSH-002015,2025-03-14,BR-03,INFLOW,Customer Payment,8832.3,NEFT / Bank Transfer,INV-001795,Bank Settlement from Mani Bros Electricals (Mani)
CSH-002016,2025-02-14,BR-02,INFLOW,Customer Payment,283.2,Credit Card,INV-001796,Receipt from Suresh Babu (Villa Construction)
CSH-002017,2025-03-12,BR-01,INFLOW,Customer Payment,25818.4,UPI,INV-001797,Bank Settlement from Selvam Electrician Services
CSH-002018,2025-02-26,BR-02,INFLOW,Customer Payment,340018.18,UPI,INV-001798,Bank Settlement from Cauvery Engineering Contractors
CSH-002019,2025-03-13,BR-03,INFLOW,Customer Payment,696.2,NEFT / Bank Transfer,INV-001799,Bank Settlement from Kovai Textile Mills Facility Team
CSH-002020,2025-03-09,BR-02,INFLOW,Customer Payment,82157.5,UPI,INV-001800,Bank Settlement from Sri Venkateshwara Hardware & Electricals
CSH-002021,2025-03-16,BR-03,INFLOW,Customer Payment,5103.5,RTGS,INV-001801,Bank Settlement from Rangasamy Electrician Workshop
CSH-002022,2025-03-24,BR-02,INFLOW,Customer Payment,130601.93,RTGS,INV-001802,Bank Settlement from Urban Spaces Interior Studio
CSH-002023,2025-02-27,BR-02,INFLOW,Customer Payment,144965.36,RTGS,INV-001803,Bank Settlement from Raghavendra Infrastructure Developers
CSH-002024,2025-03-09,BR-03,INFLOW,Customer Payment,5333.6,RTGS,INV-001804,Bank Settlement from Sri Krishna Engineering College Hostel
CSH-002025,2025-02-15,BR-02,INFLOW,Customer Payment,9676.0,Cash,INV-001805,Receipt from Nandini Milk Parlour & Mart
CSH-002026,2025-03-10,BR-01,INFLOW,Customer Payment,4047.4,Cheque,INV-001806,Bank Settlement from TechPark Facility Maintenance Team
CSH-002027,2025-03-14,BR-01,INFLOW,Customer Payment,153.4,NEFT / Bank Transfer,INV-001807,Bank Settlement from Royal Comfort Residency Hotel
CSH-002028,2025-03-12,BR-01,INFLOW,Customer Payment,383584.96,Cheque,INV-001808,Bank Settlement from Devi Agency & Lighting Store
CSH-002029,2025-02-17,BR-02,INFLOW,Customer Payment,8348.5,Cash,INV-001809,Receipt from Nandini Milk Parlour & Mart
CSH-002030,2025-03-22,BR-03,INFLOW,Customer Payment,395828.64,RTGS,INV-001810,Bank Settlement from Marutham Electrical & Power Agency
CSH-002031,2025-02-17,BR-02,INFLOW,Customer Payment,944.0,Cash,INV-001811,Receipt from Nandini Milk Parlour & Mart
CSH-002032,2025-02-18,BR-02,INFLOW,Customer Payment,826.0,Cash,INV-001812,Receipt from Nandini Milk Parlour & Mart
CSH-002033,2025-04-02,BR-01,INFLOW,Customer Payment,1062.0,Cheque,INV-001813,Bank Settlement from Vels Vidyashram School Campus
CSH-002034,2025-02-18,BR-01,INFLOW,Customer Payment,1368.8,Cash,INV-001814,Receipt from Mohammed Riyaz (Home Renovation)
CSH-002035,2025-02-26,BR-02,INFLOW,Customer Payment,82215.32,NEFT / Bank Transfer,INV-001815,Bank Settlement from Sri Venkateshwara Hardware & Electricals
CSH-002036,2025-03-23,BR-03,INFLOW,Customer Payment,1156.4,NEFT / Bank Transfer,INV-001816,Bank Settlement from Kovai Elite Residency Hotel
CSH-002037,2025-02-19,BR-02,INFLOW,Customer Payment,2684.5,UPI,INV-001817,Receipt from Dr. Arvind Rao Dental Clinic
CSH-002038,2025-03-20,BR-03,INFLOW,Customer Payment,849.6,UPI,INV-001818,Bank Settlement from Mani Bros Electricals (Mani)
CSH-002039,2025-03-05,BR-01,INFLOW,Customer Payment,10000.5,NEFT / Bank Transfer,INV-001819,Bank Settlement from Anbu Electricals (Anbazhagan)
CSH-002040,2025-03-20,BR-01,INFLOW,Customer Payment,24145.63,RTGS,INV-001820,Bank Settlement from Srinivasan & Sons Contractor
CSH-002041,2025-03-10,BR-03,INFLOW,Customer Payment,5817.4,NEFT / Bank Transfer,INV-001821,Bank Settlement from Sri Krishna Engineering College Hostel
CSH-002042,2025-02-20,BR-02,INFLOW,Customer Payment,4543.0,Credit Card,INV-001822,Receipt from Suresh Babu (Villa Construction)
CSH-002043,2025-03-21,BR-02,INFLOW,Customer Payment,182.9,RTGS,INV-001823,Bank Settlement from InnoTech Coworking Hub
CSH-002044,2025-03-11,BR-02,INFLOW,Customer Payment,82741.6,RTGS,INV-001824,Bank Settlement from Urban Spaces Interior Studio
CSH-002045,2025-02-25,BR-01,INFLOW,Customer Payment,86276.88,Cheque,INV-001825,Bank Settlement from Devi Agency & Lighting Store
CSH-002046,2025-02-27,BR-03,INFLOW,Customer Payment,571546.22,UPI,INV-001826,Bank Settlement from Velan Pump & Motor Spares Store
CSH-002047,2025-02-20,BR-03,OUTFLOW,Vehicle Fuel & Freight,2353.06,Petty Cash,EXP-000221,Operational expense
CSH-002048,2025-03-23,BR-02,INFLOW,Customer Payment,23754.58,NEFT / Bank Transfer,INV-001827,Bank Settlement from Urban Spaces Interior Studio
CSH-002049,2025-03-04,BR-01,INFLOW,Customer Payment,211362.78,NEFT / Bank Transfer,INV-001828,Bank Settlement from Sri Ramakrishna Builders & Infra
CSH-002050,2025-03-17,BR-01,INFLOW,Customer Payment,50495.5,Cheque,INV-001829,Bank Settlement from Sri Ramakrishna Builders & Infra
CSH-002051,2025-04-04,BR-03,INFLOW,Customer Payment,129.8,UPI,INV-001830,Bank Settlement from Sri Krishna Engineering College Hostel
CSH-002052,2025-04-14,BR-03,INFLOW,Customer Payment,12321.56,NEFT / Bank Transfer,INV-001831,Bank Settlement from Rangasamy Electrician Workshop
CSH-002053,2025-02-21,BR-03,OUTFLOW,Office Supplies & Printing,1253.66,Petty Cash,EXP-000222,Operational expense
CSH-002054,2025-02-22,BR-01,INFLOW,Customer Payment,1298.0,UPI,INV-001832,Receipt from Dr. Priya Sundaram (Home Clinic)
CSH-002055,2025-03-03,BR-02,INFLOW,Customer Payment,58028.15,RTGS,INV-001833,Bank Settlement from Sri Venkateshwara Hardware & Electricals
CSH-002056,2025-03-30,BR-03,INFLOW,Customer Payment,194.7,UPI,INV-001834,Bank Settlement from Sri Krishna Engineering College Hostel
CSH-002057,2025-03-01,BR-03,INFLOW,Customer Payment,1286.2,NEFT / Bank Transfer,INV-001835,Bank Settlement from Kovai Textile Mills Facility Team
CSH-002058,2025-02-28,BR-01,INFLOW,Customer Payment,127878.96,Cheque,INV-001836,Bank Settlement from Sri Ramakrishna Builders & Infra
CSH-002059,2025-03-13,BR-01,INFLOW,Customer Payment,2643.2,NEFT / Bank Transfer,INV-001837,Bank Settlement from Metro Supermarket Tambaram
CSH-002060,2025-03-17,BR-01,INFLOW,Customer Payment,281260.08,RTGS,INV-001838,Bank Settlement from Global Smart Solutions (P) Ltd
CSH-002061,2025-03-25,BR-03,INFLOW,Customer Payment,76.7,RTGS,INV-001839,Bank Settlement from Sri Krishna Engineering College Hostel
CSH-002062,2025-03-06,BR-02,INFLOW,Customer Payment,21039.4,Cheque,INV-001840,Bank Settlement from Raghavendra Infrastructure Developers
CSH-002063,2025-04-09,BR-01,INFLOW,Customer Payment,135469.9,UPI,INV-001841,Bank Settlement from Kalaivani Hardware & Paints
CSH-002064,2025-03-19,BR-02,INFLOW,Customer Payment,5970.8,NEFT / Bank Transfer,INV-001842,Bank Settlement from Manjunatha Electrical Works
CSH-002065,2025-02-24,BR-01,OUTFLOW,Minor Maintenance & Repair,1653.11,Petty Cash,EXP-000223,Operational expense
CSH-002066,2025-03-23,BR-01,INFLOW,Customer Payment,35246.6,Cheque,INV-001843,Bank Settlement from Sri Ramakrishna Builders & Infra
CSH-002067,2025-02-25,BR-01,INFLOW,Customer Payment,88.5,Cash,INV-001844,Receipt from Murugan Auto Garage & Works
CSH-002068,2025-03-05,BR-02,INFLOW,Customer Payment,61555.88,NEFT / Bank Transfer,INV-001845,Bank Settlement from Cauvery Engineering Contractors
CSH-002069,2025-02-25,BR-01,INFLOW,Customer Payment,944.0,Credit Card,INV-001846,Receipt from Karthik Residential Apartment Owner
CSH-002070,2025-02-25,BR-02,OUTFLOW,Staff Refreshments & Tea,1149.73,Petty Cash,EXP-000224,Operational expense
CSH-002071,2025-02-26,BR-01,INFLOW,Customer Payment,3492.8,Credit Card,INV-001847,Receipt from Karthik Residential Apartment Owner
CSH-002072,2025-03-18,BR-01,INFLOW,Customer Payment,26255.0,UPI,INV-001848,Bank Settlement from Saravana Electric Works (Govindaraj)
CSH-002073,2025-03-25,BR-02,INFLOW,Customer Payment,5133.0,UPI,INV-001849,Bank Settlement from Silicon Valley PG Hostel Chain
CSH-002074,2025-03-21,BR-03,INFLOW,Customer Payment,531.0,NEFT / Bank Transfer,INV-001850,Bank Settlement from Kovai Elite Residency Hotel
CSH-002075,2025-03-17,BR-01,INFLOW,Customer Payment,112346.62,UPI,INV-001851,Bank Settlement from Balaji Electrical Contractors
CSH-002076,2025-02-27,BR-02,INFLOW,Customer Payment,531.0,UPI,INV-001852,Receipt from Dr. Arvind Rao Dental Clinic
CSH-002077,2025-03-21,BR-02,INFLOW,Customer Payment,4901.72,UPI,INV-001853,Bank Settlement from Raghavendra Infrastructure Developers
CSH-002078,2025-02-27,BR-02,INFLOW,Customer Payment,4035.6,Cash,INV-001854,Receipt from Nandini Milk Parlour & Mart
CSH-002079,2025-03-29,BR-03,INFLOW,Customer Payment,268022.6,NEFT / Bank Transfer,INV-001855,Bank Settlement from Velan Pump & Motor Spares Store
CSH-002080,2025-02-27,BR-03,OUTFLOW,Staff Refreshments & Tea,1072.11,Petty Cash,EXP-000225,Operational expense
CSH-002081,2025-03-16,BR-02,INFLOW,Customer Payment,40651.0,UPI,INV-001856,Bank Settlement from Raghavendra Infrastructure Developers
CSH-002082,2025-03-06,BR-01,INFLOW,Customer Payment,10030.0,UPI,INV-001857,Bank Settlement from Sri Ramakrishna Builders & Infra
CSH-002083,2025-05-27,BR-02,INFLOW,Customer Payment,163610.54,Cheque,INV-001858,Bank Settlement from Urban Spaces Interior Studio
CSH-002084,2025-04-10,BR-02,INFLOW,Customer Payment,5622.7,NEFT / Bank Transfer,INV-001859,Bank Settlement from Brigade Vista Apartment Owners Assn
CSH-002085,2025-02-28,BR-01,INFLOW,Customer Payment,3858.6,Cash,INV-001860,Receipt from Mohammed Riyaz (Home Renovation)
CSH-002086,2025-03-16,BR-01,INFLOW,Customer Payment,3832.64,Cheque,INV-001861,Bank Settlement from Selvam Electrician Services
CSH-002087,2025-02-28,BR-01,INFLOW,Customer Payment,1805.4,Cash,INV-001862,Receipt from Murugan Auto Garage & Works
CSH-002088,2025-03-24,BR-01,INFLOW,Customer Payment,1003.0,Cheque,INV-001863,Bank Settlement from Vels Vidyashram School Campus
CSH-002089,2025-03-22,BR-01,INFLOW,Customer Payment,17003.8,Cheque,INV-001864,Bank Settlement from Sri Ramakrishna Builders & Infra
CSH-002090,2025-03-01,BR-01,INFLOW,Customer Payment,413.0,UPI,INV-001865,Receipt from Dr. Priya Sundaram (Home Clinic)
CSH-002091,2025-04-23,BR-03,INFLOW,Customer Payment,5546.0,NEFT / Bank Transfer,INV-001866,Bank Settlement from Sundaram Hospital Maintenance
CSH-002092,2025-03-01,BR-01,INFLOW,Customer Payment,253.7,Cash,INV-001867,Receipt from Mohammed Riyaz (Home Renovation)
CSH-002093,2025-03-01,BR-01,OUTFLOW,Showroom Rent,75000.0,Bank Transfer,EXP-000226,Rent for Vidyut Central Hub & Showroom
CSH-002094,2025-03-01,BR-02,OUTFLOW,Showroom Rent,45000.0,Bank Transfer,EXP-000227,Rent for Vidyut Electronic City Retail Branch
CSH-002095,2025-03-01,BR-03,OUTFLOW,Showroom Rent,35000.0,Bank Transfer,EXP-000228,Rent for Vidyut Coimbatore Townhall Branch
CSH-002096,2025-03-03,BR-02,INFLOW,Customer Payment,3315.8,Credit Card,INV-001868,Receipt from Suresh Babu (Villa Construction)
CSH-002097,2025-03-03,BR-02,INFLOW,Customer Payment,283.2,UPI,INV-001869,Receipt from Dr. Arvind Rao Dental Clinic
CSH-002098,2025-04-10,BR-01,INFLOW,Customer Payment,156574.2,NEFT / Bank Transfer,INV-001870,Bank Settlement from Devi Agency & Lighting Store
CSH-002099,2025-03-13,BR-02,INFLOW,Customer Payment,8684.8,Cheque,INV-001871,Bank Settlement from Silicon Valley PG Hostel Chain
CSH-002100,2025-03-12,BR-02,INFLOW,Customer Payment,40798.5,NEFT / Bank Transfer,INV-001872,Bank Settlement from Urban Spaces Interior Studio
CSH-002101,2025-06-05,BR-01,INFLOW,Customer Payment,1421.9,UPI,INV-001873,Bank Settlement from Royal Comfort Residency Hotel
CSH-002102,2025-03-23,BR-03,INFLOW,Customer Payment,2826.1,NEFT / Bank Transfer,INV-001874,Bank Settlement from Annamalai Agro Processing Unit
CSH-002103,2025-04-02,BR-01,INFLOW,Customer Payment,1522.2,NEFT / Bank Transfer,INV-001875,Bank Settlement from Metro Supermarket Tambaram
CSH-002104,2025-04-04,BR-03,INFLOW,Customer Payment,36479.7,Cheque,INV-001876,Bank Settlement from Marutham Electrical & Power Agency
CSH-002105,2025-04-22,BR-03,INFLOW,Customer Payment,3545.9,RTGS,INV-001877,Bank Settlement from Rangasamy Electrician Workshop
CSH-002106,2025-03-26,BR-01,INFLOW,Customer Payment,71561.1,Cheque,INV-001878,Bank Settlement from Kalam Brothers Electrical Store
CSH-002107,2025-03-05,BR-01,OUTFLOW,Payroll Salaries,160000.0,Bank Transfer,EXP-000229,Salary Payout BR-01
CSH-002108,2025-03-05,BR-02,OUTFLOW,Payroll Salaries,96000.0,Bank Transfer,EXP-000230,Salary Payout BR-02
CSH-002109,2025-03-05,BR-03,OUTFLOW,Payroll Salaries,96000.0,Bank Transfer,EXP-000231,Salary Payout BR-03
CSH-002110,2025-04-22,BR-02,INFLOW,Customer Payment,849.6,UPI,INV-001879,Bank Settlement from Gowda Electrical Repairs
CSH-002111,2025-04-18,BR-03,INFLOW,Customer Payment,1132.8,RTGS,INV-001880,Bank Settlement from Annamalai Agro Processing Unit
CSH-002112,2025-04-06,BR-03,INFLOW,Customer Payment,708.0,RTGS,INV-001881,Bank Settlement from Kovai Textile Mills Facility Team
CSH-002113,2025-03-25,BR-01,INFLOW,Customer Payment,5398.5,UPI,INV-001882,Bank Settlement from Selvam Electrician Services
CSH-002114,2025-03-30,BR-02,INFLOW,Customer Payment,6631.6,UPI,INV-001883,Bank Settlement from Silicon Valley PG Hostel Chain
CSH-002115,2025-04-13,BR-01,INFLOW,Customer Payment,566.4,RTGS,INV-001884,Bank Settlement from Apex Manufacturing Solutions
CSH-002116,2025-03-24,BR-03,INFLOW,Customer Payment,271.4,Cheque,INV-001885,Bank Settlement from Kovai Textile Mills Facility Team
CSH-002117,2025-03-26,BR-01,INFLOW,Customer Payment,389.4,UPI,INV-001886,Bank Settlement from Vels Vidyashram School Campus
CSH-002118,2025-03-12,BR-01,INFLOW,Customer Payment,152932.25,Cheque,INV-001887,Bank Settlement from Sri Ramakrishna Builders & Infra
CSH-002119,2025-03-19,BR-01,INFLOW,Customer Payment,424.8,RTGS,INV-001888,Bank Settlement from Metro Supermarket Tambaram
CSH-002120,2025-04-30,BR-03,INFLOW,Customer Payment,31339.62,UPI,INV-001889,Bank Settlement from Rangasamy Electrician Workshop
CSH-002121,2025-03-26,BR-01,INFLOW,Customer Payment,15363.6,Cheque,INV-001890,Bank Settlement from Anbu Electricals (Anbazhagan)
CSH-002122,2025-04-12,BR-01,INFLOW,Customer Payment,126594.88,UPI,INV-001891,Bank Settlement from Victory Housing Projects Phase 2
CSH-002123,2025-03-08,BR-01,INFLOW,Customer Payment,16803.2,UPI,INV-001892,Receipt from Lakshmi Vilas Sweets & Bakery
CSH-002124,2025-03-10,BR-01,INFLOW,Customer Payment,1227.2,Cash,INV-001893,Receipt from Siva Shankaran (Individual Home)
CSH-002125,2025-05-02,BR-03,INFLOW,Customer Payment,1374.7,Cheque,INV-001894,Bank Settlement from Kovai Textile Mills Facility Team
CSH-002126,2025-03-25,BR-03,INFLOW,Customer Payment,389.4,NEFT / Bank Transfer,INV-001895,Bank Settlement from Kovai Elite Residency Hotel
CSH-002127,2025-03-19,BR-02,INFLOW,Customer Payment,206.5,Cheque,INV-001896,Bank Settlement from InnoTech Coworking Hub
CSH-002128,2025-03-31,BR-03,INFLOW,Customer Payment,19057.0,Cheque,INV-001897,Bank Settlement from Kovai Textile Mills Facility Team
CSH-002129,2025-03-26,BR-03,INFLOW,Customer Payment,22207.6,RTGS,INV-001898,Bank Settlement from Kovai Elite Residency Hotel
CSH-002130,2025-03-26,BR-01,INFLOW,Customer Payment,13434.3,UPI,INV-001899,Bank Settlement from Global Smart Solutions (P) Ltd
CSH-002131,2025-03-10,BR-01,OUTFLOW,Electricity Bill,15784.52,Online Banking,EXP-000232,Utility Payment
CSH-002132,2025-03-10,BR-02,OUTFLOW,Electricity Bill,15248.7,Online Banking,EXP-000233,Utility Payment
CSH-002133,2025-03-10,BR-03,OUTFLOW,Electricity Bill,12894.51,Online Banking,EXP-000234,Utility Payment
CSH-002134,2025-03-10,BR-03,OUTFLOW,Staff Refreshments & Tea,1291.72,Petty Cash,EXP-000235,Operational expense
CSH-002135,2025-03-26,BR-03,INFLOW,Customer Payment,1770.0,NEFT / Bank Transfer,INV-001900,Bank Settlement from Sundaram Hospital Maintenance
CSH-002136,2025-03-11,BR-02,INFLOW,Customer Payment,849.6,Credit Card,INV-001901,Receipt from Suresh Babu (Villa Construction)
CSH-002137,2025-04-08,BR-03,INFLOW,Customer Payment,194.7,RTGS,INV-001902,Bank Settlement from Annamalai Agro Processing Unit
CSH-002138,2025-04-08,BR-02,INFLOW,Customer Payment,873.2,UPI,INV-001903,Bank Settlement from InnoTech Coworking Hub
CSH-002139,2025-03-11,BR-01,INFLOW,Customer Payment,194.7,UPI,INV-001904,Receipt from Lakshmi Vilas Sweets & Bakery
CSH-002140,2025-03-18,BR-03,INFLOW,Customer Payment,329957.5,Cheque,INV-001905,Bank Settlement from Marutham Electrical & Power Agency
CSH-002141,2025-03-29,BR-01,INFLOW,Customer Payment,87632.7,RTGS,INV-001906,Bank Settlement from Victory Housing Projects Phase 2
CSH-002142,2025-04-02,BR-01,INFLOW,Customer Payment,288227.98,Cheque,INV-001907,Bank Settlement from Devi Agency & Lighting Store
CSH-002143,2025-03-24,BR-01,INFLOW,Customer Payment,233660.06,NEFT / Bank Transfer,INV-001908,Bank Settlement from Devi Agency & Lighting Store
CSH-002144,2025-04-18,BR-01,INFLOW,Customer Payment,57985.2,Cheque,INV-001909,Bank Settlement from Srinivasan & Sons Contractor
CSH-002145,2025-04-26,BR-03,INFLOW,Customer Payment,179429.62,NEFT / Bank Transfer,INV-001910,Bank Settlement from Kongu Builders & Real Estate
CSH-002146,2025-04-04,BR-01,INFLOW,Customer Payment,21830.0,Cheque,INV-001911,Bank Settlement from Poompuhar Handicrafts Store
CSH-002147,2025-03-29,BR-01,INFLOW,Customer Payment,245473.04,Cheque,INV-001912,Bank Settlement from Kalaivani Hardware & Paints
CSH-002148,2025-06-08,BR-01,INFLOW,Customer Payment,321915.8,UPI,INV-001913,Bank Settlement from Kalaivani Hardware & Paints
CSH-002149,2025-03-21,BR-01,INFLOW,Customer Payment,15131.14,Cheque,INV-001914,Bank Settlement from Saravana Electric Works (Govindaraj)
CSH-002150,2025-03-13,BR-01,INFLOW,Customer Payment,814.2,Credit Card,INV-001915,Receipt from Karthik Residential Apartment Owner
CSH-002151,2025-04-14,BR-03,INFLOW,Customer Payment,34904.4,RTGS,INV-001916,Bank Settlement from Mani Bros Electricals (Mani)
CSH-002152,2025-04-02,BR-02,INFLOW,Customer Payment,165701.5,UPI,INV-001917,Bank Settlement from Sri Venkateshwara Hardware & Electricals
CSH-002153,2025-03-31,BR-01,INFLOW,Customer Payment,10118.5,UPI,INV-001918,Bank Settlement from Srinivasan & Sons Contractor
CSH-002154,2025-04-02,BR-03,INFLOW,Customer Payment,2817.84,RTGS,INV-001919,Bank Settlement from Rangasamy Electrician Workshop
CSH-002155,2025-03-24,BR-03,INFLOW,Customer Payment,6419.2,Cheque,INV-001920,Bank Settlement from Kovai Textile Mills Facility Team
CSH-002156,2025-05-07,BR-02,INFLOW,Customer Payment,2778.9,RTGS,INV-001921,Bank Settlement from InnoTech Coworking Hub
CSH-002157,2025-03-15,BR-01,INFLOW,Customer Payment,3888.1,Cash,INV-001922,Receipt from Siva Shankaran (Individual Home)
CSH-002158,2025-04-08,BR-03,INFLOW,Customer Payment,2230.2,UPI,INV-001923,Bank Settlement from Kovai Textile Mills Facility Team
CSH-002159,2025-03-20,BR-02,INFLOW,Customer Payment,2253.8,UPI,INV-001924,Bank Settlement from Silicon Valley PG Hostel Chain
CSH-002160,2025-04-11,BR-01,INFLOW,Customer Payment,22750.4,NEFT / Bank Transfer,INV-001925,Bank Settlement from Saravana Electric Works (Govindaraj)
CSH-002161,2025-05-01,BR-02,INFLOW,Customer Payment,2596.0,RTGS,INV-001926,Bank Settlement from Brigade Vista Apartment Owners Assn
CSH-002162,2025-03-31,BR-01,INFLOW,Customer Payment,4165.4,RTGS,INV-001927,Bank Settlement from Royal Comfort Residency Hotel
CSH-002163,2025-04-11,BR-01,INFLOW,Customer Payment,45235.3,RTGS,INV-001928,Bank Settlement from Srinivasan & Sons Contractor
CSH-002164,2025-04-29,BR-01,INFLOW,Customer Payment,336.3,NEFT / Bank Transfer,INV-001929,Bank Settlement from Poompuhar Handicrafts Store
CSH-002165,2025-03-24,BR-01,INFLOW,Customer Payment,35619.48,NEFT / Bank Transfer,INV-001930,Bank Settlement from Saravana Electric Works (Govindaraj)
CSH-002166,2025-04-05,BR-03,INFLOW,Customer Payment,2006.0,NEFT / Bank Transfer,INV-001931,Bank Settlement from Sri Krishna Engineering College Hostel
CSH-002167,2025-04-04,BR-01,INFLOW,Customer Payment,84513.96,UPI,INV-001932,Bank Settlement from Devi Agency & Lighting Store
CSH-002168,2025-04-15,BR-02,INFLOW,Customer Payment,15906.4,NEFT / Bank Transfer,INV-001933,Bank Settlement from Urban Spaces Interior Studio
CSH-002169,2025-04-09,BR-02,INFLOW,Customer Payment,110436.2,NEFT / Bank Transfer,INV-001934,Bank Settlement from Sri Venkateshwara Hardware & Electricals
CSH-002170,2025-03-30,BR-03,INFLOW,Customer Payment,214951.16,UPI,INV-001935,Bank Settlement from Marutham Electrical & Power Agency
CSH-002171,2025-03-30,BR-01,INFLOW,Customer Payment,17281.1,RTGS,INV-001936,Bank Settlement from Sri Ramakrishna Builders & Infra
CSH-002172,2025-04-27,BR-02,INFLOW,Customer Payment,11257.2,RTGS,INV-001937,Bank Settlement from Gowda Electrical Repairs
CSH-002173,2025-05-01,BR-01,INFLOW,Customer Payment,171732.48,NEFT / Bank Transfer,INV-001938,Bank Settlement from Kalam Brothers Electrical Store
CSH-002174,2025-04-17,BR-01,INFLOW,Customer Payment,3758.3,Cheque,INV-001939,Bank Settlement from Vels Vidyashram School Campus
CSH-002175,2025-04-12,BR-02,INFLOW,Customer Payment,16472.8,RTGS,INV-001940,Bank Settlement from Manjunatha Electrical Works
CSH-002176,2025-03-19,BR-03,OUTFLOW,Minor Maintenance & Repair,615.43,Petty Cash,EXP-000236,Operational expense
CSH-002177,2025-04-17,BR-01,INFLOW,Customer Payment,7605.1,NEFT / Bank Transfer,INV-001941,Bank Settlement from Anbu Electricals (Anbazhagan)
CSH-002178,2025-06-11,BR-02,INFLOW,Customer Payment,849.6,Cheque,INV-001942,Bank Settlement from Brigade Vista Apartment Owners Assn
CSH-002179,2025-03-21,BR-01,INFLOW,Customer Payment,1003.0,UPI,INV-001943,Receipt from Lakshmi Vilas Sweets & Bakery
CSH-002180,2025-03-21,BR-03,INFLOW,Customer Payment,348.1,UPI,INV-001944,Receipt from Ramachandran (Individual House Owner)
CSH-002181,2025-05-01,BR-03,INFLOW,Customer Payment,1056.1,Cheque,INV-001945,Bank Settlement from Sri Krishna Engineering College Hostel
CSH-002182,2025-03-29,BR-01,INFLOW,Customer Payment,3738.24,NEFT / Bank Transfer,INV-001946,Bank Settlement from Anbu Electricals (Anbazhagan)
CSH-002183,2025-03-22,BR-03,INFLOW,Customer Payment,283.2,UPI,INV-001947,Receipt from Ramachandran (Individual House Owner)
CSH-002184,2025-03-22,BR-01,INFLOW,Customer Payment,460.2,Cash,INV-001948,Receipt from Murugan Auto Garage & Works
CSH-002185,2025-04-10,BR-01,INFLOW,Customer Payment,14991.9,Cheque,INV-001949,Bank Settlement from Metro Supermarket Tambaram
CSH-002186,2025-04-17,BR-02,INFLOW,Customer Payment,255486.52,RTGS,INV-001950,Bank Settlement from Cauvery Engineering Contractors
CSH-002187,2025-04-16,BR-01,INFLOW,Customer Payment,48127.95,RTGS,INV-001951,Bank Settlement from Kalam Brothers Electrical Store
CSH-002188,2025-03-22,BR-02,OUTFLOW,Office Supplies & Printing,1484.75,Petty Cash,EXP-000237,Operational expense
CSH-002189,2025-03-31,BR-02,INFLOW,Customer Payment,4315.26,Cheque,INV-001952,Bank Settlement from Gowda Electrical Repairs
CSH-002190,2025-05-15,BR-02,INFLOW,Customer Payment,7127.2,NEFT / Bank Transfer,INV-001953,Bank Settlement from Brigade Vista Apartment Owners Assn
CSH-002191,2025-04-26,BR-01,INFLOW,Customer Payment,177.0,Cheque,INV-001954,Bank Settlement from Apex Manufacturing Solutions
CSH-002192,2025-04-03,BR-01,INFLOW,Customer Payment,109851.86,NEFT / Bank Transfer,INV-001955,Bank Settlement from Kalam Brothers Electrical Store
CSH-002193,2025-04-04,BR-01,INFLOW,Customer Payment,7490.64,UPI,INV-001956,Bank Settlement from Saravana Electric Works (Govindaraj)
CSH-002194,2025-04-05,BR-01,INFLOW,Customer Payment,101621.6,Cheque,INV-001957,Bank Settlement from Sri Ramakrishna Builders & Infra
CSH-002195,2025-04-15,BR-03,INFLOW,Customer Payment,3239.1,UPI,INV-001958,Bank Settlement from Rangasamy Electrician Workshop
CSH-002196,2025-03-25,BR-02,INFLOW,Customer Payment,2938.2,Cash,INV-001959,Receipt from Nandini Milk Parlour & Mart
CSH-002197,2025-04-18,BR-01,INFLOW,Customer Payment,82139.8,Cheque,INV-001960,Bank Settlement from Balaji Electrical Contractors
CSH-002198,2025-04-11,BR-01,INFLOW,Customer Payment,14655.6,UPI,INV-001961,Bank Settlement from Metro Supermarket Tambaram
CSH-002199,2025-04-16,BR-02,INFLOW,Customer Payment,1292.1,RTGS,INV-001962,Bank Settlement from Manjunatha Electrical Works
CSH-002200,2025-04-13,BR-01,INFLOW,Customer Payment,2879.2,NEFT / Bank Transfer,INV-001963,Bank Settlement from Anbu Electricals (Anbazhagan)
CSH-002201,2025-05-15,BR-03,INFLOW,Customer Payment,4401.4,RTGS,INV-001964,Bank Settlement from Annamalai Agro Processing Unit
CSH-002202,2025-04-17,BR-03,INFLOW,Customer Payment,849.6,RTGS,INV-001965,Bank Settlement from Sri Krishna Engineering College Hostel
CSH-002203,2025-05-22,BR-03,INFLOW,Customer Payment,9982.8,NEFT / Bank Transfer,INV-001966,Bank Settlement from Kovai Textile Mills Facility Team
CSH-002204,2025-04-08,BR-01,INFLOW,Customer Payment,64632.85,NEFT / Bank Transfer,INV-001967,Bank Settlement from Srinivasan & Sons Contractor
CSH-002205,2025-04-05,BR-02,INFLOW,Customer Payment,7327.8,RTGS,INV-001968,Bank Settlement from Silicon Valley PG Hostel Chain
CSH-002206,2025-04-12,BR-01,INFLOW,Customer Payment,14832.6,UPI,INV-001969,Bank Settlement from Apex Manufacturing Solutions
CSH-002207,2025-04-24,BR-03,INFLOW,Customer Payment,1333.4,UPI,INV-001970,Bank Settlement from Kovai Textile Mills Facility Team
CSH-002208,2025-03-29,BR-02,INFLOW,Customer Payment,365.8,Credit Card,INV-001971,Receipt from Suresh Babu (Villa Construction)
CSH-002209,2025-04-16,BR-03,INFLOW,Customer Payment,279618.7,UPI,INV-001972,Bank Settlement from Velan Pump & Motor Spares Store
CSH-002210,2025-03-31,BR-01,INFLOW,Customer Payment,389.4,Cash,INV-001973,Receipt from Murugan Auto Garage & Works
CSH-002211,2025-05-25,BR-01,INFLOW,Customer Payment,97541.16,RTGS,INV-001974,Bank Settlement from Kalam Brothers Electrical Store
CSH-002212,2025-05-21,BR-03,INFLOW,Customer Payment,301655.91,NEFT / Bank Transfer,INV-001975,Bank Settlement from Velan Pump & Motor Spares Store
CSH-002213,2025-05-22,BR-01,INFLOW,Customer Payment,1510.4,Cheque,INV-001976,Bank Settlement from Royal Comfort Residency Hotel
CSH-002214,2025-05-25,BR-01,INFLOW,Customer Payment,1386.5,Cheque,INV-001977,Bank Settlement from Apex Manufacturing Solutions
CSH-002215,2025-05-20,BR-01,INFLOW,Customer Payment,17576.1,NEFT / Bank Transfer,INV-001978,Bank Settlement from Metro Supermarket Tambaram
CSH-002216,2025-04-01,BR-01,INFLOW,Customer Payment,513.3,UPI,INV-001979,Receipt from Dr. Priya Sundaram (Home Clinic)
CSH-002217,2025-04-01,BR-01,INFLOW,Customer Payment,259.6,Cash,INV-001980,Receipt from Mohammed Riyaz (Home Renovation)
CSH-002218,2025-05-11,BR-02,INFLOW,Customer Payment,53.1,UPI,INV-001981,Bank Settlement from Silicon Valley PG Hostel Chain
CSH-002219,2025-04-01,BR-03,INFLOW,Customer Payment,1298.0,UPI,INV-001982,Receipt from Ramachandran (Individual House Owner)
CSH-002220,2025-04-15,BR-01,INFLOW,Customer Payment,9829.4,Cheque,INV-001983,Bank Settlement from Metro Supermarket Tambaram
CSH-002221,2025-04-01,BR-01,OUTFLOW,Showroom Rent,75000.0,Bank Transfer,EXP-000238,Rent for Vidyut Central Hub & Showroom
CSH-002222,2025-04-01,BR-02,OUTFLOW,Showroom Rent,45000.0,Bank Transfer,EXP-000239,Rent for Vidyut Electronic City Retail Branch
CSH-002223,2025-04-01,BR-03,OUTFLOW,Showroom Rent,35000.0,Bank Transfer,EXP-000240,Rent for Vidyut Coimbatore Townhall Branch
CSH-002224,2025-04-22,BR-01,INFLOW,Customer Payment,153945.16,NEFT / Bank Transfer,INV-001984,Bank Settlement from Kalaivani Hardware & Paints
CSH-002225,2025-04-02,BR-02,INFLOW,Customer Payment,1274.4,UPI,INV-001985,Receipt from Dr. Arvind Rao Dental Clinic
CSH-002226,2025-04-02,BR-02,INFLOW,Customer Payment,283.2,Cash,INV-001986,Receipt from Nandini Milk Parlour & Mart
CSH-002227,2025-05-18,BR-03,INFLOW,Customer Payment,6377.9,NEFT / Bank Transfer,INV-001987,Bank Settlement from Rangasamy Electrician Workshop
CSH-002228,2025-04-03,BR-02,INFLOW,Customer Payment,4637.4,Credit Card,INV-001988,Receipt from Suresh Babu (Villa Construction)
CSH-002229,2025-04-03,BR-01,INFLOW,Customer Payment,1274.4,Cash,INV-001989,Receipt from Murugan Auto Garage & Works
CSH-002230,2025-04-29,BR-01,INFLOW,Customer Payment,196946.01,Cheque,INV-001990,Bank Settlement from Kalaivani Hardware & Paints
CSH-002231,2025-04-18,BR-01,INFLOW,Customer Payment,77441.04,UPI,INV-001991,Bank Settlement from Global Smart Solutions (P) Ltd
CSH-002232,2025-04-03,BR-03,INFLOW,Customer Payment,6690.6,UPI,INV-001992,Receipt from Ramachandran (Individual House Owner)
CSH-002233,2025-04-03,BR-01,INFLOW,Customer Payment,1463.2,Cash,INV-001993,Receipt from Mohammed Riyaz (Home Renovation)
CSH-002234,2025-05-12,BR-02,INFLOW,Customer Payment,419416.84,RTGS,INV-001994,Bank Settlement from Sri Venkateshwara Hardware & Electricals
CSH-002235,2025-04-27,BR-01,INFLOW,Customer Payment,53.1,Cheque,INV-001995,Bank Settlement from Royal Comfort Residency Hotel
CSH-002236,2025-04-23,BR-01,INFLOW,Customer Payment,11115.6,NEFT / Bank Transfer,INV-001996,Bank Settlement from Vels Vidyashram School Campus
CSH-002237,2025-04-30,BR-01,INFLOW,Customer Payment,113553.76,UPI,INV-001997,Bank Settlement from Sri Ramakrishna Builders & Infra
CSH-002238,2025-04-25,BR-03,INFLOW,Customer Payment,5758.4,UPI,INV-001998,Bank Settlement from Annamalai Agro Processing Unit
CSH-002239,2025-04-15,BR-01,INFLOW,Customer Payment,877449.18,UPI,INV-001999,Bank Settlement from Devi Agency & Lighting Store
CSH-002240,2025-05-27,BR-03,INFLOW,Customer Payment,23788.8,RTGS,INV-002000,Bank Settlement from Sri Krishna Engineering College Hostel
CSH-002241,2025-04-05,BR-02,INFLOW,Customer Payment,10053.6,Credit Card,INV-002001,Receipt from Suresh Babu (Villa Construction)
CSH-002242,2025-04-19,BR-01,INFLOW,Customer Payment,59719.8,Cheque,INV-002002,Bank Settlement from Global Smart Solutions (P) Ltd
CSH-002243,2025-04-05,BR-01,OUTFLOW,Payroll Salaries,160000.0,Bank Transfer,EXP-000241,Salary Payout BR-01
CSH-002244,2025-04-05,BR-02,OUTFLOW,Payroll Salaries,96000.0,Bank Transfer,EXP-000242,Salary Payout BR-02
CSH-002245,2025-04-05,BR-03,OUTFLOW,Payroll Salaries,96000.0,Bank Transfer,EXP-000243,Salary Payout BR-03
CSH-002246,2025-04-07,BR-02,INFLOW,Customer Payment,873.2,Cash,INV-002003,Receipt from Nandini Milk Parlour & Mart
CSH-002247,2025-05-02,BR-03,INFLOW,Customer Payment,5254.54,UPI,INV-002004,Bank Settlement from Rangasamy Electrician Workshop
CSH-002248,2025-04-26,BR-01,INFLOW,Customer Payment,153788.22,Cheque,INV-002005,Bank Settlement from Global Smart Solutions (P) Ltd
CSH-002249,2025-04-07,BR-02,OUTFLOW,Staff Refreshments & Tea,2294.29,Petty Cash,EXP-000244,Operational expense
CSH-002250,2025-04-08,BR-01,INFLOW,Customer Payment,849.6,UPI,INV-002006,Receipt from Lakshmi Vilas Sweets & Bakery
CSH-002251,2025-04-22,BR-01,INFLOW,Customer Payment,4643.3,UPI,INV-002007,Bank Settlement from Poompuhar Handicrafts Store
CSH-002252,2025-04-20,BR-03,INFLOW,Customer Payment,1003.0,RTGS,INV-002008,Bank Settlement from Sundaram Hospital Maintenance
CSH-002253,2025-05-20,BR-03,INFLOW,Customer Payment,3663.9,Cheque,INV-002009,Bank Settlement from Annamalai Agro Processing Unit
CSH-002254,2025-04-26,BR-03,INFLOW,Customer Payment,2017.8,NEFT / Bank Transfer,INV-002010,Bank Settlement from Mani Bros Electricals (Mani)
CSH-002255,2025-04-17,BR-01,INFLOW,Customer Payment,259.6,Cheque,INV-002011,Bank Settlement from Poompuhar Handicrafts Store
CSH-002256,2025-04-22,BR-03,INFLOW,Customer Payment,3634.4,UPI,INV-002012,Bank Settlement from Sundaram Hospital Maintenance
CSH-002257,2025-04-09,BR-01,INFLOW,Customer Payment,177.0,UPI,INV-002013,Receipt from Lakshmi Vilas Sweets & Bakery
CSH-002258,2025-04-09,BR-03,INFLOW,Customer Payment,330.4,Cash,INV-002014,Receipt from Karthika Departmental Store
CSH-002259,2025-04-29,BR-02,INFLOW,Customer Payment,3001.92,UPI,INV-002015,Bank Settlement from Manjunatha Electrical Works
CSH-002260,2025-06-24,BR-02,INFLOW,Customer Payment,147211.14,Cheque,INV-002016,Bank Settlement from Raghavendra Infrastructure Developers
CSH-002261,2025-04-09,BR-01,INFLOW,Customer Payment,1427.8,Cash,INV-002017,Receipt from Mohammed Riyaz (Home Renovation)
CSH-002262,2025-04-29,BR-01,INFLOW,Customer Payment,263694.6,Cheque,INV-002018,Bank Settlement from Balaji Electrical Contractors
CSH-002263,2025-05-05,BR-03,INFLOW,Customer Payment,10395.8,Cheque,INV-002019,Bank Settlement from Annamalai Agro Processing Unit
CSH-002264,2025-04-21,BR-01,INFLOW,Customer Payment,5310.0,RTGS,INV-002020,Bank Settlement from Apex Manufacturing Solutions
CSH-002265,2025-04-10,BR-03,INFLOW,Customer Payment,1274.4,UPI,INV-002021,Receipt from Ramachandran (Individual House Owner)
CSH-002266,2025-04-20,BR-02,INFLOW,Customer Payment,49508.08,NEFT / Bank Transfer,INV-002022,Bank Settlement from Sri Venkateshwara Hardware & Electricals
CSH-002267,2025-04-10,BR-01,INFLOW,Customer Payment,3138.8,UPI,INV-002023,Receipt from Dr. Priya Sundaram (Home Clinic)
CSH-002268,2025-05-08,BR-01,INFLOW,Customer Payment,91885.42,RTGS,INV-002024,Bank Settlement from Devi Agency & Lighting Store
CSH-002269,2025-04-10,BR-01,OUTFLOW,Electricity Bill,12878.64,Online Banking,EXP-000245,Utility Payment
CSH-002270,2025-04-10,BR-02,OUTFLOW,Electricity Bill,8897.3,Online Banking,EXP-000246,Utility Payment
CSH-002271,2025-04-10,BR-03,OUTFLOW,Electricity Bill,9200.73,Online Banking,EXP-000247,Utility Payment
CSH-002272,2025-04-11,BR-01,INFLOW,Customer Payment,1008.9,Credit Card,INV-002025,Receipt from Karthik Residential Apartment Owner
CSH-002273,2025-04-23,BR-02,INFLOW,Customer Payment,101775.0,RTGS,INV-002026,Bank Settlement from Cauvery Engineering Contractors
CSH-002274,2025-04-18,BR-02,INFLOW,Customer Payment,3433.8,RTGS,INV-002027,Bank Settlement from InnoTech Coworking Hub
CSH-002275,2025-04-11,BR-02,INFLOW,Customer Payment,129.8,Credit Card,INV-002028,Receipt from Suresh Babu (Villa Construction)
CSH-002276,2025-05-30,BR-01,INFLOW,Customer Payment,2023.7,Cheque,INV-002029,Bank Settlement from Anbu Electricals (Anbazhagan)
CSH-002277,2025-05-02,BR-01,INFLOW,Customer Payment,8891.3,UPI,INV-002030,Bank Settlement from Anbu Electricals (Anbazhagan)
CSH-002278,2025-05-08,BR-02,INFLOW,Customer Payment,10407.6,RTGS,INV-002031,Bank Settlement from Manjunatha Electrical Works
CSH-002279,2025-07-03,BR-01,INFLOW,Customer Payment,15522.9,UPI,INV-002032,Bank Settlement from Global Smart Solutions (P) Ltd
CSH-002280,2025-04-12,BR-01,INFLOW,Customer Payment,330.4,Cash,INV-002033,Receipt from Murugan Auto Garage & Works
CSH-002281,2025-04-12,BR-02,INFLOW,Customer Payment,1899.8,UPI,INV-002034,Receipt from Dr. Arvind Rao Dental Clinic
CSH-002282,2025-04-28,BR-01,INFLOW,Customer Payment,78767.12,RTGS,INV-002035,Bank Settlement from Srinivasan & Sons Contractor
CSH-002283,2025-04-12,BR-01,OUTFLOW,Staff Refreshments & Tea,712.11,Petty Cash,EXP-000248,Operational expense
CSH-002284,2025-04-14,BR-01,INFLOW,Customer Payment,11546.3,Cash,INV-002036,Receipt from Mohammed Riyaz (Home Renovation)
CSH-002285,2025-04-23,BR-02,INFLOW,Customer Payment,10448.9,RTGS,INV-002037,Bank Settlement from Manjunatha Electrical Works
CSH-002286,2025-06-30,BR-01,INFLOW,Customer Payment,35.4,NEFT / Bank Transfer,INV-002038,Bank Settlement from Apex Manufacturing Solutions
CSH-002287,2025-04-14,BR-03,OUTFLOW,Office Supplies & Printing,1481.19,Petty Cash,EXP-000249,Operational expense
CSH-002288,2025-04-15,BR-01,INFLOW,Customer Payment,2560.6,Cash,INV-002039,Receipt from Siva Shankaran (Individual Home)
CSH-002289,2025-04-15,BR-02,INFLOW,Customer Payment,7504.8,UPI,INV-002040,Receipt from Dr. Arvind Rao Dental Clinic
CSH-002290,2025-04-15,BR-03,INFLOW,Customer Payment,1298.0,UPI,INV-002041,Receipt from Ramachandran (Individual House Owner)
CSH-002291,2025-04-27,BR-01,INFLOW,Customer Payment,101867.04,RTGS,INV-002042,Bank Settlement from Sri Ramakrishna Builders & Infra
CSH-002292,2025-04-27,BR-02,INFLOW,Customer Payment,8277.7,NEFT / Bank Transfer,INV-002043,Bank Settlement from Gowda Electrical Repairs
CSH-002293,2025-04-16,BR-02,INFLOW,Customer Payment,283.2,Credit Card,INV-002044,Receipt from Suresh Babu (Villa Construction)
CSH-002294,2025-07-18,BR-01,INFLOW,Customer Payment,184373.35,UPI,INV-002045,Bank Settlement from Balaji Electrical Contractors
CSH-002295,2025-05-30,BR-03,INFLOW,Customer Payment,3593.1,UPI,INV-002046,Bank Settlement from Sundaram Hospital Maintenance
CSH-002296,2025-04-16,BR-01,INFLOW,Customer Payment,11451.9,Cash,INV-002047,Receipt from Mohammed Riyaz (Home Renovation)
CSH-002297,2025-05-28,BR-01,INFLOW,Customer Payment,393111.1,NEFT / Bank Transfer,INV-002048,Bank Settlement from Kalam Brothers Electrical Store
CSH-002298,2025-06-06,BR-03,INFLOW,Customer Payment,165773.48,Cheque,INV-002049,Bank Settlement from Kongu Builders & Real Estate
CSH-002299,2025-05-01,BR-03,INFLOW,Customer Payment,464380.03,NEFT / Bank Transfer,INV-002050,Bank Settlement from Marutham Electrical & Power Agency
CSH-002300,2025-06-03,BR-03,INFLOW,Customer Payment,321862.7,Cheque,INV-002051,Bank Settlement from Marutham Electrical & Power Agency
CSH-002301,2025-05-17,BR-01,INFLOW,Customer Payment,11658.4,UPI,INV-002052,Bank Settlement from Global Smart Solutions (P) Ltd
CSH-002302,2025-04-17,BR-03,INFLOW,Customer Payment,336.3,UPI,INV-002053,Receipt from Ramachandran (Individual House Owner)
CSH-002303,2025-05-17,BR-01,INFLOW,Customer Payment,119830.18,UPI,INV-002054,Bank Settlement from Devi Agency & Lighting Store
CSH-002304,2025-04-18,BR-01,INFLOW,Customer Payment,3663.9,Cash,INV-002055,Receipt from Murugan Auto Garage & Works
CSH-002305,2025-04-18,BR-01,INFLOW,Customer Payment,1711.0,Cash,INV-002056,Receipt from Siva Shankaran (Individual Home)
CSH-002306,2025-05-14,BR-01,INFLOW,Customer Payment,5015.0,RTGS,INV-002057,Bank Settlement from Saravana Electric Works (Govindaraj)
CSH-002307,2025-04-18,BR-01,INFLOW,Customer Payment,10419.4,Credit Card,INV-002058,Receipt from Karthik Residential Apartment Owner
CSH-002308,2025-04-28,BR-02,INFLOW,Customer Payment,10063.04,RTGS,INV-002059,Bank Settlement from Gowda Electrical Repairs
CSH-002309,2025-05-26,BR-02,INFLOW,Customer Payment,218459.3,UPI,INV-002060,Bank Settlement from Cauvery Engineering Contractors
CSH-002310,2025-06-23,BR-03,INFLOW,Customer Payment,7092.98,RTGS,INV-002061,Bank Settlement from Kongu Builders & Real Estate
CSH-002311,2025-04-26,BR-01,INFLOW,Customer Payment,13804.82,UPI,INV-002062,Bank Settlement from Global Smart Solutions (P) Ltd
CSH-002312,2025-04-24,BR-02,INFLOW,Customer Payment,3345.3,NEFT / Bank Transfer,INV-002063,Bank Settlement from Brigade Vista Apartment Owners Assn
CSH-002313,2025-05-07,BR-01,INFLOW,Customer Payment,258936.84,RTGS,INV-002064,Bank Settlement from Kalam Brothers Electrical Store
CSH-002314,2025-05-10,BR-02,INFLOW,Customer Payment,5593.2,UPI,INV-002065,Bank Settlement from Brigade Vista Apartment Owners Assn
CSH-002315,2025-05-07,BR-01,INFLOW,Customer Payment,94364.6,Cheque,INV-002066,Bank Settlement from Global Smart Solutions (P) Ltd
CSH-002316,2025-05-09,BR-01,INFLOW,Customer Payment,15705.8,RTGS,INV-002067,Bank Settlement from TechPark Facility Maintenance Team
CSH-002317,2025-05-09,BR-03,INFLOW,Customer Payment,62071.54,NEFT / Bank Transfer,INV-002068,Bank Settlement from Marutham Electrical & Power Agency
CSH-002318,2025-04-30,BR-02,INFLOW,Customer Payment,525386.5,UPI,INV-002069,Bank Settlement from Sri Venkateshwara Hardware & Electricals
CSH-002319,2025-04-22,BR-01,INFLOW,Customer Payment,4938.3,UPI,INV-002070,Receipt from Lakshmi Vilas Sweets & Bakery
CSH-002320,2025-05-13,BR-01,INFLOW,Customer Payment,259.6,RTGS,INV-002071,Bank Settlement from TechPark Facility Maintenance Team
CSH-002321,2025-05-07,BR-01,INFLOW,Customer Payment,7906.0,Cheque,INV-002072,Bank Settlement from Vels Vidyashram School Campus
CSH-002322,2025-04-22,BR-02,INFLOW,Customer Payment,14744.1,Cash,INV-002073,Receipt from Nandini Milk Parlour & Mart
CSH-002323,2025-05-17,BR-02,INFLOW,Customer Payment,107960.56,NEFT / Bank Transfer,INV-002074,Bank Settlement from Cauvery Engineering Contractors
CSH-002324,2025-05-14,BR-03,INFLOW,Customer Payment,7383.26,RTGS,INV-002075,Bank Settlement from Rangasamy Electrician Workshop
CSH-002325,2025-06-08,BR-01,INFLOW,Customer Payment,276072.8,Cheque,INV-002076,Bank Settlement from Srinivasan & Sons Contractor
CSH-002326,2025-04-23,BR-02,INFLOW,Customer Payment,9858.9,UPI,INV-002077,Receipt from Dr. Arvind Rao Dental Clinic
CSH-002327,2025-04-23,BR-01,INFLOW,Customer Payment,1852.6,UPI,INV-002078,Receipt from Dr. Priya Sundaram (Home Clinic)
CSH-002328,2025-06-08,BR-03,INFLOW,Customer Payment,7616.9,UPI,INV-002079,Bank Settlement from Annamalai Agro Processing Unit
CSH-002329,2025-06-10,BR-01,INFLOW,Customer Payment,156612.2,Cheque,INV-002080,Bank Settlement from Kalam Brothers Electrical Store
CSH-002330,2025-04-24,BR-01,INFLOW,Customer Payment,10720.3,Cash,INV-002081,Receipt from Mohammed Riyaz (Home Renovation)
CSH-002331,2025-06-06,BR-01,INFLOW,Customer Payment,128183.4,NEFT / Bank Transfer,INV-002082,Bank Settlement from Kalam Brothers Electrical Store
CSH-002332,2025-05-15,BR-02,INFLOW,Customer Payment,50255.02,NEFT / Bank Transfer,INV-002083,Bank Settlement from Cauvery Engineering Contractors
CSH-002333,2025-05-05,BR-03,INFLOW,Customer Payment,377115.26,NEFT / Bank Transfer,INV-002084,Bank Settlement from Velan Pump & Motor Spares Store
CSH-002334,2025-04-24,BR-01,INFLOW,Customer Payment,283.2,Cash,INV-002085,Receipt from Siva Shankaran (Individual Home)
CSH-002335,2025-05-17,BR-01,INFLOW,Customer Payment,230.1,NEFT / Bank Transfer,INV-002086,Bank Settlement from Royal Comfort Residency Hotel
CSH-002336,2025-05-07,BR-01,INFLOW,Customer Payment,145329.74,NEFT / Bank Transfer,INV-002087,Bank Settlement from Kalaivani Hardware & Paints
CSH-002337,2025-06-15,BR-01,INFLOW,Customer Payment,134046.82,Cheque,INV-002088,Bank Settlement from Devi Agency & Lighting Store
CSH-002338,2025-04-25,BR-01,INFLOW,Customer Payment,4194.9,Cash,INV-002089,Receipt from Siva Shankaran (Individual Home)
CSH-002339,2025-05-29,BR-01,INFLOW,Customer Payment,1125.72,RTGS,INV-002090,Bank Settlement from Saravana Electric Works (Govindaraj)
CSH-002340,2025-04-25,BR-03,INFLOW,Customer Payment,4725.9,UPI,INV-002091,Receipt from Ramachandran (Individual House Owner)
CSH-002341,2025-05-12,BR-01,INFLOW,Customer Payment,16484.6,UPI,INV-002092,Bank Settlement from Vels Vidyashram School Campus
CSH-002342,2025-04-25,BR-01,INFLOW,Customer Payment,389.4,Cash,INV-002093,Receipt from Murugan Auto Garage & Works
CSH-002343,2025-05-08,BR-01,INFLOW,Customer Payment,47498.54,RTGS,INV-002094,Bank Settlement from Devi Agency & Lighting Store
CSH-002344,2025-04-25,BR-03,INFLOW,Customer Payment,4897.0,UPI,INV-002095,Receipt from Ramachandran (Individual House Owner)
CSH-002345,2025-06-15,BR-02,INFLOW,Customer Payment,5811.5,UPI,INV-002096,Bank Settlement from Gowda Electrical Repairs
CSH-002346,2025-05-19,BR-01,INFLOW,Customer Payment,6136.0,UPI,INV-002097,Bank Settlement from TechPark Facility Maintenance Team
CSH-002347,2025-05-08,BR-02,INFLOW,Customer Payment,389.4,RTGS,INV-002098,Bank Settlement from InnoTech Coworking Hub
CSH-002348,2025-05-24,BR-02,INFLOW,Customer Payment,15519.12,UPI,INV-002099,Bank Settlement from Urban Spaces Interior Studio
CSH-002349,2025-05-26,BR-03,INFLOW,Customer Payment,258378.7,RTGS,INV-002100,Bank Settlement from Marutham Electrical & Power Agency
CSH-002350,2025-04-26,BR-03,INFLOW,Customer Payment,10832.4,Cash,INV-002101,Receipt from Karthika Departmental Store
CSH-002351,2025-04-26,BR-01,INFLOW,Customer Payment,177.0,UPI,INV-002102,Receipt from Lakshmi Vilas Sweets & Bakery
CSH-002352,2025-05-07,BR-02,INFLOW,Customer Payment,359.9,RTGS,INV-002103,Bank Settlement from InnoTech Coworking Hub
CSH-002353,2025-05-25,BR-01,INFLOW,Customer Payment,14036.1,UPI,INV-002104,Bank Settlement from Balaji Electrical Contractors
CSH-002354,2025-06-12,BR-03,INFLOW,Customer Payment,1215.4,UPI,INV-002105,Bank Settlement from Mani Bros Electricals (Mani)
CSH-002355,2025-06-02,BR-01,INFLOW,Customer Payment,41508.86,UPI,INV-002106,Bank Settlement from Victory Housing Projects Phase 2
CSH-002356,2025-05-20,BR-03,INFLOW,Customer Payment,731.6,RTGS,INV-002107,Bank Settlement from Rangasamy Electrician Workshop
CSH-002357,2025-06-01,BR-03,INFLOW,Customer Payment,6662.28,NEFT / Bank Transfer,INV-002108,Bank Settlement from Mani Bros Electricals (Mani)
CSH-002358,2025-04-28,BR-01,OUTFLOW,Office Supplies & Printing,406.92,Petty Cash,EXP-000250,Operational expense
CSH-002359,2025-06-19,BR-03,INFLOW,Customer Payment,314918.4,Cheque,INV-002109,Bank Settlement from Marutham Electrical & Power Agency
CSH-002360,2025-06-02,BR-03,INFLOW,Customer Payment,3345.3,RTGS,INV-002110,Bank Settlement from Sundaram Hospital Maintenance
CSH-002361,2025-05-04,BR-01,INFLOW,Customer Payment,127815.24,Cheque,INV-002111,Bank Settlement from Global Smart Solutions (P) Ltd
CSH-002362,2025-05-09,BR-03,INFLOW,Customer Payment,381545.92,UPI,INV-002112,Bank Settlement from Marutham Electrical & Power Agency
CSH-002363,2025-05-22,BR-01,INFLOW,Customer Payment,8018.1,RTGS,INV-002113,Bank Settlement from Apex Manufacturing Solutions
CSH-002364,2025-05-15,BR-01,INFLOW,Customer Payment,10991.7,UPI,INV-002114,Bank Settlement from Royal Comfort Residency Hotel
CSH-002365,2025-05-10,BR-02,INFLOW,Customer Payment,559669.28,RTGS,INV-002115,Bank Settlement from Sri Venkateshwara Hardware & Electricals
CSH-002366,2025-04-29,BR-02,OUTFLOW,Staff Refreshments & Tea,2010.14,Petty Cash,EXP-000251,Operational expense
CSH-002367,2025-06-24,BR-03,INFLOW,Customer Payment,566.4,NEFT / Bank Transfer,INV-002116,Bank Settlement from Sundaram Hospital Maintenance
CSH-002368,2025-05-23,BR-03,INFLOW,Customer Payment,7021.0,RTGS,INV-002117,Bank Settlement from Mani Bros Electricals (Mani)
CSH-002369,2025-05-18,BR-01,INFLOW,Customer Payment,32267.1,UPI,INV-002118,Bank Settlement from Selvam Electrician Services
CSH-002370,2025-05-01,BR-01,INFLOW,Customer Payment,814.2,Cash,INV-002119,Receipt from Siva Shankaran (Individual Home)
CSH-002371,2025-05-01,BR-01,INFLOW,Customer Payment,11894.4,UPI,INV-002120,Receipt from Lakshmi Vilas Sweets & Bakery
CSH-002372,2025-05-09,BR-01,INFLOW,Customer Payment,660.8,Cheque,INV-002121,Bank Settlement from TechPark Facility Maintenance Team
CSH-002373,2025-05-20,BR-03,INFLOW,Customer Payment,2666.8,UPI,INV-002122,Bank Settlement from Rangasamy Electrician Workshop
CSH-002374,2025-05-01,BR-01,INFLOW,Customer Payment,2006.0,UPI,INV-002123,Receipt from Lakshmi Vilas Sweets & Bakery
CSH-002375,2025-05-22,BR-01,INFLOW,Customer Payment,2596.0,Cheque,INV-002124,Bank Settlement from Apex Manufacturing Solutions
CSH-002376,2025-05-24,BR-01,INFLOW,Customer Payment,107252.56,UPI,INV-002125,Bank Settlement from Kalam Brothers Electrical Store
CSH-002377,2025-05-01,BR-01,OUTFLOW,Showroom Rent,75000.0,Bank Transfer,EXP-000252,Rent for Vidyut Central Hub & Showroom
CSH-002378,2025-05-01,BR-02,OUTFLOW,Showroom Rent,45000.0,Bank Transfer,EXP-000253,Rent for Vidyut Electronic City Retail Branch
CSH-002379,2025-05-01,BR-03,OUTFLOW,Showroom Rent,35000.0,Bank Transfer,EXP-000254,Rent for Vidyut Coimbatore Townhall Branch
CSH-002380,2025-05-02,BR-01,INFLOW,Customer Payment,2778.9,Cash,INV-002126,Receipt from Murugan Auto Garage & Works
CSH-002381,2025-07-09,BR-01,INFLOW,Customer Payment,171841.04,Cheque,INV-002127,Bank Settlement from Balaji Electrical Contractors
CSH-002382,2025-05-17,BR-01,INFLOW,Customer Payment,12431.3,Cheque,INV-002128,Bank Settlement from Sri Ramakrishna Builders & Infra
CSH-002383,2025-05-27,BR-01,INFLOW,Customer Payment,157152.4,Cheque,INV-002129,Bank Settlement from Victory Housing Projects Phase 2
CSH-002384,2025-05-18,BR-03,INFLOW,Customer Payment,7652.3,NEFT / Bank Transfer,INV-002130,Bank Settlement from Sri Krishna Engineering College Hostel
CSH-002385,2025-06-18,BR-01,INFLOW,Customer Payment,36084.4,RTGS,INV-002131,Bank Settlement from Balaji Electrical Contractors
CSH-002386,2025-06-17,BR-01,INFLOW,Customer Payment,18714.8,NEFT / Bank Transfer,INV-002132,Bank Settlement from Saravana Electric Works (Govindaraj)
CSH-002387,2025-05-26,BR-01,INFLOW,Customer Payment,9239.4,Cheque,INV-002133,Bank Settlement from Anbu Electricals (Anbazhagan)
CSH-002388,2025-05-30,BR-02,INFLOW,Customer Payment,5669.9,RTGS,INV-002134,Bank Settlement from Brigade Vista Apartment Owners Assn
CSH-002389,2025-05-31,BR-02,INFLOW,Customer Payment,305159.8,Cheque,INV-002135,Bank Settlement from Raghavendra Infrastructure Developers
CSH-002390,2025-05-24,BR-03,INFLOW,Customer Payment,53.1,RTGS,INV-002136,Bank Settlement from Sri Krishna Engineering College Hostel
CSH-002391,2025-06-25,BR-01,INFLOW,Customer Payment,2371.8,NEFT / Bank Transfer,INV-002137,Bank Settlement from Royal Comfort Residency Hotel
CSH-002392,2025-06-29,BR-02,INFLOW,Customer Payment,69081.92,UPI,INV-002138,Bank Settlement from Raghavendra Infrastructure Developers
CSH-002393,2025-05-31,BR-01,INFLOW,Customer Payment,177.0,RTGS,INV-002139,Bank Settlement from Royal Comfort Residency Hotel
CSH-002394,2025-06-04,BR-02,INFLOW,Customer Payment,761.1,NEFT / Bank Transfer,INV-002140,Bank Settlement from Brigade Vista Apartment Owners Assn
CSH-002395,2025-05-05,BR-01,INFLOW,Customer Payment,2596.0,UPI,INV-002141,Receipt from Lakshmi Vilas Sweets & Bakery
CSH-002396,2025-05-05,BR-01,OUTFLOW,Payroll Salaries,160000.0,Bank Transfer,EXP-000255,Salary Payout BR-01
CSH-002397,2025-05-05,BR-02,OUTFLOW,Payroll Salaries,96000.0,Bank Transfer,EXP-000256,Salary Payout BR-02
CSH-002398,2025-05-05,BR-03,OUTFLOW,Payroll Salaries,96000.0,Bank Transfer,EXP-000257,Salary Payout BR-03
CSH-002399,2025-05-05,BR-03,OUTFLOW,Staff Refreshments & Tea,1239.05,Petty Cash,EXP-000258,Operational expense
CSH-002400,2025-05-17,BR-03,INFLOW,Customer Payment,755.2,RTGS,INV-002142,Bank Settlement from Sri Krishna Engineering College Hostel
CSH-002401,2025-06-04,BR-01,INFLOW,Customer Payment,126337.88,Cheque,INV-002143,Bank Settlement from Sri Ramakrishna Builders & Infra
CSH-002402,2025-08-08,BR-01,INFLOW,Customer Payment,1021.88,RTGS,INV-002144,Bank Settlement from Selvam Electrician Services
CSH-002403,2025-05-29,BR-01,INFLOW,Customer Payment,59510.23,Cheque,INV-002145,Bank Settlement from Victory Housing Projects Phase 2
CSH-002404,2025-06-04,BR-02,INFLOW,Customer Payment,283.2,NEFT / Bank Transfer,INV-002146,Bank Settlement from Silicon Valley PG Hostel Chain
CSH-002405,2025-05-30,BR-02,INFLOW,Customer Payment,13965.3,UPI,INV-002147,Bank Settlement from Manjunatha Electrical Works
CSH-002406,2025-08-09,BR-01,INFLOW,Customer Payment,242440.44,Cheque,INV-002148,Bank Settlement from Kalam Brothers Electrical Store
CSH-002407,2025-05-07,BR-02,INFLOW,Customer Payment,566.4,Credit Card,INV-002149,Receipt from Suresh Babu (Villa Construction)
CSH-002408,2025-05-07,BR-01,OUTFLOW,Staff Refreshments & Tea,1769.3,Petty Cash,EXP-000259,Operational expense
CSH-002409,2025-05-27,BR-02,INFLOW,Customer Payment,48474.4,NEFT / Bank Transfer,INV-002150,Bank Settlement from Gowda Electrical Repairs
CSH-002410,2025-05-08,BR-01,INFLOW,Customer Payment,1427.8,UPI,INV-002151,Receipt from Dr. Priya Sundaram (Home Clinic)
CSH-002411,2025-06-29,BR-01,INFLOW,Customer Payment,88.5,RTGS,INV-002152,Bank Settlement from Royal Comfort Residency Hotel
CSH-002412,2025-06-16,BR-02,INFLOW,Customer Payment,85777.74,NEFT / Bank Transfer,INV-002153,Bank Settlement from Cauvery Engineering Contractors
CSH-002413,2025-05-08,BR-02,INFLOW,Customer Payment,1504.5,Credit Card,INV-002154,Receipt from Suresh Babu (Villa Construction)
CSH-002414,2025-06-05,BR-03,INFLOW,Customer Payment,4602.0,RTGS,INV-002155,Bank Settlement from Sri Krishna Engineering College Hostel
CSH-002415,2025-06-01,BR-03,INFLOW,Customer Payment,920.4,UPI,INV-002156,Bank Settlement from Rangasamy Electrician Workshop
CSH-002416,2025-06-11,BR-02,INFLOW,Customer Payment,536068.1,Cheque,INV-002157,Bank Settlement from Sri Venkateshwara Hardware & Electricals
CSH-002417,2025-06-04,BR-01,INFLOW,Customer Payment,477.9,Cheque,INV-002158,Bank Settlement from Metro Supermarket Tambaram
CSH-002418,2025-06-03,BR-03,INFLOW,Customer Payment,407.1,RTGS,INV-002159,Bank Settlement from Kovai Elite Residency Hotel
CSH-002419,2025-07-11,BR-01,INFLOW,Customer Payment,1534.0,RTGS,INV-002160,Bank Settlement from Vels Vidyashram School Campus
CSH-002420,2025-06-02,BR-01,INFLOW,Customer Payment,47034.8,Cheque,INV-002161,Bank Settlement from Victory Housing Projects Phase 2
CSH-002421,2025-05-25,BR-03,INFLOW,Customer Payment,330.4,UPI,INV-002162,Bank Settlement from Kovai Textile Mills Facility Team
CSH-002422,2025-06-08,BR-02,INFLOW,Customer Payment,21042.94,NEFT / Bank Transfer,INV-002163,Bank Settlement from Urban Spaces Interior Studio
CSH-002423,2025-06-28,BR-01,INFLOW,Customer Payment,73700.44,Cheque,INV-002164,Bank Settlement from Srinivasan & Sons Contractor
CSH-002424,2025-06-09,BR-01,INFLOW,Customer Payment,38744.12,RTGS,INV-002165,Bank Settlement from Kalam Brothers Electrical Store
CSH-002425,2025-05-10,BR-01,OUTFLOW,Electricity Bill,12285.23,Online Banking,EXP-000260,Utility Payment
CSH-002426,2025-05-10,BR-02,OUTFLOW,Electricity Bill,10221.75,Online Banking,EXP-000261,Utility Payment
CSH-002427,2025-05-10,BR-03,OUTFLOW,Electricity Bill,15576.52,Online Banking,EXP-000262,Utility Payment
CSH-002428,2025-05-12,BR-03,INFLOW,Customer Payment,230.1,UPI,INV-002166,Receipt from Ramachandran (Individual House Owner)
CSH-002429,2025-06-18,BR-01,INFLOW,Customer Payment,24518.04,Cheque,INV-002167,Bank Settlement from Saravana Electric Works (Govindaraj)
CSH-002430,2025-05-12,BR-03,INFLOW,Customer Payment,1345.2,UPI,INV-002168,Receipt from Ramachandran (Individual House Owner)
CSH-002431,2025-05-12,BR-02,OUTFLOW,Minor Maintenance & Repair,1821.5,Petty Cash,EXP-000263,Operational expense
CSH-002432,2025-05-13,BR-02,INFLOW,Customer Payment,1144.6,UPI,INV-002169,Receipt from Dr. Arvind Rao Dental Clinic
CSH-002433,2025-05-29,BR-03,INFLOW,Customer Payment,7056.4,RTGS,INV-002170,Bank Settlement from Rangasamy Electrician Workshop
CSH-002434,2025-06-06,BR-02,INFLOW,Customer Payment,254661.7,Cheque,INV-002171,Bank Settlement from Sri Venkateshwara Hardware & Electricals
CSH-002435,2025-08-01,BR-02,INFLOW,Customer Payment,11068.4,Cheque,INV-002172,Bank Settlement from Brigade Vista Apartment Owners Assn
CSH-002436,2025-07-02,BR-03,INFLOW,Customer Payment,53.1,Cheque,INV-002173,Bank Settlement from Annamalai Agro Processing Unit
CSH-002437,2025-06-06,BR-03,INFLOW,Customer Payment,330.4,UPI,INV-002174,Bank Settlement from Kovai Textile Mills Facility Team
CSH-002438,2025-05-31,BR-01,INFLOW,Customer Payment,8555.0,Cheque,INV-002175,Bank Settlement from Srinivasan & Sons Contractor
CSH-002439,2025-06-07,BR-01,INFLOW,Customer Payment,2065.0,Cheque,INV-002176,Bank Settlement from Vels Vidyashram School Campus
CSH-002440,2025-05-24,BR-03,INFLOW,Customer Payment,2920.5,UPI,INV-002177,Bank Settlement from Rangasamy Electrician Workshop
CSH-002441,2025-06-21,BR-01,INFLOW,Customer Payment,24291.48,NEFT / Bank Transfer,INV-002178,Bank Settlement from Selvam Electrician Services
CSH-002442,2025-06-13,BR-01,INFLOW,Customer Payment,150431.59,RTGS,INV-002179,Bank Settlement from Global Smart Solutions (P) Ltd
CSH-002443,2025-07-09,BR-03,INFLOW,Customer Payment,1598.9,RTGS,INV-002180,Bank Settlement from Annamalai Agro Processing Unit
CSH-002444,2025-06-12,BR-01,INFLOW,Customer Payment,27191.92,Cheque,INV-002181,Bank Settlement from Saravana Electric Works (Govindaraj)
CSH-002445,2025-05-22,BR-01,INFLOW,Customer Payment,3734.7,Cheque,INV-002182,Bank Settlement from Apex Manufacturing Solutions
CSH-002446,2025-05-16,BR-01,INFLOW,Customer Payment,2596.0,UPI,INV-002183,Receipt from Lakshmi Vilas Sweets & Bakery
CSH-002447,2025-05-29,BR-02,INFLOW,Customer Payment,1392.4,NEFT / Bank Transfer,INV-002184,Bank Settlement from Manjunatha Electrical Works
CSH-002448,2025-07-07,BR-01,INFLOW,Customer Payment,36332.2,Cheque,INV-002185,Bank Settlement from Victory Housing Projects Phase 2
CSH-002449,2025-05-23,BR-02,INFLOW,Customer Payment,9239.4,UPI,INV-002186,Bank Settlement from Manjunatha Electrical Works
CSH-002450,2025-05-17,BR-01,OUTFLOW,Office Supplies & Printing,1625.97,Petty Cash,EXP-000264,Operational expense
CSH-002451,2025-07-13,BR-02,INFLOW,Customer Payment,158563.68,Cheque,INV-002187,Bank Settlement from Cauvery Engineering Contractors
CSH-002452,2025-05-19,BR-02,INFLOW,Customer Payment,2495.7,Cash,INV-002188,Receipt from Nandini Milk Parlour & Mart
CSH-002453,2025-05-26,BR-02,INFLOW,Customer Payment,207321.04,Cheque,INV-002189,Bank Settlement from Cauvery Engineering Contractors
CSH-002454,2025-06-10,BR-03,INFLOW,Customer Payment,70016.48,UPI,INV-002190,Bank Settlement from Kongu Builders & Real Estate
CSH-002455,2025-06-08,BR-01,INFLOW,Customer Payment,11764.6,UPI,INV-002191,Bank Settlement from Saravana Electric Works (Govindaraj)
CSH-002456,2025-06-16,BR-01,INFLOW,Customer Payment,31653.5,RTGS,INV-002192,Bank Settlement from Kalaivani Hardware & Paints
CSH-002457,2025-05-19,BR-02,OUTFLOW,Staff Refreshments & Tea,1895.73,Petty Cash,EXP-000265,Operational expense
CSH-002458,2025-06-29,BR-01,INFLOW,Customer Payment,141972.88,Cheque,INV-002193,Bank Settlement from Kalaivani Hardware & Paints
CSH-002459,2025-06-30,BR-02,INFLOW,Customer Payment,542.8,Cheque,INV-002194,Bank Settlement from Silicon Valley PG Hostel Chain
CSH-002460,2025-07-11,BR-01,INFLOW,Customer Payment,133881.62,Cheque,INV-002195,Bank Settlement from Srinivasan & Sons Contractor
CSH-002461,2025-05-27,BR-01,INFLOW,Customer Payment,230143.66,Cheque,INV-002196,Bank Settlement from Victory Housing Projects Phase 2
CSH-002462,2025-05-21,BR-02,INFLOW,Customer Payment,206.5,Cash,INV-002197,Receipt from Nandini Milk Parlour & Mart
CSH-002463,2025-05-21,BR-01,INFLOW,Customer Payment,25859.7,UPI,INV-002198,Receipt from Lakshmi Vilas Sweets & Bakery
CSH-002464,2025-05-30,BR-03,INFLOW,Customer Payment,49766.5,NEFT / Bank Transfer,INV-002199,Bank Settlement from Kongu Builders & Real Estate
CSH-002465,2025-05-26,BR-01,INFLOW,Customer Payment,61320.12,UPI,INV-002200,Bank Settlement from Global Smart Solutions (P) Ltd
CSH-002466,2025-05-21,BR-02,INFLOW,Customer Payment,1191.8,Cash,INV-002201,Receipt from Nandini Milk Parlour & Mart
CSH-002467,2025-06-14,BR-02,INFLOW,Customer Payment,114485.96,RTGS,INV-002202,Bank Settlement from Raghavendra Infrastructure Developers
CSH-002468,2025-06-15,BR-01,INFLOW,Customer Payment,264976.55,RTGS,INV-002203,Bank Settlement from Victory Housing Projects Phase 2
CSH-002469,2025-06-19,BR-01,INFLOW,Customer Payment,14360.6,UPI,INV-002204,Bank Settlement from Royal Comfort Residency Hotel
CSH-002470,2025-06-09,BR-01,INFLOW,Customer Payment,2413.1,UPI,INV-002205,Bank Settlement from Vels Vidyashram School Campus
CSH-002471,2025-05-22,BR-03,INFLOW,Customer Payment,206.5,Cash,INV-002206,Receipt from Karthika Departmental Store
CSH-002472,2025-05-23,BR-01,INFLOW,Customer Payment,2277.4,Credit Card,INV-002207,Receipt from Karthik Residential Apartment Owner
CSH-002473,2025-05-23,BR-01,INFLOW,Customer Payment,7487.1,Cash,INV-002208,Receipt from Siva Shankaran (Individual Home)
CSH-002474,2025-05-23,BR-01,INFLOW,Customer Payment,13044.9,UPI,INV-002209,Receipt from Lakshmi Vilas Sweets & Bakery
CSH-002475,2025-07-01,BR-01,INFLOW,Customer Payment,206.5,RTGS,INV-002210,Bank Settlement from Poompuhar Handicrafts Store
CSH-002476,2025-07-05,BR-01,INFLOW,Customer Payment,413.0,NEFT / Bank Transfer,INV-002211,Bank Settlement from Poompuhar Handicrafts Store
CSH-002477,2025-05-23,BR-02,OUTFLOW,Staff Refreshments & Tea,1892.48,Petty Cash,EXP-000266,Operational expense
CSH-002478,2025-06-16,BR-01,INFLOW,Customer Payment,20006.9,UPI,INV-002212,Bank Settlement from Apex Manufacturing Solutions
CSH-002479,2025-06-02,BR-03,INFLOW,Customer Payment,284456.7,RTGS,INV-002213,Bank Settlement from Velan Pump & Motor Spares Store
CSH-002480,2025-06-15,BR-02,INFLOW,Customer Payment,10920.9,UPI,INV-002214,Bank Settlement from Urban Spaces Interior Studio
CSH-002481,2025-06-20,BR-03,INFLOW,Customer Payment,8303.19,Cheque,INV-002215,Bank Settlement from Kongu Builders & Real Estate
CSH-002482,2025-06-28,BR-01,INFLOW,Customer Payment,330.4,NEFT / Bank Transfer,INV-002216,Bank Settlement from TechPark Facility Maintenance Team
CSH-002483,2025-06-22,BR-03,INFLOW,Customer Payment,2489.8,RTGS,INV-002217,Bank Settlement from Sri Krishna Engineering College Hostel
CSH-002484,2025-07-04,BR-02,INFLOW,Customer Payment,2714.0,UPI,INV-002218,Bank Settlement from Brigade Vista Apartment Owners Assn
CSH-002485,2025-05-26,BR-03,OUTFLOW,Minor Maintenance & Repair,488.85,Petty Cash,EXP-000267,Operational expense
CSH-002486,2025-06-26,BR-01,INFLOW,Customer Payment,222996.4,UPI,INV-002219,Bank Settlement from Victory Housing Projects Phase 2
CSH-002487,2025-05-27,BR-01,INFLOW,Customer Payment,171.1,Cash,INV-002220,Receipt from Siva Shankaran (Individual Home)
CSH-002488,2025-07-20,BR-01,INFLOW,Customer Payment,12478.5,NEFT / Bank Transfer,INV-002221,Bank Settlement from TechPark Facility Maintenance Team
CSH-002489,2025-06-23,BR-01,INFLOW,Customer Payment,253.7,NEFT / Bank Transfer,INV-002222,Bank Settlement from Royal Comfort Residency Hotel
CSH-002490,2025-06-11,BR-02,INFLOW,Customer Payment,7487.1,NEFT / Bank Transfer,INV-002223,Bank Settlement from InnoTech Coworking Hub
CSH-002491,2025-05-27,BR-02,INFLOW,Customer Payment,1805.4,Credit Card,INV-002224,Receipt from Suresh Babu (Villa Construction)
CSH-002492,2025-07-21,BR-01,INFLOW,Customer Payment,29120.04,UPI,INV-002225,Bank Settlement from Srinivasan & Sons Contractor
CSH-002493,2025-05-28,BR-03,INFLOW,Customer Payment,3357.1,UPI,INV-002226,Receipt from Ramachandran (Individual House Owner)
CSH-002494,2025-05-28,BR-03,INFLOW,Customer Payment,19847.6,UPI,INV-002227,Receipt from Ramachandran (Individual House Owner)
CSH-002495,2025-05-28,BR-01,INFLOW,Customer Payment,330.4,Cash,INV-002228,Receipt from Mohammed Riyaz (Home Renovation)
CSH-002496,2025-06-20,BR-03,INFLOW,Customer Payment,1244.9,NEFT / Bank Transfer,INV-002229,Bank Settlement from Kovai Textile Mills Facility Team
CSH-002497,2025-06-14,BR-03,INFLOW,Customer Payment,5717.1,RTGS,INV-002230,Bank Settlement from Sundaram Hospital Maintenance
CSH-002498,2025-05-28,BR-01,INFLOW,Customer Payment,1115.1,Cash,INV-002231,Receipt from Mohammed Riyaz (Home Renovation)
CSH-002499,2025-06-17,BR-03,INFLOW,Customer Payment,16642.72,NEFT / Bank Transfer,INV-002232,Bank Settlement from Rangasamy Electrician Workshop
CSH-002500,2025-05-28,BR-02,OUTFLOW,Minor Maintenance & Repair,506.27,Petty Cash,EXP-000268,Operational expense
CSH-002501,2025-07-20,BR-01,INFLOW,Customer Payment,1392.4,NEFT / Bank Transfer,INV-002233,Bank Settlement from Metro Supermarket Tambaram
CSH-002502,2025-06-03,BR-03,INFLOW,Customer Payment,283.2,RTGS,INV-002234,Bank Settlement from Sri Krishna Engineering College Hostel
CSH-002503,2025-06-19,BR-01,INFLOW,Customer Payment,359.9,NEFT / Bank Transfer,INV-002235,Bank Settlement from Royal Comfort Residency Hotel
CSH-002504,2025-06-27,BR-01,INFLOW,Customer Payment,719.8,RTGS,INV-002236,Bank Settlement from Royal Comfort Residency Hotel
CSH-002505,2025-06-06,BR-01,INFLOW,Customer Payment,35358.7,NEFT / Bank Transfer,INV-002237,Bank Settlement from Selvam Electrician Services
CSH-002506,2025-06-14,BR-03,INFLOW,Customer Payment,3345.3,Cheque,INV-002238,Bank Settlement from Sri Krishna Engineering College Hostel
CSH-002507,2025-07-10,BR-03,INFLOW,Customer Payment,431671.14,RTGS,INV-002239,Bank Settlement from Velan Pump & Motor Spares Store
CSH-002508,2025-05-30,BR-02,INFLOW,Customer Payment,613.6,Cash,INV-002240,Receipt from Nandini Milk Parlour & Mart
CSH-002509,2025-06-24,BR-01,INFLOW,Customer Payment,3593.1,Cheque,INV-002241,Bank Settlement from Apex Manufacturing Solutions
CSH-002510,2025-06-20,BR-03,INFLOW,Customer Payment,330.4,RTGS,INV-002242,Bank Settlement from Sundaram Hospital Maintenance
CSH-002511,2025-06-23,BR-02,INFLOW,Customer Payment,134260.4,RTGS,INV-002243,Bank Settlement from Urban Spaces Interior Studio
CSH-002512,2025-05-30,BR-01,OUTFLOW,Minor Maintenance & Repair,1365.81,Petty Cash,EXP-000269,Operational expense
CSH-002513,2025-06-05,BR-02,INFLOW,Customer Payment,112261.66,Cheque,INV-002244,Bank Settlement from Cauvery Engineering Contractors
CSH-002514,2025-05-31,BR-03,INFLOW,Customer Payment,584.1,UPI,INV-002245,Receipt from Ramachandran (Individual House Owner)
CSH-002515,2025-05-31,BR-03,INFLOW,Customer Payment,259.6,Cash,INV-002246,Receipt from Karthika Departmental Store
CSH-002516,2025-06-08,BR-02,INFLOW,Customer Payment,29299.4,UPI,INV-002247,Bank Settlement from Cauvery Engineering Contractors
CSH-002517,2025-06-06,BR-02,INFLOW,Customer Payment,65066.14,RTGS,INV-002248,Bank Settlement from Cauvery Engineering Contractors
CSH-002518,2025-06-01,BR-01,OUTFLOW,Showroom Rent,75000.0,Bank Transfer,EXP-000270,Rent for Vidyut Central Hub & Showroom
CSH-002519,2025-06-01,BR-02,OUTFLOW,Showroom Rent,45000.0,Bank Transfer,EXP-000271,Rent for Vidyut Electronic City Retail Branch
CSH-002520,2025-06-01,BR-03,OUTFLOW,Showroom Rent,35000.0,Bank Transfer,EXP-000272,Rent for Vidyut Coimbatore Townhall Branch
CSH-002521,2025-07-23,BR-01,INFLOW,Customer Payment,8330.8,NEFT / Bank Transfer,INV-002249,Bank Settlement from Selvam Electrician Services
CSH-002522,2025-06-10,BR-01,INFLOW,Customer Payment,17700.0,Cheque,INV-002250,Bank Settlement from Anbu Electricals (Anbazhagan)
CSH-002523,2025-07-02,BR-03,INFLOW,Customer Payment,18154.3,Cheque,INV-002251,Bank Settlement from Rangasamy Electrician Workshop
CSH-002524,2025-07-21,BR-02,INFLOW,Customer Payment,207446.36,Cheque,INV-002252,Bank Settlement from Sri Venkateshwara Hardware & Electricals
CSH-002525,2025-06-19,BR-01,INFLOW,Customer Payment,2198.34,Cheque,INV-002253,Bank Settlement from Anbu Electricals (Anbazhagan)
CSH-002526,2025-06-29,BR-03,INFLOW,Customer Payment,2938.2,Cheque,INV-002254,Bank Settlement from Mani Bros Electricals (Mani)
CSH-002527,2025-06-02,BR-02,INFLOW,Customer Payment,5546.0,Cash,INV-002255,Receipt from Nandini Milk Parlour & Mart
CSH-002528,2025-06-23,BR-02,INFLOW,Customer Payment,295.0,RTGS,INV-002256,Bank Settlement from Silicon Valley PG Hostel Chain
CSH-002529,2025-06-03,BR-03,INFLOW,Customer Payment,4720.0,Cash,INV-002257,Receipt from Karthika Departmental Store
CSH-002530,2025-07-01,BR-01,INFLOW,Customer Payment,94687.92,NEFT / Bank Transfer,INV-002258,Bank Settlement from Global Smart Solutions (P) Ltd
CSH-002531,2025-06-03,BR-01,INFLOW,Customer Payment,460.2,UPI,INV-002259,Receipt from Dr. Priya Sundaram (Home Clinic)
CSH-002532,2025-07-24,BR-02,INFLOW,Customer Payment,8047.6,RTGS,INV-002260,Bank Settlement from Manjunatha Electrical Works
CSH-002533,2025-07-04,BR-01,INFLOW,Customer Payment,566.4,Cheque,INV-002261,Bank Settlement from Metro Supermarket Tambaram
CSH-002534,2025-06-03,BR-03,INFLOW,Customer Payment,566.4,Cash,INV-002262,Receipt from Karthika Departmental Store
CSH-002535,2025-06-11,BR-02,INFLOW,Customer Payment,13204.2,NEFT / Bank Transfer,INV-002263,Bank Settlement from Manjunatha Electrical Works
CSH-002536,2025-06-04,BR-01,INFLOW,Customer Payment,2808.4,UPI,INV-002264,Receipt from Lakshmi Vilas Sweets & Bakery
CSH-002537,2025-06-30,BR-03,INFLOW,Customer Payment,76.7,UPI,INV-002265,Bank Settlement from Kovai Elite Residency Hotel
CSH-002538,2025-06-28,BR-03,INFLOW,Customer Payment,14101.0,RTGS,INV-002266,Bank Settlement from Kovai Textile Mills Facility Team
CSH-002539,2025-06-04,BR-01,INFLOW,Customer Payment,359.9,Cash,INV-002267,Receipt from Mohammed Riyaz (Home Renovation)
CSH-002540,2025-07-21,BR-02,INFLOW,Customer Payment,9414.04,Cheque,INV-002268,Bank Settlement from Gowda Electrical Repairs
CSH-002541,2025-07-02,BR-01,INFLOW,Customer Payment,35109.72,UPI,INV-002269,Bank Settlement from Balaji Electrical Contractors
CSH-002542,2025-07-02,BR-02,INFLOW,Customer Payment,68841.2,UPI,INV-002270,Bank Settlement from Raghavendra Infrastructure Developers
CSH-002543,2025-06-04,BR-03,OUTFLOW,Minor Maintenance & Repair,808.27,Petty Cash,EXP-000273,Operational expense
CSH-002544,2025-07-27,BR-02,INFLOW,Customer Payment,194.7,Cheque,INV-002271,Bank Settlement from InnoTech Coworking Hub
CSH-002545,2025-06-30,BR-02,INFLOW,Customer Payment,31645.24,NEFT / Bank Transfer,INV-002272,Bank Settlement from Cauvery Engineering Contractors
CSH-002546,2025-06-25,BR-01,INFLOW,Customer Payment,1482.08,RTGS,INV-002273,Bank Settlement from Anbu Electricals (Anbazhagan)
CSH-002547,2025-06-10,BR-02,INFLOW,Customer Payment,133863.92,UPI,INV-002274,Bank Settlement from Cauvery Engineering Contractors
CSH-002548,2025-06-21,BR-02,INFLOW,Customer Payment,40946.95,NEFT / Bank Transfer,INV-002275,Bank Settlement from Raghavendra Infrastructure Developers
CSH-002549,2025-06-05,BR-01,OUTFLOW,Payroll Salaries,160000.0,Bank Transfer,EXP-000274,Salary Payout BR-01
CSH-002550,2025-06-05,BR-02,OUTFLOW,Payroll Salaries,96000.0,Bank Transfer,EXP-000275,Salary Payout BR-02
CSH-002551,2025-06-05,BR-03,OUTFLOW,Payroll Salaries,96000.0,Bank Transfer,EXP-000276,Salary Payout BR-03
CSH-002552,2025-06-05,BR-01,OUTFLOW,Office Supplies & Printing,573.88,Petty Cash,EXP-000277,Operational expense
CSH-002553,2025-06-23,BR-01,INFLOW,Customer Payment,7611.0,RTGS,INV-002276,Bank Settlement from Poompuhar Handicrafts Store
CSH-002554,2025-06-06,BR-03,INFLOW,Customer Payment,4071.0,UPI,INV-002277,Receipt from Ramachandran (Individual House Owner)
CSH-002555,2025-06-06,BR-01,INFLOW,Customer Payment,3717.0,Cash,INV-002278,Receipt from Murugan Auto Garage & Works
CSH-002556,2025-06-06,BR-03,INFLOW,Customer Payment,2277.4,UPI,INV-002279,Receipt from Ramachandran (Individual House Owner)
CSH-002557,2025-06-30,BR-03,INFLOW,Customer Payment,9776.3,UPI,INV-002280,Bank Settlement from Mani Bros Electricals (Mani)
CSH-002558,2025-06-28,BR-02,INFLOW,Customer Payment,194.7,NEFT / Bank Transfer,INV-002281,Bank Settlement from Silicon Valley PG Hostel Chain
CSH-002559,2025-06-13,BR-01,INFLOW,Customer Payment,25384.63,UPI,INV-002282,Bank Settlement from Victory Housing Projects Phase 2
CSH-002560,2025-06-14,BR-02,INFLOW,Customer Payment,92403.44,RTGS,INV-002283,Bank Settlement from Raghavendra Infrastructure Developers
CSH-002561,2025-06-08,BR-02,OUTFLOW,Minor Maintenance & Repair,1436.22,Petty Cash,EXP-000278,Operational expense
CSH-002562,2025-06-22,BR-01,INFLOW,Customer Payment,6165.5,NEFT / Bank Transfer,INV-002284,Bank Settlement from Selvam Electrician Services
CSH-002563,2025-06-21,BR-01,INFLOW,Customer Payment,283.2,RTGS,INV-002285,Bank Settlement from TechPark Facility Maintenance Team
CSH-002564,2025-07-12,BR-01,INFLOW,Customer Payment,5516.5,UPI,INV-002286,Bank Settlement from Saravana Electric Works (Govindaraj)
CSH-002565,2025-07-06,BR-01,INFLOW,Customer Payment,68123.76,Cheque,INV-002287,Bank Settlement from Sri Ramakrishna Builders & Infra
CSH-002566,2025-06-09,BR-01,INFLOW,Customer Payment,2607.8,Cash,INV-002288,Receipt from Mohammed Riyaz (Home Renovation)
CSH-002567,2025-06-28,BR-02,INFLOW,Customer Payment,2194.8,NEFT / Bank Transfer,INV-002289,Bank Settlement from Silicon Valley PG Hostel Chain
CSH-002568,2025-07-08,BR-02,INFLOW,Customer Payment,389.4,Cheque,INV-002290,Bank Settlement from Brigade Vista Apartment Owners Assn
CSH-002569,2025-06-09,BR-03,OUTFLOW,Staff Refreshments & Tea,1685.48,Petty Cash,EXP-000279,Operational expense
CSH-002570,2025-07-03,BR-02,INFLOW,Customer Payment,62846.8,Cheque,INV-002291,Bank Settlement from Raghavendra Infrastructure Developers
CSH-002571,2025-07-22,BR-02,INFLOW,Customer Payment,14101.0,Cheque,INV-002292,Bank Settlement from Manjunatha Electrical Works
CSH-002572,2025-07-24,BR-01,INFLOW,Customer Payment,16354.8,NEFT / Bank Transfer,INV-002293,Bank Settlement from Balaji Electrical Contractors
CSH-002573,2025-06-18,BR-02,INFLOW,Customer Payment,6785.0,UPI,INV-002294,Bank Settlement from Gowda Electrical Repairs
CSH-002574,2025-07-06,BR-02,INFLOW,Customer Payment,5033.88,Cheque,INV-002295,Bank Settlement from Gowda Electrical Repairs
CSH-002575,2025-06-26,BR-03,INFLOW,Customer Payment,54531.34,NEFT / Bank Transfer,INV-002296,Bank Settlement from Velan Pump & Motor Spares Store
CSH-002576,2025-06-10,BR-01,INFLOW,Customer Payment,12921.0,Cash,INV-002297,Receipt from Siva Shankaran (Individual Home)
CSH-002577,2025-06-10,BR-01,OUTFLOW,Electricity Bill,9145.89,Online Banking,EXP-000280,Utility Payment
CSH-002578,2025-06-10,BR-02,OUTFLOW,Electricity Bill,9222.44,Online Banking,EXP-000281,Utility Payment
CSH-002579,2025-06-10,BR-03,OUTFLOW,Electricity Bill,14956.12,Online Banking,EXP-000282,Utility Payment
CSH-002580,2025-06-10,BR-03,OUTFLOW,Office Supplies & Printing,2109.82,Petty Cash,EXP-000283,Operational expense
CSH-002581,2025-06-24,BR-01,INFLOW,Customer Payment,18018.6,RTGS,INV-002298,Bank Settlement from Sri Ramakrishna Builders & Infra
CSH-002582,2025-08-29,BR-02,INFLOW,Customer Payment,660.8,NEFT / Bank Transfer,INV-002299,Bank Settlement from Brigade Vista Apartment Owners Assn
CSH-002583,2025-08-16,BR-03,INFLOW,Customer Payment,324.5,RTGS,INV-002300,Bank Settlement from Kovai Elite Residency Hotel
CSH-002584,2025-08-02,BR-03,INFLOW,Customer Payment,4602.0,UPI,INV-002301,Bank Settlement from Kovai Elite Residency Hotel
CSH-002585,2025-06-27,BR-01,INFLOW,Customer Payment,5386.7,NEFT / Bank Transfer,INV-002302,Bank Settlement from Srinivasan & Sons Contractor
CSH-002586,2025-06-21,BR-01,INFLOW,Customer Payment,41598.54,UPI,INV-002303,Bank Settlement from Victory Housing Projects Phase 2
CSH-002587,2025-09-09,BR-01,INFLOW,Customer Payment,82432.44,NEFT / Bank Transfer,INV-002304,Bank Settlement from Victory Housing Projects Phase 2
CSH-002588,2025-07-21,BR-02,INFLOW,Customer Payment,192699.9,NEFT / Bank Transfer,INV-002305,Bank Settlement from Sri Venkateshwara Hardware & Electricals
CSH-002589,2025-07-09,BR-01,INFLOW,Customer Payment,200700.3,RTGS,INV-002306,Bank Settlement from Victory Housing Projects Phase 2
CSH-002590,2025-06-13,BR-02,OUTFLOW,Staff Refreshments & Tea,2033.32,Petty Cash,EXP-000284,Operational expense
CSH-002591,2025-08-05,BR-03,INFLOW,Customer Payment,156839.7,NEFT / Bank Transfer,INV-002307,Bank Settlement from Velan Pump & Motor Spares Store
CSH-002592,2025-06-14,BR-01,INFLOW,Customer Payment,613.6,Cash,INV-002308,Receipt from Siva Shankaran (Individual Home)
CSH-002593,2025-06-26,BR-01,INFLOW,Customer Payment,1864.4,Cheque,INV-002309,Bank Settlement from Poompuhar Handicrafts Store
CSH-002594,2025-06-29,BR-01,INFLOW,Customer Payment,176766.36,Cheque,INV-002310,Bank Settlement from Kalam Brothers Electrical Store
CSH-002595,2025-07-02,BR-02,INFLOW,Customer Payment,8348.5,Cheque,INV-002311,Bank Settlement from Brigade Vista Apartment Owners Assn
CSH-002596,2025-08-06,BR-01,INFLOW,Customer Payment,278925.1,NEFT / Bank Transfer,INV-002312,Bank Settlement from Devi Agency & Lighting Store
CSH-002597,2025-07-06,BR-01,INFLOW,Customer Payment,156768.9,RTGS,INV-002313,Bank Settlement from Srinivasan & Sons Contractor
CSH-002598,2025-08-17,BR-03,INFLOW,Customer Payment,11021.2,UPI,INV-002314,Bank Settlement from Sri Krishna Engineering College Hostel
CSH-002599,2025-06-22,BR-02,INFLOW,Customer Payment,318.6,RTGS,INV-002315,Bank Settlement from Brigade Vista Apartment Owners Assn
CSH-002600,2025-07-11,BR-02,INFLOW,Customer Payment,1014.8,NEFT / Bank Transfer,INV-002316,Bank Settlement from Manjunatha Electrical Works
CSH-002601,2025-07-03,BR-03,INFLOW,Customer Payment,566.4,NEFT / Bank Transfer,INV-002317,Bank Settlement from Annamalai Agro Processing Unit
CSH-002602,2025-06-16,BR-02,INFLOW,Customer Payment,1628.4,Credit Card,INV-002318,Receipt from Suresh Babu (Villa Construction)
CSH-002603,2025-07-04,BR-01,INFLOW,Customer Payment,1852.6,NEFT / Bank Transfer,INV-002319,Bank Settlement from Anbu Electricals (Anbazhagan)
CSH-002604,2025-06-16,BR-03,OUTFLOW,Vehicle Fuel & Freight,690.81,Petty Cash,EXP-000285,Operational expense
CSH-002605,2025-08-06,BR-03,INFLOW,Customer Payment,3180.1,NEFT / Bank Transfer,INV-002320,Bank Settlement from Sri Krishna Engineering College Hostel
CSH-002606,2025-07-24,BR-01,INFLOW,Customer Payment,2725.8,UPI,INV-002321,Bank Settlement from Metro Supermarket Tambaram
CSH-002607,2025-06-29,BR-01,INFLOW,Customer Payment,187832.4,NEFT / Bank Transfer,INV-002322,Bank Settlement from Kalaivani Hardware & Paints
CSH-002608,2025-08-03,BR-01,INFLOW,Customer Payment,1970.6,RTGS,INV-002323,Bank Settlement from Selvam Electrician Services
CSH-002609,2025-06-17,BR-01,INFLOW,Customer Payment,20018.7,Cash,INV-002324,Receipt from Siva Shankaran (Individual Home)
CSH-002610,2025-06-17,BR-03,OUTFLOW,Minor Maintenance & Repair,1763.79,Petty Cash,EXP-000286,Operational expense
CSH-002611,2025-06-18,BR-01,INFLOW,Customer Payment,8354.4,UPI,INV-002325,Receipt from Lakshmi Vilas Sweets & Bakery
CSH-002612,2025-06-18,BR-02,INFLOW,Customer Payment,259.6,Cash,INV-002326,Receipt from Nandini Milk Parlour & Mart
CSH-002613,2025-06-23,BR-03,INFLOW,Customer Payment,188261.92,RTGS,INV-002327,Bank Settlement from Marutham Electrical & Power Agency
CSH-002614,2025-07-03,BR-01,INFLOW,Customer Payment,28825.04,NEFT / Bank Transfer,INV-002328,Bank Settlement from Victory Housing Projects Phase 2
CSH-002615,2025-06-18,BR-03,INFLOW,Customer Payment,2896.9,UPI,INV-002329,Receipt from Ramachandran (Individual House Owner)
CSH-002616,2025-06-19,BR-03,INFLOW,Customer Payment,1569.4,Cash,INV-002330,Receipt from Karthika Departmental Store
CSH-002617,2025-07-30,BR-01,INFLOW,Customer Payment,224697.96,UPI,INV-002331,Bank Settlement from Devi Agency & Lighting Store
CSH-002618,2025-08-31,BR-02,INFLOW,Customer Payment,8142.0,NEFT / Bank Transfer,INV-002332,Bank Settlement from InnoTech Coworking Hub
CSH-002619,2025-07-06,BR-01,INFLOW,Customer Payment,83850.8,UPI,INV-002333,Bank Settlement from Kalam Brothers Electrical Store
CSH-002620,2025-07-18,BR-02,INFLOW,Customer Payment,10238.86,Cheque,INV-002334,Bank Settlement from Manjunatha Electrical Works
CSH-002621,2025-06-20,BR-02,INFLOW,Customer Payment,1864.4,Credit Card,INV-002335,Receipt from Suresh Babu (Villa Construction)
CSH-002622,2025-06-20,BR-01,INFLOW,Customer Payment,194.7,Cash,INV-002336,Receipt from Murugan Auto Garage & Works
CSH-002623,2025-06-20,BR-01,INFLOW,Customer Payment,1298.0,Credit Card,INV-002337,Receipt from Karthik Residential Apartment Owner
CSH-002624,2025-08-01,BR-03,INFLOW,Customer Payment,315088.79,NEFT / Bank Transfer,INV-002338,Bank Settlement from Velan Pump & Motor Spares Store
CSH-002625,2025-07-09,BR-02,INFLOW,Customer Payment,9030.54,Cheque,INV-002339,Bank Settlement from Gowda Electrical Repairs
CSH-002626,2025-08-08,BR-01,INFLOW,Customer Payment,239476.28,Cheque,INV-002340,Bank Settlement from Kalaivani Hardware & Paints
CSH-002627,2025-06-21,BR-01,INFLOW,Customer Payment,3805.5,UPI,INV-002341,Receipt from Lakshmi Vilas Sweets & Bakery
CSH-002628,2025-07-26,BR-01,INFLOW,Customer Payment,7953.2,Cheque,INV-002342,Bank Settlement from Victory Housing Projects Phase 2
CSH-002629,2025-07-04,BR-01,INFLOW,Customer Payment,413.0,RTGS,INV-002343,Bank Settlement from Apex Manufacturing Solutions
CSH-002630,2025-06-26,BR-02,INFLOW,Customer Payment,97997.82,RTGS,INV-002344,Bank Settlement from Urban Spaces Interior Studio
CSH-002631,2025-06-21,BR-01,OUTFLOW,Office Supplies & Printing,794.09,Petty Cash,EXP-000287,Operational expense
CSH-002632,2025-06-22,BR-01,OUTFLOW,Vehicle Fuel & Freight,1774.5,Petty Cash,EXP-000288,Operational expense
CSH-002633,2025-07-26,BR-01,INFLOW,Customer Payment,63986.68,UPI,INV-002345,Bank Settlement from Srinivasan & Sons Contractor
CSH-002634,2025-07-14,BR-01,INFLOW,Customer Payment,94.4,Cheque,INV-002346,Bank Settlement from Poompuhar Handicrafts Store
CSH-002635,2025-06-23,BR-01,INFLOW,Customer Payment,16142.4,UPI,INV-002347,Receipt from Lakshmi Vilas Sweets & Bakery
CSH-002636,2025-08-16,BR-02,INFLOW,Customer Payment,531.0,UPI,INV-002348,Bank Settlement from Brigade Vista Apartment Owners Assn
CSH-002637,2025-08-02,BR-01,INFLOW,Customer Payment,253748.38,RTGS,INV-002349,Bank Settlement from Kalam Brothers Electrical Store
CSH-002638,2025-07-24,BR-02,INFLOW,Customer Payment,1239.0,UPI,INV-002350,Bank Settlement from Brigade Vista Apartment Owners Assn
CSH-002639,2025-08-17,BR-01,INFLOW,Customer Payment,76.7,UPI,INV-002351,Bank Settlement from TechPark Facility Maintenance Team
CSH-002640,2025-06-23,BR-02,INFLOW,Customer Payment,1298.0,Credit Card,INV-002352,Receipt from Suresh Babu (Villa Construction)
CSH-002641,2025-07-22,BR-01,INFLOW,Customer Payment,12956.4,Cheque,INV-002353,Bank Settlement from Vels Vidyashram School Campus
CSH-002642,2025-07-27,BR-01,INFLOW,Customer Payment,407.1,Cheque,INV-002354,Bank Settlement from Vels Vidyashram School Campus
CSH-002643,2025-07-09,BR-03,INFLOW,Customer Payment,2739.96,Cheque,INV-002355,Bank Settlement from Rangasamy Electrician Workshop
CSH-002644,2025-06-30,BR-01,INFLOW,Customer Payment,52287.92,Cheque,INV-002356,Bank Settlement from Kalaivani Hardware & Paints
CSH-002645,2025-06-24,BR-03,OUTFLOW,Vehicle Fuel & Freight,2045.32,Petty Cash,EXP-000289,Operational expense
CSH-002646,2025-06-25,BR-01,INFLOW,Customer Payment,4507.6,UPI,INV-002357,Receipt from Dr. Priya Sundaram (Home Clinic)
CSH-002647,2025-06-25,BR-02,INFLOW,Customer Payment,1357.0,UPI,INV-002358,Receipt from Dr. Arvind Rao Dental Clinic
CSH-002648,2025-06-25,BR-02,INFLOW,Customer Payment,9900.2,Cash,INV-002359,Receipt from Nandini Milk Parlour & Mart
CSH-002649,2025-08-01,BR-01,INFLOW,Customer Payment,235787.6,UPI,INV-002360,Bank Settlement from Devi Agency & Lighting Store
CSH-002650,2025-08-06,BR-01,INFLOW,Customer Payment,190536.96,RTGS,INV-002361,Bank Settlement from Srinivasan & Sons Contractor
CSH-002651,2025-07-13,BR-03,INFLOW,Customer Payment,4165.4,UPI,INV-002362,Bank Settlement from Kovai Textile Mills Facility Team
CSH-002652,2025-07-24,BR-01,INFLOW,Customer Payment,424.8,RTGS,INV-002363,Bank Settlement from Poompuhar Handicrafts Store
CSH-002653,2025-07-08,BR-01,INFLOW,Customer Payment,10089.0,NEFT / Bank Transfer,INV-002364,Bank Settlement from Poompuhar Handicrafts Store
CSH-002654,2025-07-14,BR-02,INFLOW,Customer Payment,228233.95,NEFT / Bank Transfer,INV-002365,Bank Settlement from Sri Venkateshwara Hardware & Electricals
CSH-002655,2025-07-13,BR-03,INFLOW,Customer Payment,1221.3,Cheque,INV-002366,Bank Settlement from Annamalai Agro Processing Unit
CSH-002656,2025-06-27,BR-01,INFLOW,Customer Payment,1433.7,Cash,INV-002367,Receipt from Mohammed Riyaz (Home Renovation)
CSH-002657,2025-07-17,BR-02,INFLOW,Customer Payment,16720.6,RTGS,INV-002368,Bank Settlement from Manjunatha Electrical Works
CSH-002658,2025-07-06,BR-03,INFLOW,Customer Payment,1333.4,UPI,INV-002369,Bank Settlement from Kovai Elite Residency Hotel
CSH-002659,2025-06-27,BR-02,INFLOW,Customer Payment,1239.0,UPI,INV-002370,Receipt from Dr. Arvind Rao Dental Clinic
CSH-002660,2025-07-27,BR-01,INFLOW,Customer Payment,1298.0,UPI,INV-002371,Bank Settlement from Apex Manufacturing Solutions
CSH-002661,2025-07-03,BR-02,INFLOW,Customer Payment,1522.2,RTGS,INV-002372,Bank Settlement from Brigade Vista Apartment Owners Assn
CSH-002662,2025-07-25,BR-03,INFLOW,Customer Payment,4531.2,UPI,INV-002373,Bank Settlement from Mani Bros Electricals (Mani)
CSH-002663,2025-07-08,BR-02,INFLOW,Customer Payment,65645.76,Cheque,INV-002374,Bank Settlement from Cauvery Engineering Contractors
CSH-002664,2025-07-13,BR-03,INFLOW,Customer Payment,8850.0,NEFT / Bank Transfer,INV-002375,Bank Settlement from Kovai Textile Mills Facility Team
CSH-002665,2025-07-21,BR-02,INFLOW,Customer Payment,489.7,Cheque,INV-002376,Bank Settlement from Brigade Vista Apartment Owners Assn
CSH-002666,2025-08-07,BR-03,INFLOW,Customer Payment,348.1,NEFT / Bank Transfer,INV-002377,Bank Settlement from Kovai Textile Mills Facility Team
CSH-002667,2025-07-11,BR-01,INFLOW,Customer Payment,64989.68,RTGS,INV-002378,Bank Settlement from Global Smart Solutions (P) Ltd
CSH-002668,2025-07-27,BR-01,INFLOW,Customer Payment,5652.2,UPI,INV-002379,Bank Settlement from Metro Supermarket Tambaram
CSH-002669,2025-07-20,BR-01,INFLOW,Customer Payment,65241.02,NEFT / Bank Transfer,INV-002380,Bank Settlement from Sri Ramakrishna Builders & Infra
CSH-002670,2025-07-07,BR-01,INFLOW,Customer Payment,47609.46,RTGS,INV-002381,Bank Settlement from Devi Agency & Lighting Store
CSH-002671,2025-08-05,BR-03,INFLOW,Customer Payment,132715.78,Cheque,INV-002382,Bank Settlement from Kongu Builders & Real Estate
CSH-002672,2025-07-27,BR-01,INFLOW,Customer Payment,232489.5,RTGS,INV-002383,Bank Settlement from Kalaivani Hardware & Paints
CSH-002673,2025-08-04,BR-01,INFLOW,Customer Payment,47487.45,NEFT / Bank Transfer,INV-002384,Bank Settlement from Victory Housing Projects Phase 2
CSH-002674,2025-07-01,BR-01,OUTFLOW,Showroom Rent,75000.0,Bank Transfer,EXP-000290,Rent for Vidyut Central Hub & Showroom
CSH-002675,2025-07-01,BR-02,OUTFLOW,Showroom Rent,45000.0,Bank Transfer,EXP-000291,Rent for Vidyut Electronic City Retail Branch
CSH-002676,2025-07-01,BR-03,OUTFLOW,Showroom Rent,35000.0,Bank Transfer,EXP-000292,Rent for Vidyut Coimbatore Townhall Branch
CSH-002677,2025-07-26,BR-02,INFLOW,Customer Payment,131997.4,Cheque,INV-002385,Bank Settlement from Cauvery Engineering Contractors
CSH-002678,2025-08-07,BR-03,INFLOW,Customer Payment,3304.0,NEFT / Bank Transfer,INV-002386,Bank Settlement from Kovai Textile Mills Facility Team
CSH-002679,2025-08-02,BR-02,INFLOW,Customer Payment,92228.32,UPI,INV-002387,Bank Settlement from Cauvery Engineering Contractors
CSH-002680,2025-08-21,BR-03,INFLOW,Customer Payment,297055.56,UPI,INV-002388,Bank Settlement from Velan Pump & Motor Spares Store
CSH-002681,2025-08-05,BR-01,INFLOW,Customer Payment,163734.68,RTGS,INV-002389,Bank Settlement from Srinivasan & Sons Contractor
CSH-002682,2025-08-04,BR-02,INFLOW,Customer Payment,205125.3,UPI,INV-002390,Bank Settlement from Sri Venkateshwara Hardware & Electricals
CSH-002683,2025-07-03,BR-01,INFLOW,Customer Payment,1138.7,UPI,INV-002391,Receipt from Dr. Priya Sundaram (Home Clinic)
CSH-002684,2025-07-03,BR-01,INFLOW,Customer Payment,236.24,Credit Card,INV-002392,Receipt from Karthik Residential Apartment Owner
CSH-002685,2025-07-20,BR-01,INFLOW,Customer Payment,36023.04,RTGS,INV-002393,Bank Settlement from Kalam Brothers Electrical Store
CSH-002686,2025-07-31,BR-03,INFLOW,Customer Payment,994.27,RTGS,INV-002394,Bank Settlement from Sundaram Hospital Maintenance
CSH-002687,2025-07-22,BR-03,INFLOW,Customer Payment,192689.51,UPI,INV-002395,Bank Settlement from Marutham Electrical & Power Agency
CSH-002688,2025-08-21,BR-02,INFLOW,Customer Payment,114253.26,RTGS,INV-002396,Bank Settlement from Sri Venkateshwara Hardware & Electricals
CSH-002689,2025-07-18,BR-01,INFLOW,Customer Payment,10491.14,UPI,INV-002397,Bank Settlement from Sri Ramakrishna Builders & Infra
CSH-002690,2025-08-02,BR-03,INFLOW,Customer Payment,2962.98,RTGS,INV-002398,Bank Settlement from Sri Krishna Engineering College Hostel
CSH-002691,2025-07-31,BR-03,INFLOW,Customer Payment,145380.72,UPI,INV-002399,Bank Settlement from Marutham Electrical & Power Agency
CSH-002692,2025-08-01,BR-03,INFLOW,Customer Payment,274.23,UPI,INV-002400,Bank Settlement from Sri Krishna Engineering College Hostel
CSH-002693,2025-07-04,BR-01,INFLOW,Customer Payment,1315.7,Cash,INV-002401,Receipt from Mohammed Riyaz (Home Renovation)
CSH-002694,2025-07-10,BR-02,INFLOW,Customer Payment,2631.4,Cheque,INV-002402,Bank Settlement from Silicon Valley PG Hostel Chain
CSH-002695,2025-07-04,BR-03,OUTFLOW,Staff Refreshments & Tea,1437.92,Petty Cash,EXP-000293,Operational expense
CSH-002696,2025-08-11,BR-01,INFLOW,Customer Payment,2277.4,UPI,INV-002403,Bank Settlement from Apex Manufacturing Solutions
CSH-002697,2025-08-26,BR-02,INFLOW,Customer Payment,4389.6,NEFT / Bank Transfer,INV-002404,Bank Settlement from Manjunatha Electrical Works
CSH-002698,2025-07-05,BR-03,INFLOW,Customer Payment,850.78,Cash,INV-002405,Receipt from Karthika Departmental Store
CSH-002699,2025-07-15,BR-01,INFLOW,Customer Payment,1239.0,Cheque,INV-002406,Bank Settlement from Vels Vidyashram School Campus
CSH-002700,2025-07-05,BR-01,INFLOW,Customer Payment,256.53,UPI,INV-002407,Receipt from Dr. Priya Sundaram (Home Clinic)
CSH-002701,2025-07-31,BR-02,INFLOW,Customer Payment,389.4,UPI,INV-002408,Bank Settlement from Brigade Vista Apartment Owners Assn
CSH-002702,2025-07-20,BR-03,INFLOW,Customer Payment,120597.18,NEFT / Bank Transfer,INV-002409,Bank Settlement from Velan Pump & Motor Spares Store
CSH-002703,2025-07-05,BR-01,OUTFLOW,Payroll Salaries,160000.0,Bank Transfer,EXP-000294,Salary Payout BR-01
CSH-002704,2025-07-05,BR-02,OUTFLOW,Payroll Salaries,96000.0,Bank Transfer,EXP-000295,Salary Payout BR-02
CSH-002705,2025-07-05,BR-03,OUTFLOW,Payroll Salaries,96000.0,Bank Transfer,EXP-000296,Salary Payout BR-03
CSH-002706,2025-07-07,BR-01,INFLOW,Customer Payment,1168.91,Cash,INV-002410,Receipt from Mohammed Riyaz (Home Renovation)
CSH-002707,2025-07-18,BR-01,INFLOW,Customer Payment,6711.84,RTGS,INV-002411,Bank Settlement from Poompuhar Handicrafts Store
CSH-002708,2025-07-12,BR-03,INFLOW,Customer Payment,118789.89,UPI,INV-002412,Bank Settlement from Marutham Electrical & Power Agency
CSH-002709,2025-08-28,BR-02,INFLOW,Customer Payment,6087.62,NEFT / Bank Transfer,INV-002413,Bank Settlement from Gowda Electrical Repairs
CSH-002710,2025-07-27,BR-02,INFLOW,Customer Payment,2773.0,UPI,INV-002414,Bank Settlement from Brigade Vista Apartment Owners Assn
CSH-002711,2025-07-08,BR-02,INFLOW,Customer Payment,1085.6,Credit Card,INV-002415,Receipt from Suresh Babu (Villa Construction)
CSH-002712,2025-07-08,BR-03,INFLOW,Customer Payment,5331.24,UPI,INV-002416,Receipt from Ramachandran (Individual House Owner)
CSH-002713,2025-07-31,BR-03,INFLOW,Customer Payment,108761.78,NEFT / Bank Transfer,INV-002417,Bank Settlement from Velan Pump & Motor Spares Store
CSH-002714,2025-07-27,BR-01,INFLOW,Customer Payment,22927.4,RTGS,INV-002418,Bank Settlement from Global Smart Solutions (P) Ltd
CSH-002715,2025-08-07,BR-03,INFLOW,Customer Payment,13239.6,UPI,INV-002419,Bank Settlement from Mani Bros Electricals (Mani)
CSH-002716,2025-08-06,BR-01,INFLOW,Customer Payment,56939.96,RTGS,INV-002420,Bank Settlement from Victory Housing Projects Phase 2
CSH-002717,2025-07-22,BR-01,INFLOW,Customer Payment,40822.81,UPI,INV-002421,Bank Settlement from Balaji Electrical Contractors
CSH-002718,2025-07-09,BR-01,INFLOW,Customer Payment,899.63,Cash,INV-002422,Receipt from Siva Shankaran (Individual Home)
CSH-002719,2025-07-10,BR-02,INFLOW,Customer Payment,17.7,Cash,INV-002423,Receipt from Nandini Milk Parlour & Mart
CSH-002720,2025-07-22,BR-02,INFLOW,Customer Payment,17.7,RTGS,INV-002424,Bank Settlement from InnoTech Coworking Hub
CSH-002721,2025-08-12,BR-02,INFLOW,Customer Payment,14142.3,UPI,INV-002425,Bank Settlement from Gowda Electrical Repairs
CSH-002722,2025-08-01,BR-03,INFLOW,Customer Payment,5227.4,Cheque,INV-002426,Bank Settlement from Kovai Elite Residency Hotel
CSH-002723,2025-07-10,BR-01,INFLOW,Customer Payment,1263.54,Cash,INV-002427,Receipt from Murugan Auto Garage & Works
CSH-002724,2025-10-03,BR-01,INFLOW,Customer Payment,43224.82,RTGS,INV-002428,Bank Settlement from Global Smart Solutions (P) Ltd
CSH-002725,2025-07-10,BR-01,OUTFLOW,Electricity Bill,9581.38,Online Banking,EXP-000297,Utility Payment
CSH-002726,2025-07-10,BR-02,OUTFLOW,Electricity Bill,8966.57,Online Banking,EXP-000298,Utility Payment
CSH-002727,2025-07-10,BR-03,OUTFLOW,Electricity Bill,9453.87,Online Banking,EXP-000299,Utility Payment
CSH-002728,2025-07-11,BR-03,INFLOW,Customer Payment,3895.42,UPI,INV-002429,Receipt from Ramachandran (Individual House Owner)
CSH-002729,2025-07-26,BR-03,INFLOW,Customer Payment,3033.54,UPI,INV-002430,Bank Settlement from Kovai Textile Mills Facility Team
CSH-002730,2025-08-31,BR-03,INFLOW,Customer Payment,2892.42,UPI,INV-002431,Bank Settlement from Annamalai Agro Processing Unit
CSH-002731,2025-08-02,BR-03,INFLOW,Customer Payment,6877.51,NEFT / Bank Transfer,INV-002432,Bank Settlement from Rangasamy Electrician Workshop
CSH-002732,2025-07-25,BR-01,INFLOW,Customer Payment,189.98,NEFT / Bank Transfer,INV-002433,Bank Settlement from Poompuhar Handicrafts Store
CSH-002733,2025-08-01,BR-03,INFLOW,Customer Payment,3433.8,NEFT / Bank Transfer,INV-002434,Bank Settlement from Sri Krishna Engineering College Hostel
CSH-002734,2025-07-19,BR-01,INFLOW,Customer Payment,18786.78,NEFT / Bank Transfer,INV-002435,Bank Settlement from Saravana Electric Works (Govindaraj)
CSH-002735,2025-07-11,BR-03,INFLOW,Customer Payment,1758.2,UPI,INV-002436,Receipt from Ramachandran (Individual House Owner)
CSH-002736,2025-07-12,BR-02,INFLOW,Customer Payment,348.1,Credit Card,INV-002437,Receipt from Suresh Babu (Villa Construction)
CSH-002737,2025-08-30,BR-02,INFLOW,Customer Payment,3544.72,RTGS,INV-002438,Bank Settlement from Gowda Electrical Repairs
CSH-002738,2025-08-04,BR-01,INFLOW,Customer Payment,5563.7,NEFT / Bank Transfer,INV-002439,Bank Settlement from Poompuhar Handicrafts Store
CSH-002739,2025-07-27,BR-03,INFLOW,Customer Payment,35777.6,UPI,INV-002440,Bank Settlement from Kongu Builders & Real Estate
CSH-002740,2025-08-19,BR-01,INFLOW,Customer Payment,8177.4,Cheque,INV-002441,Bank Settlement from Saravana Electric Works (Govindaraj)
CSH-002741,2025-07-12,BR-02,OUTFLOW,Minor Maintenance & Repair,1540.41,Petty Cash,EXP-000300,Operational expense
CSH-002742,2025-07-13,BR-01,OUTFLOW,Staff Refreshments & Tea,1181.7,Petty Cash,EXP-000301,Operational expense
CSH-002743,2025-07-23,BR-02,INFLOW,Customer Payment,1492.7,NEFT / Bank Transfer,INV-002442,Bank Settlement from Brigade Vista Apartment Owners Assn
CSH-002744,2025-07-14,BR-01,INFLOW,Customer Payment,4366.94,UPI,INV-002443,Receipt from Dr. Priya Sundaram (Home Clinic)
CSH-002745,2025-07-19,BR-01,INFLOW,Customer Payment,1239.0,RTGS,INV-002444,Bank Settlement from Apex Manufacturing Solutions
CSH-002746,2025-08-27,BR-02,INFLOW,Customer Payment,60683.62,NEFT / Bank Transfer,INV-002445,Bank Settlement from Raghavendra Infrastructure Developers
CSH-002747,2025-07-14,BR-03,OUTFLOW,Minor Maintenance & Repair,1331.82,Petty Cash,EXP-000302,Operational expense
CSH-002748,2025-07-23,BR-02,INFLOW,Customer Payment,158.12,RTGS,INV-002446,Bank Settlement from InnoTech Coworking Hub
CSH-002749,2025-07-15,BR-02,INFLOW,Customer Payment,283.2,Cash,INV-002447,Receipt from Nandini Milk Parlour & Mart
CSH-002750,2025-08-02,BR-03,INFLOW,Customer Payment,3056.2,Cheque,INV-002448,Bank Settlement from Annamalai Agro Processing Unit
CSH-002751,2025-08-20,BR-01,INFLOW,Customer Payment,450.52,RTGS,INV-002449,Bank Settlement from TechPark Facility Maintenance Team
CSH-002752,2025-07-15,BR-01,INFLOW,Customer Payment,663.16,Cash,INV-002450,Receipt from Siva Shankaran (Individual Home)
CSH-002753,2025-08-02,BR-01,INFLOW,Customer Payment,8043.12,NEFT / Bank Transfer,INV-002451,Bank Settlement from Selvam Electrician Services
CSH-002754,2025-07-16,BR-01,INFLOW,Customer Payment,694.07,Cash,INV-002452,Receipt from Siva Shankaran (Individual Home)
CSH-002755,2025-07-16,BR-01,INFLOW,Customer Payment,1682.68,UPI,INV-002453,Receipt from Dr. Priya Sundaram (Home Clinic)
CSH-002756,2025-09-06,BR-02,INFLOW,Customer Payment,2613.7,Cheque,INV-002454,Bank Settlement from Brigade Vista Apartment Owners Assn
CSH-002757,2025-08-02,BR-03,INFLOW,Customer Payment,35.4,RTGS,INV-002455,Bank Settlement from Kovai Elite Residency Hotel
CSH-002758,2025-07-16,BR-03,OUTFLOW,Vehicle Fuel & Freight,2064.24,Petty Cash,EXP-000303,Operational expense
CSH-002759,2025-08-03,BR-01,INFLOW,Customer Payment,683.22,RTGS,INV-002456,Bank Settlement from Vels Vidyashram School Campus
CSH-002760,2025-08-27,BR-03,INFLOW,Customer Payment,7467.04,UPI,INV-002457,Bank Settlement from Rangasamy Electrician Workshop
CSH-002761,2025-08-17,BR-01,INFLOW,Customer Payment,260.54,NEFT / Bank Transfer,INV-002458,Bank Settlement from Metro Supermarket Tambaram
CSH-002762,2025-07-17,BR-01,INFLOW,Customer Payment,3117.09,Cash,INV-002459,Receipt from Siva Shankaran (Individual Home)
CSH-002763,2025-07-17,BR-03,INFLOW,Customer Payment,521.09,UPI,INV-002460,Receipt from Ramachandran (Individual House Owner)
CSH-002764,2025-08-13,BR-02,INFLOW,Customer Payment,8389.8,NEFT / Bank Transfer,INV-002461,Bank Settlement from Gowda Electrical Repairs
CSH-002765,2025-07-26,BR-03,INFLOW,Customer Payment,67038.87,UPI,INV-002462,Bank Settlement from Kongu Builders & Real Estate
CSH-002766,2025-07-27,BR-01,INFLOW,Customer Payment,283.2,NEFT / Bank Transfer,INV-002463,Bank Settlement from Royal Comfort Residency Hotel
CSH-002767,2025-08-23,BR-03,INFLOW,Customer Payment,2572.4,NEFT / Bank Transfer,INV-002464,Bank Settlement from Sri Krishna Engineering College Hostel
CSH-002768,2025-07-18,BR-01,INFLOW,Customer Payment,5327.7,Cash,INV-002465,Receipt from Murugan Auto Garage & Works
CSH-002769,2025-07-18,BR-03,OUTFLOW,Office Supplies & Printing,940.44,Petty Cash,EXP-000304,Operational expense
CSH-002770,2025-07-30,BR-01,INFLOW,Customer Payment,2773.0,UPI,INV-002466,Bank Settlement from TechPark Facility Maintenance Team
CSH-002771,2025-08-07,BR-01,INFLOW,Customer Payment,1105.19,Cheque,INV-002467,Bank Settlement from Vels Vidyashram School Campus
CSH-002772,2025-08-18,BR-01,INFLOW,Customer Payment,137940.82,Cheque,INV-002468,Bank Settlement from Devi Agency & Lighting Store
CSH-002773,2025-07-19,BR-01,INFLOW,Customer Payment,4354.2,Cash,INV-002469,Receipt from Mohammed Riyaz (Home Renovation)
CSH-002774,2025-07-31,BR-01,INFLOW,Customer Payment,3052.66,RTGS,INV-002470,Bank Settlement from Selvam Electrician Services
CSH-002775,2025-08-10,BR-01,INFLOW,Customer Payment,139130.26,RTGS,INV-002471,Bank Settlement from Sri Ramakrishna Builders & Infra
CSH-002776,2025-07-26,BR-03,INFLOW,Customer Payment,220799.24,Cheque,INV-002472,Bank Settlement from Marutham Electrical & Power Agency
CSH-002777,2025-07-28,BR-01,INFLOW,Customer Payment,22149.54,Cheque,INV-002473,Bank Settlement from Sri Ramakrishna Builders & Infra
CSH-002778,2025-08-16,BR-03,INFLOW,Customer Payment,8261.42,Cheque,INV-002474,Bank Settlement from Annamalai Agro Processing Unit
CSH-002779,2025-08-11,BR-01,INFLOW,Customer Payment,29154.5,NEFT / Bank Transfer,INV-002475,Bank Settlement from Victory Housing Projects Phase 2
CSH-002780,2025-08-11,BR-02,INFLOW,Customer Payment,239754.76,NEFT / Bank Transfer,INV-002476,Bank Settlement from Raghavendra Infrastructure Developers
CSH-002781,2025-08-15,BR-01,INFLOW,Customer Payment,1912.78,RTGS,INV-002477,Bank Settlement from Selvam Electrician Services
CSH-002782,2025-08-22,BR-01,INFLOW,Customer Payment,3080.51,UPI,INV-002478,Bank Settlement from TechPark Facility Maintenance Team
CSH-002783,2025-08-18,BR-01,INFLOW,Customer Payment,306140.38,UPI,INV-002479,Bank Settlement from Kalam Brothers Electrical Store
CSH-002784,2025-07-28,BR-02,INFLOW,Customer Payment,7776.91,RTGS,INV-002480,Bank Settlement from Cauvery Engineering Contractors
CSH-002785,2025-10-03,BR-02,INFLOW,Customer Payment,31770.32,Cheque,INV-002481,Bank Settlement from Cauvery Engineering Contractors
CSH-002786,2025-08-27,BR-01,INFLOW,Customer Payment,40534.18,Cheque,INV-002482,Bank Settlement from Sri Ramakrishna Builders & Infra
CSH-002787,2025-08-26,BR-01,INFLOW,Customer Payment,2773.0,Cheque,INV-002483,Bank Settlement from Royal Comfort Residency Hotel
CSH-002788,2025-09-08,BR-02,INFLOW,Customer Payment,27823.22,RTGS,INV-002484,Bank Settlement from Raghavendra Infrastructure Developers
CSH-002789,2025-07-22,BR-03,INFLOW,Customer Payment,696.2,UPI,INV-002485,Receipt from Ramachandran (Individual House Owner)
CSH-002790,2025-09-14,BR-03,INFLOW,Customer Payment,9908.46,Cheque,INV-002486,Bank Settlement from Kongu Builders & Real Estate
CSH-002791,2025-10-09,BR-01,INFLOW,Customer Payment,53214.22,RTGS,INV-002487,Bank Settlement from Kalam Brothers Electrical Store
CSH-002792,2025-08-12,BR-01,INFLOW,Customer Payment,5516.5,RTGS,INV-002488,Bank Settlement from Apex Manufacturing Solutions
CSH-002793,2025-08-10,BR-01,INFLOW,Customer Payment,32919.17,RTGS,INV-002489,Bank Settlement from Devi Agency & Lighting Store
CSH-002794,2025-08-23,BR-01,INFLOW,Customer Payment,102654.34,NEFT / Bank Transfer,INV-002490,Bank Settlement from Kalaivani Hardware & Paints
CSH-002795,2025-07-24,BR-03,INFLOW,Customer Payment,660.8,Cash,INV-002491,Receipt from Karthika Departmental Store
CSH-002796,2025-07-24,BR-02,INFLOW,Customer Payment,402.62,UPI,INV-002492,Receipt from Dr. Arvind Rao Dental Clinic
CSH-002797,2025-09-02,BR-01,INFLOW,Customer Payment,2731.7,RTGS,INV-002493,Bank Settlement from TechPark Facility Maintenance Team
CSH-002798,2025-07-24,BR-02,INFLOW,Customer Payment,189.98,Credit Card,INV-002494,Receipt from Suresh Babu (Villa Construction)
CSH-002799,2025-07-24,BR-01,INFLOW,Customer Payment,5675.8,UPI,INV-002495,Receipt from Lakshmi Vilas Sweets & Bakery
CSH-002800,2025-07-24,BR-02,INFLOW,Customer Payment,6974.98,UPI,INV-002496,Receipt from Dr. Arvind Rao Dental Clinic
CSH-002801,2025-07-24,BR-03,OUTFLOW,Staff Refreshments & Tea,1138.2,Petty Cash,EXP-000305,Operational expense
CSH-002802,2025-08-24,BR-01,INFLOW,Customer Payment,3573.04,UPI,INV-002497,Bank Settlement from Apex Manufacturing Solutions
CSH-002803,2025-10-27,BR-03,INFLOW,Customer Payment,142447.95,NEFT / Bank Transfer,INV-002498,Bank Settlement from Kongu Builders & Real Estate
CSH-002804,2025-09-06,BR-01,INFLOW,Customer Payment,8118.4,Cheque,INV-002499,Bank Settlement from Selvam Electrician Services
CSH-002805,2025-09-09,BR-02,INFLOW,Customer Payment,179395.4,UPI,INV-002500,Bank Settlement from Sri Venkateshwara Hardware & Electricals
CSH-002806,2025-07-25,BR-02,INFLOW,Customer Payment,2537.0,Cash,INV-002501,Receipt from Nandini Milk Parlour & Mart
CSH-002807,2025-07-25,BR-02,INFLOW,Customer Payment,488.52,UPI,INV-002502,Receipt from Dr. Arvind Rao Dental Clinic
CSH-002808,2025-08-16,BR-01,INFLOW,Customer Payment,1239.0,RTGS,INV-002503,Bank Settlement from Poompuhar Handicrafts Store
CSH-002809,2025-07-26,BR-01,INFLOW,Customer Payment,8507.8,UPI,INV-002504,Receipt from Lakshmi Vilas Sweets & Bakery
CSH-002810,2025-08-16,BR-03,INFLOW,Customer Payment,10009.94,UPI,INV-002505,Bank Settlement from Mani Bros Electricals (Mani)
CSH-002811,2025-07-26,BR-02,INFLOW,Customer Payment,389.4,Cash,INV-002506,Receipt from Nandini Milk Parlour & Mart
CSH-002812,2025-08-23,BR-03,INFLOW,Customer Payment,761.1,NEFT / Bank Transfer,INV-002507,Bank Settlement from Kovai Textile Mills Facility Team
CSH-002813,2025-10-24,BR-02,INFLOW,Customer Payment,322992.43,NEFT / Bank Transfer,INV-002508,Bank Settlement from Sri Venkateshwara Hardware & Electricals
CSH-002814,2025-09-07,BR-01,INFLOW,Customer Payment,56187.82,NEFT / Bank Transfer,INV-002509,Bank Settlement from Srinivasan & Sons Contractor
CSH-002815,2025-07-26,BR-01,OUTFLOW,Vehicle Fuel & Freight,1145.8,Petty Cash,EXP-000306,Operational expense
CSH-002816,2025-08-04,BR-03,INFLOW,Customer Payment,125345.74,UPI,INV-002510,Bank Settlement from Marutham Electrical & Power Agency
CSH-002817,2025-08-03,BR-03,INFLOW,Customer Payment,166423.89,RTGS,INV-002511,Bank Settlement from Kongu Builders & Real Estate
CSH-002818,2025-07-28,BR-01,INFLOW,Customer Payment,1419.54,UPI,INV-002512,Receipt from Dr. Priya Sundaram (Home Clinic)
CSH-002819,2025-08-27,BR-03,INFLOW,Customer Payment,23517.4,RTGS,INV-002513,Bank Settlement from Rangasamy Electrician Workshop
CSH-002820,2025-07-28,BR-02,INFLOW,Customer Payment,4139.44,Cash,INV-002514,Receipt from Nandini Milk Parlour & Mart
CSH-002821,2025-08-14,BR-01,INFLOW,Customer Payment,330.4,Cheque,INV-002515,Bank Settlement from Royal Comfort Residency Hotel
CSH-002822,2025-08-24,BR-01,INFLOW,Customer Payment,201709.2,UPI,INV-002516,Bank Settlement from Global Smart Solutions (P) Ltd
CSH-002823,2025-08-04,BR-02,INFLOW,Customer Payment,3341.76,NEFT / Bank Transfer,INV-002517,Bank Settlement from Silicon Valley PG Hostel Chain
CSH-002824,2025-08-08,BR-03,INFLOW,Customer Payment,2808.4,Cheque,INV-002518,Bank Settlement from Sri Krishna Engineering College Hostel
CSH-002825,2025-08-22,BR-01,INFLOW,Customer Payment,157639.5,Cheque,INV-002519,Bank Settlement from Balaji Electrical Contractors
CSH-002826,2025-07-29,BR-01,INFLOW,Customer Payment,189.98,Cash,INV-002520,Receipt from Siva Shankaran (Individual Home)
CSH-002827,2025-07-29,BR-02,INFLOW,Customer Payment,3197.8,Credit Card,INV-002521,Receipt from Suresh Babu (Villa Construction)
CSH-002828,2025-07-29,BR-02,INFLOW,Customer Payment,238.83,Cash,INV-002522,Receipt from Nandini Milk Parlour & Mart
CSH-002829,2025-07-30,BR-02,INFLOW,Customer Payment,462.8,Cash,INV-002523,Receipt from Nandini Milk Parlour & Mart
CSH-002830,2025-08-06,BR-02,INFLOW,Customer Payment,379.96,Cheque,INV-002524,Bank Settlement from InnoTech Coworking Hub
CSH-002831,2025-08-22,BR-01,INFLOW,Customer Payment,137753.2,NEFT / Bank Transfer,INV-002525,Bank Settlement from Global Smart Solutions (P) Ltd
CSH-002832,2025-08-18,BR-01,INFLOW,Customer Payment,1706.75,UPI,INV-002526,Bank Settlement from Saravana Electric Works (Govindaraj)
CSH-002833,2025-08-24,BR-01,INFLOW,Customer Payment,6655.2,Cheque,INV-002527,Bank Settlement from Metro Supermarket Tambaram
CSH-002834,2025-08-10,BR-01,INFLOW,Customer Payment,139625.62,UPI,INV-002528,Bank Settlement from Kalam Brothers Electrical Store
CSH-002835,2025-08-17,BR-01,INFLOW,Customer Payment,194.7,NEFT / Bank Transfer,INV-002529,Bank Settlement from Apex Manufacturing Solutions
CSH-002836,2025-08-24,BR-01,INFLOW,Customer Payment,85307.39,RTGS,INV-002530,Bank Settlement from Global Smart Solutions (P) Ltd
CSH-002837,2025-08-11,BR-01,INFLOW,Customer Payment,248837.93,RTGS,INV-002531,Bank Settlement from Kalaivani Hardware & Paints
CSH-002838,2025-07-31,BR-01,INFLOW,Customer Payment,455.24,Cash,INV-002532,Receipt from Murugan Auto Garage & Works
CSH-002839,2025-08-22,BR-02,INFLOW,Customer Payment,1446.68,Cheque,INV-002533,Bank Settlement from Brigade Vista Apartment Owners Assn
CSH-002840,2025-09-02,BR-03,INFLOW,Customer Payment,87167.54,NEFT / Bank Transfer,INV-002534,Bank Settlement from Velan Pump & Motor Spares Store
CSH-002841,2025-08-07,BR-02,INFLOW,Customer Payment,2297.46,UPI,INV-002535,Bank Settlement from Gowda Electrical Repairs
CSH-002842,2025-07-31,BR-02,INFLOW,Customer Payment,76.7,Cash,INV-002536,Receipt from Nandini Milk Parlour & Mart
CSH-002843,2025-07-31,BR-01,INFLOW,Customer Payment,5599.1,UPI,INV-002537,Receipt from Dr. Priya Sundaram (Home Clinic)
CSH-002844,2025-07-31,BR-03,OUTFLOW,Office Supplies & Printing,577.03,Petty Cash,EXP-000307,Operational expense
CSH-002845,2025-08-01,BR-03,INFLOW,Customer Payment,2879.2,UPI,INV-002538,Receipt from Ramachandran (Individual House Owner)
CSH-002846,2025-08-01,BR-01,INFLOW,Customer Payment,998.75,UPI,INV-002539,Receipt from Lakshmi Vilas Sweets & Bakery
CSH-002847,2025-08-01,BR-03,INFLOW,Customer Payment,506.22,Cash,INV-002540,Receipt from Karthika Departmental Store
CSH-002848,2025-08-13,BR-01,INFLOW,Customer Payment,101073.61,UPI,INV-002541,Bank Settlement from Global Smart Solutions (P) Ltd
CSH-002849,2025-08-01,BR-01,OUTFLOW,Showroom Rent,75000.0,Bank Transfer,EXP-000308,Rent for Vidyut Central Hub & Showroom
CSH-002850,2025-08-01,BR-02,OUTFLOW,Showroom Rent,45000.0,Bank Transfer,EXP-000309,Rent for Vidyut Electronic City Retail Branch
CSH-002851,2025-08-01,BR-03,OUTFLOW,Showroom Rent,35000.0,Bank Transfer,EXP-000310,Rent for Vidyut Coimbatore Townhall Branch
CSH-002852,2025-08-29,BR-03,INFLOW,Customer Payment,1239.0,UPI,INV-002542,Bank Settlement from Sri Krishna Engineering College Hostel
CSH-002853,2025-08-02,BR-03,INFLOW,Customer Payment,424.8,UPI,INV-002543,Receipt from Ramachandran (Individual House Owner)
CSH-002854,2025-09-07,BR-01,INFLOW,Customer Payment,477.9,NEFT / Bank Transfer,INV-002544,Bank Settlement from Royal Comfort Residency Hotel
CSH-002855,2025-08-30,BR-01,INFLOW,Customer Payment,135790.15,RTGS,INV-002545,Bank Settlement from Kalaivani Hardware & Paints
CSH-002856,2025-08-02,BR-02,INFLOW,Customer Payment,1492.7,Credit Card,INV-002546,Receipt from Suresh Babu (Villa Construction)
CSH-002857,2025-08-02,BR-02,OUTFLOW,Minor Maintenance & Repair,352.69,Petty Cash,EXP-000311,Operational expense
CSH-002858,2025-09-18,BR-02,INFLOW,Customer Payment,3445.6,Cheque,INV-002547,Bank Settlement from Brigade Vista Apartment Owners Assn
CSH-002859,2025-08-04,BR-02,INFLOW,Customer Payment,977.04,Cash,INV-002548,Receipt from Nandini Milk Parlour & Mart
CSH-002860,2025-08-04,BR-02,INFLOW,Customer Payment,5310.0,UPI,INV-002549,Receipt from Dr. Arvind Rao Dental Clinic
CSH-002861,2025-09-22,BR-01,INFLOW,Customer Payment,204715.84,NEFT / Bank Transfer,INV-002550,Bank Settlement from Sri Ramakrishna Builders & Infra
CSH-002862,2025-08-28,BR-01,INFLOW,Customer Payment,49024.28,NEFT / Bank Transfer,INV-002551,Bank Settlement from Balaji Electrical Contractors
CSH-002863,2025-09-21,BR-03,INFLOW,Customer Payment,4263.34,NEFT / Bank Transfer,INV-002552,Bank Settlement from Mani Bros Electricals (Mani)
CSH-002864,2025-09-28,BR-03,INFLOW,Customer Payment,566.4,UPI,INV-002553,Bank Settlement from Annamalai Agro Processing Unit
CSH-002865,2025-08-05,BR-01,INFLOW,Customer Payment,977.04,Cash,INV-002554,Receipt from Siva Shankaran (Individual Home)
CSH-002866,2025-09-06,BR-01,INFLOW,Customer Payment,2590.1,Cheque,INV-002555,Bank Settlement from Vels Vidyashram School Campus
CSH-002867,2025-08-24,BR-02,INFLOW,Customer Payment,76.7,UPI,INV-002556,Bank Settlement from InnoTech Coworking Hub
CSH-002868,2025-08-05,BR-01,OUTFLOW,Payroll Salaries,160000.0,Bank Transfer,EXP-000312,Salary Payout BR-01
CSH-002869,2025-08-05,BR-02,OUTFLOW,Payroll Salaries,96000.0,Bank Transfer,EXP-000313,Salary Payout BR-02
CSH-002870,2025-08-05,BR-03,OUTFLOW,Payroll Salaries,96000.0,Bank Transfer,EXP-000314,Salary Payout BR-03
CSH-002871,2025-08-31,BR-01,INFLOW,Customer Payment,205551.28,NEFT / Bank Transfer,INV-002557,Bank Settlement from Kalam Brothers Electrical Store
CSH-002872,2025-08-27,BR-03,INFLOW,Customer Payment,1634.3,Cheque,INV-002558,Bank Settlement from Sri Krishna Engineering College Hostel
CSH-002873,2025-09-06,BR-03,INFLOW,Customer Payment,651.36,Cheque,INV-002559,Bank Settlement from Kovai Textile Mills Facility Team
CSH-002874,2025-09-03,BR-02,INFLOW,Customer Payment,5300.56,Cheque,INV-002560,Bank Settlement from Gowda Electrical Repairs
CSH-002875,2025-09-25,BR-01,INFLOW,Customer Payment,145212.92,UPI,INV-002561,Bank Settlement from Kalaivani Hardware & Paints
CSH-002876,2025-08-14,BR-03,INFLOW,Customer Payment,74432.04,UPI,INV-002562,Bank Settlement from Kongu Builders & Real Estate
CSH-002877,2025-08-25,BR-02,INFLOW,Customer Payment,93060.23,UPI,INV-002563,Bank Settlement from Cauvery Engineering Contractors
CSH-002878,2025-08-21,BR-02,INFLOW,Customer Payment,5074.0,RTGS,INV-002564,Bank Settlement from Silicon Valley PG Hostel Chain
CSH-002879,2025-08-07,BR-01,INFLOW,Customer Payment,1610.7,Cash,INV-002565,Receipt from Mohammed Riyaz (Home Renovation)
CSH-002880,2025-08-18,BR-01,INFLOW,Customer Payment,569.94,RTGS,INV-002566,Bank Settlement from TechPark Facility Maintenance Team
CSH-002881,2025-11-02,BR-02,INFLOW,Customer Payment,3171.84,NEFT / Bank Transfer,INV-002567,Bank Settlement from Silicon Valley PG Hostel Chain
CSH-002882,2025-08-08,BR-01,INFLOW,Customer Payment,4675.63,Cash,INV-002568,Receipt from Mohammed Riyaz (Home Renovation)
CSH-002883,2025-08-08,BR-01,INFLOW,Customer Payment,1442.43,Cash,INV-002569,Receipt from Murugan Auto Garage & Works
CSH-002884,2025-08-08,BR-02,OUTFLOW,Staff Refreshments & Tea,2329.23,Petty Cash,EXP-000315,Operational expense
CSH-002885,2025-08-24,BR-01,INFLOW,Customer Payment,19676.5,RTGS,INV-002570,Bank Settlement from Anbu Electricals (Anbazhagan)
CSH-002886,2025-09-28,BR-02,INFLOW,Customer Payment,3097.26,UPI,INV-002571,Bank Settlement from Manjunatha Electrical Works
CSH-002887,2025-09-06,BR-01,INFLOW,Customer Payment,173400.29,RTGS,INV-002572,Bank Settlement from Devi Agency & Lighting Store
CSH-002888,2025-08-31,BR-03,INFLOW,Customer Payment,521.09,Cheque,INV-002573,Bank Settlement from Sundaram Hospital Maintenance
CSH-002889,2025-08-10,BR-01,OUTFLOW,Electricity Bill,11622.22,Online Banking,EXP-000316,Utility Payment
CSH-002890,2025-08-10,BR-02,OUTFLOW,Electricity Bill,9741.08,Online Banking,EXP-000317,Utility Payment
CSH-002891,2025-08-10,BR-03,OUTFLOW,Electricity Bill,13675.19,Online Banking,EXP-000318,Utility Payment
CSH-002892,2025-08-21,BR-03,INFLOW,Customer Payment,483.8,Cheque,INV-002574,Bank Settlement from Annamalai Agro Processing Unit
CSH-002893,2025-08-20,BR-02,INFLOW,Customer Payment,1513.23,NEFT / Bank Transfer,INV-002575,Bank Settlement from InnoTech Coworking Hub
CSH-002894,2025-08-18,BR-02,INFLOW,Customer Payment,253897.53,RTGS,INV-002576,Bank Settlement from Sri Venkateshwara Hardware & Electricals
CSH-002895,2025-08-17,BR-02,INFLOW,Customer Payment,80922.28,NEFT / Bank Transfer,INV-002577,Bank Settlement from Urban Spaces Interior Studio
CSH-002896,2025-08-22,BR-01,INFLOW,Customer Payment,292958.6,RTGS,INV-002578,Bank Settlement from Kalaivani Hardware & Paints
CSH-002897,2025-09-01,BR-01,INFLOW,Customer Payment,2820.2,UPI,INV-002579,Bank Settlement from Poompuhar Handicrafts Store
CSH-002898,2025-08-30,BR-03,INFLOW,Customer Payment,5447.35,RTGS,INV-002580,Bank Settlement from Rangasamy Electrician Workshop
CSH-002899,2025-09-09,BR-01,INFLOW,Customer Payment,210470.7,RTGS,INV-002581,Bank Settlement from Kalaivani Hardware & Paints
CSH-002900,2025-08-19,BR-01,INFLOW,Customer Payment,120751.52,UPI,INV-002582,Bank Settlement from Sri Ramakrishna Builders & Infra
CSH-002901,2025-10-19,BR-03,INFLOW,Customer Payment,15514.64,RTGS,INV-002583,Bank Settlement from Rangasamy Electrician Workshop
CSH-002902,2025-08-29,BR-03,INFLOW,Customer Payment,3805.03,RTGS,INV-002584,Bank Settlement from Rangasamy Electrician Workshop
CSH-002903,2025-09-07,BR-03,INFLOW,Customer Payment,195024.5,NEFT / Bank Transfer,INV-002585,Bank Settlement from Velan Pump & Motor Spares Store
CSH-002904,2025-10-04,BR-01,INFLOW,Customer Payment,44315.14,RTGS,INV-002586,Bank Settlement from Victory Housing Projects Phase 2
CSH-002905,2025-08-13,BR-02,INFLOW,Customer Payment,1554.53,UPI,INV-002587,Receipt from Dr. Arvind Rao Dental Clinic
CSH-002906,2025-08-21,BR-03,INFLOW,Customer Payment,58507.7,UPI,INV-002588,Bank Settlement from Velan Pump & Motor Spares Store
CSH-002907,2025-09-03,BR-01,INFLOW,Customer Payment,230299.18,Cheque,INV-002589,Bank Settlement from Sri Ramakrishna Builders & Infra
CSH-002908,2025-08-21,BR-02,INFLOW,Customer Payment,276710.0,RTGS,INV-002590,Bank Settlement from Raghavendra Infrastructure Developers
CSH-002909,2025-08-14,BR-01,INFLOW,Customer Payment,53.1,Cash,INV-002591,Receipt from Siva Shankaran (Individual Home)
CSH-002910,2025-09-01,BR-03,INFLOW,Customer Payment,4071.0,UPI,INV-002592,Bank Settlement from Sundaram Hospital Maintenance
CSH-002911,2025-08-27,BR-01,INFLOW,Customer Payment,116051.82,Cheque,INV-002593,Bank Settlement from Kalaivani Hardware & Paints
CSH-002912,2025-09-03,BR-01,INFLOW,Customer Payment,137437.9,RTGS,INV-002594,Bank Settlement from Srinivasan & Sons Contractor
CSH-002913,2025-08-14,BR-03,OUTFLOW,Minor Maintenance & Repair,1000.38,Petty Cash,EXP-000319,Operational expense
CSH-002914,2025-10-08,BR-01,INFLOW,Customer Payment,122894.64,RTGS,INV-002595,Bank Settlement from Kalam Brothers Electrical Store
CSH-002915,2025-09-03,BR-01,INFLOW,Customer Payment,40086.96,UPI,INV-002596,Bank Settlement from Anbu Electricals (Anbazhagan)
CSH-002916,2025-08-15,BR-01,INFLOW,Customer Payment,3947.1,Cash,INV-002597,Receipt from Murugan Auto Garage & Works
CSH-002917,2025-10-15,BR-01,INFLOW,Customer Payment,28931.95,RTGS,INV-002598,Bank Settlement from Balaji Electrical Contractors
CSH-002918,2025-09-17,BR-02,INFLOW,Customer Payment,610.06,Cheque,INV-002599,Bank Settlement from InnoTech Coworking Hub
CSH-002919,2025-09-29,BR-01,INFLOW,Customer Payment,11651.32,UPI,INV-002600,Bank Settlement from Balaji Electrical Contractors
CSH-002920,2025-08-15,BR-02,INFLOW,Customer Payment,499.38,Cash,INV-002601,Receipt from Nandini Milk Parlour & Mart
CSH-002921,2025-08-27,BR-01,INFLOW,Customer Payment,1298.0,UPI,INV-002602,Bank Settlement from Vels Vidyashram School Campus
CSH-002922,2025-08-16,BR-02,INFLOW,Customer Payment,162.84,UPI,INV-002603,Receipt from Dr. Arvind Rao Dental Clinic
CSH-002923,2025-08-27,BR-01,INFLOW,Customer Payment,162.84,RTGS,INV-002604,Bank Settlement from Poompuhar Handicrafts Store
CSH-002924,2025-08-16,BR-02,INFLOW,Customer Payment,238.83,Cash,INV-002605,Receipt from Nandini Milk Parlour & Mart
CSH-002925,2025-11-13,BR-03,INFLOW,Customer Payment,11894.4,UPI,INV-002606,Bank Settlement from Rangasamy Electrician Workshop
CSH-002926,2025-10-07,BR-03,INFLOW,Customer Payment,22496.46,UPI,INV-002607,Bank Settlement from Mani Bros Electricals (Mani)
CSH-002927,2025-09-15,BR-01,INFLOW,Customer Payment,194.7,Cheque,INV-002608,Bank Settlement from Vels Vidyashram School Campus
CSH-002928,2025-09-08,BR-02,INFLOW,Customer Payment,31588.6,RTGS,INV-002609,Bank Settlement from Manjunatha Electrical Works
CSH-002929,2025-09-04,BR-02,INFLOW,Customer Payment,868.48,RTGS,INV-002610,Bank Settlement from Brigade Vista Apartment Owners Assn
CSH-002930,2025-09-12,BR-02,INFLOW,Customer Payment,18602.7,NEFT / Bank Transfer,INV-002611,Bank Settlement from Manjunatha Electrical Works
CSH-002931,2025-09-04,BR-03,INFLOW,Customer Payment,4177.2,UPI,INV-002612,Bank Settlement from Kovai Textile Mills Facility Team
CSH-002932,2025-10-09,BR-01,INFLOW,Customer Payment,50950.04,NEFT / Bank Transfer,INV-002613,Bank Settlement from Kalaivani Hardware & Paints
CSH-002933,2025-08-18,BR-02,OUTFLOW,Office Supplies & Printing,1363.75,Petty Cash,EXP-000320,Operational expense
CSH-002934,2025-09-02,BR-03,INFLOW,Customer Payment,2564.14,RTGS,INV-002614,Bank Settlement from Annamalai Agro Processing Unit
CSH-002935,2025-08-19,BR-01,INFLOW,Customer Payment,501.5,UPI,INV-002615,Receipt from Dr. Priya Sundaram (Home Clinic)
CSH-002936,2025-09-03,BR-03,INFLOW,Customer Payment,3587.2,RTGS,INV-002616,Bank Settlement from Mani Bros Electricals (Mani)
CSH-002937,2025-08-19,BR-03,OUTFLOW,Minor Maintenance & Repair,1343.28,Petty Cash,EXP-000321,Operational expense
CSH-002938,2025-08-20,BR-03,INFLOW,Customer Payment,4401.4,Cash,INV-002617,Receipt from Karthika Departmental Store
CSH-002939,2025-08-20,BR-01,INFLOW,Customer Payment,343.38,UPI,INV-002618,Receipt from Dr. Priya Sundaram (Home Clinic)
CSH-002940,2025-09-12,BR-03,INFLOW,Customer Payment,35355.16,Cheque,INV-002619,Bank Settlement from Rangasamy Electrician Workshop
CSH-002941,2025-08-20,BR-01,INFLOW,Customer Payment,580.8,Cash,INV-002620,Receipt from Murugan Auto Garage & Works
CSH-002942,2025-09-05,BR-03,INFLOW,Customer Payment,977.04,UPI,INV-002621,Bank Settlement from Sri Krishna Engineering College Hostel
CSH-002943,2025-08-21,BR-01,INFLOW,Customer Payment,584.1,UPI,INV-002622,Receipt from Dr. Priya Sundaram (Home Clinic)
CSH-002944,2025-08-21,BR-01,INFLOW,Customer Payment,4047.4,Cash,INV-002623,Receipt from Mohammed Riyaz (Home Renovation)
CSH-002945,2025-09-11,BR-01,INFLOW,Customer Payment,2773.0,Cheque,INV-002624,Bank Settlement from TechPark Facility Maintenance Team
CSH-002946,2025-09-20,BR-01,INFLOW,Customer Payment,3124.64,RTGS,INV-002625,Bank Settlement from Vels Vidyashram School Campus
CSH-002947,2025-09-07,BR-02,INFLOW,Customer Payment,6289.4,Cheque,INV-002626,Bank Settlement from InnoTech Coworking Hub
CSH-002948,2025-08-22,BR-01,INFLOW,Customer Payment,5563.7,Credit Card,INV-002627,Receipt from Karthik Residential Apartment Owner
CSH-002949,2025-08-22,BR-03,INFLOW,Customer Payment,311.52,UPI,INV-002628,Receipt from Ramachandran (Individual House Owner)
CSH-002950,2025-09-11,BR-02,INFLOW,Customer Payment,194.7,NEFT / Bank Transfer,INV-002629,Bank Settlement from Brigade Vista Apartment Owners Assn
CSH-002951,2025-08-23,BR-02,INFLOW,Customer Payment,461.38,UPI,INV-002630,Receipt from Dr. Arvind Rao Dental Clinic
CSH-002952,2025-09-14,BR-03,INFLOW,Customer Payment,35276.57,UPI,INV-002631,Bank Settlement from Kongu Builders & Real Estate
CSH-002953,2025-08-23,BR-01,INFLOW,Customer Payment,3954.18,Credit Card,INV-002632,Receipt from Karthik Residential Apartment Owner
CSH-002954,2025-08-25,BR-01,INFLOW,Customer Payment,2767.1,Cash,INV-002633,Receipt from Siva Shankaran (Individual Home)
CSH-002955,2025-09-05,BR-03,INFLOW,Customer Payment,14079.76,NEFT / Bank Transfer,INV-002634,Bank Settlement from Mani Bros Electricals (Mani)
CSH-002956,2025-09-14,BR-03,INFLOW,Customer Payment,5562.52,RTGS,INV-002635,Bank Settlement from Sundaram Hospital Maintenance
CSH-002957,2025-10-05,BR-01,INFLOW,Customer Payment,2168.84,NEFT / Bank Transfer,INV-002636,Bank Settlement from Royal Comfort Residency Hotel
CSH-002958,2025-08-25,BR-01,INFLOW,Customer Payment,584.1,Cash,INV-002637,Receipt from Mohammed Riyaz (Home Renovation)
CSH-002959,2025-09-05,BR-02,INFLOW,Customer Payment,116584.0,RTGS,INV-002638,Bank Settlement from Urban Spaces Interior Studio
CSH-002960,2025-08-25,BR-01,INFLOW,Customer Payment,283.2,UPI,INV-002639,Receipt from Lakshmi Vilas Sweets & Bakery
CSH-002961,2025-08-25,BR-01,INFLOW,Customer Payment,761.1,Credit Card,INV-002640,Receipt from Karthik Residential Apartment Owner
CSH-002962,2025-08-25,BR-03,OUTFLOW,Vehicle Fuel & Freight,1752.1,Petty Cash,EXP-000322,Operational expense
CSH-002963,2025-09-28,BR-01,INFLOW,Customer Payment,110809.08,UPI,INV-002641,Bank Settlement from Srinivasan & Sons Contractor
CSH-002964,2025-10-12,BR-01,INFLOW,Customer Payment,83801.24,Cheque,INV-002642,Bank Settlement from Victory Housing Projects Phase 2
CSH-002965,2025-08-26,BR-01,INFLOW,Customer Payment,3501.06,Cash,INV-002643,Receipt from Mohammed Riyaz (Home Renovation)
CSH-002966,2025-08-31,BR-01,INFLOW,Customer Payment,285704.9,NEFT / Bank Transfer,INV-002644,Bank Settlement from Kalaivani Hardware & Paints
CSH-002967,2025-09-06,BR-03,INFLOW,Customer Payment,1239.0,Cheque,INV-002645,Bank Settlement from Sundaram Hospital Maintenance
CSH-002968,2025-09-23,BR-03,INFLOW,Customer Payment,3006.64,UPI,INV-002646,Bank Settlement from Rangasamy Electrician Workshop
CSH-002969,2025-09-22,BR-03,INFLOW,Customer Payment,124599.27,UPI,INV-002647,Bank Settlement from Kongu Builders & Real Estate
CSH-002970,2025-09-13,BR-03,INFLOW,Customer Payment,1110.14,Cheque,INV-002648,Bank Settlement from Kovai Textile Mills Facility Team
CSH-002971,2025-08-27,BR-02,OUTFLOW,Minor Maintenance & Repair,766.18,Petty Cash,EXP-000323,Operational expense
CSH-002972,2025-09-25,BR-01,INFLOW,Customer Payment,566.4,RTGS,INV-002649,Bank Settlement from Poompuhar Handicrafts Store
CSH-002973,2025-09-10,BR-03,INFLOW,Customer Payment,2596.0,RTGS,INV-002650,Bank Settlement from Kovai Textile Mills Facility Team
CSH-002974,2025-09-13,BR-01,INFLOW,Customer Payment,76882.19,NEFT / Bank Transfer,INV-002651,Bank Settlement from Kalaivani Hardware & Paints
CSH-002975,2025-08-28,BR-01,OUTFLOW,Office Supplies & Printing,1533.97,Petty Cash,EXP-000324,Operational expense
CSH-002976,2025-08-29,BR-02,INFLOW,Customer Payment,9221.7,Credit Card,INV-002652,Receipt from Suresh Babu (Villa Construction)
CSH-002977,2025-08-29,BR-02,INFLOW,Customer Payment,81.42,Credit Card,INV-002653,Receipt from Suresh Babu (Villa Construction)
CSH-002978,2025-10-18,BR-01,INFLOW,Customer Payment,6327.63,NEFT / Bank Transfer,INV-002654,Bank Settlement from TechPark Facility Maintenance Team
CSH-002979,2025-08-29,BR-03,INFLOW,Customer Payment,1740.5,UPI,INV-002655,Receipt from Ramachandran (Individual House Owner)
CSH-002980,2025-10-05,BR-03,INFLOW,Customer Payment,87632.7,UPI,INV-002656,Bank Settlement from Velan Pump & Motor Spares Store
CSH-002981,2025-10-03,BR-01,INFLOW,Customer Payment,176403.86,RTGS,INV-002657,Bank Settlement from Kalaivani Hardware & Paints
CSH-002982,2025-09-14,BR-01,INFLOW,Customer Payment,3357.1,RTGS,INV-002658,Bank Settlement from Poompuhar Handicrafts Store
CSH-002983,2025-09-13,BR-01,INFLOW,Customer Payment,2613.7,NEFT / Bank Transfer,INV-002659,Bank Settlement from Metro Supermarket Tambaram
CSH-002984,2025-09-17,BR-01,INFLOW,Customer Payment,50443.58,NEFT / Bank Transfer,INV-002660,Bank Settlement from Victory Housing Projects Phase 2
CSH-002985,2025-10-09,BR-01,INFLOW,Customer Payment,15738.84,RTGS,INV-002661,Bank Settlement from Global Smart Solutions (P) Ltd
CSH-002986,2025-09-27,BR-01,INFLOW,Customer Payment,382863.27,Cheque,INV-002662,Bank Settlement from Kalaivani Hardware & Paints
CSH-002987,2025-09-21,BR-01,INFLOW,Customer Payment,22150.49,RTGS,INV-002663,Bank Settlement from Sri Ramakrishna Builders & Infra
CSH-002988,2025-09-08,BR-02,INFLOW,Customer Payment,2499.24,NEFT / Bank Transfer,INV-002664,Bank Settlement from Silicon Valley PG Hostel Chain
CSH-002989,2025-09-01,BR-01,OUTFLOW,Showroom Rent,75000.0,Bank Transfer,EXP-000325,Rent for Vidyut Central Hub & Showroom
CSH-002990,2025-09-01,BR-02,OUTFLOW,Showroom Rent,45000.0,Bank Transfer,EXP-000326,Rent for Vidyut Electronic City Retail Branch
CSH-002991,2025-09-01,BR-03,OUTFLOW,Showroom Rent,35000.0,Bank Transfer,EXP-000327,Rent for Vidyut Coimbatore Townhall Branch
CSH-002992,2025-09-07,BR-01,INFLOW,Customer Payment,153.4,NEFT / Bank Transfer,INV-002665,Bank Settlement from Metro Supermarket Tambaram
CSH-002993,2025-09-28,BR-03,INFLOW,Customer Payment,120545.26,RTGS,INV-002666,Bank Settlement from Kongu Builders & Real Estate
CSH-002994,2025-09-27,BR-02,INFLOW,Customer Payment,191693.6,Cheque,INV-002667,Bank Settlement from Sri Venkateshwara Hardware & Electricals
CSH-002995,2025-09-02,BR-01,INFLOW,Customer Payment,3016.08,Credit Card,INV-002668,Receipt from Karthik Residential Apartment Owner
CSH-002996,2025-09-25,BR-01,INFLOW,Customer Payment,175984.02,NEFT / Bank Transfer,INV-002669,Bank Settlement from Srinivasan & Sons Contractor
CSH-002997,2025-09-15,BR-01,INFLOW,Customer Payment,2649.1,RTGS,INV-002670,Bank Settlement from Royal Comfort Residency Hotel
CSH-002998,2025-09-03,BR-01,INFLOW,Customer Payment,5546.0,Cash,INV-002671,Receipt from Murugan Auto Garage & Works
CSH-002999,2025-10-13,BR-02,INFLOW,Customer Payment,201474.38,UPI,INV-002672,Bank Settlement from Sri Venkateshwara Hardware & Electricals
CSH-003000,2025-09-14,BR-02,INFLOW,Customer Payment,24752.39,RTGS,INV-002673,Bank Settlement from Raghavendra Infrastructure Developers
CSH-003001,2025-09-28,BR-02,INFLOW,Customer Payment,5246.52,UPI,INV-002674,Bank Settlement from Silicon Valley PG Hostel Chain
CSH-003002,2025-09-21,BR-01,INFLOW,Customer Payment,9015.2,Cheque,INV-002675,Bank Settlement from Saravana Electric Works (Govindaraj)
CSH-003003,2025-10-01,BR-01,INFLOW,Customer Payment,37521.17,UPI,INV-002676,Bank Settlement from Balaji Electrical Contractors
CSH-003004,2025-09-04,BR-01,OUTFLOW,Minor Maintenance & Repair,1680.4,Petty Cash,EXP-000328,Operational expense
CSH-003005,2025-09-27,BR-03,INFLOW,Customer Payment,110595.26,UPI,INV-002677,Bank Settlement from Kongu Builders & Real Estate
CSH-003006,2025-09-16,BR-01,INFLOW,Customer Payment,8575.06,UPI,INV-002678,Bank Settlement from Royal Comfort Residency Hotel
CSH-003007,2025-09-05,BR-03,INFLOW,Customer Payment,3188.36,Cash,INV-002679,Receipt from Karthika Departmental Store
CSH-003008,2025-09-27,BR-02,INFLOW,Customer Payment,1561.14,NEFT / Bank Transfer,INV-002680,Bank Settlement from InnoTech Coworking Hub
CSH-003009,2025-09-05,BR-01,OUTFLOW,Payroll Salaries,160000.0,Bank Transfer,EXP-000329,Salary Payout BR-01
CSH-003010,2025-09-05,BR-02,OUTFLOW,Payroll Salaries,96000.0,Bank Transfer,EXP-000330,Salary Payout BR-02
CSH-003011,2025-09-05,BR-03,OUTFLOW,Payroll Salaries,96000.0,Bank Transfer,EXP-000331,Salary Payout BR-03
CSH-003012,2025-09-11,BR-02,INFLOW,Customer Payment,175493.85,NEFT / Bank Transfer,INV-002681,Bank Settlement from Raghavendra Infrastructure Developers
CSH-003013,2025-09-21,BR-01,INFLOW,Customer Payment,178767.17,NEFT / Bank Transfer,INV-002682,Bank Settlement from Sri Ramakrishna Builders & Infra
CSH-003014,2025-09-14,BR-02,INFLOW,Customer Payment,84115.12,UPI,INV-002683,Bank Settlement from Urban Spaces Interior Studio
CSH-003015,2025-10-20,BR-03,INFLOW,Customer Payment,230.1,NEFT / Bank Transfer,INV-002684,Bank Settlement from Annamalai Agro Processing Unit
CSH-003016,2025-09-07,BR-02,OUTFLOW,Minor Maintenance & Repair,2259.55,Petty Cash,EXP-000332,Operational expense
CSH-003017,2025-09-21,BR-01,INFLOW,Customer Payment,187312.02,RTGS,INV-002685,Bank Settlement from Devi Agency & Lighting Store
CSH-003018,2025-09-08,BR-01,INFLOW,Customer Payment,823.64,UPI,INV-002686,Receipt from Lakshmi Vilas Sweets & Bakery
CSH-003019,2025-09-25,BR-01,INFLOW,Customer Payment,849.6,NEFT / Bank Transfer,INV-002687,Bank Settlement from Vels Vidyashram School Campus
CSH-003020,2025-10-25,BR-02,INFLOW,Customer Payment,991.2,Cheque,INV-002688,Bank Settlement from InnoTech Coworking Hub
CSH-003021,2025-09-08,BR-01,INFLOW,Customer Payment,9209.9,UPI,INV-002689,Receipt from Dr. Priya Sundaram (Home Clinic)
CSH-003022,2025-10-08,BR-01,INFLOW,Customer Payment,1805.4,NEFT / Bank Transfer,INV-002690,Bank Settlement from Anbu Electricals (Anbazhagan)
CSH-003023,2025-09-22,BR-03,INFLOW,Customer Payment,1019.05,UPI,INV-002691,Bank Settlement from Sri Krishna Engineering College Hostel
CSH-003024,2025-10-11,BR-01,INFLOW,Customer Payment,3210.78,UPI,INV-002692,Bank Settlement from Vels Vidyashram School Campus
CSH-003025,2025-10-07,BR-03,INFLOW,Customer Payment,633.66,NEFT / Bank Transfer,INV-002693,Bank Settlement from Kovai Textile Mills Facility Team
CSH-003026,2025-09-19,BR-02,INFLOW,Customer Payment,3681.6,RTGS,INV-002694,Bank Settlement from Manjunatha Electrical Works
CSH-003027,2025-09-09,BR-03,INFLOW,Customer Payment,1274.4,Cash,INV-002695,Receipt from Karthika Departmental Store
CSH-003028,2025-09-23,BR-01,INFLOW,Customer Payment,80352.57,UPI,INV-002696,Bank Settlement from Kalaivani Hardware & Paints
CSH-003029,2025-10-19,BR-02,INFLOW,Customer Payment,8575.53,NEFT / Bank Transfer,INV-002697,Bank Settlement from Silicon Valley PG Hostel Chain
CSH-003030,2025-09-16,BR-03,INFLOW,Customer Payment,53.1,RTGS,INV-002698,Bank Settlement from Kovai Textile Mills Facility Team
CSH-003031,2025-09-09,BR-01,INFLOW,Customer Payment,1984.76,Cash,INV-002699,Receipt from Murugan Auto Garage & Works
CSH-003032,2025-10-07,BR-02,INFLOW,Customer Payment,5811.03,RTGS,INV-002700,Bank Settlement from Raghavendra Infrastructure Developers
CSH-003033,2025-12-05,BR-03,INFLOW,Customer Payment,5074.0,RTGS,INV-002701,Bank Settlement from Kovai Elite Residency Hotel
CSH-003034,2025-10-09,BR-02,INFLOW,Customer Payment,249289.4,RTGS,INV-002702,Bank Settlement from Raghavendra Infrastructure Developers
CSH-003035,2025-09-10,BR-01,INFLOW,Customer Payment,1663.8,UPI,INV-002703,Receipt from Lakshmi Vilas Sweets & Bakery
CSH-003036,2025-09-10,BR-01,OUTFLOW,Electricity Bill,8565.25,Online Banking,EXP-000333,Utility Payment
CSH-003037,2025-09-10,BR-02,OUTFLOW,Electricity Bill,14628.08,Online Banking,EXP-000334,Utility Payment
CSH-003038,2025-09-10,BR-03,OUTFLOW,Electricity Bill,12645.74,Online Banking,EXP-000335,Utility Payment
CSH-003039,2025-09-10,BR-01,OUTFLOW,Staff Refreshments & Tea,600.51,Petty Cash,EXP-000336,Operational expense
CSH-003040,2025-09-11,BR-03,INFLOW,Customer Payment,5548.83,UPI,INV-002704,Receipt from Ramachandran (Individual House Owner)
CSH-003041,2025-09-11,BR-02,INFLOW,Customer Payment,17.7,UPI,INV-002705,Receipt from Dr. Arvind Rao Dental Clinic
CSH-003042,2025-10-20,BR-01,INFLOW,Customer Payment,112756.55,NEFT / Bank Transfer,INV-002706,Bank Settlement from Global Smart Solutions (P) Ltd
CSH-003043,2025-09-17,BR-02,INFLOW,Customer Payment,35999.44,UPI,INV-002707,Bank Settlement from Urban Spaces Interior Studio
CSH-003044,2025-10-12,BR-03,INFLOW,Customer Payment,20815.2,NEFT / Bank Transfer,INV-002708,Bank Settlement from Mani Bros Electricals (Mani)
CSH-003045,2025-09-12,BR-02,INFLOW,Customer Payment,1039.58,Cash,INV-002709,Receipt from Nandini Milk Parlour & Mart
CSH-003046,2025-09-12,BR-03,INFLOW,Customer Payment,3275.68,UPI,INV-002710,Receipt from Ramachandran (Individual House Owner)
CSH-003047,2025-11-02,BR-01,INFLOW,Customer Payment,2545.26,RTGS,INV-002711,Bank Settlement from Vels Vidyashram School Campus
CSH-003048,2025-09-24,BR-01,INFLOW,Customer Payment,104852.44,Cheque,INV-002712,Bank Settlement from Srinivasan & Sons Contractor
CSH-003049,2025-09-24,BR-01,INFLOW,Customer Payment,142304.46,NEFT / Bank Transfer,INV-002713,Bank Settlement from Victory Housing Projects Phase 2
CSH-003050,2025-09-13,BR-01,INFLOW,Customer Payment,4071.0,Cash,INV-002714,Receipt from Mohammed Riyaz (Home Renovation)
CSH-003051,2025-09-13,BR-02,OUTFLOW,Minor Maintenance & Repair,1020.46,Petty Cash,EXP-000337,Operational expense
CSH-003052,2025-09-26,BR-01,INFLOW,Customer Payment,80768.64,UPI,INV-002715,Bank Settlement from Kalaivani Hardware & Paints
CSH-003053,2025-10-22,BR-01,INFLOW,Customer Payment,93160.06,RTGS,INV-002716,Bank Settlement from Balaji Electrical Contractors
CSH-003054,2025-11-06,BR-03,INFLOW,Customer Payment,3894.0,NEFT / Bank Transfer,INV-002717,Bank Settlement from Sundaram Hospital Maintenance
CSH-003055,2025-10-05,BR-03,INFLOW,Customer Payment,5570.54,UPI,INV-002718,Bank Settlement from Annamalai Agro Processing Unit
CSH-003056,2025-09-16,BR-01,INFLOW,Customer Payment,389.4,UPI,INV-002719,Receipt from Dr. Priya Sundaram (Home Clinic)
CSH-003057,2025-09-16,BR-01,INFLOW,Customer Payment,2537.0,Cash,INV-002720,Receipt from Murugan Auto Garage & Works
CSH-003058,2025-11-08,BR-03,INFLOW,Customer Payment,584.1,NEFT / Bank Transfer,INV-002721,Bank Settlement from Sri Krishna Engineering College Hostel
CSH-003059,2025-10-12,BR-02,INFLOW,Customer Payment,4002.56,Cheque,INV-002722,Bank Settlement from InnoTech Coworking Hub
CSH-003060,2025-10-29,BR-01,INFLOW,Customer Payment,1379.42,Cheque,INV-002723,Bank Settlement from Vels Vidyashram School Campus
CSH-003061,2025-10-16,BR-01,INFLOW,Customer Payment,71202.38,NEFT / Bank Transfer,INV-002724,Bank Settlement from Kalaivani Hardware & Paints
CSH-003062,2025-10-17,BR-01,INFLOW,Customer Payment,4000.2,RTGS,INV-002725,Bank Settlement from Royal Comfort Residency Hotel
CSH-003063,2025-10-09,BR-01,INFLOW,Customer Payment,221437.86,Cheque,INV-002726,Bank Settlement from Kalaivani Hardware & Paints
CSH-003064,2025-10-07,BR-03,INFLOW,Customer Payment,76031.18,NEFT / Bank Transfer,INV-002727,Bank Settlement from Kongu Builders & Real Estate
CSH-003065,2025-09-24,BR-02,INFLOW,Customer Payment,2836.25,RTGS,INV-002728,Bank Settlement from Silicon Valley PG Hostel Chain
CSH-003066,2025-09-27,BR-03,INFLOW,Customer Payment,89901.37,UPI,INV-002729,Bank Settlement from Kongu Builders & Real Estate
CSH-003067,2025-10-05,BR-01,INFLOW,Customer Payment,11303.93,UPI,INV-002730,Bank Settlement from Balaji Electrical Contractors
CSH-003068,2025-10-08,BR-02,INFLOW,Customer Payment,663.16,NEFT / Bank Transfer,INV-002731,Bank Settlement from InnoTech Coworking Hub
CSH-003069,2025-09-18,BR-03,OUTFLOW,Office Supplies & Printing,373.44,Petty Cash,EXP-000338,Operational expense
CSH-003070,2025-10-16,BR-03,INFLOW,Customer Payment,142167.34,NEFT / Bank Transfer,INV-002732,Bank Settlement from Kongu Builders & Real Estate
CSH-003071,2025-10-01,BR-01,INFLOW,Customer Payment,2975.49,RTGS,INV-002733,Bank Settlement from Selvam Electrician Services
CSH-003072,2025-10-02,BR-01,INFLOW,Customer Payment,2672.46,NEFT / Bank Transfer,INV-002734,Bank Settlement from Anbu Electricals (Anbazhagan)
CSH-003073,2025-09-20,BR-02,INFLOW,Customer Payment,4006.1,UPI,INV-002735,Receipt from Dr. Arvind Rao Dental Clinic
CSH-003074,2025-11-13,BR-01,INFLOW,Customer Payment,183711.84,UPI,INV-002736,Bank Settlement from Kalaivani Hardware & Paints
CSH-003075,2025-09-20,BR-01,INFLOW,Customer Payment,162.84,Cash,INV-002737,Receipt from Siva Shankaran (Individual Home)
CSH-003076,2025-11-28,BR-01,INFLOW,Customer Payment,2250.26,UPI,INV-002738,Bank Settlement from Metro Supermarket Tambaram
CSH-003077,2025-11-03,BR-01,INFLOW,Customer Payment,8555.0,NEFT / Bank Transfer,INV-002739,Bank Settlement from Apex Manufacturing Solutions
CSH-003078,2025-10-02,BR-01,INFLOW,Customer Payment,338.66,UPI,INV-002740,Bank Settlement from Apex Manufacturing Solutions
CSH-003079,2025-10-20,BR-03,INFLOW,Customer Payment,8147.19,Cheque,INV-002741,Bank Settlement from Mani Bros Electricals (Mani)
CSH-003080,2025-10-19,BR-01,INFLOW,Customer Payment,214658.52,UPI,INV-002742,Bank Settlement from Devi Agency & Lighting Store
CSH-003081,2025-09-22,BR-03,INFLOW,Customer Payment,4592.09,UPI,INV-002743,Receipt from Ramachandran (Individual House Owner)
CSH-003082,2025-10-22,BR-01,INFLOW,Customer Payment,16522.36,Cheque,INV-002744,Bank Settlement from Selvam Electrician Services
CSH-003083,2025-09-30,BR-03,INFLOW,Customer Payment,1419.54,NEFT / Bank Transfer,INV-002745,Bank Settlement from Kovai Textile Mills Facility Team
CSH-003084,2025-09-27,BR-03,INFLOW,Customer Payment,5546.0,UPI,INV-002746,Bank Settlement from Kovai Elite Residency Hotel
CSH-003085,2025-10-25,BR-03,INFLOW,Customer Payment,43509.43,Cheque,INV-002747,Bank Settlement from Kongu Builders & Real Estate
CSH-003086,2025-09-22,BR-01,OUTFLOW,Vehicle Fuel & Freight,1240.54,Petty Cash,EXP-000339,Operational expense
CSH-003087,2025-09-23,BR-01,INFLOW,Customer Payment,1351.1,UPI,INV-002748,Receipt from Dr. Priya Sundaram (Home Clinic)
CSH-003088,2025-11-11,BR-03,INFLOW,Customer Payment,6098.95,UPI,INV-002749,Bank Settlement from Kovai Textile Mills Facility Team
CSH-003089,2025-09-23,BR-03,INFLOW,Customer Payment,4938.3,Cash,INV-002750,Receipt from Karthika Departmental Store
CSH-003090,2025-09-23,BR-03,INFLOW,Customer Payment,674.49,Cash,INV-002751,Receipt from Karthika Departmental Store
CSH-003091,2025-10-17,BR-02,INFLOW,Customer Payment,24546.36,NEFT / Bank Transfer,INV-002752,Bank Settlement from Gowda Electrical Repairs
CSH-003092,2025-10-12,BR-03,INFLOW,Customer Payment,151711.18,Cheque,INV-002753,Bank Settlement from Kongu Builders & Real Estate
CSH-003093,2025-09-23,BR-01,INFLOW,Customer Payment,976.33,Credit Card,INV-002754,Receipt from Karthik Residential Apartment Owner
CSH-003094,2025-09-24,BR-01,INFLOW,Customer Payment,566.4,Credit Card,INV-002755,Receipt from Karthik Residential Apartment Owner
CSH-003095,2025-10-20,BR-01,INFLOW,Customer Payment,5048.04,RTGS,INV-002756,Bank Settlement from Royal Comfort Residency Hotel
CSH-003096,2025-10-07,BR-03,INFLOW,Customer Payment,3814.23,Cheque,INV-002757,Bank Settlement from Annamalai Agro Processing Unit
CSH-003097,2025-10-12,BR-01,INFLOW,Customer Payment,22366.9,NEFT / Bank Transfer,INV-002758,Bank Settlement from Saravana Electric Works (Govindaraj)
CSH-003098,2025-10-03,BR-01,INFLOW,Customer Payment,1370.69,NEFT / Bank Transfer,INV-002759,Bank Settlement from Royal Comfort Residency Hotel
CSH-003099,2025-10-01,BR-01,INFLOW,Customer Payment,3947.1,NEFT / Bank Transfer,INV-002760,Bank Settlement from TechPark Facility Maintenance Team
CSH-003100,2025-10-07,BR-02,INFLOW,Customer Payment,2604.73,NEFT / Bank Transfer,INV-002761,Bank Settlement from Brigade Vista Apartment Owners Assn
CSH-003101,2025-11-03,BR-01,INFLOW,Customer Payment,113408.38,UPI,INV-002762,Bank Settlement from Kalaivani Hardware & Paints
CSH-003102,2025-10-05,BR-02,INFLOW,Customer Payment,330.4,NEFT / Bank Transfer,INV-002763,Bank Settlement from Silicon Valley PG Hostel Chain
CSH-003103,2025-10-22,BR-01,INFLOW,Customer Payment,1256.7,Cheque,INV-002764,Bank Settlement from Anbu Electricals (Anbazhagan)
CSH-003104,2025-10-24,BR-03,INFLOW,Customer Payment,58044.91,UPI,INV-002765,Bank Settlement from Velan Pump & Motor Spares Store
CSH-003105,2025-09-26,BR-01,INFLOW,Customer Payment,538.79,Cash,INV-002766,Receipt from Murugan Auto Garage & Works
CSH-003106,2025-11-16,BR-01,INFLOW,Customer Payment,145777.2,NEFT / Bank Transfer,INV-002767,Bank Settlement from Victory Housing Projects Phase 2
CSH-003107,2025-10-14,BR-02,INFLOW,Customer Payment,3056.2,NEFT / Bank Transfer,INV-002768,Bank Settlement from Silicon Valley PG Hostel Chain
CSH-003108,2025-10-20,BR-02,INFLOW,Customer Payment,48185.3,NEFT / Bank Transfer,INV-002769,Bank Settlement from Urban Spaces Interior Studio
CSH-003109,2025-11-11,BR-03,INFLOW,Customer Payment,5925.49,RTGS,INV-002770,Bank Settlement from Kovai Elite Residency Hotel
CSH-003110,2025-09-26,BR-02,INFLOW,Customer Payment,2895.25,Cash,INV-002771,Receipt from Nandini Milk Parlour & Mart
CSH-003111,2025-11-07,BR-01,INFLOW,Customer Payment,86166.43,RTGS,INV-002772,Bank Settlement from Kalam Brothers Electrical Store
CSH-003112,2025-09-27,BR-03,INFLOW,Customer Payment,474.36,Cash,INV-002773,Receipt from Karthika Departmental Store
CSH-003113,2025-11-21,BR-03,INFLOW,Customer Payment,4038.43,Cheque,INV-002774,Bank Settlement from Rangasamy Electrician Workshop
CSH-003114,2025-10-04,BR-03,INFLOW,Customer Payment,365431.84,RTGS,INV-002775,Bank Settlement from Velan Pump & Motor Spares Store
CSH-003115,2025-09-27,BR-02,INFLOW,Customer Payment,1711.0,Cash,INV-002776,Receipt from Nandini Milk Parlour & Mart
CSH-003116,2025-10-07,BR-02,INFLOW,Customer Payment,358.25,NEFT / Bank Transfer,INV-002777,Bank Settlement from Brigade Vista Apartment Owners Assn
CSH-003117,2025-11-16,BR-01,INFLOW,Customer Payment,94968.76,NEFT / Bank Transfer,INV-002778,Bank Settlement from Kalam Brothers Electrical Store
CSH-003118,2025-11-10,BR-02,INFLOW,Customer Payment,96512.2,Cheque,INV-002779,Bank Settlement from Sri Venkateshwara Hardware & Electricals
CSH-003119,2025-10-15,BR-02,INFLOW,Customer Payment,190485.04,Cheque,INV-002780,Bank Settlement from Raghavendra Infrastructure Developers
CSH-003120,2025-11-19,BR-03,INFLOW,Customer Payment,40451.58,Cheque,INV-002781,Bank Settlement from Velan Pump & Motor Spares Store
CSH-003121,2025-10-28,BR-02,INFLOW,Customer Payment,1003.0,NEFT / Bank Transfer,INV-002782,Bank Settlement from Silicon Valley PG Hostel Chain
CSH-003122,2025-10-18,BR-02,INFLOW,Customer Payment,4088.7,NEFT / Bank Transfer,INV-002783,Bank Settlement from Brigade Vista Apartment Owners Assn
CSH-003123,2025-09-29,BR-02,OUTFLOW,Staff Refreshments & Tea,1314.17,Petty Cash,EXP-000340,Operational expense
CSH-003124,2025-10-30,BR-03,INFLOW,Customer Payment,107672.64,UPI,INV-002784,Bank Settlement from Kongu Builders & Real Estate
CSH-003125,2025-11-04,BR-01,INFLOW,Customer Payment,238102.05,RTGS,INV-002785,Bank Settlement from Sri Ramakrishna Builders & Infra
CSH-003126,2025-10-17,BR-03,INFLOW,Customer Payment,196156.12,UPI,INV-002786,Bank Settlement from Kongu Builders & Real Estate
CSH-003127,2025-10-25,BR-01,INFLOW,Customer Payment,4852.63,RTGS,INV-002787,Bank Settlement from Royal Comfort Residency Hotel
CSH-003128,2025-09-30,BR-03,OUTFLOW,Office Supplies & Printing,942.4,Petty Cash,EXP-000341,Operational expense
CSH-003129,2025-10-31,BR-01,INFLOW,Customer Payment,292736.05,Cheque,INV-002788,Bank Settlement from Devi Agency & Lighting Store
CSH-003130,2025-10-01,BR-01,INFLOW,Customer Payment,2006.0,UPI,INV-002789,Receipt from Lakshmi Vilas Sweets & Bakery
CSH-003131,2025-10-31,BR-03,INFLOW,Customer Payment,5498.8,NEFT / Bank Transfer,INV-002790,Bank Settlement from Kovai Elite Residency Hotel
CSH-003132,2025-10-22,BR-03,INFLOW,Customer Payment,5074.0,RTGS,INV-002791,Bank Settlement from Kovai Elite Residency Hotel
CSH-003133,2025-10-26,BR-03,INFLOW,Customer Payment,7603.92,RTGS,INV-002792,Bank Settlement from Kovai Elite Residency Hotel
CSH-003134,2025-10-01,BR-01,INFLOW,Customer Payment,4152.42,Cash,INV-002793,Receipt from Mohammed Riyaz (Home Renovation)
CSH-003135,2025-10-31,BR-01,INFLOW,Customer Payment,179722.97,Cheque,INV-002794,Bank Settlement from Balaji Electrical Contractors
CSH-003136,2025-10-01,BR-01,OUTFLOW,Showroom Rent,75000.0,Bank Transfer,EXP-000342,Rent for Vidyut Central Hub & Showroom
CSH-003137,2025-10-01,BR-02,OUTFLOW,Showroom Rent,45000.0,Bank Transfer,EXP-000343,Rent for Vidyut Electronic City Retail Branch
CSH-003138,2025-10-01,BR-03,OUTFLOW,Showroom Rent,35000.0,Bank Transfer,EXP-000344,Rent for Vidyut Coimbatore Townhall Branch
CSH-003139,2025-10-28,BR-02,INFLOW,Customer Payment,354384.68,NEFT / Bank Transfer,INV-002795,Bank Settlement from Urban Spaces Interior Studio
CSH-003140,2025-11-13,BR-02,INFLOW,Customer Payment,4071.0,NEFT / Bank Transfer,INV-002796,Bank Settlement from Brigade Vista Apartment Owners Assn
CSH-003141,2025-10-29,BR-03,INFLOW,Customer Payment,30209.18,Cheque,INV-002797,Bank Settlement from Mani Bros Electricals (Mani)
CSH-003142,2025-10-02,BR-01,INFLOW,Customer Payment,2537.0,Credit Card,INV-002798,Receipt from Karthik Residential Apartment Owner
CSH-003143,2025-10-02,BR-01,OUTFLOW,Vehicle Fuel & Freight,2128.18,Petty Cash,EXP-000345,Operational expense
CSH-003144,2025-10-03,BR-02,INFLOW,Customer Payment,2596.0,Cash,INV-002799,Receipt from Nandini Milk Parlour & Mart
CSH-003145,2025-10-03,BR-01,INFLOW,Customer Payment,7033.98,UPI,INV-002800,Receipt from Dr. Priya Sundaram (Home Clinic)
CSH-003146,2025-11-03,BR-01,INFLOW,Customer Payment,1321.6,RTGS,INV-002801,Bank Settlement from Vels Vidyashram School Campus
CSH-003147,2025-10-10,BR-01,INFLOW,Customer Payment,4071.0,NEFT / Bank Transfer,INV-002802,Bank Settlement from Vels Vidyashram School Campus
CSH-003148,2025-11-21,BR-03,INFLOW,Customer Payment,44167.4,Cheque,INV-002803,Bank Settlement from Rangasamy Electrician Workshop
CSH-003149,2025-11-16,BR-03,INFLOW,Customer Payment,15922.92,NEFT / Bank Transfer,INV-002804,Bank Settlement from Rangasamy Electrician Workshop
CSH-003150,2025-10-19,BR-02,INFLOW,Customer Payment,19251.7,UPI,INV-002805,Bank Settlement from Gowda Electrical Repairs
CSH-003151,2025-10-25,BR-03,INFLOW,Customer Payment,513.3,Cheque,INV-002806,Bank Settlement from Kovai Elite Residency Hotel
CSH-003152,2025-10-27,BR-01,INFLOW,Customer Payment,584.1,Cheque,INV-002807,Bank Settlement from Poompuhar Handicrafts Store
CSH-003153,2025-10-19,BR-01,INFLOW,Customer Payment,108121.04,Cheque,INV-002808,Bank Settlement from Victory Housing Projects Phase 2
CSH-003154,2025-10-05,BR-01,OUTFLOW,Payroll Salaries,160000.0,Bank Transfer,EXP-000346,Salary Payout BR-01
CSH-003155,2025-10-05,BR-02,OUTFLOW,Payroll Salaries,96000.0,Bank Transfer,EXP-000347,Salary Payout BR-02
CSH-003156,2025-10-05,BR-03,OUTFLOW,Payroll Salaries,96000.0,Bank Transfer,EXP-000348,Salary Payout BR-03
CSH-003157,2025-11-02,BR-01,INFLOW,Customer Payment,3672.16,NEFT / Bank Transfer,INV-002809,Bank Settlement from Selvam Electrician Services
CSH-003158,2025-10-24,BR-03,INFLOW,Customer Payment,323440.36,Cheque,INV-002810,Bank Settlement from Velan Pump & Motor Spares Store
CSH-003159,2025-11-07,BR-02,INFLOW,Customer Payment,321423.03,UPI,INV-002811,Bank Settlement from Raghavendra Infrastructure Developers
CSH-003160,2025-10-30,BR-02,INFLOW,Customer Payment,230.1,RTGS,INV-002812,Bank Settlement from InnoTech Coworking Hub
CSH-003161,2025-11-02,BR-03,INFLOW,Customer Payment,5074.0,Cheque,INV-002813,Bank Settlement from Sri Krishna Engineering College Hostel
CSH-003162,2025-11-04,BR-03,INFLOW,Customer Payment,58552.31,UPI,INV-002814,Bank Settlement from Kongu Builders & Real Estate
CSH-003163,2025-11-29,BR-01,INFLOW,Customer Payment,108163.99,RTGS,INV-002815,Bank Settlement from Sri Ramakrishna Builders & Infra
CSH-003164,2025-10-17,BR-03,INFLOW,Customer Payment,92035.28,NEFT / Bank Transfer,INV-002816,Bank Settlement from Kongu Builders & Real Estate
CSH-003165,2025-10-16,BR-03,INFLOW,Customer Payment,240105.22,UPI,INV-002817,Bank Settlement from Velan Pump & Motor Spares Store
CSH-003166,2025-11-30,BR-03,INFLOW,Customer Payment,51779.34,RTGS,INV-002818,Bank Settlement from Kongu Builders & Real Estate
CSH-003167,2025-10-23,BR-03,INFLOW,Customer Payment,44932.51,Cheque,INV-002819,Bank Settlement from Kongu Builders & Real Estate
CSH-003168,2025-10-31,BR-01,INFLOW,Customer Payment,2135.8,NEFT / Bank Transfer,INV-002820,Bank Settlement from Poompuhar Handicrafts Store
CSH-003169,2025-10-07,BR-02,OUTFLOW,Office Supplies & Printing,503.83,Petty Cash,EXP-000349,Operational expense
CSH-003170,2025-10-08,BR-01,INFLOW,Customer Payment,5546.0,Cash,INV-002821,Receipt from Siva Shankaran (Individual Home)
CSH-003171,2025-11-02,BR-01,INFLOW,Customer Payment,4416.74,NEFT / Bank Transfer,INV-002822,Bank Settlement from Saravana Electric Works (Govindaraj)
CSH-003172,2025-10-16,BR-01,INFLOW,Customer Payment,9703.14,NEFT / Bank Transfer,INV-002823,Bank Settlement from Anbu Electricals (Anbazhagan)
CSH-003173,2025-10-20,BR-03,INFLOW,Customer Payment,2537.0,RTGS,INV-002824,Bank Settlement from Sri Krishna Engineering College Hostel
CSH-003174,2025-11-19,BR-01,INFLOW,Customer Payment,76381.4,NEFT / Bank Transfer,INV-002825,Bank Settlement from Kalam Brothers Electrical Store
CSH-003175,2025-11-11,BR-02,INFLOW,Customer Payment,110891.68,NEFT / Bank Transfer,INV-002826,Bank Settlement from Sri Venkateshwara Hardware & Electricals
CSH-003176,2025-10-29,BR-03,INFLOW,Customer Payment,6903.0,RTGS,INV-002827,Bank Settlement from Rangasamy Electrician Workshop
CSH-003177,2025-11-06,BR-01,INFLOW,Customer Payment,213846.68,UPI,INV-002828,Bank Settlement from Global Smart Solutions (P) Ltd
CSH-003178,2025-10-09,BR-01,OUTFLOW,Office Supplies & Printing,1782.62,Petty Cash,EXP-000350,Operational expense
CSH-003179,2025-10-22,BR-01,INFLOW,Customer Payment,153.4,NEFT / Bank Transfer,INV-002829,Bank Settlement from Metro Supermarket Tambaram
CSH-003180,2025-10-10,BR-02,INFLOW,Customer Payment,6865.24,Credit Card,INV-002830,Receipt from Suresh Babu (Villa Construction)
CSH-003181,2025-10-10,BR-03,INFLOW,Customer Payment,3530.56,Cash,INV-002831,Receipt from Karthika Departmental Store
CSH-003182,2025-10-10,BR-02,INFLOW,Customer Payment,3248.11,UPI,INV-002832,Receipt from Dr. Arvind Rao Dental Clinic
CSH-003183,2025-12-17,BR-03,INFLOW,Customer Payment,434.05,UPI,INV-002833,Bank Settlement from Annamalai Agro Processing Unit
CSH-003184,2025-10-10,BR-01,OUTFLOW,Electricity Bill,13955.83,Online Banking,EXP-000351,Utility Payment
CSH-003185,2025-10-10,BR-02,OUTFLOW,Electricity Bill,15829.83,Online Banking,EXP-000352,Utility Payment
CSH-003186,2025-10-10,BR-03,OUTFLOW,Electricity Bill,11847.8,Online Banking,EXP-000353,Utility Payment
CSH-003187,2025-10-19,BR-01,INFLOW,Customer Payment,87521.24,UPI,INV-002834,Bank Settlement from Kalaivani Hardware & Paints
CSH-003188,2025-10-21,BR-02,INFLOW,Customer Payment,9790.98,UPI,INV-002835,Bank Settlement from Manjunatha Electrical Works
CSH-003189,2025-10-11,BR-01,INFLOW,Customer Payment,599.58,Credit Card,INV-002836,Receipt from Karthik Residential Apartment Owner
CSH-003190,2025-10-13,BR-01,INFLOW,Customer Payment,6588.65,UPI,INV-002837,Receipt from Dr. Priya Sundaram (Home Clinic)
CSH-003191,2025-10-25,BR-02,INFLOW,Customer Payment,1213.89,UPI,INV-002838,Bank Settlement from Silicon Valley PG Hostel Chain
CSH-003192,2025-10-13,BR-03,INFLOW,Customer Payment,3664.28,Cash,INV-002839,Receipt from Karthika Departmental Store
CSH-003193,2025-11-04,BR-01,INFLOW,Customer Payment,5599.1,NEFT / Bank Transfer,INV-002840,Bank Settlement from TechPark Facility Maintenance Team
CSH-003194,2025-11-21,BR-02,INFLOW,Customer Payment,117555.14,Cheque,INV-002841,Bank Settlement from Cauvery Engineering Contractors
CSH-003195,2025-10-13,BR-02,INFLOW,Customer Payment,726.05,UPI,INV-002842,Receipt from Dr. Arvind Rao Dental Clinic
CSH-003196,2025-10-13,BR-01,OUTFLOW,Vehicle Fuel & Freight,1380.69,Petty Cash,EXP-000354,Operational expense
CSH-003197,2025-10-26,BR-01,INFLOW,Customer Payment,676.0,NEFT / Bank Transfer,INV-002843,Bank Settlement from TechPark Facility Maintenance Team
CSH-003198,2025-10-31,BR-03,INFLOW,Customer Payment,9674.82,Cheque,INV-002844,Bank Settlement from Rangasamy Electrician Workshop
CSH-003199,2025-10-14,BR-03,INFLOW,Customer Payment,506.6,Cash,INV-002845,Receipt from Karthika Departmental Store
CSH-003200,2025-12-02,BR-03,INFLOW,Customer Payment,134526.39,UPI,INV-002846,Bank Settlement from Velan Pump & Motor Spares Store
CSH-003201,2025-12-01,BR-02,INFLOW,Customer Payment,66297.12,UPI,INV-002847,Bank Settlement from Manjunatha Electrical Works
CSH-003202,2025-10-15,BR-02,INFLOW,Customer Payment,7619.26,UPI,INV-002848,Receipt from Dr. Arvind Rao Dental Clinic
CSH-003203,2025-10-15,BR-01,INFLOW,Customer Payment,894.58,Credit Card,INV-002849,Receipt from Karthik Residential Apartment Owner
CSH-003204,2025-10-26,BR-01,INFLOW,Customer Payment,47686.16,NEFT / Bank Transfer,INV-002850,Bank Settlement from Global Smart Solutions (P) Ltd
CSH-003205,2025-10-15,BR-02,INFLOW,Customer Payment,5872.15,Credit Card,INV-002851,Receipt from Suresh Babu (Villa Construction)
CSH-003206,2025-11-09,BR-02,INFLOW,Customer Payment,144332.88,Cheque,INV-002852,Bank Settlement from Urban Spaces Interior Studio
CSH-003207,2025-10-30,BR-01,INFLOW,Customer Payment,149109.23,NEFT / Bank Transfer,INV-002853,Bank Settlement from Kalaivani Hardware & Paints
CSH-003208,2025-11-12,BR-03,INFLOW,Customer Payment,16339.27,Cheque,INV-002854,Bank Settlement from Rangasamy Electrician Workshop
CSH-003209,2025-10-16,BR-03,INFLOW,Customer Payment,7847.0,UPI,INV-002855,Receipt from Ramachandran (Individual House Owner)
CSH-003210,2025-10-21,BR-02,INFLOW,Customer Payment,127176.27,UPI,INV-002856,Bank Settlement from Cauvery Engineering Contractors
CSH-003211,2025-11-07,BR-01,INFLOW,Customer Payment,11124.92,UPI,INV-002857,Bank Settlement from Global Smart Solutions (P) Ltd
CSH-003212,2025-10-16,BR-01,INFLOW,Customer Payment,745.43,UPI,INV-002858,Receipt from Dr. Priya Sundaram (Home Clinic)
CSH-003213,2025-10-26,BR-02,INFLOW,Customer Payment,50959.06,RTGS,INV-002859,Bank Settlement from Sri Venkateshwara Hardware & Electricals
CSH-003214,2025-10-30,BR-02,INFLOW,Customer Payment,3868.7,Cheque,INV-002860,Bank Settlement from Manjunatha Electrical Works
CSH-003215,2025-11-15,BR-03,INFLOW,Customer Payment,51285.16,UPI,INV-002861,Bank Settlement from Mani Bros Electricals (Mani)
CSH-003216,2025-11-06,BR-01,INFLOW,Customer Payment,429.9,RTGS,INV-002862,Bank Settlement from Apex Manufacturing Solutions
CSH-003217,2025-10-16,BR-01,OUTFLOW,Office Supplies & Printing,1207.21,Petty Cash,EXP-000355,Operational expense
CSH-003218,2025-11-08,BR-02,INFLOW,Customer Payment,254653.2,RTGS,INV-002863,Bank Settlement from Sri Venkateshwara Hardware & Electricals
CSH-003219,2025-11-09,BR-01,INFLOW,Customer Payment,14858.8,UPI,INV-002864,Bank Settlement from Global Smart Solutions (P) Ltd
CSH-003220,2025-11-06,BR-03,INFLOW,Customer Payment,668.73,NEFT / Bank Transfer,INV-002865,Bank Settlement from Annamalai Agro Processing Unit
CSH-003221,2025-11-08,BR-01,INFLOW,Customer Payment,3414.5,NEFT / Bank Transfer,INV-002866,Bank Settlement from Royal Comfort Residency Hotel
CSH-003222,2025-10-22,BR-03,INFLOW,Customer Payment,329494.0,UPI,INV-002867,Bank Settlement from Marutham Electrical & Power Agency
CSH-003223,2025-11-07,BR-01,INFLOW,Customer Payment,1482.26,NEFT / Bank Transfer,INV-002868,Bank Settlement from Apex Manufacturing Solutions
CSH-003224,2025-11-07,BR-02,INFLOW,Customer Payment,424.8,UPI,INV-002869,Bank Settlement from InnoTech Coworking Hub
CSH-003225,2025-11-04,BR-01,INFLOW,Customer Payment,882.64,Cheque,INV-002870,Bank Settlement from Poompuhar Handicrafts Store
CSH-003226,2025-11-15,BR-02,INFLOW,Customer Payment,7102.23,NEFT / Bank Transfer,INV-002871,Bank Settlement from Gowda Electrical Repairs
CSH-003227,2025-10-18,BR-02,INFLOW,Customer Payment,849.6,UPI,INV-002872,Receipt from Dr. Arvind Rao Dental Clinic
CSH-003228,2025-10-25,BR-02,INFLOW,Customer Payment,6879.4,Cheque,INV-002873,Bank Settlement from Silicon Valley PG Hostel Chain
CSH-003229,2025-11-04,BR-01,INFLOW,Customer Payment,3776.0,NEFT / Bank Transfer,INV-002874,Bank Settlement from Royal Comfort Residency Hotel
CSH-003230,2025-11-02,BR-03,INFLOW,Customer Payment,220.28,NEFT / Bank Transfer,INV-002875,Bank Settlement from Kovai Textile Mills Facility Team
CSH-003231,2025-11-02,BR-02,INFLOW,Customer Payment,18662.88,Cheque,INV-002876,Bank Settlement from Manjunatha Electrical Works
CSH-003232,2025-10-18,BR-01,INFLOW,Customer Payment,229.27,UPI,INV-002877,Receipt from Dr. Priya Sundaram (Home Clinic)
CSH-003233,2025-10-18,BR-03,INFLOW,Customer Payment,1292.1,Cash,INV-002878,Receipt from Karthika Departmental Store
CSH-003234,2025-11-10,BR-01,INFLOW,Customer Payment,80379.24,RTGS,INV-002879,Bank Settlement from Srinivasan & Sons Contractor
CSH-003235,2025-10-20,BR-02,INFLOW,Customer Payment,3751.22,Cash,INV-002880,Receipt from Nandini Milk Parlour & Mart
CSH-003236,2025-10-27,BR-01,INFLOW,Customer Payment,7836.38,UPI,INV-002881,Bank Settlement from Selvam Electrician Services
CSH-003237,2025-11-29,BR-01,INFLOW,Customer Payment,429.9,NEFT / Bank Transfer,INV-002882,Bank Settlement from Poompuhar Handicrafts Store
CSH-003238,2025-11-20,BR-03,INFLOW,Customer Payment,1583.37,NEFT / Bank Transfer,INV-002883,Bank Settlement from Sundaram Hospital Maintenance
CSH-003239,2025-11-04,BR-01,INFLOW,Customer Payment,2185.2,UPI,INV-002884,Bank Settlement from Metro Supermarket Tambaram
CSH-003240,2025-11-12,BR-01,INFLOW,Customer Payment,56202.58,NEFT / Bank Transfer,INV-002885,Bank Settlement from Sri Ramakrishna Builders & Infra
CSH-003241,2025-10-21,BR-03,INFLOW,Customer Payment,458.55,UPI,INV-002886,Receipt from Ramachandran (Individual House Owner)
CSH-003242,2025-10-27,BR-03,INFLOW,Customer Payment,3328.35,Cheque,INV-002887,Bank Settlement from Sri Krishna Engineering College Hostel
CSH-003243,2025-10-21,BR-01,INFLOW,Customer Payment,1181.8,Cash,INV-002888,Receipt from Mohammed Riyaz (Home Renovation)
CSH-003244,2025-10-21,BR-03,OUTFLOW,Vehicle Fuel & Freight,2174.2,Petty Cash,EXP-000356,Operational expense
CSH-003245,2025-12-11,BR-01,INFLOW,Customer Payment,10208.98,UPI,INV-002889,Bank Settlement from Balaji Electrical Contractors
CSH-003246,2025-12-12,BR-02,INFLOW,Customer Payment,458.55,Cheque,INV-002890,Bank Settlement from InnoTech Coworking Hub
CSH-003247,2025-11-09,BR-01,INFLOW,Customer Payment,220691.55,RTGS,INV-002891,Bank Settlement from Kalam Brothers Electrical Store
CSH-003248,2025-11-08,BR-01,INFLOW,Customer Payment,89741.29,UPI,INV-002892,Bank Settlement from Global Smart Solutions (P) Ltd
CSH-003249,2025-11-14,BR-03,INFLOW,Customer Payment,10840.38,NEFT / Bank Transfer,INV-002893,Bank Settlement from Mani Bros Electricals (Mani)
CSH-003250,2025-10-22,BR-02,INFLOW,Customer Payment,2885.19,Credit Card,INV-002894,Receipt from Suresh Babu (Villa Construction)
CSH-003251,2026-01-25,BR-01,INFLOW,Customer Payment,3272.21,RTGS,INV-002895,Bank Settlement from Metro Supermarket Tambaram
CSH-003252,2025-10-22,BR-01,OUTFLOW,Minor Maintenance & Repair,866.62,Petty Cash,EXP-000357,Operational expense
CSH-003253,2025-11-01,BR-01,INFLOW,Customer Payment,5546.0,Cheque,INV-002896,Bank Settlement from Apex Manufacturing Solutions
CSH-003254,2025-11-18,BR-03,INFLOW,Customer Payment,450.38,Cheque,INV-002897,Bank Settlement from Annamalai Agro Processing Unit
CSH-003255,2025-10-23,BR-02,INFLOW,Customer Payment,286.6,Credit Card,INV-002898,Receipt from Suresh Babu (Villa Construction)
CSH-003256,2025-11-01,BR-01,INFLOW,Customer Payment,147863.44,NEFT / Bank Transfer,INV-002899,Bank Settlement from Victory Housing Projects Phase 2
CSH-003257,2025-10-23,BR-02,OUTFLOW,Vehicle Fuel & Freight,1367.32,Petty Cash,EXP-000358,Operational expense
CSH-003258,2025-11-12,BR-01,INFLOW,Customer Payment,2479.18,NEFT / Bank Transfer,INV-002900,Bank Settlement from TechPark Facility Maintenance Team
CSH-003259,2025-11-10,BR-03,INFLOW,Customer Payment,1252.83,NEFT / Bank Transfer,INV-002901,Bank Settlement from Kovai Textile Mills Facility Team
CSH-003260,2025-10-24,BR-02,INFLOW,Customer Payment,3676.41,UPI,INV-002902,Receipt from Dr. Arvind Rao Dental Clinic
CSH-003261,2025-10-24,BR-03,OUTFLOW,Office Supplies & Printing,1145.87,Petty Cash,EXP-000359,Operational expense
CSH-003262,2025-12-16,BR-01,INFLOW,Customer Payment,4495.8,Cheque,INV-002903,Bank Settlement from Royal Comfort Residency Hotel
CSH-003263,2025-11-14,BR-03,INFLOW,Customer Payment,4298.6,UPI,INV-002904,Bank Settlement from Kovai Elite Residency Hotel
CSH-003264,2025-12-13,BR-02,INFLOW,Customer Payment,57681.42,RTGS,INV-002905,Bank Settlement from Raghavendra Infrastructure Developers
CSH-003265,2025-11-13,BR-03,INFLOW,Customer Payment,658.2,RTGS,INV-002906,Bank Settlement from Annamalai Agro Processing Unit
CSH-003266,2025-11-14,BR-02,INFLOW,Customer Payment,1268.1,RTGS,INV-002907,Bank Settlement from Silicon Valley PG Hostel Chain
CSH-003267,2025-10-25,BR-02,OUTFLOW,Staff Refreshments & Tea,2074.07,Petty Cash,EXP-000360,Operational expense
CSH-003268,2025-10-26,BR-01,OUTFLOW,Vehicle Fuel & Freight,946.57,Petty Cash,EXP-000361,Operational expense
CSH-003269,2025-11-05,BR-03,INFLOW,Customer Payment,1247.33,Cheque,INV-002908,Bank Settlement from Kovai Elite Residency Hotel
CSH-003270,2025-11-21,BR-02,INFLOW,Customer Payment,230545.33,UPI,INV-002909,Bank Settlement from Sri Venkateshwara Hardware & Electricals
CSH-003271,2025-12-09,BR-01,INFLOW,Customer Payment,167406.84,NEFT / Bank Transfer,INV-002910,Bank Settlement from Kalaivani Hardware & Paints
CSH-003272,2025-11-04,BR-01,INFLOW,Customer Payment,31744.83,UPI,INV-002911,Bank Settlement from Kalam Brothers Electrical Store
CSH-003273,2025-10-27,BR-02,OUTFLOW,Minor Maintenance & Repair,994.06,Petty Cash,EXP-000362,Operational expense
CSH-003274,2025-11-23,BR-03,INFLOW,Customer Payment,13584.87,Cheque,INV-002912,Bank Settlement from Kongu Builders & Real Estate
CSH-003275,2025-11-29,BR-01,INFLOW,Customer Payment,21751.6,NEFT / Bank Transfer,INV-002913,Bank Settlement from Anbu Electricals (Anbazhagan)
CSH-003276,2025-11-03,BR-01,INFLOW,Customer Payment,6637.78,Cheque,INV-002914,Bank Settlement from Anbu Electricals (Anbazhagan)
CSH-003277,2025-12-06,BR-01,INFLOW,Customer Payment,268572.01,NEFT / Bank Transfer,INV-002915,Bank Settlement from Devi Agency & Lighting Store
CSH-003278,2025-11-19,BR-01,INFLOW,Customer Payment,169330.0,Cheque,INV-002916,Bank Settlement from Kalaivani Hardware & Paints
CSH-003279,2025-10-29,BR-02,INFLOW,Customer Payment,283.2,UPI,INV-002917,Receipt from Dr. Arvind Rao Dental Clinic
CSH-003280,2025-11-07,BR-01,INFLOW,Customer Payment,159179.64,UPI,INV-002918,Bank Settlement from Devi Agency & Lighting Store
CSH-003281,2025-11-22,BR-03,INFLOW,Customer Payment,566.4,NEFT / Bank Transfer,INV-002919,Bank Settlement from Kovai Elite Residency Hotel
CSH-003282,2025-10-29,BR-01,INFLOW,Customer Payment,1994.55,Cash,INV-002920,Receipt from Murugan Auto Garage & Works
CSH-003283,2025-11-24,BR-01,INFLOW,Customer Payment,255948.52,RTGS,INV-002921,Bank Settlement from Kalam Brothers Electrical Store
CSH-003284,2026-01-15,BR-03,INFLOW,Customer Payment,192558.68,NEFT / Bank Transfer,INV-002922,Bank Settlement from Velan Pump & Motor Spares Store
CSH-003285,2025-10-30,BR-02,INFLOW,Customer Payment,286.88,UPI,INV-002923,Receipt from Dr. Arvind Rao Dental Clinic
CSH-003286,2025-12-29,BR-01,INFLOW,Customer Payment,6362.56,RTGS,INV-002924,Bank Settlement from Saravana Electric Works (Govindaraj)
CSH-003287,2025-12-04,BR-03,INFLOW,Customer Payment,3395.1,NEFT / Bank Transfer,INV-002925,Bank Settlement from Kovai Textile Mills Facility Team
CSH-003288,2025-10-30,BR-03,INFLOW,Customer Payment,420.36,UPI,INV-002926,Receipt from Ramachandran (Individual House Owner)
CSH-003289,2025-11-04,BR-03,INFLOW,Customer Payment,1274.4,RTGS,INV-002927,Bank Settlement from Kovai Textile Mills Facility Team
CSH-003290,2025-10-30,BR-02,INFLOW,Customer Payment,1732.95,UPI,INV-002928,Receipt from Dr. Arvind Rao Dental Clinic
CSH-003291,2025-12-02,BR-02,INFLOW,Customer Payment,2478.0,Cheque,INV-002929,Bank Settlement from InnoTech Coworking Hub
CSH-003292,2025-10-31,BR-01,INFLOW,Customer Payment,210.18,Cash,INV-002930,Receipt from Siva Shankaran (Individual Home)
CSH-003293,2025-11-11,BR-01,INFLOW,Customer Payment,10732.1,NEFT / Bank Transfer,INV-002931,Bank Settlement from Vels Vidyashram School Campus
CSH-003294,2025-11-16,BR-02,INFLOW,Customer Payment,987.73,Cheque,INV-002932,Bank Settlement from Silicon Valley PG Hostel Chain
CSH-003295,2025-10-31,BR-02,INFLOW,Customer Payment,1449.18,UPI,INV-002933,Receipt from Dr. Arvind Rao Dental Clinic
CSH-003296,2025-11-23,BR-01,INFLOW,Customer Payment,7956.6,UPI,INV-002934,Bank Settlement from Royal Comfort Residency Hotel
CSH-003297,2025-11-25,BR-01,INFLOW,Customer Payment,22735.06,NEFT / Bank Transfer,INV-002935,Bank Settlement from Selvam Electrician Services
CSH-003298,2025-12-23,BR-03,INFLOW,Customer Payment,5633.6,RTGS,INV-002936,Bank Settlement from Sri Krishna Engineering College Hostel
CSH-003299,2025-12-16,BR-01,INFLOW,Customer Payment,566.4,NEFT / Bank Transfer,INV-002937,Bank Settlement from Apex Manufacturing Solutions
CSH-003300,2025-11-26,BR-02,INFLOW,Customer Payment,2284.48,NEFT / Bank Transfer,INV-002938,Bank Settlement from InnoTech Coworking Hub
CSH-003301,2025-11-08,BR-01,INFLOW,Customer Payment,68101.01,UPI,INV-002939,Bank Settlement from Kalam Brothers Electrical Store
CSH-003302,2025-11-18,BR-01,INFLOW,Customer Payment,36580.0,Cheque,INV-002940,Bank Settlement from Anbu Electricals (Anbazhagan)
CSH-003303,2025-12-14,BR-03,INFLOW,Customer Payment,7589.76,UPI,INV-002941,Bank Settlement from Rangasamy Electrician Workshop
CSH-003304,2025-11-13,BR-03,INFLOW,Customer Payment,5057.48,Cheque,INV-002942,Bank Settlement from Sundaram Hospital Maintenance
CSH-003305,2025-11-01,BR-01,OUTFLOW,Showroom Rent,75000.0,Bank Transfer,EXP-000363,Rent for Vidyut Central Hub & Showroom
CSH-003306,2025-11-01,BR-02,OUTFLOW,Showroom Rent,45000.0,Bank Transfer,EXP-000364,Rent for Vidyut Electronic City Retail Branch
CSH-003307,2025-11-01,BR-03,OUTFLOW,Showroom Rent,35000.0,Bank Transfer,EXP-000365,Rent for Vidyut Coimbatore Townhall Branch
CSH-003308,2025-11-01,BR-03,OUTFLOW,Vehicle Fuel & Freight,1070.95,Petty Cash,EXP-000366,Operational expense
CSH-003309,2025-11-02,BR-02,OUTFLOW,Minor Maintenance & Repair,1421.02,Petty Cash,EXP-000367,Operational expense
CSH-003310,2025-11-24,BR-01,INFLOW,Customer Payment,39655.32,RTGS,INV-002943,Bank Settlement from Balaji Electrical Contractors
CSH-003311,2025-11-25,BR-01,INFLOW,Customer Payment,90488.06,Cheque,INV-002944,Bank Settlement from Srinivasan & Sons Contractor
CSH-003312,2025-11-03,BR-01,INFLOW,Customer Payment,11674.92,Credit Card,INV-002945,Receipt from Karthik Residential Apartment Owner
CSH-003313,2025-11-18,BR-03,INFLOW,Customer Payment,9051.78,UPI,INV-002946,Bank Settlement from Sundaram Hospital Maintenance
CSH-003314,2025-12-08,BR-01,INFLOW,Customer Payment,230739.56,Cheque,INV-002947,Bank Settlement from Devi Agency & Lighting Store
CSH-003315,2025-11-03,BR-01,OUTFLOW,Minor Maintenance & Repair,1617.92,Petty Cash,EXP-000368,Operational expense
CSH-003316,2025-11-21,BR-03,INFLOW,Customer Payment,5310.0,NEFT / Bank Transfer,INV-002948,Bank Settlement from Kovai Textile Mills Facility Team
CSH-003317,2025-11-04,BR-01,INFLOW,Customer Payment,1499.54,Credit Card,INV-002949,Receipt from Karthik Residential Apartment Owner
CSH-003318,2025-11-11,BR-03,INFLOW,Customer Payment,1239.0,NEFT / Bank Transfer,INV-002950,Bank Settlement from Kovai Elite Residency Hotel
CSH-003319,2025-11-04,BR-01,INFLOW,Customer Payment,162.84,Cash,INV-002951,Receipt from Siva Shankaran (Individual Home)
CSH-003320,2025-11-19,BR-02,INFLOW,Customer Payment,5699.4,Cheque,INV-002952,Bank Settlement from Brigade Vista Apartment Owners Assn
CSH-003321,2025-12-04,BR-02,INFLOW,Customer Payment,10915.0,RTGS,INV-002953,Bank Settlement from Brigade Vista Apartment Owners Assn
CSH-003322,2025-12-05,BR-01,INFLOW,Customer Payment,787.77,Cheque,INV-002954,Bank Settlement from Poompuhar Handicrafts Store
CSH-003323,2025-11-05,BR-01,OUTFLOW,Payroll Salaries,160000.0,Bank Transfer,EXP-000369,Salary Payout BR-01
CSH-003324,2025-11-05,BR-02,OUTFLOW,Payroll Salaries,96000.0,Bank Transfer,EXP-000370,Salary Payout BR-02
CSH-003325,2025-11-05,BR-03,OUTFLOW,Payroll Salaries,96000.0,Bank Transfer,EXP-000371,Salary Payout BR-03
CSH-003326,2025-12-21,BR-01,INFLOW,Customer Payment,9369.2,NEFT / Bank Transfer,INV-002955,Bank Settlement from TechPark Facility Maintenance Team
CSH-003327,2025-12-06,BR-02,INFLOW,Customer Payment,2761.2,RTGS,INV-002956,Bank Settlement from Gowda Electrical Repairs
CSH-003328,2025-11-06,BR-01,INFLOW,Customer Payment,4242.1,Cash,INV-002957,Receipt from Siva Shankaran (Individual Home)
CSH-003329,2025-11-06,BR-01,INFLOW,Customer Payment,4884.02,Cash,INV-002958,Receipt from Murugan Auto Garage & Works
CSH-003330,2025-12-14,BR-01,INFLOW,Customer Payment,5091.7,RTGS,INV-002959,Bank Settlement from Metro Supermarket Tambaram
CSH-003331,2025-12-12,BR-02,INFLOW,Customer Payment,1642.56,UPI,INV-002960,Bank Settlement from InnoTech Coworking Hub
CSH-003332,2025-11-27,BR-02,INFLOW,Customer Payment,223633.84,UPI,INV-002961,Bank Settlement from Urban Spaces Interior Studio
CSH-003333,2025-11-28,BR-02,INFLOW,Customer Payment,44587.48,NEFT / Bank Transfer,INV-002962,Bank Settlement from Sri Venkateshwara Hardware & Electricals
CSH-003334,2025-11-22,BR-02,INFLOW,Customer Payment,2334.04,NEFT / Bank Transfer,INV-002963,Bank Settlement from Brigade Vista Apartment Owners Assn
CSH-003335,2025-11-07,BR-02,INFLOW,Customer Payment,10782.84,UPI,INV-002964,Receipt from Dr. Arvind Rao Dental Clinic
CSH-003336,2025-12-06,BR-03,INFLOW,Customer Payment,9129.66,RTGS,INV-002965,Bank Settlement from Rangasamy Electrician Workshop
CSH-003337,2025-11-30,BR-02,INFLOW,Customer Payment,73642.14,NEFT / Bank Transfer,INV-002966,Bank Settlement from Urban Spaces Interior Studio
CSH-003338,2025-12-13,BR-01,INFLOW,Customer Payment,126063.88,UPI,INV-002967,Bank Settlement from Srinivasan & Sons Contractor
CSH-003339,2025-12-18,BR-01,INFLOW,Customer Payment,76637.7,NEFT / Bank Transfer,INV-002968,Bank Settlement from Global Smart Solutions (P) Ltd
CSH-003340,2025-11-08,BR-02,INFLOW,Customer Payment,1858.5,Credit Card,INV-002969,Receipt from Suresh Babu (Villa Construction)
CSH-003341,2025-11-29,BR-01,INFLOW,Customer Payment,6584.4,NEFT / Bank Transfer,INV-002970,Bank Settlement from Metro Supermarket Tambaram
CSH-003342,2025-11-28,BR-03,INFLOW,Customer Payment,3455.04,NEFT / Bank Transfer,INV-002971,Bank Settlement from Kovai Elite Residency Hotel
CSH-003343,2025-12-25,BR-03,INFLOW,Customer Payment,3177.5,Cheque,INV-002972,Bank Settlement from Kovai Textile Mills Facility Team
CSH-003344,2025-11-20,BR-02,INFLOW,Customer Payment,16002.69,UPI,INV-002973,Bank Settlement from Cauvery Engineering Contractors
CSH-003345,2025-11-10,BR-01,OUTFLOW,Electricity Bill,12408.01,Online Banking,EXP-000372,Utility Payment
CSH-003346,2025-11-10,BR-02,OUTFLOW,Electricity Bill,9115.35,Online Banking,EXP-000373,Utility Payment
CSH-003347,2025-11-10,BR-03,OUTFLOW,Electricity Bill,13658.11,Online Banking,EXP-000374,Utility Payment
CSH-003348,2025-11-22,BR-01,INFLOW,Customer Payment,166806.45,NEFT / Bank Transfer,INV-002974,Bank Settlement from Kalam Brothers Electrical Store
CSH-003349,2025-11-11,BR-02,INFLOW,Customer Payment,488.52,Credit Card,INV-002975,Receipt from Suresh Babu (Villa Construction)
CSH-003350,2025-11-11,BR-01,INFLOW,Customer Payment,4012.0,Cash,INV-002976,Receipt from Mohammed Riyaz (Home Renovation)
CSH-003351,2025-11-11,BR-03,INFLOW,Customer Payment,4071.0,UPI,INV-002977,Receipt from Ramachandran (Individual House Owner)
CSH-003352,2025-12-04,BR-02,INFLOW,Customer Payment,249997.16,RTGS,INV-002978,Bank Settlement from Raghavendra Infrastructure Developers
CSH-003353,2025-12-06,BR-02,INFLOW,Customer Payment,5780.82,RTGS,INV-002979,Bank Settlement from Gowda Electrical Repairs
CSH-003354,2025-11-29,BR-01,INFLOW,Customer Payment,32998.23,UPI,INV-002980,Bank Settlement from Sri Ramakrishna Builders & Infra
CSH-003355,2025-11-18,BR-03,INFLOW,Customer Payment,5855.63,UPI,INV-002981,Bank Settlement from Annamalai Agro Processing Unit
CSH-003356,2025-11-12,BR-01,INFLOW,Customer Payment,2566.5,Cash,INV-002982,Receipt from Murugan Auto Garage & Works
CSH-003357,2025-12-20,BR-01,INFLOW,Customer Payment,246682.54,RTGS,INV-002983,Bank Settlement from Kalaivani Hardware & Paints
CSH-003358,2025-11-12,BR-01,INFLOW,Customer Payment,8040.52,Cash,INV-002984,Receipt from Murugan Auto Garage & Works
CSH-003359,2025-11-25,BR-03,INFLOW,Customer Payment,2234.92,UPI,INV-002985,Bank Settlement from Kovai Textile Mills Facility Team
CSH-003360,2025-11-27,BR-01,INFLOW,Customer Payment,6872.32,UPI,INV-002986,Bank Settlement from Metro Supermarket Tambaram
CSH-003361,2025-11-13,BR-02,INFLOW,Customer Payment,1298.0,Cash,INV-002987,Receipt from Nandini Milk Parlour & Mart
CSH-003362,2025-11-13,BR-01,INFLOW,Customer Payment,8142.0,Cash,INV-002988,Receipt from Mohammed Riyaz (Home Renovation)
CSH-003363,2025-11-13,BR-03,INFLOW,Customer Payment,1858.5,Cash,INV-002989,Receipt from Karthika Departmental Store
CSH-003364,2026-01-04,BR-01,INFLOW,Customer Payment,3640.3,RTGS,INV-002990,Bank Settlement from Royal Comfort Residency Hotel
CSH-003365,2026-01-18,BR-02,INFLOW,Customer Payment,91611.19,UPI,INV-002991,Bank Settlement from Urban Spaces Interior Studio
CSH-003366,2025-12-05,BR-01,INFLOW,Customer Payment,5563.7,Cheque,INV-002992,Bank Settlement from Apex Manufacturing Solutions
CSH-003367,2025-11-13,BR-01,INFLOW,Customer Payment,1954.08,Cash,INV-002993,Receipt from Murugan Auto Garage & Works
CSH-003368,2025-12-05,BR-01,INFLOW,Customer Payment,107198.28,RTGS,INV-002994,Bank Settlement from Kalam Brothers Electrical Store
CSH-003369,2025-12-12,BR-02,INFLOW,Customer Payment,407.1,RTGS,INV-002995,Bank Settlement from Brigade Vista Apartment Owners Assn
CSH-003370,2025-11-21,BR-03,INFLOW,Customer Payment,3433.8,RTGS,INV-002996,Bank Settlement from Annamalai Agro Processing Unit
CSH-003371,2025-11-14,BR-01,INFLOW,Customer Payment,3056.2,Cash,INV-002997,Receipt from Murugan Auto Garage & Works
CSH-003372,2025-11-24,BR-02,INFLOW,Customer Payment,85937.04,UPI,INV-002998,Bank Settlement from Raghavendra Infrastructure Developers
CSH-003373,2025-11-15,BR-01,INFLOW,Customer Payment,1422.14,UPI,INV-002999,Receipt from Lakshmi Vilas Sweets & Bakery
CSH-003374,2025-12-12,BR-01,INFLOW,Customer Payment,155224.75,NEFT / Bank Transfer,INV-003000,Bank Settlement from Devi Agency & Lighting Store
CSH-003375,2025-12-05,BR-03,INFLOW,Customer Payment,67537.3,RTGS,INV-003001,Bank Settlement from Kongu Builders & Real Estate
CSH-003376,2025-11-15,BR-01,INFLOW,Customer Payment,9381.0,Credit Card,INV-003002,Receipt from Karthik Residential Apartment Owner
CSH-003377,2025-12-15,BR-03,INFLOW,Customer Payment,8142.0,RTGS,INV-003003,Bank Settlement from Kovai Elite Residency Hotel
CSH-003378,2025-12-11,BR-02,INFLOW,Customer Payment,203668.47,Cheque,INV-003004,Bank Settlement from Urban Spaces Interior Studio
CSH-003379,2025-11-16,BR-03,OUTFLOW,Vehicle Fuel & Freight,1367.91,Petty Cash,EXP-000375,Operational expense
CSH-003380,2026-01-07,BR-02,INFLOW,Customer Payment,2071.14,NEFT / Bank Transfer,INV-003005,Bank Settlement from Gowda Electrical Repairs
CSH-003381,2025-11-26,BR-03,INFLOW,Customer Payment,3622.6,NEFT / Bank Transfer,INV-003006,Bank Settlement from Annamalai Agro Processing Unit
CSH-003382,2026-02-14,BR-01,INFLOW,Customer Payment,58444.22,Cheque,INV-003007,Bank Settlement from Victory Housing Projects Phase 2
CSH-003383,2025-11-29,BR-01,INFLOW,Customer Payment,206049.24,UPI,INV-003008,Bank Settlement from Global Smart Solutions (P) Ltd
CSH-003384,2025-12-30,BR-01,INFLOW,Customer Payment,2737.6,RTGS,INV-003009,Bank Settlement from Anbu Electricals (Anbazhagan)
CSH-003385,2025-12-10,BR-01,INFLOW,Customer Payment,61456.05,UPI,INV-003010,Bank Settlement from Victory Housing Projects Phase 2
CSH-003386,2025-12-17,BR-01,INFLOW,Customer Payment,47004.12,RTGS,INV-003011,Bank Settlement from Srinivasan & Sons Contractor
CSH-003387,2025-11-30,BR-03,INFLOW,Customer Payment,5951.92,NEFT / Bank Transfer,INV-003012,Bank Settlement from Kovai Elite Residency Hotel
CSH-003388,2025-11-26,BR-01,INFLOW,Customer Payment,151999.1,UPI,INV-003013,Bank Settlement from Srinivasan & Sons Contractor
CSH-003389,2025-12-08,BR-03,INFLOW,Customer Payment,21458.3,Cheque,INV-003014,Bank Settlement from Rangasamy Electrician Workshop
CSH-003390,2025-12-14,BR-01,INFLOW,Customer Payment,13338.72,NEFT / Bank Transfer,INV-003015,Bank Settlement from Selvam Electrician Services
CSH-003391,2026-01-23,BR-01,INFLOW,Customer Payment,45467.76,NEFT / Bank Transfer,INV-003016,Bank Settlement from Saravana Electric Works (Govindaraj)
CSH-003392,2025-12-20,BR-02,INFLOW,Customer Payment,10277.33,UPI,INV-003017,Bank Settlement from Gowda Electrical Repairs
CSH-003393,2026-01-12,BR-01,INFLOW,Customer Payment,54867.88,Cheque,INV-003018,Bank Settlement from Global Smart Solutions (P) Ltd
CSH-003394,2025-12-01,BR-02,INFLOW,Customer Payment,17604.42,UPI,INV-003019,Bank Settlement from Urban Spaces Interior Studio
CSH-003395,2025-12-05,BR-03,INFLOW,Customer Payment,1042.18,RTGS,INV-003020,Bank Settlement from Kovai Textile Mills Facility Team
CSH-003396,2025-12-12,BR-03,INFLOW,Customer Payment,11899.12,Cheque,INV-003021,Bank Settlement from Rangasamy Electrician Workshop
CSH-003397,2025-11-19,BR-02,INFLOW,Customer Payment,238.83,UPI,INV-003022,Receipt from Dr. Arvind Rao Dental Clinic
CSH-003398,2025-12-03,BR-01,INFLOW,Customer Payment,25408.94,RTGS,INV-003023,Bank Settlement from Selvam Electrician Services
CSH-003399,2025-12-25,BR-02,INFLOW,Customer Payment,8142.0,UPI,INV-003024,Bank Settlement from Silicon Valley PG Hostel Chain
CSH-003400,2025-12-20,BR-01,INFLOW,Customer Payment,126419.3,UPI,INV-003025,Bank Settlement from Kalaivani Hardware & Paints
CSH-003401,2025-12-08,BR-01,INFLOW,Customer Payment,355984.52,Cheque,INV-003026,Bank Settlement from Devi Agency & Lighting Store
CSH-003402,2025-11-20,BR-02,INFLOW,Customer Payment,238.83,UPI,INV-003027,Receipt from Dr. Arvind Rao Dental Clinic
CSH-003403,2025-12-20,BR-03,INFLOW,Customer Payment,6780.28,NEFT / Bank Transfer,INV-003028,Bank Settlement from Rangasamy Electrician Workshop
CSH-003404,2025-11-27,BR-03,INFLOW,Customer Payment,136049.28,NEFT / Bank Transfer,INV-003029,Bank Settlement from Kongu Builders & Real Estate
CSH-003405,2025-11-30,BR-02,INFLOW,Customer Payment,53931.19,UPI,INV-003030,Bank Settlement from Cauvery Engineering Contractors
CSH-003406,2025-12-06,BR-03,INFLOW,Customer Payment,2152.32,NEFT / Bank Transfer,INV-003031,Bank Settlement from Kovai Textile Mills Facility Team
CSH-003407,2025-12-06,BR-01,INFLOW,Customer Payment,47591.05,NEFT / Bank Transfer,INV-003032,Bank Settlement from Srinivasan & Sons Contractor
CSH-003408,2025-12-09,BR-02,INFLOW,Customer Payment,236077.65,NEFT / Bank Transfer,INV-003033,Bank Settlement from Sri Venkateshwara Hardware & Electricals
CSH-003409,2025-12-02,BR-03,INFLOW,Customer Payment,3056.2,RTGS,INV-003034,Bank Settlement from Kovai Textile Mills Facility Team
CSH-003410,2025-11-29,BR-01,INFLOW,Customer Payment,135140.21,NEFT / Bank Transfer,INV-003035,Bank Settlement from Kalaivani Hardware & Paints
CSH-003411,2026-01-06,BR-02,INFLOW,Customer Payment,3286.3,RTGS,INV-003036,Bank Settlement from InnoTech Coworking Hub
CSH-003412,2025-12-09,BR-02,INFLOW,Customer Payment,119.42,UPI,INV-003037,Bank Settlement from Brigade Vista Apartment Owners Assn
CSH-003413,2025-11-27,BR-01,INFLOW,Customer Payment,112312.4,RTGS,INV-003038,Bank Settlement from Global Smart Solutions (P) Ltd
CSH-003414,2025-12-15,BR-02,INFLOW,Customer Payment,59395.3,UPI,INV-003039,Bank Settlement from Urban Spaces Interior Studio
CSH-003415,2025-12-14,BR-01,INFLOW,Customer Payment,89064.04,UPI,INV-003040,Bank Settlement from Srinivasan & Sons Contractor
CSH-003416,2025-12-20,BR-03,INFLOW,Customer Payment,199903.8,RTGS,INV-003041,Bank Settlement from Marutham Electrical & Power Agency
CSH-003417,2025-12-28,BR-02,INFLOW,Customer Payment,274336.31,UPI,INV-003042,Bank Settlement from Raghavendra Infrastructure Developers
CSH-003418,2025-11-24,BR-01,INFLOW,Customer Payment,1042.18,Credit Card,INV-003043,Receipt from Karthik Residential Apartment Owner
CSH-003419,2025-11-24,BR-01,INFLOW,Customer Payment,352.82,Credit Card,INV-003044,Receipt from Karthik Residential Apartment Owner
CSH-003420,2025-12-17,BR-03,INFLOW,Customer Payment,2848.52,RTGS,INV-003045,Bank Settlement from Annamalai Agro Processing Unit
CSH-003421,2025-12-15,BR-03,INFLOW,Customer Payment,272555.22,RTGS,INV-003046,Bank Settlement from Kongu Builders & Real Estate
CSH-003422,2025-12-27,BR-03,INFLOW,Customer Payment,10461.41,NEFT / Bank Transfer,INV-003047,Bank Settlement from Mani Bros Electricals (Mani)
CSH-003423,2026-01-15,BR-03,INFLOW,Customer Payment,173131.96,NEFT / Bank Transfer,INV-003048,Bank Settlement from Marutham Electrical & Power Agency
CSH-003424,2025-12-02,BR-02,INFLOW,Customer Payment,78079.66,UPI,INV-003049,Bank Settlement from Urban Spaces Interior Studio
CSH-003425,2026-01-30,BR-01,INFLOW,Customer Payment,65802.94,NEFT / Bank Transfer,INV-003050,Bank Settlement from Sri Ramakrishna Builders & Infra
CSH-003426,2025-12-18,BR-02,INFLOW,Customer Payment,206392.86,Cheque,INV-003051,Bank Settlement from Cauvery Engineering Contractors
CSH-003427,2026-02-19,BR-01,INFLOW,Customer Payment,3433.8,UPI,INV-003052,Bank Settlement from Vels Vidyashram School Campus
CSH-003428,2026-01-08,BR-01,INFLOW,Customer Payment,85410.76,Cheque,INV-003053,Bank Settlement from Sri Ramakrishna Builders & Infra
CSH-003429,2025-12-10,BR-01,INFLOW,Customer Payment,193260.4,NEFT / Bank Transfer,INV-003054,Bank Settlement from Kalaivani Hardware & Paints
CSH-003430,2025-12-30,BR-01,INFLOW,Customer Payment,683.93,RTGS,INV-003055,Bank Settlement from Metro Supermarket Tambaram
CSH-003431,2025-12-10,BR-02,INFLOW,Customer Payment,466005.6,NEFT / Bank Transfer,INV-003056,Bank Settlement from Sri Venkateshwara Hardware & Electricals
CSH-003432,2025-12-22,BR-02,INFLOW,Customer Payment,93517.36,NEFT / Bank Transfer,INV-003057,Bank Settlement from Cauvery Engineering Contractors
CSH-003433,2025-12-17,BR-01,INFLOW,Customer Payment,1483.73,UPI,INV-003058,Bank Settlement from Apex Manufacturing Solutions
CSH-003434,2025-11-27,BR-01,INFLOW,Customer Payment,1042.18,Credit Card,INV-003059,Receipt from Karthik Residential Apartment Owner
CSH-003435,2025-12-12,BR-01,INFLOW,Customer Payment,455.72,NEFT / Bank Transfer,INV-003060,Bank Settlement from Poompuhar Handicrafts Store
CSH-003436,2025-12-11,BR-03,INFLOW,Customer Payment,9145.0,NEFT / Bank Transfer,INV-003061,Bank Settlement from Kovai Elite Residency Hotel
CSH-003437,2026-01-20,BR-01,INFLOW,Customer Payment,22717.36,NEFT / Bank Transfer,INV-003062,Bank Settlement from Selvam Electrician Services
CSH-003438,2026-01-06,BR-03,INFLOW,Customer Payment,24136.9,RTGS,INV-003063,Bank Settlement from Kongu Builders & Real Estate
CSH-003439,2025-12-18,BR-01,INFLOW,Customer Payment,10850.1,UPI,INV-003064,Bank Settlement from Anbu Electricals (Anbazhagan)
CSH-003440,2025-12-21,BR-01,INFLOW,Customer Payment,35.4,UPI,INV-003065,Bank Settlement from Vels Vidyashram School Campus
CSH-003441,2025-11-28,BR-03,INFLOW,Customer Payment,5015.0,Cash,INV-003066,Receipt from Karthika Departmental Store
CSH-003442,2025-11-28,BR-01,OUTFLOW,Office Supplies & Printing,1668.56,Petty Cash,EXP-000376,Operational expense
CSH-003443,2025-12-18,BR-02,INFLOW,Customer Payment,5310.0,Cheque,INV-003067,Bank Settlement from Brigade Vista Apartment Owners Assn
CSH-003444,2025-12-09,BR-02,INFLOW,Customer Payment,4550.08,Cheque,INV-003068,Bank Settlement from InnoTech Coworking Hub
CSH-003445,2026-02-20,BR-03,INFLOW,Customer Payment,1690.0,UPI,INV-003069,Bank Settlement from Sri Krishna Engineering College Hostel
CSH-003446,2025-12-20,BR-01,INFLOW,Customer Payment,1722.8,NEFT / Bank Transfer,INV-003070,Bank Settlement from Anbu Electricals (Anbazhagan)
CSH-003447,2026-02-28,BR-01,INFLOW,Customer Payment,2328.61,Cheque,INV-003071,Bank Settlement from Saravana Electric Works (Govindaraj)
CSH-003448,2025-12-30,BR-01,INFLOW,Customer Payment,173255.86,Cheque,INV-003072,Bank Settlement from Balaji Electrical Contractors
CSH-003449,2025-12-01,BR-01,INFLOW,Customer Payment,1163.72,UPI,INV-003073,Receipt from Dr. Priya Sundaram (Home Clinic)
CSH-003450,2025-12-01,BR-01,OUTFLOW,Showroom Rent,75000.0,Bank Transfer,EXP-000377,Rent for Vidyut Central Hub & Showroom
CSH-003451,2025-12-01,BR-02,OUTFLOW,Showroom Rent,45000.0,Bank Transfer,EXP-000378,Rent for Vidyut Electronic City Retail Branch
CSH-003452,2025-12-01,BR-03,OUTFLOW,Showroom Rent,35000.0,Bank Transfer,EXP-000379,Rent for Vidyut Coimbatore Townhall Branch
CSH-003453,2026-01-15,BR-02,INFLOW,Customer Payment,95305.29,RTGS,INV-003074,Bank Settlement from Sri Venkateshwara Hardware & Electricals
CSH-003454,2025-12-27,BR-01,INFLOW,Customer Payment,180894.0,RTGS,INV-003075,Bank Settlement from Kalam Brothers Electrical Store
CSH-003455,2025-12-02,BR-03,INFLOW,Customer Payment,2618.42,Cash,INV-003076,Receipt from Karthika Departmental Store
CSH-003456,2025-12-29,BR-01,INFLOW,Customer Payment,6528.94,Cheque,INV-003077,Bank Settlement from Anbu Electricals (Anbazhagan)
CSH-003457,2025-12-03,BR-03,INFLOW,Customer Payment,260.54,UPI,INV-003078,Receipt from Ramachandran (Individual House Owner)
CSH-003458,2026-01-01,BR-02,INFLOW,Customer Payment,986.72,RTGS,INV-003079,Bank Settlement from Silicon Valley PG Hostel Chain
CSH-003459,2025-12-12,BR-03,INFLOW,Customer Payment,1240.89,UPI,INV-003080,Bank Settlement from Kovai Textile Mills Facility Team
CSH-003460,2025-12-23,BR-01,INFLOW,Customer Payment,220429.9,UPI,INV-003081,Bank Settlement from Srinivasan & Sons Contractor
CSH-003461,2026-01-02,BR-02,INFLOW,Customer Payment,110532.96,RTGS,INV-003082,Bank Settlement from Sri Venkateshwara Hardware & Electricals
CSH-003462,2026-01-26,BR-01,INFLOW,Customer Payment,55028.59,RTGS,INV-003083,Bank Settlement from Srinivasan & Sons Contractor
CSH-003463,2025-12-23,BR-01,INFLOW,Customer Payment,379.96,Cheque,INV-003084,Bank Settlement from TechPark Facility Maintenance Team
CSH-003464,2025-12-04,BR-03,INFLOW,Customer Payment,1239.0,UPI,INV-003085,Receipt from Ramachandran (Individual House Owner)
CSH-003465,2025-12-04,BR-01,INFLOW,Customer Payment,3197.8,UPI,INV-003086,Receipt from Dr. Priya Sundaram (Home Clinic)
CSH-003466,2025-12-04,BR-03,INFLOW,Customer Payment,389.4,UPI,INV-003087,Receipt from Ramachandran (Individual House Owner)
CSH-003467,2026-01-02,BR-01,INFLOW,Customer Payment,5798.52,UPI,INV-003088,Bank Settlement from Poompuhar Handicrafts Store
CSH-003468,2025-12-26,BR-01,INFLOW,Customer Payment,3510.5,Cheque,INV-003089,Bank Settlement from Anbu Electricals (Anbazhagan)
CSH-003469,2025-12-16,BR-01,INFLOW,Customer Payment,1239.0,Cheque,INV-003090,Bank Settlement from Metro Supermarket Tambaram
CSH-003470,2025-12-30,BR-01,INFLOW,Customer Payment,8602.2,UPI,INV-003091,Bank Settlement from Global Smart Solutions (P) Ltd
CSH-003471,2025-12-05,BR-01,INFLOW,Customer Payment,849.6,Cash,INV-003092,Receipt from Siva Shankaran (Individual Home)
CSH-003472,2026-01-21,BR-01,INFLOW,Customer Payment,5737.16,UPI,INV-003093,Bank Settlement from TechPark Facility Maintenance Team
CSH-003473,2025-12-24,BR-03,INFLOW,Customer Payment,3713.46,NEFT / Bank Transfer,INV-003094,Bank Settlement from Mani Bros Electricals (Mani)
CSH-003474,2025-12-05,BR-02,INFLOW,Customer Payment,12557.09,Credit Card,INV-003095,Receipt from Suresh Babu (Villa Construction)
CSH-003475,2026-01-02,BR-01,INFLOW,Customer Payment,100356.17,RTGS,INV-003096,Bank Settlement from Global Smart Solutions (P) Ltd
CSH-003476,2026-02-28,BR-03,INFLOW,Customer Payment,5848.08,RTGS,INV-003097,Bank Settlement from Rangasamy Electrician Workshop
CSH-003477,2025-12-05,BR-01,INFLOW,Customer Payment,1286.2,UPI,INV-003098,Receipt from Dr. Priya Sundaram (Home Clinic)
CSH-003478,2025-12-05,BR-02,INFLOW,Customer Payment,1819.09,UPI,INV-003099,Receipt from Dr. Arvind Rao Dental Clinic
CSH-003479,2025-12-05,BR-01,OUTFLOW,Payroll Salaries,160000.0,Bank Transfer,EXP-000380,Salary Payout BR-01
CSH-003480,2025-12-05,BR-02,OUTFLOW,Payroll Salaries,96000.0,Bank Transfer,EXP-000381,Salary Payout BR-02
CSH-003481,2025-12-05,BR-03,OUTFLOW,Payroll Salaries,96000.0,Bank Transfer,EXP-000382,Salary Payout BR-03
CSH-003482,2025-12-06,BR-01,INFLOW,Customer Payment,3835.0,Credit Card,INV-003100,Receipt from Karthik Residential Apartment Owner
CSH-003483,2025-12-24,BR-02,INFLOW,Customer Payment,1239.0,Cheque,INV-003101,Bank Settlement from Silicon Valley PG Hostel Chain
CSH-003484,2025-12-06,BR-03,INFLOW,Customer Payment,76.7,Cash,INV-003102,Receipt from Karthika Departmental Store
CSH-003485,2025-12-06,BR-03,INFLOW,Customer Payment,4071.0,UPI,INV-003103,Receipt from Ramachandran (Individual House Owner)
CSH-003486,2025-12-30,BR-01,INFLOW,Customer Payment,40730.06,RTGS,INV-003104,Bank Settlement from Kalaivani Hardware & Paints
CSH-003487,2026-01-05,BR-01,INFLOW,Customer Payment,6311.58,RTGS,INV-003105,Bank Settlement from Apex Manufacturing Solutions
CSH-003488,2025-12-07,BR-01,OUTFLOW,Staff Refreshments & Tea,485.89,Petty Cash,EXP-000383,Operational expense
CSH-003489,2025-12-21,BR-02,INFLOW,Customer Payment,3954.18,UPI,INV-003106,Bank Settlement from Gowda Electrical Repairs
CSH-003490,2025-12-08,BR-02,INFLOW,Customer Payment,35.4,UPI,INV-003107,Receipt from Dr. Arvind Rao Dental Clinic
CSH-003491,2026-01-07,BR-01,INFLOW,Customer Payment,29217.74,RTGS,INV-003108,Bank Settlement from Victory Housing Projects Phase 2
CSH-003492,2026-01-09,BR-03,INFLOW,Customer Payment,8698.49,Cheque,INV-003109,Bank Settlement from Mani Bros Electricals (Mani)
CSH-003493,2025-12-20,BR-01,INFLOW,Customer Payment,1107.31,RTGS,INV-003110,Bank Settlement from Metro Supermarket Tambaram
CSH-003494,2025-12-09,BR-02,INFLOW,Customer Payment,8177.4,Credit Card,INV-003111,Receipt from Suresh Babu (Villa Construction)
CSH-003495,2025-12-20,BR-01,INFLOW,Customer Payment,217373.7,NEFT / Bank Transfer,INV-003112,Bank Settlement from Kalam Brothers Electrical Store
CSH-003496,2026-01-09,BR-03,INFLOW,Customer Payment,159907.7,NEFT / Bank Transfer,INV-003113,Bank Settlement from Velan Pump & Motor Spares Store
CSH-003497,2026-01-14,BR-01,INFLOW,Customer Payment,18223.21,UPI,INV-003114,Bank Settlement from Sri Ramakrishna Builders & Infra
CSH-003498,2025-12-09,BR-03,INFLOW,Customer Payment,244.26,Cash,INV-003115,Receipt from Karthika Departmental Store
CSH-003499,2026-01-13,BR-03,INFLOW,Customer Payment,128824.38,RTGS,INV-003116,Bank Settlement from Marutham Electrical & Power Agency
CSH-003500,2025-12-31,BR-02,INFLOW,Customer Payment,436.6,NEFT / Bank Transfer,INV-003117,Bank Settlement from Manjunatha Electrical Works
CSH-003501,2025-12-15,BR-01,INFLOW,Customer Payment,62492.8,Cheque,INV-003118,Bank Settlement from Sri Ramakrishna Builders & Infra
CSH-003502,2026-01-09,BR-02,INFLOW,Customer Payment,35519.18,Cheque,INV-003119,Bank Settlement from Cauvery Engineering Contractors
CSH-003503,2026-01-09,BR-03,INFLOW,Customer Payment,9869.52,NEFT / Bank Transfer,INV-003120,Bank Settlement from Sundaram Hospital Maintenance
CSH-003504,2026-01-02,BR-01,INFLOW,Customer Payment,38068.22,NEFT / Bank Transfer,INV-003121,Bank Settlement from Global Smart Solutions (P) Ltd
CSH-003505,2025-12-31,BR-02,INFLOW,Customer Payment,6481.74,RTGS,INV-003122,Bank Settlement from Manjunatha Electrical Works
CSH-003506,2025-12-25,BR-02,INFLOW,Customer Payment,62314.86,NEFT / Bank Transfer,INV-003123,Bank Settlement from Raghavendra Infrastructure Developers
CSH-003507,2025-12-10,BR-01,OUTFLOW,Electricity Bill,11891.15,Online Banking,EXP-000384,Utility Payment
CSH-003508,2025-12-10,BR-02,OUTFLOW,Electricity Bill,9786.61,Online Banking,EXP-000385,Utility Payment
CSH-003509,2025-12-10,BR-03,OUTFLOW,Electricity Bill,10713.19,Online Banking,EXP-000386,Utility Payment
CSH-003510,2026-01-04,BR-01,INFLOW,Customer Payment,81.42,RTGS,INV-003124,Bank Settlement from Metro Supermarket Tambaram
CSH-003511,2026-01-10,BR-01,INFLOW,Customer Payment,31411.6,NEFT / Bank Transfer,INV-003125,Bank Settlement from Selvam Electrician Services
CSH-003512,2026-02-03,BR-03,INFLOW,Customer Payment,46335.06,RTGS,INV-003126,Bank Settlement from Marutham Electrical & Power Agency
CSH-003513,2025-12-11,BR-03,INFLOW,Customer Payment,4248.0,Cash,INV-003127,Receipt from Karthika Departmental Store
CSH-003514,2026-01-16,BR-02,INFLOW,Customer Payment,3090.42,NEFT / Bank Transfer,INV-003128,Bank Settlement from InnoTech Coworking Hub
CSH-003515,2025-12-11,BR-02,OUTFLOW,Minor Maintenance & Repair,977.11,Petty Cash,EXP-000387,Operational expense
CSH-003516,2025-12-31,BR-03,INFLOW,Customer Payment,2537.0,UPI,INV-003129,Bank Settlement from Kovai Elite Residency Hotel
CSH-003517,2025-12-28,BR-03,INFLOW,Customer Payment,584.1,NEFT / Bank Transfer,INV-003130,Bank Settlement from Sundaram Hospital Maintenance
CSH-003518,2026-01-08,BR-03,INFLOW,Customer Payment,3125.35,Cheque,INV-003131,Bank Settlement from Annamalai Agro Processing Unit
CSH-003519,2026-01-28,BR-01,INFLOW,Customer Payment,2289.2,NEFT / Bank Transfer,INV-003132,Bank Settlement from Metro Supermarket Tambaram
CSH-003520,2025-12-12,BR-01,INFLOW,Customer Payment,692.19,Cash,INV-003133,Receipt from Siva Shankaran (Individual Home)
CSH-003521,2025-12-12,BR-03,OUTFLOW,Office Supplies & Printing,1333.84,Petty Cash,EXP-000388,Operational expense
CSH-003522,2026-01-05,BR-03,INFLOW,Customer Payment,7369.81,RTGS,INV-003134,Bank Settlement from Kovai Elite Residency Hotel
CSH-003523,2025-12-20,BR-03,INFLOW,Customer Payment,5548.83,NEFT / Bank Transfer,INV-003135,Bank Settlement from Sri Krishna Engineering College Hostel
CSH-003524,2026-01-10,BR-02,INFLOW,Customer Payment,218170.2,NEFT / Bank Transfer,INV-003136,Bank Settlement from Raghavendra Infrastructure Developers
CSH-003525,2026-01-12,BR-03,INFLOW,Customer Payment,2867.4,Cheque,INV-003137,Bank Settlement from Sundaram Hospital Maintenance
CSH-003526,2026-01-13,BR-03,INFLOW,Customer Payment,8448.8,RTGS,INV-003138,Bank Settlement from Rangasamy Electrician Workshop
CSH-003527,2025-12-29,BR-01,INFLOW,Customer Payment,374739.68,RTGS,INV-003139,Bank Settlement from Balaji Electrical Contractors
CSH-003528,2025-12-15,BR-02,INFLOW,Customer Payment,9440.0,Credit Card,INV-003140,Receipt from Suresh Babu (Villa Construction)
CSH-003529,2026-01-13,BR-01,INFLOW,Customer Payment,80027.6,Cheque,INV-003141,Bank Settlement from Srinivasan & Sons Contractor
CSH-003530,2025-12-16,BR-01,INFLOW,Customer Payment,1298.0,Cash,INV-003142,Receipt from Mohammed Riyaz (Home Renovation)
CSH-003531,2025-12-27,BR-01,INFLOW,Customer Payment,17322.4,RTGS,INV-003143,Bank Settlement from Balaji Electrical Contractors
CSH-003532,2025-12-21,BR-03,INFLOW,Customer Payment,2924.04,UPI,INV-003144,Bank Settlement from Rangasamy Electrician Workshop
CSH-003533,2025-12-17,BR-01,INFLOW,Customer Payment,330.4,Credit Card,INV-003145,Receipt from Karthik Residential Apartment Owner
CSH-003534,2025-12-29,BR-02,INFLOW,Customer Payment,9759.78,Cheque,INV-003146,Bank Settlement from Gowda Electrical Repairs
CSH-003535,2025-12-17,BR-01,INFLOW,Customer Payment,1358.42,Cash,INV-003147,Receipt from Mohammed Riyaz (Home Renovation)
CSH-003536,2025-12-24,BR-03,INFLOW,Customer Payment,25447.88,NEFT / Bank Transfer,INV-003148,Bank Settlement from Mani Bros Electricals (Mani)
CSH-003537,2026-01-05,BR-01,INFLOW,Customer Payment,1274.4,UPI,INV-003149,Bank Settlement from Metro Supermarket Tambaram
CSH-003538,2026-01-13,BR-01,INFLOW,Customer Payment,2773.0,NEFT / Bank Transfer,INV-003150,Bank Settlement from Poompuhar Handicrafts Store
CSH-003539,2026-01-28,BR-01,INFLOW,Customer Payment,2053.91,RTGS,INV-003151,Bank Settlement from Vels Vidyashram School Campus
CSH-003540,2026-01-17,BR-02,INFLOW,Customer Payment,289556.42,Cheque,INV-003152,Bank Settlement from Sri Venkateshwara Hardware & Electricals
CSH-003541,2026-01-26,BR-03,INFLOW,Customer Payment,2773.0,NEFT / Bank Transfer,INV-003153,Bank Settlement from Kovai Elite Residency Hotel
CSH-003542,2026-02-06,BR-01,INFLOW,Customer Payment,253846.79,RTGS,INV-003154,Bank Settlement from Devi Agency & Lighting Store
CSH-003543,2025-12-25,BR-02,INFLOW,Customer Payment,166718.66,UPI,INV-003155,Bank Settlement from Sri Venkateshwara Hardware & Electricals
CSH-003544,2026-01-04,BR-01,INFLOW,Customer Payment,225136.92,UPI,INV-003156,Bank Settlement from Kalaivani Hardware & Paints
CSH-003545,2026-01-10,BR-02,INFLOW,Customer Payment,110096.83,NEFT / Bank Transfer,INV-003157,Bank Settlement from Raghavendra Infrastructure Developers
CSH-003546,2025-12-19,BR-03,INFLOW,Customer Payment,389.4,UPI,INV-003158,Receipt from Ramachandran (Individual House Owner)
CSH-003547,2026-01-20,BR-02,INFLOW,Customer Payment,1433.7,Cheque,INV-003159,Bank Settlement from InnoTech Coworking Hub
CSH-003548,2025-12-19,BR-01,INFLOW,Customer Payment,3011.83,Cash,INV-003160,Receipt from Mohammed Riyaz (Home Renovation)
CSH-003549,2026-01-28,BR-02,INFLOW,Customer Payment,14640.5,NEFT / Bank Transfer,INV-003161,Bank Settlement from Gowda Electrical Repairs
CSH-003550,2026-01-16,BR-03,INFLOW,Customer Payment,3895.42,UPI,INV-003162,Bank Settlement from Sundaram Hospital Maintenance
CSH-003551,2025-12-20,BR-01,INFLOW,Customer Payment,7221.6,Cash,INV-003163,Receipt from Mohammed Riyaz (Home Renovation)
CSH-003552,2026-01-16,BR-02,INFLOW,Customer Payment,137352.0,RTGS,INV-003164,Bank Settlement from Cauvery Engineering Contractors
CSH-003553,2026-02-11,BR-02,INFLOW,Customer Payment,2575.7,Cheque,INV-003165,Bank Settlement from Silicon Valley PG Hostel Chain
CSH-003554,2026-01-09,BR-01,INFLOW,Customer Payment,2006.0,RTGS,INV-003166,Bank Settlement from Metro Supermarket Tambaram
CSH-003555,2026-01-06,BR-01,INFLOW,Customer Payment,5593.2,Cheque,INV-003167,Bank Settlement from Selvam Electrician Services
CSH-003556,2026-01-04,BR-01,INFLOW,Customer Payment,252824.44,Cheque,INV-003168,Bank Settlement from Kalam Brothers Electrical Store
CSH-003557,2025-12-20,BR-03,OUTFLOW,Minor Maintenance & Repair,563.93,Petty Cash,EXP-000389,Operational expense
CSH-003558,2026-01-09,BR-01,INFLOW,Customer Payment,3047.94,RTGS,INV-003169,Bank Settlement from Apex Manufacturing Solutions
CSH-003559,2026-01-09,BR-01,INFLOW,Customer Payment,62846.8,UPI,INV-003170,Bank Settlement from Balaji Electrical Contractors
CSH-003560,2026-01-21,BR-02,INFLOW,Customer Payment,5324.63,RTGS,INV-003171,Bank Settlement from Brigade Vista Apartment Owners Assn
CSH-003561,2025-12-22,BR-01,INFLOW,Customer Payment,849.6,UPI,INV-003172,Receipt from Lakshmi Vilas Sweets & Bakery
CSH-003562,2025-12-22,BR-01,OUTFLOW,Staff Refreshments & Tea,1337.94,Petty Cash,EXP-000390,Operational expense
CSH-003563,2026-01-13,BR-01,INFLOW,Customer Payment,310464.61,NEFT / Bank Transfer,INV-003173,Bank Settlement from Kalam Brothers Electrical Store
CSH-003564,2025-12-23,BR-02,INFLOW,Customer Payment,849.6,UPI,INV-003174,Receipt from Dr. Arvind Rao Dental Clinic
CSH-003565,2026-01-16,BR-02,INFLOW,Customer Payment,2537.0,Cheque,INV-003175,Bank Settlement from Silicon Valley PG Hostel Chain
CSH-003566,2025-12-23,BR-02,INFLOW,Customer Payment,8142.0,UPI,INV-003176,Receipt from Dr. Arvind Rao Dental Clinic
CSH-003567,2026-01-02,BR-01,INFLOW,Customer Payment,8729.64,UPI,INV-003177,Bank Settlement from Global Smart Solutions (P) Ltd
CSH-003568,2026-01-22,BR-02,INFLOW,Customer Payment,2478.0,Cheque,INV-003178,Bank Settlement from Brigade Vista Apartment Owners Assn
CSH-003569,2026-01-07,BR-03,INFLOW,Customer Payment,4543.0,Cheque,INV-003179,Bank Settlement from Sundaram Hospital Maintenance
CSH-003570,2026-01-08,BR-01,INFLOW,Customer Payment,76.7,UPI,INV-003180,Bank Settlement from Poompuhar Handicrafts Store
CSH-003571,2026-01-21,BR-01,INFLOW,Customer Payment,17357.56,RTGS,INV-003181,Bank Settlement from Balaji Electrical Contractors
CSH-003572,2026-02-07,BR-01,INFLOW,Customer Payment,15821.44,RTGS,INV-003182,Bank Settlement from Saravana Electric Works (Govindaraj)
CSH-003573,2026-02-04,BR-02,INFLOW,Customer Payment,68682.61,UPI,INV-003183,Bank Settlement from Urban Spaces Interior Studio
CSH-003574,2026-01-14,BR-02,INFLOW,Customer Payment,50323.7,NEFT / Bank Transfer,INV-003184,Bank Settlement from Sri Venkateshwara Hardware & Electricals
CSH-003575,2025-12-24,BR-03,INFLOW,Customer Payment,5225.04,UPI,INV-003185,Receipt from Ramachandran (Individual House Owner)
CSH-003576,2026-01-15,BR-01,INFLOW,Customer Payment,3940.02,NEFT / Bank Transfer,INV-003186,Bank Settlement from Metro Supermarket Tambaram
CSH-003577,2026-01-28,BR-02,INFLOW,Customer Payment,54657.6,UPI,INV-003187,Bank Settlement from Cauvery Engineering Contractors
CSH-003578,2025-12-25,BR-01,INFLOW,Customer Payment,1003.0,Cash,INV-003188,Receipt from Murugan Auto Garage & Works
CSH-003579,2026-01-22,BR-01,INFLOW,Customer Payment,7054.04,Cheque,INV-003189,Bank Settlement from TechPark Facility Maintenance Team
CSH-003580,2026-01-21,BR-01,INFLOW,Customer Payment,91990.44,UPI,INV-003190,Bank Settlement from Devi Agency & Lighting Store
CSH-003581,2025-12-25,BR-02,INFLOW,Customer Payment,569.94,Credit Card,INV-003191,Receipt from Suresh Babu (Villa Construction)
CSH-003582,2026-01-15,BR-03,INFLOW,Customer Payment,11328.0,RTGS,INV-003192,Bank Settlement from Rangasamy Electrician Workshop
CSH-003583,2025-12-26,BR-01,INFLOW,Customer Payment,1274.4,Cash,INV-003193,Receipt from Siva Shankaran (Individual Home)
CSH-003584,2026-01-15,BR-01,INFLOW,Customer Payment,92517.9,NEFT / Bank Transfer,INV-003194,Bank Settlement from Global Smart Solutions (P) Ltd
CSH-003585,2026-01-09,BR-01,INFLOW,Customer Payment,434994.49,RTGS,INV-003195,Bank Settlement from Kalaivani Hardware & Paints
CSH-003586,2026-01-28,BR-02,INFLOW,Customer Payment,330.4,RTGS,INV-003196,Bank Settlement from Brigade Vista Apartment Owners Assn
CSH-003587,2025-12-27,BR-01,INFLOW,Customer Payment,1888.0,Cash,INV-003197,Receipt from Mohammed Riyaz (Home Renovation)
CSH-003588,2025-12-27,BR-02,INFLOW,Customer Payment,1465.56,Cash,INV-003198,Receipt from Nandini Milk Parlour & Mart
CSH-003589,2026-01-20,BR-02,INFLOW,Customer Payment,133841.5,UPI,INV-003199,Bank Settlement from Sri Venkateshwara Hardware & Electricals
CSH-003590,2026-03-06,BR-03,INFLOW,Customer Payment,10000.5,RTGS,INV-003200,Bank Settlement from Mani Bros Electricals (Mani)
CSH-003591,2025-12-27,BR-03,OUTFLOW,Staff Refreshments & Tea,1473.41,Petty Cash,EXP-000391,Operational expense
CSH-003592,2025-12-29,BR-01,INFLOW,Customer Payment,2336.4,Cash,INV-003201,Receipt from Siva Shankaran (Individual Home)
CSH-003593,2026-01-05,BR-01,INFLOW,Customer Payment,11103.8,RTGS,INV-003202,Bank Settlement from Victory Housing Projects Phase 2
CSH-003594,2025-12-29,BR-01,INFLOW,Customer Payment,8142.0,Cash,INV-003203,Receipt from Mohammed Riyaz (Home Renovation)
CSH-003595,2026-01-20,BR-01,INFLOW,Customer Payment,117594.08,RTGS,INV-003204,Bank Settlement from Kalam Brothers Electrical Store
CSH-003596,2025-12-29,BR-01,INFLOW,Customer Payment,153.4,Credit Card,INV-003205,Receipt from Karthik Residential Apartment Owner
CSH-003597,2026-01-16,BR-03,INFLOW,Customer Payment,9056.5,RTGS,INV-003206,Bank Settlement from Kovai Textile Mills Facility Team
CSH-003598,2025-12-30,BR-01,INFLOW,Customer Payment,5546.0,UPI,INV-003207,Receipt from Lakshmi Vilas Sweets & Bakery
CSH-003599,2025-12-30,BR-03,INFLOW,Customer Payment,2902.8,Cash,INV-003208,Receipt from Karthika Departmental Store
CSH-003600,2025-12-30,BR-01,INFLOW,Customer Payment,781.63,Credit Card,INV-003209,Receipt from Karthik Residential Apartment Owner
CSH-003601,2026-01-28,BR-01,INFLOW,Customer Payment,6816.39,RTGS,INV-003210,Bank Settlement from Selvam Electrician Services
CSH-003602,2026-01-17,BR-01,INFLOW,Customer Payment,1977.21,Cheque,INV-003211,Bank Settlement from TechPark Facility Maintenance Team
CSH-003603,2026-02-14,BR-01,INFLOW,Customer Payment,71223.15,Cheque,INV-003212,Bank Settlement from Sri Ramakrishna Builders & Infra
CSH-003604,2025-12-30,BR-01,INFLOW,Customer Payment,1003.0,Credit Card,INV-003213,Receipt from Karthik Residential Apartment Owner
CSH-003605,2025-12-30,BR-01,OUTFLOW,Vehicle Fuel & Freight,2242.09,Petty Cash,EXP-000392,Operational expense
CSH-003606,2026-01-17,BR-01,INFLOW,Customer Payment,156680.4,RTGS,INV-003214,Bank Settlement from Kalaivani Hardware & Paints
CSH-003607,2026-01-25,BR-01,INFLOW,Customer Payment,8720.2,RTGS,INV-003215,Bank Settlement from Selvam Electrician Services
CSH-003608,2026-01-08,BR-02,INFLOW,Customer Payment,619.5,UPI,INV-003216,Bank Settlement from InnoTech Coworking Hub
CSH-003609,2026-01-29,BR-02,INFLOW,Customer Payment,117913.86,Cheque,INV-003217,Bank Settlement from Sri Venkateshwara Hardware & Electricals
CSH-003610,2025-12-31,BR-01,OUTFLOW,Staff Refreshments & Tea,1520.8,Petty Cash,EXP-000393,Operational expense
CSH-003611,2026-01-31,BR-03,INFLOW,Customer Payment,22881.38,UPI,INV-003218,Bank Settlement from Kongu Builders & Real Estate
CSH-003612,2026-01-01,BR-01,INFLOW,Customer Payment,466.1,Credit Card,INV-003219,Receipt from Karthik Residential Apartment Owner
CSH-003613,2026-01-01,BR-01,INFLOW,Customer Payment,2822.09,UPI,INV-003220,Receipt from Dr. Priya Sundaram (Home Clinic)
CSH-003614,2026-02-20,BR-02,INFLOW,Customer Payment,11575.33,NEFT / Bank Transfer,INV-003221,Bank Settlement from Raghavendra Infrastructure Developers
CSH-003615,2026-02-06,BR-01,INFLOW,Customer Payment,7690.06,UPI,INV-003222,Bank Settlement from Anbu Electricals (Anbazhagan)
CSH-003616,2026-01-01,BR-01,INFLOW,Customer Payment,424.8,UPI,INV-003223,Receipt from Dr. Priya Sundaram (Home Clinic)
CSH-003617,2026-01-01,BR-01,OUTFLOW,Showroom Rent,75000.0,Bank Transfer,EXP-000394,Rent for Vidyut Central Hub & Showroom
CSH-003618,2026-01-01,BR-02,OUTFLOW,Showroom Rent,45000.0,Bank Transfer,EXP-000395,Rent for Vidyut Electronic City Retail Branch
CSH-003619,2026-01-01,BR-03,OUTFLOW,Showroom Rent,35000.0,Bank Transfer,EXP-000396,Rent for Vidyut Coimbatore Townhall Branch
CSH-003620,2026-02-24,BR-01,INFLOW,Customer Payment,180718.65,UPI,INV-003224,Bank Settlement from Victory Housing Projects Phase 2
CSH-003621,2026-01-27,BR-01,INFLOW,Customer Payment,70020.02,Cheque,INV-003225,Bank Settlement from Sri Ramakrishna Builders & Infra
CSH-003622,2026-01-02,BR-01,INFLOW,Customer Payment,5546.0,Cash,INV-003226,Receipt from Siva Shankaran (Individual Home)
CSH-003623,2026-01-24,BR-03,INFLOW,Customer Payment,5855.4,Cheque,INV-003227,Bank Settlement from Kovai Textile Mills Facility Team
CSH-003624,2026-02-27,BR-02,INFLOW,Customer Payment,17517.1,NEFT / Bank Transfer,INV-003228,Bank Settlement from Gowda Electrical Repairs
CSH-003625,2026-02-15,BR-03,INFLOW,Customer Payment,4727.08,NEFT / Bank Transfer,INV-003229,Bank Settlement from Mani Bros Electricals (Mani)
CSH-003626,2026-01-03,BR-03,INFLOW,Customer Payment,727.35,Cash,INV-003230,Receipt from Karthika Departmental Store
CSH-003627,2026-01-03,BR-01,INFLOW,Customer Payment,162.84,Cash,INV-003231,Receipt from Siva Shankaran (Individual Home)
CSH-003628,2026-01-18,BR-03,INFLOW,Customer Payment,74439.12,RTGS,INV-003232,Bank Settlement from Velan Pump & Motor Spares Store
CSH-003629,2026-02-07,BR-01,INFLOW,Customer Payment,38977.76,NEFT / Bank Transfer,INV-003233,Bank Settlement from Global Smart Solutions (P) Ltd
CSH-003630,2026-01-05,BR-01,INFLOW,Customer Payment,1298.0,Cash,INV-003234,Receipt from Murugan Auto Garage & Works
CSH-003631,2026-01-05,BR-01,INFLOW,Customer Payment,6313.0,Credit Card,INV-003235,Receipt from Karthik Residential Apartment Owner
CSH-003632,2026-01-28,BR-02,INFLOW,Customer Payment,3057.38,UPI,INV-003236,Bank Settlement from Gowda Electrical Repairs
CSH-003633,2026-01-05,BR-01,INFLOW,Customer Payment,2266.54,UPI,INV-003237,Receipt from Lakshmi Vilas Sweets & Bakery
CSH-003634,2026-02-26,BR-01,INFLOW,Customer Payment,660.8,NEFT / Bank Transfer,INV-003238,Bank Settlement from TechPark Facility Maintenance Team
CSH-003635,2026-01-05,BR-01,OUTFLOW,Payroll Salaries,160000.0,Bank Transfer,EXP-000397,Salary Payout BR-01
CSH-003636,2026-01-05,BR-02,OUTFLOW,Payroll Salaries,96000.0,Bank Transfer,EXP-000398,Salary Payout BR-02
CSH-003637,2026-01-05,BR-03,OUTFLOW,Payroll Salaries,96000.0,Bank Transfer,EXP-000399,Salary Payout BR-03
CSH-003638,2026-01-29,BR-01,INFLOW,Customer Payment,1510.4,RTGS,INV-003239,Bank Settlement from Royal Comfort Residency Hotel
CSH-003639,2026-01-06,BR-01,INFLOW,Customer Payment,708.0,UPI,INV-003240,Receipt from Dr. Priya Sundaram (Home Clinic)
CSH-003640,2026-02-04,BR-02,INFLOW,Customer Payment,8024.0,RTGS,INV-003241,Bank Settlement from Manjunatha Electrical Works
CSH-003641,2026-01-11,BR-02,INFLOW,Customer Payment,7219.24,Cheque,INV-003242,Bank Settlement from Raghavendra Infrastructure Developers
CSH-003642,2026-01-06,BR-01,INFLOW,Customer Payment,4450.96,Credit Card,INV-003243,Receipt from Karthik Residential Apartment Owner
CSH-003643,2026-01-13,BR-01,INFLOW,Customer Payment,885.0,NEFT / Bank Transfer,INV-003244,Bank Settlement from Poompuhar Handicrafts Store
CSH-003644,2026-03-31,BR-03,INFLOW,Customer Payment,115728.5,NEFT / Bank Transfer,INV-003245,Bank Settlement from Marutham Electrical & Power Agency
CSH-003645,2026-01-21,BR-02,INFLOW,Customer Payment,7688.88,UPI,INV-003246,Bank Settlement from Manjunatha Electrical Works
CSH-003646,2026-01-31,BR-03,INFLOW,Customer Payment,6661.1,UPI,INV-003247,Bank Settlement from Rangasamy Electrician Workshop
CSH-003647,2026-01-14,BR-01,INFLOW,Customer Payment,81560.42,UPI,INV-003248,Bank Settlement from Srinivasan & Sons Contractor
CSH-003648,2026-01-20,BR-02,INFLOW,Customer Payment,1315.7,RTGS,INV-003249,Bank Settlement from Silicon Valley PG Hostel Chain
CSH-003649,2026-01-07,BR-01,INFLOW,Customer Payment,76.7,UPI,INV-003250,Receipt from Dr. Priya Sundaram (Home Clinic)
CSH-003650,2026-01-18,BR-02,INFLOW,Customer Payment,4036.54,NEFT / Bank Transfer,INV-003251,Bank Settlement from Brigade Vista Apartment Owners Assn
CSH-003651,2026-01-27,BR-02,INFLOW,Customer Payment,41787.58,Cheque,INV-003252,Bank Settlement from Cauvery Engineering Contractors
CSH-003652,2026-01-07,BR-02,INFLOW,Customer Payment,5735.98,UPI,INV-003253,Receipt from Dr. Arvind Rao Dental Clinic
CSH-003653,2026-01-31,BR-01,INFLOW,Customer Payment,704.93,UPI,INV-003254,Bank Settlement from Apex Manufacturing Solutions
CSH-003654,2026-01-08,BR-01,INFLOW,Customer Payment,521.09,Cash,INV-003255,Receipt from Siva Shankaran (Individual Home)
CSH-003655,2026-02-09,BR-01,INFLOW,Customer Payment,1003.0,RTGS,INV-003256,Bank Settlement from Royal Comfort Residency Hotel
CSH-003656,2026-02-06,BR-03,INFLOW,Customer Payment,359.66,NEFT / Bank Transfer,INV-003257,Bank Settlement from Sundaram Hospital Maintenance
CSH-003657,2026-01-08,BR-01,INFLOW,Customer Payment,3574.46,Cash,INV-003258,Receipt from Mohammed Riyaz (Home Renovation)
CSH-003658,2026-01-17,BR-01,INFLOW,Customer Payment,640.5,UPI,INV-003259,Bank Settlement from Metro Supermarket Tambaram
CSH-003659,2026-01-28,BR-02,INFLOW,Customer Payment,663.16,UPI,INV-003260,Bank Settlement from Brigade Vista Apartment Owners Assn
CSH-003660,2026-04-12,BR-01,INFLOW,Customer Payment,66569.7,RTGS,INV-003261,Bank Settlement from Kalam Brothers Electrical Store
CSH-003661,2026-01-08,BR-02,OUTFLOW,Office Supplies & Printing,894.3,Petty Cash,EXP-000400,Operational expense
CSH-003662,2026-01-09,BR-01,INFLOW,Customer Payment,3422.0,UPI,INV-003262,Receipt from Dr. Priya Sundaram (Home Clinic)
CSH-003663,2026-02-17,BR-03,INFLOW,Customer Payment,2006.0,Cheque,INV-003263,Bank Settlement from Kovai Textile Mills Facility Team
CSH-003664,2026-01-26,BR-01,INFLOW,Customer Payment,10148.0,RTGS,INV-003264,Bank Settlement from Royal Comfort Residency Hotel
CSH-003665,2026-02-16,BR-02,INFLOW,Customer Payment,244927.88,UPI,INV-003265,Bank Settlement from Sri Venkateshwara Hardware & Electricals
CSH-003666,2026-02-05,BR-01,INFLOW,Customer Payment,330.4,NEFT / Bank Transfer,INV-003266,Bank Settlement from Poompuhar Handicrafts Store
CSH-003667,2026-02-01,BR-03,INFLOW,Customer Payment,1666.63,UPI,INV-003267,Bank Settlement from Annamalai Agro Processing Unit
CSH-003668,2026-01-09,BR-02,INFLOW,Customer Payment,2773.0,UPI,INV-003268,Receipt from Dr. Arvind Rao Dental Clinic
CSH-003669,2026-01-09,BR-02,OUTFLOW,Minor Maintenance & Repair,1844.62,Petty Cash,EXP-000401,Operational expense
CSH-003670,2026-01-10,BR-03,INFLOW,Customer Payment,868.48,Cash,INV-003269,Receipt from Karthika Departmental Store
CSH-003671,2026-02-11,BR-01,INFLOW,Customer Payment,7006.84,NEFT / Bank Transfer,INV-003270,Bank Settlement from Vels Vidyashram School Campus
CSH-003672,2026-01-28,BR-01,INFLOW,Customer Payment,3427.9,NEFT / Bank Transfer,INV-003271,Bank Settlement from Saravana Electric Works (Govindaraj)
CSH-003673,2026-01-10,BR-02,INFLOW,Customer Payment,521.09,UPI,INV-003272,Receipt from Dr. Arvind Rao Dental Clinic
CSH-003674,2026-01-29,BR-03,INFLOW,Customer Payment,99.12,Cheque,INV-003273,Bank Settlement from Annamalai Agro Processing Unit
CSH-003675,2026-01-10,BR-02,INFLOW,Customer Payment,643.1,Cash,INV-003274,Receipt from Nandini Milk Parlour & Mart
CSH-003676,2026-01-10,BR-01,OUTFLOW,Electricity Bill,11603.74,Online Banking,EXP-000402,Utility Payment
CSH-003677,2026-01-10,BR-02,OUTFLOW,Electricity Bill,12862.33,Online Banking,EXP-000403,Utility Payment
CSH-003678,2026-01-10,BR-03,OUTFLOW,Electricity Bill,10136.05,Online Banking,EXP-000404,Utility Payment
CSH-003679,2026-01-10,BR-01,OUTFLOW,Staff Refreshments & Tea,1385.97,Petty Cash,EXP-000405,Operational expense
CSH-003680,2026-01-12,BR-01,INFLOW,Customer Payment,35.4,UPI,INV-003275,Receipt from Lakshmi Vilas Sweets & Bakery
CSH-003681,2026-01-31,BR-02,INFLOW,Customer Payment,29405.6,RTGS,INV-003276,Bank Settlement from Gowda Electrical Repairs
CSH-003682,2026-01-21,BR-02,INFLOW,Customer Payment,81619.18,NEFT / Bank Transfer,INV-003277,Bank Settlement from Urban Spaces Interior Studio
CSH-003683,2026-01-12,BR-01,INFLOW,Customer Payment,359.9,Credit Card,INV-003278,Receipt from Karthik Residential Apartment Owner
CSH-003684,2026-02-19,BR-01,INFLOW,Customer Payment,23378.16,NEFT / Bank Transfer,INV-003279,Bank Settlement from Balaji Electrical Contractors
CSH-003685,2026-02-10,BR-01,INFLOW,Customer Payment,72279.72,RTGS,INV-003280,Bank Settlement from Kalam Brothers Electrical Store
CSH-003686,2026-02-14,BR-03,INFLOW,Customer Payment,48349.32,Cheque,INV-003281,Bank Settlement from Kongu Builders & Real Estate
CSH-003687,2026-01-31,BR-01,INFLOW,Customer Payment,5251.0,Cheque,INV-003282,Bank Settlement from Apex Manufacturing Solutions
CSH-003688,2026-02-07,BR-01,INFLOW,Customer Payment,22906.16,Cheque,INV-003283,Bank Settlement from Saravana Electric Works (Govindaraj)
CSH-003689,2026-01-14,BR-01,INFLOW,Customer Payment,977.04,Cash,INV-003284,Receipt from Murugan Auto Garage & Works
CSH-003690,2026-01-29,BR-03,INFLOW,Customer Payment,158938.92,Cheque,INV-003285,Bank Settlement from Kongu Builders & Real Estate
CSH-003691,2026-01-26,BR-01,INFLOW,Customer Payment,2105.12,UPI,INV-003286,Bank Settlement from TechPark Facility Maintenance Team
CSH-003692,2026-01-15,BR-02,INFLOW,Customer Payment,1199.12,UPI,INV-003287,Receipt from Dr. Arvind Rao Dental Clinic
CSH-003693,2026-03-05,BR-01,INFLOW,Customer Payment,196146.44,Cheque,INV-003288,Bank Settlement from Global Smart Solutions (P) Ltd
CSH-003694,2026-01-15,BR-01,INFLOW,Customer Payment,873.2,UPI,INV-003289,Receipt from Dr. Priya Sundaram (Home Clinic)
CSH-003695,2026-02-13,BR-01,INFLOW,Customer Payment,162853.21,UPI,INV-003290,Bank Settlement from Devi Agency & Lighting Store
CSH-003696,2026-02-08,BR-03,INFLOW,Customer Payment,119.42,RTGS,INV-003291,Bank Settlement from Sri Krishna Engineering College Hostel
CSH-003697,2026-02-13,BR-03,INFLOW,Customer Payment,16805.56,Cheque,INV-003292,Bank Settlement from Kongu Builders & Real Estate
CSH-003698,2026-01-16,BR-01,INFLOW,Customer Payment,153.4,Credit Card,INV-003293,Receipt from Karthik Residential Apartment Owner
CSH-003699,2026-01-26,BR-03,INFLOW,Customer Payment,9047.06,UPI,INV-003294,Bank Settlement from Rangasamy Electrician Workshop
CSH-003700,2026-01-16,BR-01,INFLOW,Customer Payment,488.52,UPI,INV-003295,Receipt from Lakshmi Vilas Sweets & Bakery
CSH-003701,2026-02-09,BR-02,INFLOW,Customer Payment,154.82,RTGS,INV-003296,Bank Settlement from InnoTech Coworking Hub
CSH-003702,2026-02-22,BR-01,INFLOW,Customer Payment,4708.2,UPI,INV-003297,Bank Settlement from Anbu Electricals (Anbazhagan)
CSH-003703,2026-03-07,BR-03,INFLOW,Customer Payment,8218.7,UPI,INV-003298,Bank Settlement from Kovai Textile Mills Facility Team
CSH-003704,2026-01-31,BR-01,INFLOW,Customer Payment,808.3,Cheque,INV-003299,Bank Settlement from Metro Supermarket Tambaram
CSH-003705,2026-01-26,BR-02,INFLOW,Customer Payment,139329.68,NEFT / Bank Transfer,INV-003300,Bank Settlement from Raghavendra Infrastructure Developers
CSH-003706,2026-02-05,BR-01,INFLOW,Customer Payment,47155.16,NEFT / Bank Transfer,INV-003301,Bank Settlement from Sri Ramakrishna Builders & Infra
CSH-003707,2026-02-15,BR-02,INFLOW,Customer Payment,5133.0,RTGS,INV-003302,Bank Settlement from Gowda Electrical Repairs
CSH-003708,2026-01-30,BR-02,INFLOW,Customer Payment,2666.8,Cheque,INV-003303,Bank Settlement from Manjunatha Electrical Works
CSH-003709,2026-02-21,BR-01,INFLOW,Customer Payment,24131.0,RTGS,INV-003304,Bank Settlement from Global Smart Solutions (P) Ltd
CSH-003710,2026-02-02,BR-03,INFLOW,Customer Payment,6684.7,Cheque,INV-003305,Bank Settlement from Sundaram Hospital Maintenance
CSH-003711,2026-02-08,BR-02,INFLOW,Customer Payment,26860.34,UPI,INV-003306,Bank Settlement from Cauvery Engineering Contractors
CSH-003712,2026-02-19,BR-01,INFLOW,Customer Payment,1298.0,UPI,INV-003307,Bank Settlement from Vels Vidyashram School Campus
CSH-003713,2026-02-12,BR-02,INFLOW,Customer Payment,88629.56,Cheque,INV-003308,Bank Settlement from Sri Venkateshwara Hardware & Electricals
CSH-003714,2026-01-20,BR-02,INFLOW,Customer Payment,4423.82,Credit Card,INV-003309,Receipt from Suresh Babu (Villa Construction)
CSH-003715,2026-02-14,BR-01,INFLOW,Customer Payment,7510.7,RTGS,INV-003310,Bank Settlement from Srinivasan & Sons Contractor
CSH-003716,2026-01-28,BR-01,INFLOW,Customer Payment,110583.46,RTGS,INV-003311,Bank Settlement from Srinivasan & Sons Contractor
CSH-003717,2026-01-20,BR-03,INFLOW,Customer Payment,1256.7,UPI,INV-003312,Receipt from Ramachandran (Individual House Owner)
CSH-003718,2026-04-09,BR-03,INFLOW,Customer Payment,189.98,NEFT / Bank Transfer,INV-003313,Bank Settlement from Sundaram Hospital Maintenance
CSH-003719,2026-02-01,BR-01,INFLOW,Customer Payment,13404.8,UPI,INV-003314,Bank Settlement from Saravana Electric Works (Govindaraj)
CSH-003720,2026-02-07,BR-02,INFLOW,Customer Payment,2773.0,NEFT / Bank Transfer,INV-003315,Bank Settlement from Brigade Vista Apartment Owners Assn
CSH-003721,2026-01-21,BR-02,INFLOW,Customer Payment,271.4,Cash,INV-003316,Receipt from Nandini Milk Parlour & Mart
CSH-003722,2026-02-17,BR-01,INFLOW,Customer Payment,283.2,UPI,INV-003317,Bank Settlement from Royal Comfort Residency Hotel
CSH-003723,2026-02-27,BR-01,INFLOW,Customer Payment,3163.34,UPI,INV-003318,Bank Settlement from TechPark Facility Maintenance Team
CSH-003724,2026-01-30,BR-03,INFLOW,Customer Payment,1239.0,UPI,INV-003319,Bank Settlement from Sundaram Hospital Maintenance
CSH-003725,2026-02-11,BR-01,INFLOW,Customer Payment,3177.51,Cheque,INV-003320,Bank Settlement from Poompuhar Handicrafts Store
CSH-003726,2026-02-03,BR-02,INFLOW,Customer Payment,212744.08,NEFT / Bank Transfer,INV-003321,Bank Settlement from Raghavendra Infrastructure Developers
CSH-003727,2026-02-05,BR-02,INFLOW,Customer Payment,28427.62,NEFT / Bank Transfer,INV-003322,Bank Settlement from Cauvery Engineering Contractors
CSH-003728,2026-02-08,BR-01,INFLOW,Customer Payment,20734.72,NEFT / Bank Transfer,INV-003323,Bank Settlement from Sri Ramakrishna Builders & Infra
CSH-003729,2026-01-22,BR-01,INFLOW,Customer Payment,931.02,Cash,INV-003324,Receipt from Murugan Auto Garage & Works
CSH-003730,2026-03-04,BR-02,INFLOW,Customer Payment,122305.82,UPI,INV-003325,Bank Settlement from Raghavendra Infrastructure Developers
CSH-003731,2026-02-05,BR-01,INFLOW,Customer Payment,38479.8,UPI,INV-003326,Bank Settlement from Anbu Electricals (Anbazhagan)
CSH-003732,2026-02-20,BR-03,INFLOW,Customer Payment,160534.75,RTGS,INV-003327,Bank Settlement from Marutham Electrical & Power Agency
CSH-003733,2026-02-06,BR-01,INFLOW,Customer Payment,3121.1,NEFT / Bank Transfer,INV-003328,Bank Settlement from Poompuhar Handicrafts Store
CSH-003734,2026-01-23,BR-01,INFLOW,Customer Payment,153.4,Cash,INV-003329,Receipt from Mohammed Riyaz (Home Renovation)
CSH-003735,2026-02-06,BR-03,INFLOW,Customer Payment,283.2,Cheque,INV-003330,Bank Settlement from Kovai Elite Residency Hotel
CSH-003736,2026-02-21,BR-02,INFLOW,Customer Payment,52323.8,NEFT / Bank Transfer,INV-003331,Bank Settlement from Urban Spaces Interior Studio
CSH-003737,2026-02-13,BR-03,INFLOW,Customer Payment,258304.36,NEFT / Bank Transfer,INV-003332,Bank Settlement from Marutham Electrical & Power Agency
CSH-003738,2026-03-18,BR-03,INFLOW,Customer Payment,2277.4,NEFT / Bank Transfer,INV-003333,Bank Settlement from Kovai Elite Residency Hotel
CSH-003739,2026-03-02,BR-01,INFLOW,Customer Payment,93924.22,NEFT / Bank Transfer,INV-003334,Bank Settlement from Balaji Electrical Contractors
CSH-003740,2026-01-24,BR-01,INFLOW,Customer Payment,931.02,Credit Card,INV-003335,Receipt from Karthik Residential Apartment Owner
CSH-003741,2026-03-29,BR-03,INFLOW,Customer Payment,488.52,NEFT / Bank Transfer,INV-003336,Bank Settlement from Annamalai Agro Processing Unit
CSH-003742,2026-01-31,BR-01,INFLOW,Customer Payment,269179.24,RTGS,INV-003337,Bank Settlement from Balaji Electrical Contractors
CSH-003743,2026-02-02,BR-03,INFLOW,Customer Payment,38070.1,Cheque,INV-003338,Bank Settlement from Kongu Builders & Real Estate
CSH-003744,2026-01-24,BR-01,INFLOW,Customer Payment,4450.96,Cash,INV-003339,Receipt from Murugan Auto Garage & Works
CSH-003745,2026-01-24,BR-01,OUTFLOW,Minor Maintenance & Repair,759.61,Petty Cash,EXP-000406,Operational expense
CSH-003746,2026-02-18,BR-01,INFLOW,Customer Payment,20922.58,RTGS,INV-003340,Bank Settlement from Srinivasan & Sons Contractor
CSH-003747,2026-02-12,BR-03,INFLOW,Customer Payment,253724.07,Cheque,INV-003341,Bank Settlement from Marutham Electrical & Power Agency
CSH-003748,2026-02-11,BR-01,INFLOW,Customer Payment,3317.22,UPI,INV-003342,Bank Settlement from Apex Manufacturing Solutions
CSH-003749,2026-01-26,BR-01,INFLOW,Customer Payment,194.7,UPI,INV-003343,Receipt from Lakshmi Vilas Sweets & Bakery
CSH-003750,2026-02-22,BR-03,INFLOW,Customer Payment,1829.94,UPI,INV-003344,Bank Settlement from Kovai Elite Residency Hotel
CSH-003751,2026-02-01,BR-02,INFLOW,Customer Payment,149830.5,Cheque,INV-003345,Bank Settlement from Sri Venkateshwara Hardware & Electricals
CSH-003752,2026-02-13,BR-03,INFLOW,Customer Payment,337469.38,Cheque,INV-003346,Bank Settlement from Velan Pump & Motor Spares Store
CSH-003753,2026-02-13,BR-03,INFLOW,Customer Payment,1819.09,UPI,INV-003347,Bank Settlement from Annamalai Agro Processing Unit
CSH-003754,2026-02-25,BR-03,INFLOW,Customer Payment,2935.84,NEFT / Bank Transfer,INV-003348,Bank Settlement from Annamalai Agro Processing Unit
CSH-003755,2026-02-27,BR-02,INFLOW,Customer Payment,218952.54,UPI,INV-003349,Bank Settlement from Sri Venkateshwara Hardware & Electricals
CSH-003756,2026-02-17,BR-01,INFLOW,Customer Payment,1351.1,NEFT / Bank Transfer,INV-003350,Bank Settlement from Vels Vidyashram School Campus
CSH-003757,2026-02-05,BR-01,INFLOW,Customer Payment,262160.6,UPI,INV-003351,Bank Settlement from Devi Agency & Lighting Store
CSH-003758,2026-01-27,BR-02,OUTFLOW,Office Supplies & Printing,712.02,Petty Cash,EXP-000407,Operational expense
CSH-003759,2026-02-23,BR-02,INFLOW,Customer Payment,57839.59,Cheque,INV-003352,Bank Settlement from Raghavendra Infrastructure Developers
CSH-003760,2026-02-08,BR-01,INFLOW,Customer Payment,10647.14,RTGS,INV-003353,Bank Settlement from Anbu Electricals (Anbazhagan)
CSH-003761,2026-02-12,BR-02,INFLOW,Customer Payment,50247.7,NEFT / Bank Transfer,INV-003354,Bank Settlement from Urban Spaces Interior Studio
CSH-003762,2026-02-23,BR-01,INFLOW,Customer Payment,11328.0,NEFT / Bank Transfer,INV-003355,Bank Settlement from Anbu Electricals (Anbazhagan)
CSH-003763,2026-03-18,BR-02,INFLOW,Customer Payment,52379.02,RTGS,INV-003356,Bank Settlement from Cauvery Engineering Contractors
CSH-003764,2026-02-09,BR-01,INFLOW,Customer Payment,96706.43,UPI,INV-003357,Bank Settlement from Victory Housing Projects Phase 2
CSH-003765,2026-01-28,BR-02,INFLOW,Customer Payment,4672.8,Credit Card,INV-003358,Receipt from Suresh Babu (Villa Construction)
CSH-003766,2026-01-28,BR-01,OUTFLOW,Office Supplies & Printing,1674.54,Petty Cash,EXP-000408,Operational expense
CSH-003767,2026-02-06,BR-01,INFLOW,Customer Payment,210721.1,Cheque,INV-003359,Bank Settlement from Kalaivani Hardware & Paints
CSH-003768,2026-04-27,BR-03,INFLOW,Customer Payment,5463.4,UPI,INV-003360,Bank Settlement from Kovai Textile Mills Facility Team
CSH-003769,2026-02-10,BR-01,INFLOW,Customer Payment,4843.9,NEFT / Bank Transfer,INV-003361,Bank Settlement from Selvam Electrician Services
CSH-003770,2026-01-29,BR-01,OUTFLOW,Vehicle Fuel & Freight,825.97,Petty Cash,EXP-000409,Operational expense
CSH-003771,2026-02-27,BR-01,INFLOW,Customer Payment,121801.49,Cheque,INV-003362,Bank Settlement from Srinivasan & Sons Contractor
CSH-003772,2026-02-22,BR-02,INFLOW,Customer Payment,3433.33,UPI,INV-003363,Bank Settlement from Gowda Electrical Repairs
CSH-003773,2026-02-07,BR-03,INFLOW,Customer Payment,56103.57,NEFT / Bank Transfer,INV-003364,Bank Settlement from Marutham Electrical & Power Agency
CSH-003774,2026-03-10,BR-01,INFLOW,Customer Payment,76.7,RTGS,INV-003365,Bank Settlement from TechPark Facility Maintenance Team
CSH-003775,2026-01-30,BR-02,INFLOW,Customer Payment,3127.94,Credit Card,INV-003366,Receipt from Suresh Babu (Villa Construction)
CSH-003776,2026-01-30,BR-01,INFLOW,Customer Payment,3033.54,Cash,INV-003367,Receipt from Murugan Auto Garage & Works
CSH-003777,2026-01-31,BR-01,INFLOW,Customer Payment,10620.0,Cash,INV-003368,Receipt from Siva Shankaran (Individual Home)
CSH-003778,2026-02-28,BR-01,INFLOW,Customer Payment,2970.53,Cheque,INV-003369,Bank Settlement from Poompuhar Handicrafts Store
CSH-003779,2026-02-11,BR-01,INFLOW,Customer Payment,424.8,UPI,INV-003370,Bank Settlement from Metro Supermarket Tambaram
CSH-003780,2026-02-14,BR-01,INFLOW,Customer Payment,157670.89,NEFT / Bank Transfer,INV-003371,Bank Settlement from Global Smart Solutions (P) Ltd
CSH-003781,2026-02-28,BR-01,INFLOW,Customer Payment,161176.67,RTGS,INV-003372,Bank Settlement from Global Smart Solutions (P) Ltd
CSH-003782,2026-01-31,BR-02,INFLOW,Customer Payment,2087.18,UPI,INV-003373,Receipt from Dr. Arvind Rao Dental Clinic
CSH-003783,2026-02-18,BR-03,INFLOW,Customer Payment,105408.22,Cheque,INV-003374,Bank Settlement from Kongu Builders & Real Estate
CSH-003784,2026-01-31,BR-01,INFLOW,Customer Payment,3363.94,UPI,INV-003375,Receipt from Dr. Priya Sundaram (Home Clinic)
CSH-003785,2026-02-01,BR-01,OUTFLOW,Showroom Rent,75000.0,Bank Transfer,EXP-000410,Rent for Vidyut Central Hub & Showroom
CSH-003786,2026-02-01,BR-02,OUTFLOW,Showroom Rent,45000.0,Bank Transfer,EXP-000411,Rent for Vidyut Electronic City Retail Branch
CSH-003787,2026-02-01,BR-03,OUTFLOW,Showroom Rent,35000.0,Bank Transfer,EXP-000412,Rent for Vidyut Coimbatore Townhall Branch
CSH-003788,2026-03-07,BR-03,INFLOW,Customer Payment,6364.92,NEFT / Bank Transfer,INV-003376,Bank Settlement from Rangasamy Electrician Workshop
CSH-003789,2026-02-02,BR-01,INFLOW,Customer Payment,7928.42,Cash,INV-003377,Receipt from Murugan Auto Garage & Works
CSH-003790,2026-02-10,BR-01,INFLOW,Customer Payment,11587.6,UPI,INV-003378,Bank Settlement from Selvam Electrician Services
CSH-003791,2026-04-23,BR-02,INFLOW,Customer Payment,1463.2,UPI,INV-003379,Bank Settlement from Brigade Vista Apartment Owners Assn
CSH-003792,2026-02-21,BR-01,INFLOW,Customer Payment,192696.83,NEFT / Bank Transfer,INV-003380,Bank Settlement from Devi Agency & Lighting Store
CSH-003793,2026-02-28,BR-03,INFLOW,Customer Payment,241219.14,UPI,INV-003381,Bank Settlement from Velan Pump & Motor Spares Store
CSH-003794,2026-02-08,BR-01,INFLOW,Customer Payment,60876.2,RTGS,INV-003382,Bank Settlement from Global Smart Solutions (P) Ltd
CSH-003795,2026-02-03,BR-02,INFLOW,Customer Payment,2773.0,UPI,INV-003383,Receipt from Dr. Arvind Rao Dental Clinic
CSH-003796,2026-02-03,BR-01,INFLOW,Customer Payment,8991.6,Cash,INV-003384,Receipt from Murugan Auto Garage & Works
CSH-003797,2026-02-26,BR-02,INFLOW,Customer Payment,17.7,UPI,INV-003385,Bank Settlement from InnoTech Coworking Hub
CSH-003798,2026-02-20,BR-01,INFLOW,Customer Payment,2773.0,UPI,INV-003386,Bank Settlement from Vels Vidyashram School Campus
CSH-003799,2026-02-03,BR-01,INFLOW,Customer Payment,330.4,Cash,INV-003387,Receipt from Siva Shankaran (Individual Home)
CSH-003800,2026-02-13,BR-01,INFLOW,Customer Payment,1243.72,Cheque,INV-003388,Bank Settlement from TechPark Facility Maintenance Team
CSH-003801,2026-02-04,BR-03,INFLOW,Customer Payment,4071.0,Cash,INV-003389,Receipt from Karthika Departmental Store
CSH-003802,2026-03-06,BR-03,INFLOW,Customer Payment,9010.48,RTGS,INV-003390,Bank Settlement from Kovai Textile Mills Facility Team
CSH-003803,2026-03-09,BR-01,INFLOW,Customer Payment,39153.11,Cheque,INV-003391,Bank Settlement from Srinivasan & Sons Contractor
CSH-003804,2026-02-22,BR-02,INFLOW,Customer Payment,4602.0,NEFT / Bank Transfer,INV-003392,Bank Settlement from Brigade Vista Apartment Owners Assn
CSH-003805,2026-02-05,BR-01,INFLOW,Customer Payment,330.4,Cash,INV-003393,Receipt from Mohammed Riyaz (Home Renovation)
CSH-003806,2026-02-05,BR-01,OUTFLOW,Payroll Salaries,160000.0,Bank Transfer,EXP-000413,Salary Payout BR-01
CSH-003807,2026-02-05,BR-02,OUTFLOW,Payroll Salaries,96000.0,Bank Transfer,EXP-000414,Salary Payout BR-02
CSH-003808,2026-02-05,BR-03,OUTFLOW,Payroll Salaries,96000.0,Bank Transfer,EXP-000415,Salary Payout BR-03
CSH-003809,2026-02-06,BR-01,INFLOW,Customer Payment,1045.72,Cash,INV-003394,Receipt from Siva Shankaran (Individual Home)
CSH-003810,2026-03-28,BR-03,INFLOW,Customer Payment,10733.28,UPI,INV-003395,Bank Settlement from Kongu Builders & Real Estate
CSH-003811,2026-02-27,BR-01,INFLOW,Customer Payment,7734.9,UPI,INV-003396,Bank Settlement from Saravana Electric Works (Govindaraj)
CSH-003812,2026-02-06,BR-01,INFLOW,Customer Payment,35.4,Credit Card,INV-003397,Receipt from Karthik Residential Apartment Owner
CSH-003813,2026-02-06,BR-01,INFLOW,Customer Payment,695.02,Credit Card,INV-003398,Receipt from Karthik Residential Apartment Owner
CSH-003814,2026-03-24,BR-02,INFLOW,Customer Payment,1545.8,Cheque,INV-003399,Bank Settlement from Gowda Electrical Repairs
CSH-003815,2026-03-01,BR-03,INFLOW,Customer Payment,5832.98,RTGS,INV-003400,Bank Settlement from Rangasamy Electrician Workshop
CSH-003816,2026-02-07,BR-01,INFLOW,Customer Payment,2775.83,Cash,INV-003401,Receipt from Murugan Auto Garage & Works
CSH-003817,2026-03-18,BR-01,INFLOW,Customer Payment,2006.0,RTGS,INV-003402,Bank Settlement from Vels Vidyashram School Campus
CSH-003818,2026-02-07,BR-03,INFLOW,Customer Payment,6549.0,UPI,INV-003403,Receipt from Ramachandran (Individual House Owner)
CSH-003819,2026-03-23,BR-02,INFLOW,Customer Payment,4467.48,NEFT / Bank Transfer,INV-003404,Bank Settlement from Manjunatha Electrical Works
CSH-003820,2026-03-29,BR-02,INFLOW,Customer Payment,48890.94,UPI,INV-003405,Bank Settlement from Raghavendra Infrastructure Developers
CSH-003821,2026-03-28,BR-01,INFLOW,Customer Payment,172074.21,NEFT / Bank Transfer,INV-003406,Bank Settlement from Global Smart Solutions (P) Ltd
CSH-003822,2026-03-06,BR-03,INFLOW,Customer Payment,7324.73,UPI,INV-003407,Bank Settlement from Kongu Builders & Real Estate
CSH-003823,2026-03-04,BR-03,INFLOW,Customer Payment,12694.44,RTGS,INV-003408,Bank Settlement from Mani Bros Electricals (Mani)
CSH-003824,2026-02-22,BR-01,INFLOW,Customer Payment,942.82,NEFT / Bank Transfer,INV-003409,Bank Settlement from Saravana Electric Works (Govindaraj)
CSH-003825,2026-03-18,BR-01,INFLOW,Customer Payment,379.96,Cheque,INV-003410,Bank Settlement from Vels Vidyashram School Campus
CSH-003826,2026-03-09,BR-01,INFLOW,Customer Payment,164468.4,UPI,INV-003411,Bank Settlement from Srinivasan & Sons Contractor
CSH-003827,2026-02-09,BR-03,OUTFLOW,Office Supplies & Printing,1483.03,Petty Cash,EXP-000416,Operational expense
CSH-003828,2026-02-17,BR-02,INFLOW,Customer Payment,177729.95,NEFT / Bank Transfer,INV-003412,Bank Settlement from Raghavendra Infrastructure Developers
CSH-003829,2026-04-03,BR-01,INFLOW,Customer Payment,260.54,UPI,INV-003413,Bank Settlement from Metro Supermarket Tambaram
CSH-003830,2026-03-18,BR-01,INFLOW,Customer Payment,24294.78,UPI,INV-003414,Bank Settlement from Srinivasan & Sons Contractor
CSH-003831,2026-03-25,BR-01,INFLOW,Customer Payment,52625.17,NEFT / Bank Transfer,INV-003415,Bank Settlement from Srinivasan & Sons Contractor
CSH-003832,2026-02-25,BR-01,INFLOW,Customer Payment,288080.48,RTGS,INV-003416,Bank Settlement from Sri Ramakrishna Builders & Infra
CSH-003833,2026-02-10,BR-01,INFLOW,Customer Payment,1199.12,Credit Card,INV-003417,Receipt from Karthik Residential Apartment Owner
CSH-003834,2026-02-10,BR-01,OUTFLOW,Electricity Bill,8642.89,Online Banking,EXP-000417,Utility Payment
CSH-003835,2026-02-10,BR-02,OUTFLOW,Electricity Bill,13603.87,Online Banking,EXP-000418,Utility Payment
CSH-003836,2026-02-10,BR-03,OUTFLOW,Electricity Bill,12472.81,Online Banking,EXP-000419,Utility Payment
CSH-003837,2026-03-30,BR-01,INFLOW,Customer Payment,171576.48,NEFT / Bank Transfer,INV-003418,Bank Settlement from Sri Ramakrishna Builders & Infra
CSH-003838,2026-02-18,BR-03,INFLOW,Customer Payment,6938.4,UPI,INV-003419,Bank Settlement from Mani Bros Electricals (Mani)
CSH-003839,2026-03-07,BR-01,INFLOW,Customer Payment,9698.42,NEFT / Bank Transfer,INV-003420,Bank Settlement from Poompuhar Handicrafts Store
CSH-003840,2026-02-12,BR-02,INFLOW,Customer Payment,506.22,Credit Card,INV-003421,Receipt from Suresh Babu (Villa Construction)
CSH-003841,2026-02-18,BR-02,INFLOW,Customer Payment,35447.67,NEFT / Bank Transfer,INV-003422,Bank Settlement from Sri Venkateshwara Hardware & Electricals
CSH-003842,2026-03-12,BR-02,INFLOW,Customer Payment,3261.52,RTGS,INV-003423,Bank Settlement from Silicon Valley PG Hostel Chain
CSH-003843,2026-02-12,BR-01,INFLOW,Customer Payment,1239.0,Cash,INV-003424,Receipt from Siva Shankaran (Individual Home)
CSH-003844,2026-02-12,BR-01,OUTFLOW,Office Supplies & Printing,1771.93,Petty Cash,EXP-000420,Operational expense
CSH-003845,2026-04-19,BR-03,INFLOW,Customer Payment,2537.0,RTGS,INV-003425,Bank Settlement from Sundaram Hospital Maintenance
CSH-003846,2026-02-13,BR-01,INFLOW,Customer Payment,762.52,Cash,INV-003426,Receipt from Mohammed Riyaz (Home Renovation)
CSH-003847,2026-03-05,BR-01,INFLOW,Customer Payment,9798.72,RTGS,INV-003427,Bank Settlement from Sri Ramakrishna Builders & Infra
CSH-003848,2026-02-22,BR-01,INFLOW,Customer Payment,1239.0,RTGS,INV-003428,Bank Settlement from Poompuhar Handicrafts Store
CSH-003849,2026-03-05,BR-03,INFLOW,Customer Payment,814.2,Cheque,INV-003429,Bank Settlement from Sundaram Hospital Maintenance
CSH-003850,2026-03-27,BR-03,INFLOW,Customer Payment,2717.54,NEFT / Bank Transfer,INV-003430,Bank Settlement from Kovai Elite Residency Hotel
CSH-003851,2026-02-27,BR-03,INFLOW,Customer Payment,3702.84,Cheque,INV-003431,Bank Settlement from Kovai Textile Mills Facility Team
CSH-003852,2026-02-13,BR-03,OUTFLOW,Office Supplies & Printing,1700.99,Petty Cash,EXP-000421,Operational expense
CSH-003853,2026-02-14,BR-01,INFLOW,Customer Payment,9641.54,UPI,INV-003432,Receipt from Lakshmi Vilas Sweets & Bakery
CSH-003854,2026-02-14,BR-02,INFLOW,Customer Payment,2962.98,UPI,INV-003433,Receipt from Dr. Arvind Rao Dental Clinic
CSH-003855,2026-02-27,BR-03,INFLOW,Customer Payment,15871.0,Cheque,INV-003434,Bank Settlement from Kongu Builders & Real Estate
CSH-003856,2026-02-14,BR-02,INFLOW,Customer Payment,6565.52,Cash,INV-003435,Receipt from Nandini Milk Parlour & Mart
CSH-003857,2026-03-11,BR-01,INFLOW,Customer Payment,145359.48,Cheque,INV-003436,Bank Settlement from Victory Housing Projects Phase 2
CSH-003858,2026-03-06,BR-01,INFLOW,Customer Payment,33495.72,Cheque,INV-003437,Bank Settlement from Devi Agency & Lighting Store
CSH-003859,2026-04-21,BR-03,INFLOW,Customer Payment,926.3,Cheque,INV-003438,Bank Settlement from Kovai Elite Residency Hotel
CSH-003860,2026-04-07,BR-01,INFLOW,Customer Payment,20154.4,UPI,INV-003439,Bank Settlement from Anbu Electricals (Anbazhagan)
CSH-003861,2026-04-30,BR-03,INFLOW,Customer Payment,107792.29,RTGS,INV-003440,Bank Settlement from Kongu Builders & Real Estate
CSH-003862,2026-02-26,BR-01,INFLOW,Customer Payment,98772.37,RTGS,INV-003441,Bank Settlement from Sri Ramakrishna Builders & Infra
CSH-003863,2026-04-27,BR-01,INFLOW,Customer Payment,138330.93,NEFT / Bank Transfer,INV-003442,Bank Settlement from Srinivasan & Sons Contractor
CSH-003864,2026-03-06,BR-03,INFLOW,Customer Payment,274736.1,NEFT / Bank Transfer,INV-003443,Bank Settlement from Kongu Builders & Real Estate
CSH-003865,2026-04-02,BR-02,INFLOW,Customer Payment,18037.48,NEFT / Bank Transfer,INV-003444,Bank Settlement from Raghavendra Infrastructure Developers
CSH-003866,2026-02-21,BR-02,INFLOW,Customer Payment,116873.81,UPI,INV-003445,Bank Settlement from Cauvery Engineering Contractors
CSH-003867,2026-04-11,BR-01,INFLOW,Customer Payment,18603.88,NEFT / Bank Transfer,INV-003446,Bank Settlement from Kalaivani Hardware & Paints
CSH-003868,2026-02-16,BR-01,INFLOW,Customer Payment,1335.29,UPI,INV-003447,Receipt from Lakshmi Vilas Sweets & Bakery
CSH-003869,2026-02-17,BR-03,INFLOW,Customer Payment,488.52,Cash,INV-003448,Receipt from Karthika Departmental Store
CSH-003870,2026-03-17,BR-03,INFLOW,Customer Payment,16885.8,UPI,INV-003449,Bank Settlement from Marutham Electrical & Power Agency
CSH-003871,2026-05-12,BR-01,INFLOW,Customer Payment,5701.76,RTGS,INV-003450,Bank Settlement from Saravana Electric Works (Govindaraj)
CSH-003872,2026-02-17,BR-01,INFLOW,Customer Payment,2987.52,UPI,INV-003451,Receipt from Lakshmi Vilas Sweets & Bakery
CSH-003873,2026-03-28,BR-01,INFLOW,Customer Payment,535259.8,Cheque,INV-003452,Bank Settlement from Devi Agency & Lighting Store
CSH-003874,2026-03-19,BR-03,INFLOW,Customer Payment,2147.6,UPI,INV-003453,Bank Settlement from Kovai Elite Residency Hotel
CSH-003875,2026-04-09,BR-01,INFLOW,Customer Payment,12187.04,UPI,INV-003454,Bank Settlement from Anbu Electricals (Anbazhagan)
CSH-003876,2026-03-02,BR-02,INFLOW,Customer Payment,15377.76,NEFT / Bank Transfer,INV-003455,Bank Settlement from Manjunatha Electrical Works
CSH-003877,2026-02-27,BR-01,INFLOW,Customer Payment,56374.5,Cheque,INV-003456,Bank Settlement from Kalaivani Hardware & Paints
CSH-003878,2026-02-19,BR-01,INFLOW,Customer Payment,428.81,Credit Card,INV-003457,Receipt from Karthik Residential Apartment Owner
CSH-003879,2026-04-12,BR-01,INFLOW,Customer Payment,283.2,UPI,INV-003458,Bank Settlement from Vels Vidyashram School Campus
CSH-003880,2026-02-19,BR-01,INFLOW,Customer Payment,8177.4,Credit Card,INV-003459,Receipt from Karthik Residential Apartment Owner
CSH-003881,2026-02-19,BR-02,OUTFLOW,Vehicle Fuel & Freight,1186.48,Petty Cash,EXP-000422,Operational expense
CSH-003882,2026-03-21,BR-02,INFLOW,Customer Payment,71207.1,RTGS,INV-003460,Bank Settlement from Raghavendra Infrastructure Developers
CSH-003883,2026-04-04,BR-02,INFLOW,Customer Payment,7313.64,UPI,INV-003461,Bank Settlement from Gowda Electrical Repairs
CSH-003884,2026-04-05,BR-01,INFLOW,Customer Payment,6891.2,RTGS,INV-003462,Bank Settlement from Saravana Electric Works (Govindaraj)
CSH-003885,2026-02-26,BR-03,INFLOW,Customer Payment,4082.8,NEFT / Bank Transfer,INV-003463,Bank Settlement from Mani Bros Electricals (Mani)
CSH-003886,2026-02-20,BR-01,INFLOW,Customer Payment,379.96,Credit Card,INV-003464,Receipt from Karthik Residential Apartment Owner
CSH-003887,2026-03-10,BR-03,INFLOW,Customer Payment,143240.2,Cheque,INV-003465,Bank Settlement from Velan Pump & Motor Spares Store
CSH-003888,2026-02-21,BR-02,INFLOW,Customer Payment,1192.98,Cash,INV-003466,Receipt from Nandini Milk Parlour & Mart
CSH-003889,2026-03-06,BR-01,INFLOW,Customer Payment,25275.6,RTGS,INV-003467,Bank Settlement from Selvam Electrician Services
CSH-003890,2026-02-21,BR-03,INFLOW,Customer Payment,6844.0,UPI,INV-003468,Receipt from Ramachandran (Individual House Owner)
CSH-003891,2026-03-03,BR-01,INFLOW,Customer Payment,2773.0,UPI,INV-003469,Bank Settlement from Apex Manufacturing Solutions
CSH-003892,2026-02-21,BR-02,OUTFLOW,Minor Maintenance & Repair,687.41,Petty Cash,EXP-000423,Operational expense
CSH-003893,2026-03-23,BR-03,INFLOW,Customer Payment,15137.04,UPI,INV-003470,Bank Settlement from Mani Bros Electricals (Mani)
CSH-003894,2026-03-24,BR-03,INFLOW,Customer Payment,318.6,NEFT / Bank Transfer,INV-003471,Bank Settlement from Sri Krishna Engineering College Hostel
CSH-003895,2026-03-13,BR-03,INFLOW,Customer Payment,200.84,UPI,INV-003472,Bank Settlement from Sri Krishna Engineering College Hostel
CSH-003896,2026-03-09,BR-01,INFLOW,Customer Payment,11892.04,RTGS,INV-003473,Bank Settlement from Poompuhar Handicrafts Store
CSH-003897,2026-02-23,BR-01,INFLOW,Customer Payment,5689.96,UPI,INV-003474,Receipt from Lakshmi Vilas Sweets & Bakery
CSH-003898,2026-03-20,BR-03,INFLOW,Customer Payment,977.04,Cheque,INV-003475,Bank Settlement from Annamalai Agro Processing Unit
CSH-003899,2026-03-14,BR-01,INFLOW,Customer Payment,5429.42,RTGS,INV-003476,Bank Settlement from Royal Comfort Residency Hotel
CSH-003900,2026-02-24,BR-01,INFLOW,Customer Payment,407.1,UPI,INV-003477,Receipt from Dr. Priya Sundaram (Home Clinic)
CSH-003901,2026-02-24,BR-03,OUTFLOW,Vehicle Fuel & Freight,1898.78,Petty Cash,EXP-000424,Operational expense
CSH-003902,2026-03-10,BR-01,INFLOW,Customer Payment,663.16,UPI,INV-003478,Bank Settlement from Metro Supermarket Tambaram
CSH-003903,2026-03-09,BR-01,INFLOW,Customer Payment,17435.68,UPI,INV-003479,Bank Settlement from Selvam Electrician Services
CSH-003904,2026-03-05,BR-03,INFLOW,Customer Payment,138371.52,NEFT / Bank Transfer,INV-003480,Bank Settlement from Kongu Builders & Real Estate
CSH-003905,2026-02-25,BR-02,INFLOW,Customer Payment,428.81,Cash,INV-003481,Receipt from Nandini Milk Parlour & Mart
CSH-003906,2026-03-28,BR-02,INFLOW,Customer Payment,1762.45,UPI,INV-003482,Bank Settlement from Manjunatha Electrical Works
CSH-003907,2026-02-25,BR-03,OUTFLOW,Staff Refreshments & Tea,2261.2,Petty Cash,EXP-000425,Operational expense
CSH-003908,2026-03-11,BR-02,INFLOW,Customer Payment,10384.0,RTGS,INV-003483,Bank Settlement from Manjunatha Electrical Works
CSH-003909,2026-03-13,BR-03,INFLOW,Customer Payment,313009.16,RTGS,INV-003484,Bank Settlement from Velan Pump & Motor Spares Store
CSH-003910,2026-03-18,BR-02,INFLOW,Customer Payment,54954.72,UPI,INV-003485,Bank Settlement from Raghavendra Infrastructure Developers
CSH-003911,2026-02-26,BR-02,INFLOW,Customer Payment,1185.9,Credit Card,INV-003486,Receipt from Suresh Babu (Villa Construction)
CSH-003912,2026-03-12,BR-01,INFLOW,Customer Payment,359.9,Cheque,INV-003487,Bank Settlement from Vels Vidyashram School Campus
CSH-003913,2026-03-25,BR-01,INFLOW,Customer Payment,1038.4,NEFT / Bank Transfer,INV-003488,Bank Settlement from Metro Supermarket Tambaram
CSH-003914,2026-03-04,BR-01,INFLOW,Customer Payment,1003.0,UPI,INV-003489,Bank Settlement from Poompuhar Handicrafts Store
CSH-003915,2026-04-06,BR-01,INFLOW,Customer Payment,931.02,NEFT / Bank Transfer,INV-003490,Bank Settlement from Poompuhar Handicrafts Store
CSH-003916,2026-03-21,BR-01,INFLOW,Customer Payment,138180.36,RTGS,INV-003491,Bank Settlement from Devi Agency & Lighting Store
CSH-003917,2026-03-28,BR-01,INFLOW,Customer Payment,5150.7,UPI,INV-003492,Bank Settlement from TechPark Facility Maintenance Team
CSH-003918,2026-04-01,BR-01,INFLOW,Customer Payment,1097.4,RTGS,INV-003493,Bank Settlement from Poompuhar Handicrafts Store
CSH-003919,2026-02-27,BR-02,OUTFLOW,Staff Refreshments & Tea,835.08,Petty Cash,EXP-000426,Operational expense
CSH-003920,2026-02-28,BR-01,INFLOW,Customer Payment,1016.22,UPI,INV-003494,Receipt from Lakshmi Vilas Sweets & Bakery
CSH-003921,2026-03-12,BR-03,INFLOW,Customer Payment,196958.28,RTGS,INV-003495,Bank Settlement from Marutham Electrical & Power Agency
CSH-003922,2026-02-28,BR-01,INFLOW,Customer Payment,260.54,Cash,INV-003496,Receipt from Murugan Auto Garage & Works
CSH-003923,2026-03-25,BR-02,INFLOW,Customer Payment,10807.62,UPI,INV-003497,Bank Settlement from Gowda Electrical Repairs
CSH-003924,2026-02-28,BR-01,INFLOW,Customer Payment,238.83,Credit Card,INV-003498,Receipt from Karthik Residential Apartment Owner
CSH-003925,2026-03-01,BR-01,OUTFLOW,Showroom Rent,75000.0,Bank Transfer,EXP-000427,Rent for Vidyut Central Hub & Showroom
CSH-003926,2026-03-01,BR-02,OUTFLOW,Showroom Rent,45000.0,Bank Transfer,EXP-000428,Rent for Vidyut Electronic City Retail Branch
CSH-003927,2026-03-01,BR-03,OUTFLOW,Showroom Rent,35000.0,Bank Transfer,EXP-000429,Rent for Vidyut Coimbatore Townhall Branch
CSH-003928,2026-03-01,BR-02,OUTFLOW,Minor Maintenance & Repair,1370.65,Petty Cash,EXP-000430,Operational expense
CSH-003929,2026-03-31,BR-01,INFLOW,Customer Payment,206868.16,NEFT / Bank Transfer,INV-003499,Bank Settlement from Global Smart Solutions (P) Ltd
CSH-003930,2026-03-22,BR-01,INFLOW,Customer Payment,5546.0,Cheque,INV-003500,Bank Settlement from Royal Comfort Residency Hotel
CSH-003931,2026-03-24,BR-02,INFLOW,Customer Payment,4417.92,NEFT / Bank Transfer,INV-003501,Bank Settlement from Manjunatha Electrical Works
CSH-003932,2026-03-15,BR-02,INFLOW,Customer Payment,436.6,RTGS,INV-003502,Bank Settlement from InnoTech Coworking Hub
CSH-003933,2026-03-02,BR-03,OUTFLOW,Minor Maintenance & Repair,565.5,Petty Cash,EXP-000431,Operational expense
CSH-003934,2026-03-03,BR-03,INFLOW,Customer Payment,5074.0,Cash,INV-003503,Receipt from Karthika Departmental Store
CSH-003935,2026-06-04,BR-01,INFLOW,Customer Payment,4383.7,UPI,INV-003504,Bank Settlement from Saravana Electric Works (Govindaraj)
CSH-003936,2026-03-23,BR-01,INFLOW,Customer Payment,6808.6,UPI,INV-003505,Bank Settlement from Selvam Electrician Services
CSH-003937,2026-03-04,BR-01,INFLOW,Customer Payment,330.4,UPI,INV-003506,Receipt from Lakshmi Vilas Sweets & Bakery
CSH-003938,2026-04-03,BR-01,INFLOW,Customer Payment,176827.96,RTGS,INV-003507,Bank Settlement from Sri Ramakrishna Builders & Infra
CSH-003939,2026-04-03,BR-03,INFLOW,Customer Payment,424.8,UPI,INV-003508,Bank Settlement from Annamalai Agro Processing Unit
CSH-003940,2026-03-16,BR-01,INFLOW,Customer Payment,17087.34,RTGS,INV-003509,Bank Settlement from Selvam Electrician Services
CSH-003941,2026-03-26,BR-03,INFLOW,Customer Payment,87331.8,UPI,INV-003510,Bank Settlement from Kongu Builders & Real Estate
CSH-003942,2026-03-18,BR-01,INFLOW,Customer Payment,387995.8,NEFT / Bank Transfer,INV-003511,Bank Settlement from Kalaivani Hardware & Paints
CSH-003943,2026-03-25,BR-02,INFLOW,Customer Payment,3057.38,Cheque,INV-003512,Bank Settlement from Silicon Valley PG Hostel Chain
CSH-003944,2026-03-05,BR-01,OUTFLOW,Payroll Salaries,160000.0,Bank Transfer,EXP-000432,Salary Payout BR-01
CSH-003945,2026-03-05,BR-02,OUTFLOW,Payroll Salaries,96000.0,Bank Transfer,EXP-000433,Salary Payout BR-02
CSH-003946,2026-03-05,BR-03,OUTFLOW,Payroll Salaries,96000.0,Bank Transfer,EXP-000434,Salary Payout BR-03
CSH-003947,2026-03-28,BR-01,INFLOW,Customer Payment,28896.31,NEFT / Bank Transfer,INV-003513,Bank Settlement from Sri Ramakrishna Builders & Infra
CSH-003948,2026-03-06,BR-01,INFLOW,Customer Payment,3047.94,UPI,INV-003514,Receipt from Dr. Priya Sundaram (Home Clinic)
CSH-003949,2026-03-06,BR-03,INFLOW,Customer Payment,1786.52,Cash,INV-003515,Receipt from Karthika Departmental Store
CSH-003950,2026-03-16,BR-01,INFLOW,Customer Payment,144240.84,UPI,INV-003516,Bank Settlement from Devi Agency & Lighting Store
CSH-003951,2026-03-06,BR-01,INFLOW,Customer Payment,2733.12,UPI,INV-003517,Receipt from Dr. Priya Sundaram (Home Clinic)
CSH-003952,2026-04-17,BR-02,INFLOW,Customer Payment,5136.54,RTGS,INV-003518,Bank Settlement from Brigade Vista Apartment Owners Assn
CSH-003953,2026-03-06,BR-03,OUTFLOW,Vehicle Fuel & Freight,805.81,Petty Cash,EXP-000435,Operational expense
CSH-003954,2026-04-27,BR-01,INFLOW,Customer Payment,647.82,RTGS,INV-003519,Bank Settlement from Poompuhar Handicrafts Store
CSH-003955,2026-03-25,BR-02,INFLOW,Customer Payment,116893.16,RTGS,INV-003520,Bank Settlement from Raghavendra Infrastructure Developers
CSH-003956,2026-05-09,BR-01,INFLOW,Customer Payment,232274.74,UPI,INV-003521,Bank Settlement from Kalaivani Hardware & Paints
CSH-003957,2026-03-18,BR-01,INFLOW,Customer Payment,115250.6,NEFT / Bank Transfer,INV-003522,Bank Settlement from Devi Agency & Lighting Store
CSH-003958,2026-04-12,BR-02,INFLOW,Customer Payment,16129.42,Cheque,INV-003523,Bank Settlement from Urban Spaces Interior Studio
CSH-003959,2026-04-14,BR-02,INFLOW,Customer Payment,1387.68,UPI,INV-003524,Bank Settlement from Silicon Valley PG Hostel Chain
CSH-003960,2026-04-08,BR-01,INFLOW,Customer Payment,1558.54,Cheque,INV-003525,Bank Settlement from Apex Manufacturing Solutions
CSH-003961,2026-03-09,BR-01,INFLOW,Customer Payment,861.64,UPI,INV-003526,Receipt from Dr. Priya Sundaram (Home Clinic)
CSH-003962,2026-03-09,BR-01,INFLOW,Customer Payment,119.42,UPI,INV-003527,Receipt from Lakshmi Vilas Sweets & Bakery
CSH-003963,2026-04-05,BR-02,INFLOW,Customer Payment,11748.08,UPI,INV-003528,Bank Settlement from Gowda Electrical Repairs
CSH-003964,2026-03-23,BR-03,INFLOW,Customer Payment,156003.08,Cheque,INV-003529,Bank Settlement from Kongu Builders & Real Estate
CSH-003965,2026-04-23,BR-01,INFLOW,Customer Payment,251833.24,Cheque,INV-003530,Bank Settlement from Victory Housing Projects Phase 2
CSH-003966,2026-03-19,BR-01,INFLOW,Customer Payment,69455.74,UPI,INV-003531,Bank Settlement from Global Smart Solutions (P) Ltd
CSH-003967,2026-04-24,BR-01,INFLOW,Customer Payment,153.4,NEFT / Bank Transfer,INV-003532,Bank Settlement from TechPark Facility Maintenance Team
CSH-003968,2026-04-23,BR-02,INFLOW,Customer Payment,1003.0,Cheque,INV-003533,Bank Settlement from InnoTech Coworking Hub
CSH-003969,2026-03-10,BR-01,INFLOW,Customer Payment,8142.0,Cash,INV-003534,Receipt from Siva Shankaran (Individual Home)
CSH-003970,2026-03-27,BR-03,INFLOW,Customer Payment,206.5,RTGS,INV-003535,Bank Settlement from Kovai Textile Mills Facility Team
CSH-003971,2026-04-01,BR-01,INFLOW,Customer Payment,11676.1,Cheque,INV-003536,Bank Settlement from Selvam Electrician Services
CSH-003972,2026-04-08,BR-03,INFLOW,Customer Payment,141702.9,UPI,INV-003537,Bank Settlement from Kongu Builders & Real Estate
CSH-003973,2026-03-10,BR-01,OUTFLOW,Electricity Bill,9193.28,Online Banking,EXP-000436,Utility Payment
CSH-003974,2026-03-10,BR-02,OUTFLOW,Electricity Bill,9277.04,Online Banking,EXP-000437,Utility Payment
CSH-003975,2026-03-10,BR-03,OUTFLOW,Electricity Bill,13437.12,Online Banking,EXP-000438,Utility Payment
CSH-003976,2026-03-26,BR-03,INFLOW,Customer Payment,97983.66,RTGS,INV-003538,Bank Settlement from Marutham Electrical & Power Agency
CSH-003977,2026-03-11,BR-02,INFLOW,Customer Payment,2105.12,Credit Card,INV-003539,Receipt from Suresh Babu (Villa Construction)
CSH-003978,2026-03-31,BR-03,INFLOW,Customer Payment,5877.58,RTGS,INV-003540,Bank Settlement from Mani Bros Electricals (Mani)
CSH-003979,2026-03-20,BR-03,INFLOW,Customer Payment,248302.68,Cheque,INV-003541,Bank Settlement from Velan Pump & Motor Spares Store
CSH-003980,2026-04-03,BR-03,INFLOW,Customer Payment,849.6,UPI,INV-003542,Bank Settlement from Sundaram Hospital Maintenance
CSH-003981,2026-04-20,BR-02,INFLOW,Customer Payment,4265.7,Cheque,INV-003543,Bank Settlement from InnoTech Coworking Hub
CSH-003982,2026-03-24,BR-01,INFLOW,Customer Payment,13533.42,UPI,INV-003544,Bank Settlement from Saravana Electric Works (Govindaraj)
CSH-003983,2026-03-12,BR-03,INFLOW,Customer Payment,153.4,UPI,INV-003545,Receipt from Ramachandran (Individual House Owner)
CSH-003984,2026-04-06,BR-02,INFLOW,Customer Payment,13593.6,UPI,INV-003546,Bank Settlement from Brigade Vista Apartment Owners Assn
CSH-003985,2026-04-02,BR-02,INFLOW,Customer Payment,252970.76,UPI,INV-003547,Bank Settlement from Raghavendra Infrastructure Developers
CSH-003986,2026-03-13,BR-03,INFLOW,Customer Payment,1274.4,UPI,INV-003548,Receipt from Ramachandran (Individual House Owner)
CSH-003987,2026-03-28,BR-02,INFLOW,Customer Payment,1003.0,RTGS,INV-003549,Bank Settlement from Silicon Valley PG Hostel Chain
CSH-003988,2026-04-03,BR-02,INFLOW,Customer Payment,10620.0,Cheque,INV-003550,Bank Settlement from InnoTech Coworking Hub
CSH-003989,2026-04-02,BR-02,INFLOW,Customer Payment,115505.48,NEFT / Bank Transfer,INV-003551,Bank Settlement from Urban Spaces Interior Studio
CSH-003990,2026-05-07,BR-01,INFLOW,Customer Payment,9109.6,NEFT / Bank Transfer,INV-003552,Bank Settlement from Saravana Electric Works (Govindaraj)
CSH-003991,2026-04-21,BR-03,INFLOW,Customer Payment,43683.6,RTGS,INV-003553,Bank Settlement from Rangasamy Electrician Workshop
CSH-003992,2026-03-14,BR-01,INFLOW,Customer Payment,3224.94,UPI,INV-003554,Receipt from Lakshmi Vilas Sweets & Bakery
CSH-003993,2026-03-14,BR-01,INFLOW,Customer Payment,2596.0,UPI,INV-003555,Receipt from Dr. Priya Sundaram (Home Clinic)
CSH-003994,2026-03-25,BR-01,INFLOW,Customer Payment,4301.1,Cheque,INV-003556,Bank Settlement from Metro Supermarket Tambaram
CSH-003995,2026-04-29,BR-02,INFLOW,Customer Payment,34526.8,RTGS,INV-003557,Bank Settlement from Urban Spaces Interior Studio
CSH-003996,2026-03-14,BR-02,INFLOW,Customer Payment,189.98,Credit Card,INV-003558,Receipt from Suresh Babu (Villa Construction)
CSH-003997,2026-04-13,BR-03,INFLOW,Customer Payment,17197.32,Cheque,INV-003559,Bank Settlement from Sri Krishna Engineering College Hostel
CSH-003998,2026-05-05,BR-01,INFLOW,Customer Payment,2127.54,NEFT / Bank Transfer,INV-003560,Bank Settlement from Vels Vidyashram School Campus
CSH-003999,2026-03-16,BR-01,INFLOW,Customer Payment,2966.52,UPI,INV-003561,Receipt from Lakshmi Vilas Sweets & Bakery
CSH-004000,2026-04-01,BR-03,INFLOW,Customer Payment,6768.48,NEFT / Bank Transfer,INV-003562,Bank Settlement from Rangasamy Electrician Workshop
CSH-004001,2026-03-16,BR-01,INFLOW,Customer Payment,243.08,Cash,INV-003563,Receipt from Murugan Auto Garage & Works
CSH-004002,2026-03-16,BR-03,OUTFLOW,Minor Maintenance & Repair,1926.99,Petty Cash,EXP-000439,Operational expense
CSH-004003,2026-04-05,BR-01,INFLOW,Customer Payment,542.8,NEFT / Bank Transfer,INV-003564,Bank Settlement from Royal Comfort Residency Hotel
CSH-004004,2026-04-15,BR-02,INFLOW,Customer Payment,230.1,UPI,INV-003565,Bank Settlement from Brigade Vista Apartment Owners Assn
CSH-004005,2026-03-17,BR-02,INFLOW,Customer Payment,383.5,Cash,INV-003566,Receipt from Nandini Milk Parlour & Mart
CSH-004006,2026-04-05,BR-01,INFLOW,Customer Payment,592752.94,NEFT / Bank Transfer,INV-003567,Bank Settlement from Kalaivani Hardware & Paints
CSH-004007,2026-03-17,BR-02,OUTFLOW,Minor Maintenance & Repair,1492.96,Petty Cash,EXP-000440,Operational expense
CSH-004008,2026-03-18,BR-01,INFLOW,Customer Payment,584.1,Cash,INV-003568,Receipt from Mohammed Riyaz (Home Renovation)
CSH-004009,2026-04-01,BR-01,INFLOW,Customer Payment,3322.88,RTGS,INV-003569,Bank Settlement from Selvam Electrician Services
CSH-004010,2026-04-23,BR-01,INFLOW,Customer Payment,125839.68,NEFT / Bank Transfer,INV-003570,Bank Settlement from Sri Ramakrishna Builders & Infra
CSH-004011,2026-04-19,BR-01,INFLOW,Customer Payment,37170.71,NEFT / Bank Transfer,INV-003571,Bank Settlement from Sri Ramakrishna Builders & Infra
CSH-004012,2026-04-10,BR-01,INFLOW,Customer Payment,114339.64,RTGS,INV-003572,Bank Settlement from Sri Ramakrishna Builders & Infra
CSH-004013,2026-05-05,BR-03,INFLOW,Customer Payment,28264.78,Cheque,INV-003573,Bank Settlement from Velan Pump & Motor Spares Store
CSH-004014,2026-04-18,BR-01,INFLOW,Customer Payment,2471.39,Cheque,INV-003574,Bank Settlement from Vels Vidyashram School Campus
CSH-004015,2026-04-08,BR-02,INFLOW,Customer Payment,30855.58,RTGS,INV-003575,Bank Settlement from Urban Spaces Interior Studio
CSH-004016,2026-03-20,BR-03,INFLOW,Customer Payment,4786.08,UPI,INV-003576,Receipt from Ramachandran (Individual House Owner)
CSH-004017,2026-04-07,BR-03,INFLOW,Customer Payment,1504.5,RTGS,INV-003577,Bank Settlement from Rangasamy Electrician Workshop
CSH-004018,2026-04-11,BR-02,INFLOW,Customer Payment,109647.02,Cheque,INV-003578,Bank Settlement from Raghavendra Infrastructure Developers
CSH-004019,2026-04-23,BR-01,INFLOW,Customer Payment,2458.88,NEFT / Bank Transfer,INV-003579,Bank Settlement from Royal Comfort Residency Hotel
CSH-004020,2026-04-02,BR-03,INFLOW,Customer Payment,187892.58,Cheque,INV-003580,Bank Settlement from Velan Pump & Motor Spares Store
CSH-004021,2026-04-09,BR-03,INFLOW,Customer Payment,14688.64,UPI,INV-003581,Bank Settlement from Sundaram Hospital Maintenance
CSH-004022,2026-04-18,BR-02,INFLOW,Customer Payment,13723.4,NEFT / Bank Transfer,INV-003582,Bank Settlement from Gowda Electrical Repairs
CSH-004023,2026-03-21,BR-01,INFLOW,Customer Payment,116.82,UPI,INV-003583,Receipt from Dr. Priya Sundaram (Home Clinic)
CSH-004024,2026-03-21,BR-02,OUTFLOW,Office Supplies & Printing,862.8,Petty Cash,EXP-000441,Operational expense
CSH-004025,2026-03-22,BR-03,OUTFLOW,Office Supplies & Printing,1765.8,Petty Cash,EXP-000442,Operational expense
CSH-004026,2026-04-06,BR-01,INFLOW,Customer Payment,243654.42,UPI,INV-003584,Bank Settlement from Sri Ramakrishna Builders & Infra
CSH-004027,2026-05-17,BR-01,INFLOW,Customer Payment,119.42,RTGS,INV-003585,Bank Settlement from Poompuhar Handicrafts Store
CSH-004028,2026-03-23,BR-02,INFLOW,Customer Payment,2596.0,Credit Card,INV-003586,Receipt from Suresh Babu (Villa Construction)
CSH-004029,2026-03-24,BR-01,INFLOW,Customer Payment,53.1,UPI,INV-003587,Receipt from Dr. Priya Sundaram (Home Clinic)
CSH-004030,2026-03-24,BR-01,INFLOW,Customer Payment,1574.12,Cash,INV-003588,Receipt from Mohammed Riyaz (Home Renovation)
CSH-004031,2026-04-09,BR-01,INFLOW,Customer Payment,123536.56,Cheque,INV-003589,Bank Settlement from Srinivasan & Sons Contractor
CSH-004032,2026-04-13,BR-03,INFLOW,Customer Payment,2275.04,RTGS,INV-003590,Bank Settlement from Sri Krishna Engineering College Hostel
CSH-004033,2026-05-04,BR-03,INFLOW,Customer Payment,3019.38,Cheque,INV-003591,Bank Settlement from Kovai Elite Residency Hotel
CSH-004034,2026-04-07,BR-02,INFLOW,Customer Payment,1440.54,Cheque,INV-003592,Bank Settlement from Silicon Valley PG Hostel Chain
CSH-004035,2026-04-20,BR-01,INFLOW,Customer Payment,12797.1,RTGS,INV-003593,Bank Settlement from Srinivasan & Sons Contractor
CSH-004036,2026-04-08,BR-03,INFLOW,Customer Payment,130453.72,RTGS,INV-003594,Bank Settlement from Velan Pump & Motor Spares Store
CSH-004037,2026-04-09,BR-01,INFLOW,Customer Payment,95775.88,UPI,INV-003595,Bank Settlement from Balaji Electrical Contractors
CSH-004038,2026-05-12,BR-01,INFLOW,Customer Payment,1417.42,Cheque,INV-003596,Bank Settlement from Poompuhar Handicrafts Store
CSH-004039,2026-04-16,BR-02,INFLOW,Customer Payment,16311.85,UPI,INV-003597,Bank Settlement from Gowda Electrical Repairs
CSH-004040,2026-03-26,BR-01,INFLOW,Customer Payment,260.54,Cash,INV-003598,Receipt from Mohammed Riyaz (Home Renovation)
CSH-004041,2026-05-09,BR-03,INFLOW,Customer Payment,82799.42,RTGS,INV-003599,Bank Settlement from Marutham Electrical & Power Agency
CSH-004042,2026-04-09,BR-02,INFLOW,Customer Payment,153.4,Cheque,INV-003600,Bank Settlement from InnoTech Coworking Hub
CSH-004043,2026-05-08,BR-03,INFLOW,Customer Payment,25738.63,RTGS,INV-003601,Bank Settlement from Marutham Electrical & Power Agency
CSH-004044,2026-03-27,BR-03,INFLOW,Customer Payment,81.42,UPI,INV-003602,Receipt from Ramachandran (Individual House Owner)
CSH-004045,2026-04-24,BR-01,INFLOW,Customer Payment,272495.04,NEFT / Bank Transfer,INV-003603,Bank Settlement from Srinivasan & Sons Contractor
CSH-004046,2026-03-27,BR-01,INFLOW,Customer Payment,2006.0,Credit Card,INV-003604,Receipt from Karthik Residential Apartment Owner
CSH-004047,2026-04-14,BR-02,INFLOW,Customer Payment,46157.82,Cheque,INV-003605,Bank Settlement from Cauvery Engineering Contractors
CSH-004048,2026-05-07,BR-01,INFLOW,Customer Payment,39288.1,NEFT / Bank Transfer,INV-003606,Bank Settlement from Anbu Electricals (Anbazhagan)
CSH-004049,2026-04-15,BR-01,INFLOW,Customer Payment,8983.34,UPI,INV-003607,Bank Settlement from Poompuhar Handicrafts Store
CSH-004050,2026-04-25,BR-03,INFLOW,Customer Payment,7337.48,UPI,INV-003608,Bank Settlement from Kovai Elite Residency Hotel
CSH-004051,2026-04-02,BR-01,INFLOW,Customer Payment,81013.61,NEFT / Bank Transfer,INV-003609,Bank Settlement from Srinivasan & Sons Contractor
CSH-004052,2026-05-20,BR-03,INFLOW,Customer Payment,86456.24,NEFT / Bank Transfer,INV-003610,Bank Settlement from Velan Pump & Motor Spares Store
CSH-004053,2026-05-11,BR-02,INFLOW,Customer Payment,49839.66,NEFT / Bank Transfer,INV-003611,Bank Settlement from Urban Spaces Interior Studio
CSH-004054,2026-04-05,BR-02,INFLOW,Customer Payment,6537.2,NEFT / Bank Transfer,INV-003612,Bank Settlement from Manjunatha Electrical Works
CSH-004055,2026-05-07,BR-02,INFLOW,Customer Payment,4495.8,RTGS,INV-003613,Bank Settlement from Manjunatha Electrical Works
CSH-004056,2026-04-11,BR-01,INFLOW,Customer Payment,4566.6,NEFT / Bank Transfer,INV-003614,Bank Settlement from Anbu Electricals (Anbazhagan)
CSH-004057,2026-06-13,BR-03,INFLOW,Customer Payment,1840.8,RTGS,INV-003615,Bank Settlement from Kovai Textile Mills Facility Team
CSH-004058,2026-03-30,BR-01,INFLOW,Customer Payment,1079.46,Cash,INV-003616,Receipt from Siva Shankaran (Individual Home)
CSH-004059,2026-04-17,BR-01,INFLOW,Customer Payment,2519.3,RTGS,INV-003617,Bank Settlement from Selvam Electrician Services
CSH-004060,2026-04-09,BR-03,INFLOW,Customer Payment,47725.1,UPI,INV-003618,Bank Settlement from Velan Pump & Motor Spares Store
CSH-004061,2026-03-30,BR-01,INFLOW,Customer Payment,1528.1,Cash,INV-003619,Receipt from Mohammed Riyaz (Home Renovation)
CSH-004062,2026-04-15,BR-01,INFLOW,Customer Payment,4096.96,NEFT / Bank Transfer,INV-003620,Bank Settlement from Vels Vidyashram School Campus
CSH-004063,2026-04-22,BR-02,INFLOW,Customer Payment,14545.86,NEFT / Bank Transfer,INV-003621,Bank Settlement from Silicon Valley PG Hostel Chain
CSH-004064,2026-04-29,BR-01,INFLOW,Customer Payment,3739.18,NEFT / Bank Transfer,INV-003622,Bank Settlement from TechPark Facility Maintenance Team
CSH-004065,2026-03-31,BR-02,INFLOW,Customer Payment,5121.2,Cash,INV-003623,Receipt from Nandini Milk Parlour & Mart
CSH-004066,2026-04-29,BR-03,INFLOW,Customer Payment,3025.28,Cheque,INV-003624,Bank Settlement from Kovai Elite Residency Hotel
CSH-004067,2026-04-19,BR-01,INFLOW,Customer Payment,6697.68,Cheque,INV-003625,Bank Settlement from Apex Manufacturing Solutions
CSH-004068,2026-04-15,BR-01,INFLOW,Customer Payment,10177.5,RTGS,INV-003626,Bank Settlement from Saravana Electric Works (Govindaraj)
CSH-004069,2026-05-24,BR-01,INFLOW,Customer Payment,1125.72,UPI,INV-003627,Bank Settlement from Poompuhar Handicrafts Store
CSH-004070,2026-04-01,BR-01,OUTFLOW,Showroom Rent,75000.0,Bank Transfer,EXP-000443,Rent for Vidyut Central Hub & Showroom
CSH-004071,2026-04-01,BR-02,OUTFLOW,Showroom Rent,45000.0,Bank Transfer,EXP-000444,Rent for Vidyut Electronic City Retail Branch
CSH-004072,2026-04-01,BR-03,OUTFLOW,Showroom Rent,35000.0,Bank Transfer,EXP-000445,Rent for Vidyut Coimbatore Townhall Branch
CSH-004073,2026-04-20,BR-01,INFLOW,Customer Payment,53.1,RTGS,INV-003628,Bank Settlement from Vels Vidyashram School Campus
CSH-004074,2026-05-21,BR-01,INFLOW,Customer Payment,4670.68,RTGS,INV-003629,Bank Settlement from Saravana Electric Works (Govindaraj)
CSH-004075,2026-04-02,BR-01,INFLOW,Customer Payment,2087.42,Credit Card,INV-003630,Receipt from Karthik Residential Apartment Owner
CSH-004076,2026-04-12,BR-02,INFLOW,Customer Payment,173021.51,UPI,INV-003631,Bank Settlement from Urban Spaces Interior Studio
CSH-004077,2026-04-02,BR-02,OUTFLOW,Office Supplies & Printing,1931.66,Petty Cash,EXP-000446,Operational expense
CSH-004078,2026-04-28,BR-03,INFLOW,Customer Payment,574.19,NEFT / Bank Transfer,INV-003632,Bank Settlement from Kovai Textile Mills Facility Team
CSH-004079,2026-04-29,BR-01,INFLOW,Customer Payment,3085.7,NEFT / Bank Transfer,INV-003633,Bank Settlement from Saravana Electric Works (Govindaraj)
CSH-004080,2026-05-10,BR-02,INFLOW,Customer Payment,3955.36,UPI,INV-003634,Bank Settlement from InnoTech Coworking Hub
CSH-004081,2026-04-03,BR-02,INFLOW,Customer Payment,1957.62,Cash,INV-003635,Receipt from Nandini Milk Parlour & Mart
CSH-004082,2026-05-15,BR-03,INFLOW,Customer Payment,100951.36,RTGS,INV-003636,Bank Settlement from Kongu Builders & Real Estate
CSH-004083,2026-05-21,BR-02,INFLOW,Customer Payment,10354.5,RTGS,INV-003637,Bank Settlement from Gowda Electrical Repairs
CSH-004084,2026-04-30,BR-02,INFLOW,Customer Payment,6534.84,NEFT / Bank Transfer,INV-003638,Bank Settlement from Manjunatha Electrical Works
CSH-004085,2026-05-22,BR-02,INFLOW,Customer Payment,447.22,Cheque,INV-003639,Bank Settlement from Silicon Valley PG Hostel Chain
CSH-004086,2026-04-04,BR-02,OUTFLOW,Minor Maintenance & Repair,1270.07,Petty Cash,EXP-000447,Operational expense
CSH-004087,2026-04-05,BR-01,OUTFLOW,Payroll Salaries,160000.0,Bank Transfer,EXP-000448,Salary Payout BR-01
CSH-004088,2026-04-05,BR-02,OUTFLOW,Payroll Salaries,96000.0,Bank Transfer,EXP-000449,Salary Payout BR-02
CSH-004089,2026-04-05,BR-03,OUTFLOW,Payroll Salaries,96000.0,Bank Transfer,EXP-000450,Salary Payout BR-03
CSH-004090,2026-05-09,BR-03,INFLOW,Customer Payment,113467.86,RTGS,INV-003640,Bank Settlement from Velan Pump & Motor Spares Store
CSH-004091,2026-04-06,BR-02,INFLOW,Customer Payment,651.36,Credit Card,INV-003641,Receipt from Suresh Babu (Villa Construction)
CSH-004092,2026-04-18,BR-01,INFLOW,Customer Payment,17575.63,RTGS,INV-003642,Bank Settlement from Kalaivani Hardware & Paints
CSH-004093,2026-04-15,BR-02,INFLOW,Customer Payment,4655.1,RTGS,INV-003643,Bank Settlement from Manjunatha Electrical Works
CSH-004094,2026-05-19,BR-01,INFLOW,Customer Payment,76671.68,NEFT / Bank Transfer,INV-003644,Bank Settlement from Kalaivani Hardware & Paints
CSH-004095,2026-04-25,BR-01,INFLOW,Customer Payment,191947.06,RTGS,INV-003645,Bank Settlement from Victory Housing Projects Phase 2
CSH-004096,2026-04-27,BR-03,INFLOW,Customer Payment,518.02,Cheque,INV-003646,Bank Settlement from Sundaram Hospital Maintenance
CSH-004097,2026-04-27,BR-01,INFLOW,Customer Payment,31392.72,UPI,INV-003647,Bank Settlement from Srinivasan & Sons Contractor
CSH-004098,2026-04-28,BR-01,INFLOW,Customer Payment,9591.04,RTGS,INV-003648,Bank Settlement from Royal Comfort Residency Hotel
CSH-004099,2026-04-27,BR-02,INFLOW,Customer Payment,5699.4,RTGS,INV-003649,Bank Settlement from Manjunatha Electrical Works
CSH-004100,2026-05-01,BR-01,INFLOW,Customer Payment,318747.97,RTGS,INV-003650,Bank Settlement from Kalaivani Hardware & Paints
CSH-004101,2026-05-18,BR-01,INFLOW,Customer Payment,91162.08,Cheque,INV-003651,Bank Settlement from Sri Ramakrishna Builders & Infra
CSH-004102,2026-05-06,BR-01,INFLOW,Customer Payment,6178.48,NEFT / Bank Transfer,INV-003652,Bank Settlement from Apex Manufacturing Solutions
CSH-004103,2026-06-02,BR-01,INFLOW,Customer Payment,128807.62,Cheque,INV-003653,Bank Settlement from Kalam Brothers Electrical Store
CSH-004104,2026-05-08,BR-01,INFLOW,Customer Payment,137390.94,RTGS,INV-003654,Bank Settlement from Victory Housing Projects Phase 2
CSH-004105,2026-05-04,BR-03,INFLOW,Customer Payment,744.34,Cheque,INV-003655,Bank Settlement from Annamalai Agro Processing Unit
CSH-004106,2026-05-19,BR-02,INFLOW,Customer Payment,2816.66,UPI,INV-003656,Bank Settlement from Silicon Valley PG Hostel Chain
CSH-004107,2026-04-10,BR-01,INFLOW,Customer Payment,330.4,Cash,INV-003657,Receipt from Mohammed Riyaz (Home Renovation)
CSH-004108,2026-05-07,BR-01,INFLOW,Customer Payment,65423.45,Cheque,INV-003658,Bank Settlement from Kalam Brothers Electrical Store
CSH-004109,2026-05-23,BR-02,INFLOW,Customer Payment,10077.2,RTGS,INV-003659,Bank Settlement from Cauvery Engineering Contractors
CSH-004110,2026-04-25,BR-01,INFLOW,Customer Payment,222557.44,UPI,INV-003660,Bank Settlement from Kalaivani Hardware & Paints
CSH-004111,2026-04-10,BR-01,OUTFLOW,Electricity Bill,8601.46,Online Banking,EXP-000451,Utility Payment
CSH-004112,2026-04-10,BR-02,OUTFLOW,Electricity Bill,12949.23,Online Banking,EXP-000452,Utility Payment
CSH-004113,2026-04-10,BR-03,OUTFLOW,Electricity Bill,8854.18,Online Banking,EXP-000453,Utility Payment
CSH-004114,2026-04-11,BR-01,INFLOW,Customer Payment,1624.86,Cash,INV-003661,Receipt from Siva Shankaran (Individual Home)
CSH-004115,2026-05-28,BR-02,INFLOW,Customer Payment,12097.36,UPI,INV-003662,Bank Settlement from Cauvery Engineering Contractors
CSH-004116,2026-04-28,BR-01,INFLOW,Customer Payment,2101.34,Cheque,INV-003663,Bank Settlement from TechPark Facility Maintenance Team
CSH-004117,2026-05-26,BR-01,INFLOW,Customer Payment,7800.98,UPI,INV-003664,Bank Settlement from Selvam Electrician Services
CSH-004118,2026-04-13,BR-01,INFLOW,Customer Payment,1355.82,Cash,INV-003665,Receipt from Murugan Auto Garage & Works
CSH-004119,2026-04-13,BR-02,INFLOW,Customer Payment,660.8,Credit Card,INV-003666,Receipt from Suresh Babu (Villa Construction)
CSH-004120,2026-04-28,BR-02,INFLOW,Customer Payment,27930.6,UPI,INV-003667,Bank Settlement from Gowda Electrical Repairs
CSH-004121,2026-04-24,BR-03,INFLOW,Customer Payment,1292.81,UPI,INV-003668,Bank Settlement from Kovai Elite Residency Hotel
CSH-004122,2026-05-09,BR-03,INFLOW,Customer Payment,76212.66,RTGS,INV-003669,Bank Settlement from Velan Pump & Motor Spares Store
CSH-004123,2026-04-13,BR-03,INFLOW,Customer Payment,9950.94,UPI,INV-003670,Receipt from Ramachandran (Individual House Owner)
CSH-004124,2026-04-28,BR-03,INFLOW,Customer Payment,7469.4,UPI,INV-003671,Bank Settlement from Kovai Textile Mills Facility Team
CSH-004125,2026-05-08,BR-02,INFLOW,Customer Payment,32892.5,NEFT / Bank Transfer,INV-003672,Bank Settlement from Manjunatha Electrical Works
CSH-004126,2026-04-14,BR-01,INFLOW,Customer Payment,3527.73,UPI,INV-003673,Receipt from Dr. Priya Sundaram (Home Clinic)
CSH-004127,2026-06-19,BR-03,INFLOW,Customer Payment,254199.61,Cheque,INV-003674,Bank Settlement from Kongu Builders & Real Estate
CSH-004128,2026-05-21,BR-02,INFLOW,Customer Payment,809.48,UPI,INV-003675,Bank Settlement from InnoTech Coworking Hub
CSH-004129,2026-05-02,BR-03,INFLOW,Customer Payment,68311.38,RTGS,INV-003676,Bank Settlement from Kongu Builders & Real Estate
CSH-004130,2026-06-07,BR-01,INFLOW,Customer Payment,19623.4,Cheque,INV-003677,Bank Settlement from Balaji Electrical Contractors
CSH-004131,2026-04-24,BR-01,INFLOW,Customer Payment,69502.0,NEFT / Bank Transfer,INV-003678,Bank Settlement from Sri Ramakrishna Builders & Infra
CSH-004132,2026-04-15,BR-02,OUTFLOW,Vehicle Fuel & Freight,925.19,Petty Cash,EXP-000454,Operational expense
CSH-004133,2026-05-09,BR-03,INFLOW,Customer Payment,74700.14,RTGS,INV-003679,Bank Settlement from Velan Pump & Motor Spares Store
CSH-004134,2026-05-04,BR-02,INFLOW,Customer Payment,35598.24,Cheque,INV-003680,Bank Settlement from Manjunatha Electrical Works
CSH-004135,2026-04-23,BR-01,INFLOW,Customer Payment,424.8,UPI,INV-003681,Bank Settlement from Vels Vidyashram School Campus
CSH-004136,2026-04-21,BR-01,INFLOW,Customer Payment,774.08,UPI,INV-003682,Bank Settlement from Metro Supermarket Tambaram
CSH-004137,2026-05-13,BR-01,INFLOW,Customer Payment,5308.58,NEFT / Bank Transfer,INV-003683,Bank Settlement from Selvam Electrician Services
CSH-004138,2026-04-27,BR-01,INFLOW,Customer Payment,10254.2,UPI,INV-003684,Bank Settlement from Royal Comfort Residency Hotel
CSH-004139,2026-04-17,BR-02,INFLOW,Customer Payment,1274.4,UPI,INV-003685,Receipt from Dr. Arvind Rao Dental Clinic
CSH-004140,2026-04-17,BR-03,INFLOW,Customer Payment,640.5,Cash,INV-003686,Receipt from Karthika Departmental Store
CSH-004141,2026-05-04,BR-03,INFLOW,Customer Payment,15356.52,NEFT / Bank Transfer,INV-003687,Bank Settlement from Mani Bros Electricals (Mani)
CSH-004142,2026-05-13,BR-01,INFLOW,Customer Payment,2232.56,UPI,INV-003688,Bank Settlement from Royal Comfort Residency Hotel
CSH-004143,2026-04-17,BR-01,INFLOW,Customer Payment,1215.4,UPI,INV-003689,Receipt from Dr. Priya Sundaram (Home Clinic)
CSH-004144,2026-05-26,BR-01,INFLOW,Customer Payment,92829.42,RTGS,INV-003690,Bank Settlement from Victory Housing Projects Phase 2
CSH-004145,2026-04-17,BR-01,INFLOW,Customer Payment,818.92,UPI,INV-003691,Receipt from Dr. Priya Sundaram (Home Clinic)
CSH-004146,2026-05-13,BR-02,INFLOW,Customer Payment,2006.0,Cheque,INV-003692,Bank Settlement from Brigade Vista Apartment Owners Assn
CSH-004147,2026-05-01,BR-01,INFLOW,Customer Payment,4448.6,UPI,INV-003693,Bank Settlement from Anbu Electricals (Anbazhagan)
CSH-004148,2026-05-14,BR-01,INFLOW,Customer Payment,4880.48,NEFT / Bank Transfer,INV-003694,Bank Settlement from Metro Supermarket Tambaram
CSH-004149,2026-05-02,BR-02,INFLOW,Customer Payment,519634.71,NEFT / Bank Transfer,INV-003695,Bank Settlement from Sri Venkateshwara Hardware & Electricals
CSH-004150,2026-04-25,BR-01,INFLOW,Customer Payment,1298.0,UPI,INV-003696,Bank Settlement from Vels Vidyashram School Campus
CSH-004151,2026-04-23,BR-01,INFLOW,Customer Payment,3853.88,NEFT / Bank Transfer,INV-003697,Bank Settlement from Vels Vidyashram School Campus
CSH-004152,2026-05-01,BR-01,INFLOW,Customer Payment,7312.46,Cheque,INV-003698,Bank Settlement from Royal Comfort Residency Hotel
CSH-004153,2026-04-18,BR-03,OUTFLOW,Minor Maintenance & Repair,2023.7,Petty Cash,EXP-000455,Operational expense
CSH-004154,2026-04-28,BR-02,INFLOW,Customer Payment,428734.12,UPI,INV-003699,Bank Settlement from Sri Venkateshwara Hardware & Electricals
CSH-004155,2026-06-11,BR-01,INFLOW,Customer Payment,4621.82,NEFT / Bank Transfer,INV-003700,Bank Settlement from Apex Manufacturing Solutions
CSH-004156,2026-05-03,BR-03,INFLOW,Customer Payment,3254.44,NEFT / Bank Transfer,INV-003701,Bank Settlement from Annamalai Agro Processing Unit
CSH-004157,2026-05-04,BR-03,INFLOW,Customer Payment,3322.88,UPI,INV-003702,Bank Settlement from Sundaram Hospital Maintenance
CSH-004158,2026-04-29,BR-02,INFLOW,Customer Payment,159468.98,NEFT / Bank Transfer,INV-003703,Bank Settlement from Cauvery Engineering Contractors
CSH-004159,2026-04-20,BR-02,INFLOW,Customer Payment,14406.62,Cash,INV-003704,Receipt from Nandini Milk Parlour & Mart
CSH-004160,2026-04-20,BR-03,INFLOW,Customer Payment,9760.96,Cash,INV-003705,Receipt from Karthika Departmental Store
CSH-004161,2026-06-10,BR-01,INFLOW,Customer Payment,175820.0,RTGS,INV-003706,Bank Settlement from Kalaivani Hardware & Paints
CSH-004162,2026-04-21,BR-01,INFLOW,Customer Payment,6697.68,Cash,INV-003707,Receipt from Mohammed Riyaz (Home Renovation)
CSH-004163,2026-04-21,BR-01,INFLOW,Customer Payment,1274.4,Cash,INV-003708,Receipt from Siva Shankaran (Individual Home)
CSH-004164,2026-05-27,BR-02,INFLOW,Customer Payment,145857.44,RTGS,INV-003709,Bank Settlement from Cauvery Engineering Contractors
CSH-004165,2026-06-04,BR-03,INFLOW,Customer Payment,4672.8,NEFT / Bank Transfer,INV-003710,Bank Settlement from Annamalai Agro Processing Unit
CSH-004166,2026-05-25,BR-02,INFLOW,Customer Payment,107209.37,UPI,INV-003711,Bank Settlement from Cauvery Engineering Contractors
CSH-004167,2026-05-31,BR-03,INFLOW,Customer Payment,1784.16,NEFT / Bank Transfer,INV-003712,Bank Settlement from Rangasamy Electrician Workshop
CSH-004168,2026-05-20,BR-02,INFLOW,Customer Payment,9762.38,Cheque,INV-003713,Bank Settlement from Gowda Electrical Repairs
CSH-004169,2026-05-14,BR-03,INFLOW,Customer Payment,230.1,RTGS,INV-003714,Bank Settlement from Sundaram Hospital Maintenance
CSH-004170,2026-05-16,BR-02,INFLOW,Customer Payment,2342.3,RTGS,INV-003715,Bank Settlement from Gowda Electrical Repairs
CSH-004171,2026-05-17,BR-01,INFLOW,Customer Payment,4150.06,UPI,INV-003716,Bank Settlement from Anbu Electricals (Anbazhagan)
CSH-004172,2026-04-29,BR-03,INFLOW,Customer Payment,330.4,NEFT / Bank Transfer,INV-003717,Bank Settlement from Sundaram Hospital Maintenance
CSH-004173,2026-04-29,BR-01,INFLOW,Customer Payment,1090.32,RTGS,INV-003718,Bank Settlement from Royal Comfort Residency Hotel
CSH-004174,2026-05-19,BR-03,INFLOW,Customer Payment,25013.64,RTGS,INV-003719,Bank Settlement from Kongu Builders & Real Estate
CSH-004175,2026-05-24,BR-01,INFLOW,Customer Payment,8791.0,UPI,INV-003720,Bank Settlement from Vels Vidyashram School Campus
CSH-004176,2026-04-22,BR-02,OUTFLOW,Office Supplies & Printing,1100.24,Petty Cash,EXP-000456,Operational expense
CSH-004177,2026-05-21,BR-01,INFLOW,Customer Payment,58502.04,Cheque,INV-003721,Bank Settlement from Devi Agency & Lighting Store
CSH-004178,2026-05-19,BR-02,INFLOW,Customer Payment,15446.91,RTGS,INV-003722,Bank Settlement from Cauvery Engineering Contractors
CSH-004179,2026-05-10,BR-01,INFLOW,Customer Payment,109782.48,RTGS,INV-003723,Bank Settlement from Devi Agency & Lighting Store
CSH-004180,2026-07-09,BR-03,INFLOW,Customer Payment,703.52,RTGS,INV-003724,Bank Settlement from Sri Krishna Engineering College Hostel
CSH-004181,2026-05-25,BR-02,INFLOW,Customer Payment,755.2,Cheque,INV-003725,Bank Settlement from Brigade Vista Apartment Owners Assn
CSH-004182,2026-05-13,BR-01,INFLOW,Customer Payment,249239.13,NEFT / Bank Transfer,INV-003726,Bank Settlement from Kalaivani Hardware & Paints
CSH-004183,2026-05-16,BR-01,INFLOW,Customer Payment,77128.34,Cheque,INV-003727,Bank Settlement from Srinivasan & Sons Contractor
CSH-004184,2026-05-24,BR-02,INFLOW,Customer Payment,26466.93,RTGS,INV-003728,Bank Settlement from Cauvery Engineering Contractors
CSH-004185,2026-04-24,BR-01,INFLOW,Customer Payment,3531.5,Cash,INV-003729,Receipt from Mohammed Riyaz (Home Renovation)
CSH-004186,2026-04-24,BR-01,OUTFLOW,Staff Refreshments & Tea,841.81,Petty Cash,EXP-000457,Operational expense
CSH-004187,2026-06-03,BR-01,INFLOW,Customer Payment,389.4,Cheque,INV-003730,Bank Settlement from Royal Comfort Residency Hotel
CSH-004188,2026-04-25,BR-03,INFLOW,Customer Payment,1274.4,Cash,INV-003731,Receipt from Karthika Departmental Store
CSH-004189,2026-06-13,BR-02,INFLOW,Customer Payment,139937.85,RTGS,INV-003732,Bank Settlement from Cauvery Engineering Contractors
CSH-004190,2026-06-18,BR-03,INFLOW,Customer Payment,1374.7,UPI,INV-003733,Bank Settlement from Sundaram Hospital Maintenance
CSH-004191,2026-05-05,BR-01,INFLOW,Customer Payment,4019.08,RTGS,INV-003734,Bank Settlement from TechPark Facility Maintenance Team
CSH-004192,2026-04-25,BR-01,OUTFLOW,Minor Maintenance & Repair,1530.45,Petty Cash,EXP-000458,Operational expense
CSH-004193,2026-04-26,BR-01,OUTFLOW,Office Supplies & Printing,2146.45,Petty Cash,EXP-000459,Operational expense
CSH-004194,2026-05-13,BR-02,INFLOW,Customer Payment,113502.07,UPI,INV-003735,Bank Settlement from Sri Venkateshwara Hardware & Electricals
CSH-004195,2026-05-15,BR-01,INFLOW,Customer Payment,91215.18,UPI,INV-003736,Bank Settlement from Srinivasan & Sons Contractor
CSH-004196,2026-05-25,BR-01,INFLOW,Customer Payment,33258.3,Cheque,INV-003737,Bank Settlement from Saravana Electric Works (Govindaraj)
CSH-004197,2026-05-20,BR-02,INFLOW,Customer Payment,154004.16,RTGS,INV-003738,Bank Settlement from Sri Venkateshwara Hardware & Electricals
CSH-004198,2026-06-03,BR-03,INFLOW,Customer Payment,5412.66,NEFT / Bank Transfer,INV-003739,Bank Settlement from Sri Krishna Engineering College Hostel
CSH-004199,2026-05-02,BR-03,INFLOW,Customer Payment,11331.54,Cheque,INV-003740,Bank Settlement from Sundaram Hospital Maintenance
CSH-004200,2026-05-07,BR-03,INFLOW,Customer Payment,620.92,RTGS,INV-003741,Bank Settlement from Sundaram Hospital Maintenance
CSH-004201,2026-05-26,BR-02,INFLOW,Customer Payment,3582.48,UPI,INV-003742,Bank Settlement from Brigade Vista Apartment Owners Assn
CSH-004202,2026-06-04,BR-01,INFLOW,Customer Payment,16911.52,RTGS,INV-003743,Bank Settlement from Balaji Electrical Contractors
CSH-004203,2026-05-18,BR-01,INFLOW,Customer Payment,21425.26,Cheque,INV-003744,Bank Settlement from Global Smart Solutions (P) Ltd
CSH-004204,2026-05-21,BR-01,INFLOW,Customer Payment,5075.42,UPI,INV-003745,Bank Settlement from Selvam Electrician Services
CSH-004205,2026-05-18,BR-01,INFLOW,Customer Payment,326480.04,RTGS,INV-003746,Bank Settlement from Kalaivani Hardware & Paints
CSH-004206,2026-05-16,BR-03,INFLOW,Customer Payment,202175.3,NEFT / Bank Transfer,INV-003747,Bank Settlement from Kongu Builders & Real Estate
CSH-004207,2026-06-17,BR-03,INFLOW,Customer Payment,3173.02,RTGS,INV-003748,Bank Settlement from Sundaram Hospital Maintenance
CSH-004208,2026-04-28,BR-01,INFLOW,Customer Payment,238.83,Cash,INV-003749,Receipt from Siva Shankaran (Individual Home)
CSH-004209,2026-05-10,BR-03,INFLOW,Customer Payment,7547.28,NEFT / Bank Transfer,INV-003750,Bank Settlement from Sundaram Hospital Maintenance
CSH-004210,2026-05-27,BR-01,INFLOW,Customer Payment,91643.05,NEFT / Bank Transfer,INV-003751,Bank Settlement from Victory Housing Projects Phase 2
CSH-004211,2026-06-09,BR-01,INFLOW,Customer Payment,640.5,UPI,INV-003752,Bank Settlement from Royal Comfort Residency Hotel
CSH-004212,2026-04-29,BR-01,INFLOW,Customer Payment,685.34,UPI,INV-003753,Receipt from Dr. Priya Sundaram (Home Clinic)
CSH-004213,2026-04-30,BR-01,INFLOW,Customer Payment,1628.4,UPI,INV-003754,Receipt from Dr. Priya Sundaram (Home Clinic)
CSH-004214,2026-05-31,BR-03,INFLOW,Customer Payment,11370.48,UPI,INV-003755,Bank Settlement from Annamalai Agro Processing Unit
CSH-004215,2026-05-09,BR-02,INFLOW,Customer Payment,136628.66,NEFT / Bank Transfer,INV-003756,Bank Settlement from Raghavendra Infrastructure Developers
CSH-004216,2026-05-10,BR-01,INFLOW,Customer Payment,98253.88,NEFT / Bank Transfer,INV-003757,Bank Settlement from Victory Housing Projects Phase 2
CSH-004217,2026-04-30,BR-01,INFLOW,Customer Payment,6029.8,Cash,INV-003758,Receipt from Mohammed Riyaz (Home Renovation)
CSH-004218,2026-05-29,BR-02,INFLOW,Customer Payment,9628.8,NEFT / Bank Transfer,INV-003759,Bank Settlement from Manjunatha Electrical Works
CSH-004219,2026-05-19,BR-02,INFLOW,Customer Payment,80120.82,UPI,INV-003760,Bank Settlement from Cauvery Engineering Contractors
CSH-004220,2026-05-08,BR-01,INFLOW,Customer Payment,82050.12,RTGS,INV-003761,Bank Settlement from Sri Ramakrishna Builders & Infra
CSH-004221,2026-05-09,BR-01,INFLOW,Customer Payment,207965.56,RTGS,INV-003762,Bank Settlement from Kalaivani Hardware & Paints
CSH-004222,2026-05-19,BR-02,INFLOW,Customer Payment,26997.22,UPI,INV-003763,Bank Settlement from Manjunatha Electrical Works
CSH-004223,2026-07-06,BR-03,INFLOW,Customer Payment,5461.04,RTGS,INV-003764,Bank Settlement from Sri Krishna Engineering College Hostel
CSH-004224,2026-05-01,BR-01,INFLOW,Customer Payment,1090.32,UPI,INV-003765,Receipt from Lakshmi Vilas Sweets & Bakery
CSH-004225,2026-05-01,BR-01,OUTFLOW,Showroom Rent,75000.0,Bank Transfer,EXP-000460,Rent for Vidyut Central Hub & Showroom
CSH-004226,2026-05-01,BR-02,OUTFLOW,Showroom Rent,45000.0,Bank Transfer,EXP-000461,Rent for Vidyut Electronic City Retail Branch
CSH-004227,2026-05-01,BR-03,OUTFLOW,Showroom Rent,35000.0,Bank Transfer,EXP-000462,Rent for Vidyut Coimbatore Townhall Branch
CSH-004228,2026-05-02,BR-02,INFLOW,Customer Payment,11282.22,UPI,INV-003766,Receipt from Dr. Arvind Rao Dental Clinic
CSH-004229,2026-05-02,BR-01,INFLOW,Customer Payment,736.32,Credit Card,INV-003767,Receipt from Karthik Residential Apartment Owner
CSH-004230,2026-05-28,BR-03,INFLOW,Customer Payment,9621.72,UPI,INV-003768,Bank Settlement from Kovai Textile Mills Facility Team
CSH-004231,2026-05-24,BR-01,INFLOW,Customer Payment,9204.0,RTGS,INV-003769,Bank Settlement from Saravana Electric Works (Govindaraj)
CSH-004232,2026-05-02,BR-03,INFLOW,Customer Payment,584.1,Cash,INV-003770,Receipt from Karthika Departmental Store
CSH-004233,2026-05-25,BR-03,INFLOW,Customer Payment,3209.6,RTGS,INV-003771,Bank Settlement from Annamalai Agro Processing Unit
CSH-004234,2026-05-17,BR-03,INFLOW,Customer Payment,2585.38,NEFT / Bank Transfer,INV-003772,Bank Settlement from Kovai Elite Residency Hotel
CSH-004235,2026-06-17,BR-03,INFLOW,Customer Payment,13083.84,Cheque,INV-003773,Bank Settlement from Kovai Elite Residency Hotel
CSH-004236,2026-05-17,BR-03,INFLOW,Customer Payment,7186.2,Cheque,INV-003774,Bank Settlement from Kovai Elite Residency Hotel
CSH-004237,2026-06-05,BR-01,INFLOW,Customer Payment,17.7,NEFT / Bank Transfer,INV-003775,Bank Settlement from Metro Supermarket Tambaram
CSH-004238,2026-06-23,BR-02,INFLOW,Customer Payment,57415.97,UPI,INV-003776,Bank Settlement from Urban Spaces Interior Studio
CSH-004239,2026-06-18,BR-01,INFLOW,Customer Payment,86659.2,Cheque,INV-003777,Bank Settlement from Victory Housing Projects Phase 2
CSH-004240,2026-05-11,BR-02,INFLOW,Customer Payment,217533.94,NEFT / Bank Transfer,INV-003778,Bank Settlement from Sri Venkateshwara Hardware & Electricals
CSH-004241,2026-05-28,BR-01,INFLOW,Customer Payment,79638.44,NEFT / Bank Transfer,INV-003779,Bank Settlement from Sri Ramakrishna Builders & Infra
CSH-004242,2026-06-02,BR-01,INFLOW,Customer Payment,8124.3,UPI,INV-003780,Bank Settlement from Saravana Electric Works (Govindaraj)
CSH-004243,2026-05-13,BR-03,INFLOW,Customer Payment,2562.96,UPI,INV-003781,Bank Settlement from Annamalai Agro Processing Unit
CSH-004244,2026-05-22,BR-01,INFLOW,Customer Payment,11416.5,RTGS,INV-003782,Bank Settlement from Selvam Electrician Services
CSH-004245,2026-06-12,BR-03,INFLOW,Customer Payment,6952.56,Cheque,INV-003783,Bank Settlement from Kongu Builders & Real Estate
CSH-004246,2026-05-05,BR-01,OUTFLOW,Payroll Salaries,160000.0,Bank Transfer,EXP-000463,Salary Payout BR-01
CSH-004247,2026-05-05,BR-02,OUTFLOW,Payroll Salaries,96000.0,Bank Transfer,EXP-000464,Salary Payout BR-02
CSH-004248,2026-05-05,BR-03,OUTFLOW,Payroll Salaries,96000.0,Bank Transfer,EXP-000465,Salary Payout BR-03
CSH-004249,2026-05-31,BR-01,INFLOW,Customer Payment,1320.42,NEFT / Bank Transfer,INV-003784,Bank Settlement from Anbu Electricals (Anbazhagan)
CSH-004250,2026-06-09,BR-01,INFLOW,Customer Payment,81.42,UPI,INV-003785,Bank Settlement from Poompuhar Handicrafts Store
CSH-004251,2026-06-12,BR-02,INFLOW,Customer Payment,25502.16,UPI,INV-003786,Bank Settlement from Manjunatha Electrical Works
CSH-004252,2026-06-04,BR-03,INFLOW,Customer Payment,6983.24,RTGS,INV-003787,Bank Settlement from Rangasamy Electrician Workshop
CSH-004253,2026-06-09,BR-01,INFLOW,Customer Payment,2313.98,Cheque,INV-003788,Bank Settlement from TechPark Facility Maintenance Team
CSH-004254,2026-05-15,BR-01,INFLOW,Customer Payment,943.76,RTGS,INV-003789,Bank Settlement from Poompuhar Handicrafts Store
CSH-004255,2026-05-06,BR-03,OUTFLOW,Office Supplies & Printing,1216.06,Petty Cash,EXP-000466,Operational expense
CSH-004256,2026-05-17,BR-03,INFLOW,Customer Payment,1298.0,RTGS,INV-003790,Bank Settlement from Sundaram Hospital Maintenance
CSH-004257,2026-05-07,BR-01,INFLOW,Customer Payment,119.42,UPI,INV-003791,Receipt from Dr. Priya Sundaram (Home Clinic)
CSH-004258,2026-05-21,BR-03,INFLOW,Customer Payment,179548.8,RTGS,INV-003792,Bank Settlement from Marutham Electrical & Power Agency
CSH-004259,2026-05-21,BR-01,INFLOW,Customer Payment,40884.64,UPI,INV-003793,Bank Settlement from Balaji Electrical Contractors
CSH-004260,2026-05-07,BR-01,INFLOW,Customer Payment,499.37,Cash,INV-003794,Receipt from Siva Shankaran (Individual Home)
CSH-004261,2026-05-25,BR-01,INFLOW,Customer Payment,42946.1,Cheque,INV-003795,Bank Settlement from Balaji Electrical Contractors
CSH-004262,2026-07-21,BR-02,INFLOW,Customer Payment,2773.71,NEFT / Bank Transfer,INV-003796,Bank Settlement from Gowda Electrical Repairs
CSH-004263,2026-05-27,BR-01,INFLOW,Customer Payment,262059.12,RTGS,INV-003797,Bank Settlement from Kalam Brothers Electrical Store
CSH-004264,2026-06-13,BR-03,INFLOW,Customer Payment,13245.5,RTGS,INV-003798,Bank Settlement from Annamalai Agro Processing Unit
CSH-004265,2026-06-01,BR-01,INFLOW,Customer Payment,749.06,Cheque,INV-003799,Bank Settlement from Poompuhar Handicrafts Store
CSH-004266,2026-06-30,BR-01,INFLOW,Customer Payment,41863.1,NEFT / Bank Transfer,INV-003800,Bank Settlement from Sri Ramakrishna Builders & Infra
CSH-004267,2026-07-28,BR-01,INFLOW,Customer Payment,82092.6,NEFT / Bank Transfer,INV-003801,Bank Settlement from Balaji Electrical Contractors
CSH-004268,2026-05-30,BR-03,INFLOW,Customer Payment,1479.72,Cheque,INV-003802,Bank Settlement from Kovai Textile Mills Facility Team
CSH-004269,2026-06-30,BR-02,INFLOW,Customer Payment,12118.6,Cheque,INV-003803,Bank Settlement from Manjunatha Electrical Works
CSH-004270,2026-05-19,BR-01,INFLOW,Customer Payment,103178.02,RTGS,INV-003804,Bank Settlement from Kalam Brothers Electrical Store
CSH-004271,2026-06-28,BR-02,INFLOW,Customer Payment,103672.44,RTGS,INV-003805,Bank Settlement from Urban Spaces Interior Studio
CSH-004272,2026-05-10,BR-01,OUTFLOW,Electricity Bill,10222.23,Online Banking,EXP-000467,Utility Payment
CSH-004273,2026-05-10,BR-02,OUTFLOW,Electricity Bill,13235.47,Online Banking,EXP-000468,Utility Payment
CSH-004274,2026-05-10,BR-03,OUTFLOW,Electricity Bill,13224.33,Online Banking,EXP-000469,Utility Payment
CSH-004275,2026-05-10,BR-03,OUTFLOW,Minor Maintenance & Repair,404.35,Petty Cash,EXP-000470,Operational expense
CSH-004276,2026-06-19,BR-02,INFLOW,Customer Payment,25497.44,UPI,INV-003806,Bank Settlement from Gowda Electrical Repairs
CSH-004277,2026-06-27,BR-03,INFLOW,Customer Payment,2006.0,Cheque,INV-003807,Bank Settlement from Annamalai Agro Processing Unit
CSH-004278,2026-05-30,BR-03,INFLOW,Customer Payment,13013.04,UPI,INV-003808,Bank Settlement from Rangasamy Electrician Workshop
CSH-004279,2026-07-04,BR-03,INFLOW,Customer Payment,8271.8,UPI,INV-003809,Bank Settlement from Kovai Elite Residency Hotel
CSH-004280,2026-05-25,BR-01,INFLOW,Customer Payment,379.96,UPI,INV-003810,Bank Settlement from Poompuhar Handicrafts Store
CSH-004281,2026-05-26,BR-01,INFLOW,Customer Payment,168493.38,Cheque,INV-003811,Bank Settlement from Kalam Brothers Electrical Store
CSH-004282,2026-06-05,BR-03,INFLOW,Customer Payment,8933.78,NEFT / Bank Transfer,INV-003812,Bank Settlement from Mani Bros Electricals (Mani)
CSH-004283,2026-05-25,BR-01,INFLOW,Customer Payment,590.94,Cheque,INV-003813,Bank Settlement from Metro Supermarket Tambaram
CSH-004284,2026-05-12,BR-02,INFLOW,Customer Payment,2596.0,Credit Card,INV-003814,Receipt from Suresh Babu (Villa Construction)
CSH-004285,2026-06-16,BR-03,INFLOW,Customer Payment,23553.98,UPI,INV-003815,Bank Settlement from Sri Krishna Engineering College Hostel
CSH-004286,2026-05-13,BR-01,INFLOW,Customer Payment,4071.0,Cash,INV-003816,Receipt from Mohammed Riyaz (Home Renovation)
CSH-004287,2026-05-13,BR-02,INFLOW,Customer Payment,460.2,Credit Card,INV-003817,Receipt from Suresh Babu (Villa Construction)
CSH-004288,2026-07-16,BR-01,INFLOW,Customer Payment,5602.64,NEFT / Bank Transfer,INV-003818,Bank Settlement from Royal Comfort Residency Hotel
CSH-004289,2026-05-13,BR-03,INFLOW,Customer Payment,7603.92,UPI,INV-003819,Receipt from Ramachandran (Individual House Owner)
CSH-004290,2026-06-03,BR-03,INFLOW,Customer Payment,141035.96,RTGS,INV-003820,Bank Settlement from Velan Pump & Motor Spares Store
CSH-004291,2026-05-31,BR-01,INFLOW,Customer Payment,27705.69,RTGS,INV-003821,Bank Settlement from Sri Ramakrishna Builders & Infra
CSH-004292,2026-05-14,BR-02,INFLOW,Customer Payment,3573.04,Credit Card,INV-003822,Receipt from Suresh Babu (Villa Construction)
CSH-004293,2026-06-03,BR-02,INFLOW,Customer Payment,81.42,NEFT / Bank Transfer,INV-003823,Bank Settlement from InnoTech Coworking Hub
CSH-004294,2026-05-14,BR-01,INFLOW,Customer Payment,11542.76,UPI,INV-003824,Receipt from Dr. Priya Sundaram (Home Clinic)
CSH-004295,2026-05-14,BR-01,OUTFLOW,Minor Maintenance & Repair,451.95,Petty Cash,EXP-000471,Operational expense
CSH-004296,2026-05-22,BR-01,INFLOW,Customer Payment,849.6,NEFT / Bank Transfer,INV-003825,Bank Settlement from Apex Manufacturing Solutions
CSH-004297,2026-06-01,BR-01,INFLOW,Customer Payment,24923.96,RTGS,INV-003826,Bank Settlement from Global Smart Solutions (P) Ltd
CSH-004298,2026-05-15,BR-01,INFLOW,Customer Payment,3125.58,Cash,INV-003827,Receipt from Mohammed Riyaz (Home Renovation)
CSH-004299,2026-05-31,BR-01,INFLOW,Customer Payment,147399.7,RTGS,INV-003828,Bank Settlement from Sri Ramakrishna Builders & Infra
CSH-004300,2026-05-15,BR-01,INFLOW,Customer Payment,11402.34,Credit Card,INV-003829,Receipt from Karthik Residential Apartment Owner
CSH-004301,2026-06-24,BR-01,INFLOW,Customer Payment,32415.78,Cheque,INV-003830,Bank Settlement from Saravana Electric Works (Govindaraj)
CSH-004302,2026-06-03,BR-03,INFLOW,Customer Payment,33248.86,RTGS,INV-003831,Bank Settlement from Velan Pump & Motor Spares Store
CSH-004303,2026-07-07,BR-01,INFLOW,Customer Payment,159922.1,UPI,INV-003832,Bank Settlement from Srinivasan & Sons Contractor
CSH-004304,2026-07-05,BR-03,INFLOW,Customer Payment,796.5,Cheque,INV-003833,Bank Settlement from Sri Krishna Engineering College Hostel
CSH-004305,2026-05-16,BR-02,INFLOW,Customer Payment,15329.38,UPI,INV-003834,Receipt from Dr. Arvind Rao Dental Clinic
CSH-004306,2026-05-21,BR-01,INFLOW,Customer Payment,51601.87,Cheque,INV-003835,Bank Settlement from Srinivasan & Sons Contractor
CSH-004307,2026-05-16,BR-01,OUTFLOW,Vehicle Fuel & Freight,1774.9,Petty Cash,EXP-000472,Operational expense
CSH-004308,2026-05-29,BR-01,INFLOW,Customer Payment,171135.4,UPI,INV-003836,Bank Settlement from Kalam Brothers Electrical Store
CSH-004309,2026-05-18,BR-01,INFLOW,Customer Payment,560.5,UPI,INV-003837,Receipt from Dr. Priya Sundaram (Home Clinic)
CSH-004310,2026-05-18,BR-03,INFLOW,Customer Payment,3582.48,UPI,INV-003838,Receipt from Ramachandran (Individual House Owner)
CSH-004311,2026-06-01,BR-01,INFLOW,Customer Payment,66350.22,UPI,INV-003839,Bank Settlement from Victory Housing Projects Phase 2
CSH-004312,2026-06-06,BR-03,INFLOW,Customer Payment,12030.1,UPI,INV-003840,Bank Settlement from Mani Bros Electricals (Mani)
CSH-004313,2026-05-19,BR-01,INFLOW,Customer Payment,3929.4,Cash,INV-003841,Receipt from Mohammed Riyaz (Home Renovation)
CSH-004314,2026-06-02,BR-03,INFLOW,Customer Payment,130143.85,Cheque,INV-003842,Bank Settlement from Kongu Builders & Real Estate
CSH-004315,2026-07-13,BR-03,INFLOW,Customer Payment,22771.64,Cheque,INV-003843,Bank Settlement from Mani Bros Electricals (Mani)
CSH-004316,2026-05-19,BR-02,INFLOW,Customer Payment,513.3,UPI,INV-003844,Receipt from Dr. Arvind Rao Dental Clinic
CSH-004317,2026-05-19,BR-01,INFLOW,Customer Payment,1125.72,UPI,INV-003845,Receipt from Lakshmi Vilas Sweets & Bakery
CSH-004318,2026-06-08,BR-02,INFLOW,Customer Payment,49923.44,UPI,INV-003846,Bank Settlement from Cauvery Engineering Contractors
CSH-004319,2026-05-19,BR-02,OUTFLOW,Office Supplies & Printing,1163.89,Petty Cash,EXP-000473,Operational expense
CSH-004320,2026-06-15,BR-01,INFLOW,Customer Payment,5809.61,RTGS,INV-003847,Bank Settlement from Srinivasan & Sons Contractor
CSH-004321,2026-06-07,BR-01,INFLOW,Customer Payment,52684.64,NEFT / Bank Transfer,INV-003848,Bank Settlement from Victory Housing Projects Phase 2
CSH-004322,2026-06-14,BR-01,INFLOW,Customer Payment,192296.34,NEFT / Bank Transfer,INV-003849,Bank Settlement from Kalaivani Hardware & Paints
CSH-004323,2026-06-05,BR-03,INFLOW,Customer Payment,1533.53,RTGS,INV-003850,Bank Settlement from Kovai Elite Residency Hotel
CSH-004324,2026-06-02,BR-02,INFLOW,Customer Payment,316366.26,NEFT / Bank Transfer,INV-003851,Bank Settlement from Urban Spaces Interior Studio
CSH-004325,2026-05-20,BR-01,INFLOW,Customer Payment,13377.66,UPI,INV-003852,Receipt from Lakshmi Vilas Sweets & Bakery
CSH-004326,2026-06-19,BR-03,INFLOW,Customer Payment,197827.0,UPI,INV-003853,Bank Settlement from Marutham Electrical & Power Agency
CSH-004327,2026-06-06,BR-01,INFLOW,Customer Payment,42885.92,Cheque,INV-003854,Bank Settlement from Kalaivani Hardware & Paints
CSH-004328,2026-06-04,BR-02,INFLOW,Customer Payment,12201.2,RTGS,INV-003855,Bank Settlement from Brigade Vista Apartment Owners Assn
CSH-004329,2026-05-21,BR-01,INFLOW,Customer Payment,1181.18,UPI,INV-003856,Receipt from Dr. Priya Sundaram (Home Clinic)
CSH-004330,2026-06-09,BR-01,INFLOW,Customer Payment,29157.8,RTGS,INV-003857,Bank Settlement from Kalaivani Hardware & Paints
CSH-004331,2026-07-03,BR-02,INFLOW,Customer Payment,235947.14,NEFT / Bank Transfer,INV-003858,Bank Settlement from Sri Venkateshwara Hardware & Electricals
CSH-004332,2026-05-29,BR-02,INFLOW,Customer Payment,584.1,Cheque,INV-003859,Bank Settlement from Brigade Vista Apartment Owners Assn
CSH-004333,2026-06-17,BR-03,INFLOW,Customer Payment,320281.26,Cheque,INV-003860,Bank Settlement from Velan Pump & Motor Spares Store
CSH-004334,2026-05-22,BR-02,INFLOW,Customer Payment,3812.58,UPI,INV-003861,Receipt from Dr. Arvind Rao Dental Clinic
CSH-004335,2026-06-18,BR-01,INFLOW,Customer Payment,5187.28,Cheque,INV-003862,Bank Settlement from Selvam Electrician Services
CSH-004336,2026-08-05,BR-03,INFLOW,Customer Payment,649792.96,Cheque,INV-003863,Bank Settlement from Marutham Electrical & Power Agency
CSH-004337,2026-05-22,BR-01,INFLOW,Customer Payment,880.99,Cash,INV-003864,Receipt from Mohammed Riyaz (Home Renovation)
CSH-004338,2026-06-19,BR-01,INFLOW,Customer Payment,10657.52,NEFT / Bank Transfer,INV-003865,Bank Settlement from Srinivasan & Sons Contractor
CSH-004339,2026-05-22,BR-01,INFLOW,Customer Payment,755.2,Credit Card,INV-003866,Receipt from Karthik Residential Apartment Owner
CSH-004340,2026-05-23,BR-02,INFLOW,Customer Payment,2301.0,Credit Card,INV-003867,Receipt from Suresh Babu (Villa Construction)
CSH-004341,2026-06-10,BR-03,INFLOW,Customer Payment,91378.02,RTGS,INV-003868,Bank Settlement from Velan Pump & Motor Spares Store
CSH-004342,2026-06-05,BR-03,INFLOW,Customer Payment,438910.44,Cheque,INV-003869,Bank Settlement from Velan Pump & Motor Spares Store
CSH-004343,2026-06-14,BR-03,INFLOW,Customer Payment,3931.76,NEFT / Bank Transfer,INV-003870,Bank Settlement from Kovai Elite Residency Hotel
CSH-004344,2026-06-10,BR-01,INFLOW,Customer Payment,977.04,UPI,INV-003871,Bank Settlement from Apex Manufacturing Solutions
CSH-004345,2026-07-16,BR-03,INFLOW,Customer Payment,17987.92,NEFT / Bank Transfer,INV-003872,Bank Settlement from Mani Bros Electricals (Mani)
CSH-004346,2026-05-25,BR-01,INFLOW,Customer Payment,8276.52,UPI,INV-003873,Receipt from Lakshmi Vilas Sweets & Bakery
CSH-004347,2026-06-20,BR-01,INFLOW,Customer Payment,744.34,UPI,INV-003874,Bank Settlement from Metro Supermarket Tambaram
CSH-004348,2026-06-20,BR-03,INFLOW,Customer Payment,10900.84,NEFT / Bank Transfer,INV-003875,Bank Settlement from Annamalai Agro Processing Unit
CSH-004349,2026-05-25,BR-01,OUTFLOW,Vehicle Fuel & Freight,876.51,Petty Cash,EXP-000474,Operational expense
CSH-004350,2026-06-26,BR-01,INFLOW,Customer Payment,31271.18,UPI,INV-003876,Bank Settlement from Global Smart Solutions (P) Ltd
CSH-004351,2026-06-06,BR-01,INFLOW,Customer Payment,3306.36,UPI,INV-003877,Bank Settlement from Poompuhar Handicrafts Store
CSH-004352,2026-06-23,BR-01,INFLOW,Customer Payment,31771.5,Cheque,INV-003878,Bank Settlement from Srinivasan & Sons Contractor
CSH-004353,2026-05-26,BR-02,INFLOW,Customer Payment,3270.96,UPI,INV-003879,Receipt from Dr. Arvind Rao Dental Clinic
CSH-004354,2026-06-25,BR-01,INFLOW,Customer Payment,6041.6,NEFT / Bank Transfer,INV-003880,Bank Settlement from Anbu Electricals (Anbazhagan)
CSH-004355,2026-05-26,BR-02,INFLOW,Customer Payment,3530.56,Credit Card,INV-003881,Receipt from Suresh Babu (Villa Construction)
CSH-004356,2026-06-06,BR-03,INFLOW,Customer Payment,2906.58,UPI,INV-003882,Bank Settlement from Mani Bros Electricals (Mani)
CSH-004357,2026-06-14,BR-02,INFLOW,Customer Payment,8897.2,NEFT / Bank Transfer,INV-003883,Bank Settlement from Silicon Valley PG Hostel Chain
CSH-004358,2026-05-27,BR-02,INFLOW,Customer Payment,1251.27,Credit Card,INV-003884,Receipt from Suresh Babu (Villa Construction)
CSH-004359,2026-07-16,BR-01,INFLOW,Customer Payment,5056.3,UPI,INV-003885,Bank Settlement from Anbu Electricals (Anbazhagan)
CSH-004360,2026-06-14,BR-02,INFLOW,Customer Payment,15921.74,UPI,INV-003886,Bank Settlement from Gowda Electrical Repairs
CSH-004361,2026-05-28,BR-03,INFLOW,Customer Payment,218.54,Cash,INV-003887,Receipt from Karthika Departmental Store
CSH-004362,2026-06-26,BR-01,INFLOW,Customer Payment,1079.46,NEFT / Bank Transfer,INV-003888,Bank Settlement from TechPark Facility Maintenance Team
CSH-004363,2026-07-12,BR-01,INFLOW,Customer Payment,66868.24,RTGS,INV-003889,Bank Settlement from Global Smart Solutions (P) Ltd
CSH-004364,2026-06-25,BR-03,INFLOW,Customer Payment,7942.58,UPI,INV-003890,Bank Settlement from Rangasamy Electrician Workshop
CSH-004365,2026-06-14,BR-03,INFLOW,Customer Payment,13522.8,NEFT / Bank Transfer,INV-003891,Bank Settlement from Mani Bros Electricals (Mani)
CSH-004366,2026-06-04,BR-03,INFLOW,Customer Payment,5230.94,Cheque,INV-003892,Bank Settlement from Kovai Elite Residency Hotel
CSH-004367,2026-06-19,BR-01,INFLOW,Customer Payment,15363.6,RTGS,INV-003893,Bank Settlement from Global Smart Solutions (P) Ltd
CSH-004368,2026-06-22,BR-02,INFLOW,Customer Payment,11759.88,Cheque,INV-003894,Bank Settlement from Silicon Valley PG Hostel Chain
CSH-004369,2026-07-22,BR-01,INFLOW,Customer Payment,18242.8,Cheque,INV-003895,Bank Settlement from TechPark Facility Maintenance Team
CSH-004370,2026-05-29,BR-03,INFLOW,Customer Payment,1587.1,UPI,INV-003896,Receipt from Ramachandran (Individual House Owner)
CSH-004371,2026-06-25,BR-01,INFLOW,Customer Payment,28044.82,RTGS,INV-003897,Bank Settlement from Srinivasan & Sons Contractor
CSH-004372,2026-07-17,BR-03,INFLOW,Customer Payment,53.1,Cheque,INV-003898,Bank Settlement from Kovai Elite Residency Hotel
CSH-004373,2026-06-22,BR-01,INFLOW,Customer Payment,86531.52,NEFT / Bank Transfer,INV-003899,Bank Settlement from Srinivasan & Sons Contractor
CSH-004374,2026-06-10,BR-02,INFLOW,Customer Payment,81338.11,Cheque,INV-003900,Bank Settlement from Cauvery Engineering Contractors
CSH-004375,2026-06-04,BR-03,INFLOW,Customer Payment,2440.24,Cheque,INV-003901,Bank Settlement from Annamalai Agro Processing Unit
CSH-004376,2026-07-04,BR-02,INFLOW,Customer Payment,4486.83,Cheque,INV-003902,Bank Settlement from Manjunatha Electrical Works
CSH-004377,2026-06-07,BR-03,INFLOW,Customer Payment,4486.36,UPI,INV-003903,Bank Settlement from Sundaram Hospital Maintenance
CSH-004378,2026-06-13,BR-03,INFLOW,Customer Payment,99322.96,RTGS,INV-003904,Bank Settlement from Velan Pump & Motor Spares Store
CSH-004379,2026-06-01,BR-01,OUTFLOW,Showroom Rent,75000.0,Bank Transfer,EXP-000475,Rent for Vidyut Central Hub & Showroom
CSH-004380,2026-06-01,BR-02,OUTFLOW,Showroom Rent,45000.0,Bank Transfer,EXP-000476,Rent for Vidyut Electronic City Retail Branch
CSH-004381,2026-06-01,BR-03,OUTFLOW,Showroom Rent,35000.0,Bank Transfer,EXP-000477,Rent for Vidyut Coimbatore Townhall Branch
CSH-004382,2026-06-23,BR-01,INFLOW,Customer Payment,205266.67,Cheque,INV-003905,Bank Settlement from Kalaivani Hardware & Paints
CSH-004383,2026-06-30,BR-03,INFLOW,Customer Payment,11198.2,UPI,INV-003906,Bank Settlement from Kongu Builders & Real Estate
CSH-004384,2026-07-09,BR-01,INFLOW,Customer Payment,81.42,UPI,INV-003907,Bank Settlement from TechPark Facility Maintenance Team
CSH-004385,2026-06-11,BR-02,INFLOW,Customer Payment,129948.68,UPI,INV-003908,Bank Settlement from Urban Spaces Interior Studio
CSH-004386,2026-06-03,BR-03,INFLOW,Customer Payment,5422.1,UPI,INV-003909,Receipt from Ramachandran (Individual House Owner)
CSH-004387,2026-06-03,BR-03,INFLOW,Customer Payment,12230.7,UPI,INV-003910,Receipt from Ramachandran (Individual House Owner)
CSH-004388,2026-06-29,BR-01,INFLOW,Customer Payment,3964.8,NEFT / Bank Transfer,INV-003911,Bank Settlement from Anbu Electricals (Anbazhagan)
CSH-004389,2026-07-24,BR-01,INFLOW,Customer Payment,105057.29,NEFT / Bank Transfer,INV-003912,Bank Settlement from Devi Agency & Lighting Store
CSH-004390,2026-07-06,BR-01,INFLOW,Customer Payment,2716.83,Cheque,INV-003913,Bank Settlement from Apex Manufacturing Solutions
CSH-004391,2026-06-17,BR-01,INFLOW,Customer Payment,68485.55,Cheque,INV-003914,Bank Settlement from Kalam Brothers Electrical Store
CSH-004392,2026-06-03,BR-01,INFLOW,Customer Payment,260.54,Cash,INV-003915,Receipt from Siva Shankaran (Individual Home)
CSH-004393,2026-06-22,BR-03,INFLOW,Customer Payment,347987.9,NEFT / Bank Transfer,INV-003916,Bank Settlement from Marutham Electrical & Power Agency
CSH-004394,2026-06-18,BR-02,INFLOW,Customer Payment,16913.88,RTGS,INV-003917,Bank Settlement from Raghavendra Infrastructure Developers
CSH-004395,2026-06-12,BR-02,INFLOW,Customer Payment,106144.78,RTGS,INV-003918,Bank Settlement from Sri Venkateshwara Hardware & Electricals
CSH-004396,2026-07-23,BR-01,INFLOW,Customer Payment,35.4,UPI,INV-003919,Bank Settlement from Poompuhar Handicrafts Store
CSH-004397,2026-06-22,BR-02,INFLOW,Customer Payment,91752.08,NEFT / Bank Transfer,INV-003920,Bank Settlement from Raghavendra Infrastructure Developers
CSH-004398,2026-06-14,BR-02,INFLOW,Customer Payment,3351.2,UPI,INV-003921,Bank Settlement from Manjunatha Electrical Works
CSH-004399,2026-06-26,BR-01,INFLOW,Customer Payment,92683.1,RTGS,INV-003922,Bank Settlement from Srinivasan & Sons Contractor
CSH-004400,2026-06-05,BR-03,INFLOW,Customer Payment,2596.0,UPI,INV-003923,Receipt from Ramachandran (Individual House Owner)
CSH-004401,2026-06-15,BR-01,INFLOW,Customer Payment,84299.2,Cheque,INV-003924,Bank Settlement from Sri Ramakrishna Builders & Infra
CSH-004402,2026-06-05,BR-03,INFLOW,Customer Payment,21098.4,UPI,INV-003925,Receipt from Ramachandran (Individual House Owner)
CSH-004403,2026-07-02,BR-03,INFLOW,Customer Payment,7970.19,UPI,INV-003926,Bank Settlement from Mani Bros Electricals (Mani)
CSH-004404,2026-06-12,BR-01,INFLOW,Customer Payment,8992.78,UPI,INV-003927,Bank Settlement from Metro Supermarket Tambaram
CSH-004405,2026-07-05,BR-02,INFLOW,Customer Payment,4560.7,Cheque,INV-003928,Bank Settlement from Brigade Vista Apartment Owners Assn
CSH-004406,2026-06-05,BR-01,OUTFLOW,Payroll Salaries,160000.0,Bank Transfer,EXP-000478,Salary Payout BR-01
CSH-004407,2026-06-05,BR-02,OUTFLOW,Payroll Salaries,96000.0,Bank Transfer,EXP-000479,Salary Payout BR-02
CSH-004408,2026-06-05,BR-03,OUTFLOW,Payroll Salaries,96000.0,Bank Transfer,EXP-000480,Salary Payout BR-03
CSH-004409,2026-06-26,BR-02,INFLOW,Customer Payment,12902.12,RTGS,INV-003929,Bank Settlement from Raghavendra Infrastructure Developers
CSH-004410,2026-06-06,BR-01,INFLOW,Customer Payment,5263.98,Credit Card,INV-003930,Receipt from Karthik Residential Apartment Owner
CSH-004411,2026-06-06,BR-01,INFLOW,Customer Payment,12734.09,Credit Card,INV-003931,Receipt from Karthik Residential Apartment Owner
CSH-004412,2026-06-11,BR-03,INFLOW,Customer Payment,5221.5,RTGS,INV-003932,Bank Settlement from Rangasamy Electrician Workshop
CSH-004413,2026-06-27,BR-02,INFLOW,Customer Payment,1320.42,NEFT / Bank Transfer,INV-003933,Bank Settlement from InnoTech Coworking Hub
CSH-004414,2026-09-08,BR-02,INFLOW,Customer Payment,17192.6,RTGS,INV-003934,Bank Settlement from Manjunatha Electrical Works
CSH-004415,2026-06-06,BR-01,INFLOW,Customer Payment,5350.12,Cash,INV-003935,Receipt from Siva Shankaran (Individual Home)
CSH-004416,2026-06-16,BR-02,INFLOW,Customer Payment,2985.4,NEFT / Bank Transfer,INV-003936,Bank Settlement from Manjunatha Electrical Works
CSH-004417,2026-07-23,BR-03,INFLOW,Customer Payment,355090.79,RTGS,INV-003937,Bank Settlement from Marutham Electrical & Power Agency
CSH-004418,2026-07-15,BR-01,INFLOW,Customer Payment,12177.6,Cheque,INV-003938,Bank Settlement from Apex Manufacturing Solutions
CSH-004419,2026-06-08,BR-01,INFLOW,Customer Payment,10814.7,UPI,INV-003939,Receipt from Lakshmi Vilas Sweets & Bakery
CSH-004420,2026-07-06,BR-02,INFLOW,Customer Payment,13130.33,Cheque,INV-003940,Bank Settlement from Manjunatha Electrical Works
CSH-004421,2026-06-20,BR-01,INFLOW,Customer Payment,13817.8,RTGS,INV-003941,Bank Settlement from Metro Supermarket Tambaram
CSH-004422,2026-07-03,BR-03,INFLOW,Customer Payment,2537.0,Cheque,INV-003942,Bank Settlement from Annamalai Agro Processing Unit
CSH-004423,2026-06-15,BR-01,INFLOW,Customer Payment,2301.0,Cheque,INV-003943,Bank Settlement from Royal Comfort Residency Hotel
CSH-004424,2026-07-17,BR-02,INFLOW,Customer Payment,140601.48,Cheque,INV-003944,Bank Settlement from Sri Venkateshwara Hardware & Electricals
CSH-004425,2026-07-28,BR-03,INFLOW,Customer Payment,111057.12,UPI,INV-003945,Bank Settlement from Kongu Builders & Real Estate
CSH-004426,2026-07-01,BR-03,INFLOW,Customer Payment,30139.8,UPI,INV-003946,Bank Settlement from Velan Pump & Motor Spares Store
CSH-004427,2026-06-09,BR-02,INFLOW,Customer Payment,2613.7,Credit Card,INV-003947,Receipt from Suresh Babu (Villa Construction)
CSH-004428,2026-08-02,BR-01,INFLOW,Customer Payment,1648.46,Cheque,INV-003948,Bank Settlement from Saravana Electric Works (Govindaraj)
CSH-004429,2026-07-06,BR-02,INFLOW,Customer Payment,30923.08,RTGS,INV-003949,Bank Settlement from Urban Spaces Interior Studio
CSH-004430,2026-06-19,BR-02,INFLOW,Customer Payment,181457.81,Cheque,INV-003950,Bank Settlement from Sri Venkateshwara Hardware & Electricals
CSH-004431,2026-07-22,BR-02,INFLOW,Customer Payment,4114.66,Cheque,INV-003951,Bank Settlement from Raghavendra Infrastructure Developers
CSH-004432,2026-06-24,BR-02,INFLOW,Customer Payment,873.2,NEFT / Bank Transfer,INV-003952,Bank Settlement from Gowda Electrical Repairs
CSH-004433,2026-06-24,BR-02,INFLOW,Customer Payment,213401.35,NEFT / Bank Transfer,INV-003953,Bank Settlement from Sri Venkateshwara Hardware & Electricals
CSH-004434,2026-08-04,BR-03,INFLOW,Customer Payment,896.8,Cheque,INV-003954,Bank Settlement from Annamalai Agro Processing Unit
CSH-004435,2026-06-10,BR-01,INFLOW,Customer Payment,3114.96,Cash,INV-003955,Receipt from Siva Shankaran (Individual Home)
CSH-004436,2026-06-10,BR-01,OUTFLOW,Electricity Bill,13544.0,Online Banking,EXP-000481,Utility Payment
CSH-004437,2026-06-10,BR-02,OUTFLOW,Electricity Bill,15986.52,Online Banking,EXP-000482,Utility Payment
CSH-004438,2026-06-10,BR-03,OUTFLOW,Electricity Bill,14009.99,Online Banking,EXP-000483,Utility Payment
CSH-004439,2026-07-21,BR-03,INFLOW,Customer Payment,6915.98,RTGS,INV-003956,Bank Settlement from Mani Bros Electricals (Mani)
CSH-004440,2026-06-22,BR-01,INFLOW,Customer Payment,1511.82,RTGS,INV-003957,Bank Settlement from TechPark Facility Maintenance Team
CSH-004441,2026-06-30,BR-01,INFLOW,Customer Payment,1168.2,Cheque,INV-003958,Bank Settlement from TechPark Facility Maintenance Team
CSH-004442,2026-06-22,BR-01,INFLOW,Customer Payment,97999.0,Cheque,INV-003959,Bank Settlement from Global Smart Solutions (P) Ltd
CSH-004443,2026-06-11,BR-01,INFLOW,Customer Payment,12407.7,UPI,INV-003960,Receipt from Lakshmi Vilas Sweets & Bakery
CSH-004444,2026-08-24,BR-01,INFLOW,Customer Payment,83423.64,NEFT / Bank Transfer,INV-003961,Bank Settlement from Kalam Brothers Electrical Store
CSH-004445,2026-07-18,BR-03,INFLOW,Customer Payment,186722.49,NEFT / Bank Transfer,INV-003962,Bank Settlement from Marutham Electrical & Power Agency
CSH-004446,2026-06-29,BR-01,INFLOW,Customer Payment,213811.52,NEFT / Bank Transfer,INV-003963,Bank Settlement from Devi Agency & Lighting Store
CSH-004447,2026-06-12,BR-02,INFLOW,Customer Payment,901.05,Credit Card,INV-003964,Receipt from Suresh Babu (Villa Construction)
CSH-004448,2026-07-23,BR-02,INFLOW,Customer Payment,10271.9,Cheque,INV-003965,Bank Settlement from Urban Spaces Interior Studio
CSH-004449,2026-06-12,BR-02,INFLOW,Customer Payment,4401.4,Credit Card,INV-003966,Receipt from Suresh Babu (Villa Construction)
CSH-004450,2026-07-04,BR-03,INFLOW,Customer Payment,194.7,UPI,INV-003967,Bank Settlement from Sri Krishna Engineering College Hostel
CSH-004451,2026-07-29,BR-03,INFLOW,Customer Payment,196811.26,RTGS,INV-003968,Bank Settlement from Velan Pump & Motor Spares Store
CSH-004452,2026-07-15,BR-01,INFLOW,Customer Payment,37473.26,RTGS,INV-003969,Bank Settlement from Sri Ramakrishna Builders & Infra
CSH-004453,2026-06-13,BR-01,INFLOW,Customer Payment,194.7,Cash,INV-003970,Receipt from Mohammed Riyaz (Home Renovation)
CSH-004454,2026-07-09,BR-03,INFLOW,Customer Payment,424.8,Cheque,INV-003971,Bank Settlement from Kovai Textile Mills Facility Team
CSH-004455,2026-06-29,BR-01,INFLOW,Customer Payment,9440.0,UPI,INV-003972,Bank Settlement from Vels Vidyashram School Campus
CSH-004456,2026-08-01,BR-02,INFLOW,Customer Payment,18357.02,UPI,INV-003973,Bank Settlement from Raghavendra Infrastructure Developers
CSH-004457,2026-06-29,BR-01,INFLOW,Customer Payment,8698.96,UPI,INV-003974,Bank Settlement from TechPark Facility Maintenance Team
CSH-004458,2026-07-16,BR-03,INFLOW,Customer Payment,195483.52,NEFT / Bank Transfer,INV-003975,Bank Settlement from Kongu Builders & Real Estate
CSH-004459,2026-07-11,BR-02,INFLOW,Customer Payment,66316.0,UPI,INV-003976,Bank Settlement from Cauvery Engineering Contractors
CSH-004460,2026-06-16,BR-01,INFLOW,Customer Payment,1156.4,Cash,INV-003977,Receipt from Murugan Auto Garage & Works
CSH-004461,2026-06-16,BR-02,INFLOW,Customer Payment,9063.34,UPI,INV-003978,Receipt from Dr. Arvind Rao Dental Clinic
CSH-004462,2026-07-06,BR-02,INFLOW,Customer Payment,44776.28,Cheque,INV-003979,Bank Settlement from Sri Venkateshwara Hardware & Electricals
CSH-004463,2026-09-16,BR-01,INFLOW,Customer Payment,18983.84,Cheque,INV-003980,Bank Settlement from Sri Ramakrishna Builders & Infra
CSH-004464,2026-07-10,BR-01,INFLOW,Customer Payment,10881.96,Cheque,INV-003981,Bank Settlement from Anbu Electricals (Anbazhagan)
CSH-004465,2026-07-06,BR-02,INFLOW,Customer Payment,9333.8,Cheque,INV-003982,Bank Settlement from Gowda Electrical Repairs
CSH-004466,2026-06-17,BR-02,INFLOW,Customer Payment,4450.96,UPI,INV-003983,Receipt from Dr. Arvind Rao Dental Clinic
CSH-004467,2026-06-17,BR-01,INFLOW,Customer Payment,8304.84,Cash,INV-003984,Receipt from Mohammed Riyaz (Home Renovation)
CSH-004468,2026-08-05,BR-01,INFLOW,Customer Payment,149435.2,NEFT / Bank Transfer,INV-003985,Bank Settlement from Kalam Brothers Electrical Store
CSH-004469,2026-07-11,BR-02,INFLOW,Customer Payment,91304.15,UPI,INV-003986,Bank Settlement from Urban Spaces Interior Studio
CSH-004470,2026-06-17,BR-03,INFLOW,Customer Payment,5074.0,Cash,INV-003987,Receipt from Karthika Departmental Store
CSH-004471,2026-07-08,BR-02,INFLOW,Customer Payment,4585.48,RTGS,INV-003988,Bank Settlement from Brigade Vista Apartment Owners Assn
CSH-004472,2026-06-18,BR-02,INFLOW,Customer Payment,6667.0,Credit Card,INV-003989,Receipt from Suresh Babu (Villa Construction)
CSH-004473,2026-07-18,BR-01,INFLOW,Customer Payment,120048.01,Cheque,INV-003990,Bank Settlement from Kalaivani Hardware & Paints
CSH-004474,2026-06-18,BR-01,INFLOW,Customer Payment,3717.0,Cash,INV-003991,Receipt from Murugan Auto Garage & Works
CSH-004475,2026-07-09,BR-02,INFLOW,Customer Payment,49269.96,NEFT / Bank Transfer,INV-003992,Bank Settlement from Cauvery Engineering Contractors
CSH-004476,2026-08-24,BR-03,INFLOW,Customer Payment,3174.2,UPI,INV-003993,Bank Settlement from Rangasamy Electrician Workshop
CSH-004477,2026-07-03,BR-01,INFLOW,Customer Payment,194.7,RTGS,INV-003994,Bank Settlement from Apex Manufacturing Solutions
CSH-004478,2026-07-16,BR-01,INFLOW,Customer Payment,266.68,NEFT / Bank Transfer,INV-003995,Bank Settlement from Poompuhar Handicrafts Store
CSH-004479,2026-06-19,BR-02,INFLOW,Customer Payment,597.79,UPI,INV-003996,Receipt from Dr. Arvind Rao Dental Clinic
CSH-004480,2026-08-10,BR-02,INFLOW,Customer Payment,29216.8,NEFT / Bank Transfer,INV-003997,Bank Settlement from Gowda Electrical Repairs
CSH-004481,2026-07-10,BR-01,INFLOW,Customer Payment,238.83,NEFT / Bank Transfer,INV-003998,Bank Settlement from Metro Supermarket Tambaram
CSH-004482,2026-07-17,BR-02,INFLOW,Customer Payment,248866.01,UPI,INV-003999,Bank Settlement from Sri Venkateshwara Hardware & Electricals
CSH-004483,2026-06-26,BR-03,INFLOW,Customer Payment,666.7,UPI,INV-004000,Bank Settlement from Rangasamy Electrician Workshop
CSH-004484,2026-07-15,BR-03,INFLOW,Customer Payment,136639.28,UPI,INV-004001,Bank Settlement from Marutham Electrical & Power Agency
CSH-004485,2026-06-20,BR-01,INFLOW,Customer Payment,468.22,Cash,INV-004002,Receipt from Murugan Auto Garage & Works
CSH-004486,2026-08-13,BR-02,INFLOW,Customer Payment,1548.4,Cheque,INV-004003,Bank Settlement from Silicon Valley PG Hostel Chain
CSH-004487,2026-07-24,BR-03,INFLOW,Customer Payment,24890.92,NEFT / Bank Transfer,INV-004004,Bank Settlement from Kongu Builders & Real Estate
CSH-004488,2026-06-21,BR-03,OUTFLOW,Staff Refreshments & Tea,569.92,Petty Cash,EXP-000484,Operational expense
CSH-004489,2026-07-08,BR-01,INFLOW,Customer Payment,20949.25,Cheque,INV-004005,Bank Settlement from Sri Ramakrishna Builders & Infra
CSH-004490,2026-07-15,BR-01,INFLOW,Customer Payment,1882.1,NEFT / Bank Transfer,INV-004006,Bank Settlement from Poompuhar Handicrafts Store
CSH-004491,2026-06-22,BR-01,INFLOW,Customer Payment,499.38,Cash,INV-004007,Receipt from Mohammed Riyaz (Home Renovation)
CSH-004492,2026-07-16,BR-01,INFLOW,Customer Payment,3852.7,NEFT / Bank Transfer,INV-004008,Bank Settlement from Poompuhar Handicrafts Store
CSH-004493,2026-07-13,BR-01,INFLOW,Customer Payment,13947.6,RTGS,INV-004009,Bank Settlement from Srinivasan & Sons Contractor
CSH-004494,2026-07-05,BR-02,INFLOW,Customer Payment,4157.14,NEFT / Bank Transfer,INV-004010,Bank Settlement from Gowda Electrical Repairs
CSH-004495,2026-07-08,BR-03,INFLOW,Customer Payment,379.96,UPI,INV-004011,Bank Settlement from Annamalai Agro Processing Unit
CSH-004496,2026-06-23,BR-02,INFLOW,Customer Payment,3717.0,Credit Card,INV-004012,Receipt from Suresh Babu (Villa Construction)
CSH-004497,2026-06-23,BR-02,OUTFLOW,Minor Maintenance & Repair,2174.41,Petty Cash,EXP-000485,Operational expense
CSH-004498,2026-07-14,BR-01,INFLOW,Customer Payment,67248.2,UPI,INV-004013,Bank Settlement from Sri Ramakrishna Builders & Infra
CSH-004499,2026-07-18,BR-01,INFLOW,Customer Payment,39415.54,Cheque,INV-004014,Bank Settlement from Kalam Brothers Electrical Store
CSH-004500,2026-06-24,BR-02,INFLOW,Customer Payment,918.75,Cash,INV-004015,Receipt from Nandini Milk Parlour & Mart
CSH-004501,2026-09-21,BR-03,INFLOW,Customer Payment,169394.43,Cheque,INV-004016,Bank Settlement from Kongu Builders & Real Estate
CSH-004502,2026-07-10,BR-01,INFLOW,Customer Payment,73376.88,UPI,INV-004017,Bank Settlement from Sri Ramakrishna Builders & Infra
CSH-004503,2026-07-13,BR-02,INFLOW,Customer Payment,67202.42,UPI,INV-004018,Bank Settlement from Raghavendra Infrastructure Developers
CSH-004504,2026-08-04,BR-01,INFLOW,Customer Payment,57100.2,RTGS,INV-004019,Bank Settlement from Balaji Electrical Contractors
CSH-004505,2026-07-01,BR-02,INFLOW,Customer Payment,27091.86,UPI,INV-004020,Bank Settlement from Raghavendra Infrastructure Developers
CSH-004506,2026-07-13,BR-01,INFLOW,Customer Payment,607.94,NEFT / Bank Transfer,INV-004021,Bank Settlement from Vels Vidyashram School Campus
CSH-004507,2026-07-23,BR-03,INFLOW,Customer Payment,3044.4,RTGS,INV-004022,Bank Settlement from Kovai Textile Mills Facility Team
CSH-004508,2026-07-03,BR-01,INFLOW,Customer Payment,188653.68,NEFT / Bank Transfer,INV-004023,Bank Settlement from Kalaivani Hardware & Paints
CSH-004509,2026-07-11,BR-01,INFLOW,Customer Payment,249584.63,NEFT / Bank Transfer,INV-004024,Bank Settlement from Global Smart Solutions (P) Ltd
CSH-004510,2026-08-13,BR-01,INFLOW,Customer Payment,172355.28,RTGS,INV-004025,Bank Settlement from Kalam Brothers Electrical Store
CSH-004511,2026-09-14,BR-01,INFLOW,Customer Payment,53503.56,UPI,INV-004026,Bank Settlement from Sri Ramakrishna Builders & Infra
CSH-004512,2026-07-17,BR-01,INFLOW,Customer Payment,63971.34,RTGS,INV-004027,Bank Settlement from Balaji Electrical Contractors
CSH-004513,2026-06-26,BR-02,OUTFLOW,Office Supplies & Printing,1426.33,Petty Cash,EXP-000486,Operational expense
CSH-004514,2026-09-29,BR-01,INFLOW,Customer Payment,76148.23,Cheque,INV-004028,Bank Settlement from Devi Agency & Lighting Store
CSH-004515,2026-07-16,BR-01,INFLOW,Customer Payment,260.54,UPI,INV-004029,Bank Settlement from Metro Supermarket Tambaram
CSH-004516,2026-08-17,BR-01,INFLOW,Customer Payment,70682.0,UPI,INV-004030,Bank Settlement from Balaji Electrical Contractors
CSH-004517,2026-06-27,BR-01,INFLOW,Customer Payment,379.96,Cash,INV-004031,Receipt from Murugan Auto Garage & Works
CSH-004518,2026-06-29,BR-02,INFLOW,Customer Payment,4466.06,Cash,INV-004032,Receipt from Nandini Milk Parlour & Mart
CSH-004519,2026-07-14,BR-02,INFLOW,Customer Payment,3095.38,NEFT / Bank Transfer,INV-004033,Bank Settlement from Brigade Vista Apartment Owners Assn
CSH-004520,2026-07-23,BR-03,INFLOW,Customer Payment,168912.28,UPI,INV-004034,Bank Settlement from Velan Pump & Motor Spares Store
CSH-004521,2026-06-29,BR-01,INFLOW,Customer Payment,1286.2,UPI,INV-004035,Receipt from Lakshmi Vilas Sweets & Bakery
CSH-004522,2026-07-08,BR-03,INFLOW,Customer Payment,13393.0,RTGS,INV-004036,Bank Settlement from Kovai Textile Mills Facility Team
CSH-004523,2026-06-30,BR-02,INFLOW,Customer Payment,543.74,Cash,INV-004037,Receipt from Nandini Milk Parlour & Mart
CSH-004524,2026-06-30,BR-01,INFLOW,Customer Payment,1688.34,Credit Card,INV-004038,Receipt from Karthik Residential Apartment Owner
CSH-004525,2026-07-17,BR-01,INFLOW,Customer Payment,19411.0,NEFT / Bank Transfer,INV-004039,Bank Settlement from Selvam Electrician Services
CSH-004526,2026-08-17,BR-01,INFLOW,Customer Payment,5876.4,NEFT / Bank Transfer,INV-004040,Bank Settlement from TechPark Facility Maintenance Team
CSH-004527,2026-07-14,BR-02,INFLOW,Customer Payment,4676.34,UPI,INV-004041,Bank Settlement from Raghavendra Infrastructure Developers
CSH-004528,2026-09-17,BR-02,INFLOW,Customer Payment,33161.78,RTGS,INV-004042,Bank Settlement from Raghavendra Infrastructure Developers
CSH-004529,2026-07-08,BR-03,INFLOW,Customer Payment,260.54,UPI,INV-004043,Bank Settlement from Sri Krishna Engineering College Hostel
CSH-004530,2026-07-31,BR-01,INFLOW,Customer Payment,278.24,Cheque,INV-004044,Bank Settlement from Royal Comfort Residency Hotel
CSH-004531,2026-07-18,BR-02,INFLOW,Customer Payment,2275.04,RTGS,INV-004045,Bank Settlement from Silicon Valley PG Hostel Chain
CSH-004532,2026-07-23,BR-01,INFLOW,Customer Payment,488.52,UPI,INV-004046,Bank Settlement from Apex Manufacturing Solutions
CSH-004533,2026-07-01,BR-01,OUTFLOW,Showroom Rent,75000.0,Bank Transfer,EXP-000487,Rent for Vidyut Central Hub & Showroom
CSH-004534,2026-07-01,BR-02,OUTFLOW,Showroom Rent,45000.0,Bank Transfer,EXP-000488,Rent for Vidyut Electronic City Retail Branch
CSH-004535,2026-07-01,BR-03,OUTFLOW,Showroom Rent,35000.0,Bank Transfer,EXP-000489,Rent for Vidyut Coimbatore Townhall Branch
CSH-004536,2026-07-22,BR-01,INFLOW,Customer Payment,205073.38,NEFT / Bank Transfer,INV-004047,Bank Settlement from Devi Agency & Lighting Store
CSH-004537,2026-07-14,BR-03,INFLOW,Customer Payment,24336.32,UPI,INV-004048,Bank Settlement from Mani Bros Electricals (Mani)
CSH-004538,2026-09-10,BR-03,INFLOW,Customer Payment,6315.36,Cheque,INV-004049,Bank Settlement from Sri Krishna Engineering College Hostel
CSH-004539,2026-07-16,BR-01,INFLOW,Customer Payment,232644.55,RTGS,INV-004050,Bank Settlement from Devi Agency & Lighting Store
CSH-004540,2026-07-21,BR-01,INFLOW,Customer Payment,172281.18,Cheque,INV-004051,Bank Settlement from Global Smart Solutions (P) Ltd
CSH-004541,2026-08-05,BR-01,INFLOW,Customer Payment,159724.8,RTGS,INV-004052,Bank Settlement from Kalam Brothers Electrical Store
CSH-004542,2026-08-14,BR-01,INFLOW,Customer Payment,291894.24,NEFT / Bank Transfer,INV-004053,Bank Settlement from Kalam Brothers Electrical Store
CSH-004543,2026-07-22,BR-01,INFLOW,Customer Payment,43724.19,Cheque,INV-004054,Bank Settlement from Global Smart Solutions (P) Ltd
CSH-004544,2026-08-10,BR-02,INFLOW,Customer Payment,7469.4,UPI,INV-004055,Bank Settlement from Manjunatha Electrical Works
CSH-004545,2026-08-21,BR-01,INFLOW,Customer Payment,5640.4,NEFT / Bank Transfer,INV-004056,Bank Settlement from TechPark Facility Maintenance Team
CSH-004546,2026-07-13,BR-01,INFLOW,Customer Payment,178218.47,NEFT / Bank Transfer,INV-004057,Bank Settlement from Devi Agency & Lighting Store
CSH-004547,2026-07-26,BR-02,INFLOW,Customer Payment,4331.54,RTGS,INV-004058,Bank Settlement from Brigade Vista Apartment Owners Assn
CSH-004548,2026-07-03,BR-03,OUTFLOW,Minor Maintenance & Repair,1942.81,Petty Cash,EXP-000490,Operational expense
CSH-004549,2026-07-04,BR-02,INFLOW,Customer Payment,8707.22,Cash,INV-004059,Receipt from Nandini Milk Parlour & Mart
CSH-004550,2026-07-04,BR-01,INFLOW,Customer Payment,76.7,Credit Card,INV-004060,Receipt from Karthik Residential Apartment Owner
CSH-004551,2026-07-04,BR-02,INFLOW,Customer Payment,9162.7,Credit Card,INV-004061,Receipt from Suresh Babu (Villa Construction)
CSH-004552,2026-08-07,BR-01,INFLOW,Customer Payment,81.42,RTGS,INV-004062,Bank Settlement from Royal Comfort Residency Hotel
CSH-004553,2026-07-21,BR-01,INFLOW,Customer Payment,76.7,Cheque,INV-004063,Bank Settlement from Vels Vidyashram School Campus
CSH-004554,2026-07-04,BR-03,INFLOW,Customer Payment,663.16,UPI,INV-004064,Receipt from Ramachandran (Individual House Owner)
CSH-004555,2026-07-04,BR-03,INFLOW,Customer Payment,8619.9,UPI,INV-004065,Receipt from Ramachandran (Individual House Owner)
CSH-004556,2026-07-05,BR-01,OUTFLOW,Payroll Salaries,160000.0,Bank Transfer,EXP-000491,Salary Payout BR-01
CSH-004557,2026-07-05,BR-02,OUTFLOW,Payroll Salaries,96000.0,Bank Transfer,EXP-000492,Salary Payout BR-02
CSH-004558,2026-07-05,BR-03,OUTFLOW,Payroll Salaries,96000.0,Bank Transfer,EXP-000493,Salary Payout BR-03
CSH-004559,2026-09-17,BR-02,INFLOW,Customer Payment,13604.92,RTGS,INV-004066,Bank Settlement from Manjunatha Electrical Works
CSH-004560,2026-07-21,BR-01,INFLOW,Customer Payment,283.2,UPI,INV-004067,Bank Settlement from Royal Comfort Residency Hotel
CSH-004561,2026-07-29,BR-01,INFLOW,Customer Payment,488.52,NEFT / Bank Transfer,INV-004068,Bank Settlement from Metro Supermarket Tambaram
CSH-004562,2026-08-03,BR-03,INFLOW,Customer Payment,1079.7,NEFT / Bank Transfer,INV-004069,Bank Settlement from Sundaram Hospital Maintenance
CSH-004563,2026-07-14,BR-03,INFLOW,Customer Payment,3339.4,NEFT / Bank Transfer,INV-004070,Bank Settlement from Sundaram Hospital Maintenance
CSH-004564,2026-07-25,BR-01,INFLOW,Customer Payment,977.04,RTGS,INV-004071,Bank Settlement from TechPark Facility Maintenance Team
CSH-004565,2026-07-23,BR-01,INFLOW,Customer Payment,1863.22,Cheque,INV-004072,Bank Settlement from Vels Vidyashram School Campus
CSH-004566,2026-08-11,BR-02,INFLOW,Customer Payment,18375.2,Cheque,INV-004073,Bank Settlement from Raghavendra Infrastructure Developers
CSH-004567,2026-07-18,BR-01,INFLOW,Customer Payment,43603.83,NEFT / Bank Transfer,INV-004074,Bank Settlement from Kalaivani Hardware & Paints
CSH-004568,2026-07-27,BR-02,INFLOW,Customer Payment,251123.59,Cheque,INV-004075,Bank Settlement from Sri Venkateshwara Hardware & Electricals
CSH-004569,2026-07-07,BR-02,INFLOW,Customer Payment,4613.8,UPI,INV-004076,Receipt from Dr. Arvind Rao Dental Clinic
CSH-004570,2026-09-17,BR-01,INFLOW,Customer Payment,442.5,UPI,INV-004077,Bank Settlement from Poompuhar Handicrafts Store
CSH-004571,2026-07-23,BR-01,INFLOW,Customer Payment,54796.37,UPI,INV-004078,Bank Settlement from Victory Housing Projects Phase 2
CSH-004572,2026-07-07,BR-01,OUTFLOW,Vehicle Fuel & Freight,616.85,Petty Cash,EXP-000494,Operational expense
CSH-004573,2026-08-22,BR-01,INFLOW,Customer Payment,146639.54,UPI,INV-004080,Bank Settlement from Victory Housing Projects Phase 2
CSH-004574,2026-07-31,BR-03,INFLOW,Customer Payment,1428.98,Cheque,INV-004081,Bank Settlement from Annamalai Agro Processing Unit
CSH-004575,2026-07-08,BR-01,INFLOW,Customer Payment,189.98,UPI,INV-004082,Receipt from Lakshmi Vilas Sweets & Bakery
CSH-004576,2026-07-24,BR-01,INFLOW,Customer Payment,654.9,Cheque,INV-004083,Bank Settlement from Royal Comfort Residency Hotel
CSH-004577,2026-07-16,BR-03,INFLOW,Customer Payment,63013.18,Cheque,INV-004084,Bank Settlement from Kongu Builders & Real Estate
CSH-004578,2026-08-21,BR-01,INFLOW,Customer Payment,5030.81,UPI,INV-004085,Bank Settlement from Saravana Electric Works (Govindaraj)
CSH-004579,2026-07-08,BR-02,OUTFLOW,Staff Refreshments & Tea,1563.05,Petty Cash,EXP-000495,Operational expense
CSH-004580,2026-07-09,BR-01,INFLOW,Customer Payment,1159.0,UPI,INV-004086,Receipt from Lakshmi Vilas Sweets & Bakery
CSH-004581,2026-07-25,BR-02,INFLOW,Customer Payment,111619.98,UPI,INV-004087,Bank Settlement from Raghavendra Infrastructure Developers
CSH-004582,2026-07-17,BR-03,INFLOW,Customer Payment,17770.09,RTGS,INV-004088,Bank Settlement from Marutham Electrical & Power Agency
CSH-004583,2026-08-25,BR-01,INFLOW,Customer Payment,424.8,UPI,INV-004089,Bank Settlement from Metro Supermarket Tambaram
CSH-004584,2026-07-24,BR-01,INFLOW,Customer Payment,56230.78,RTGS,INV-004090,Bank Settlement from Global Smart Solutions (P) Ltd
CSH-004585,2026-07-09,BR-01,OUTFLOW,Vehicle Fuel & Freight,635.3,Petty Cash,EXP-000496,Operational expense
CSH-004586,2026-07-17,BR-02,INFLOW,Customer Payment,8708.4,RTGS,INV-004091,Bank Settlement from Manjunatha Electrical Works
CSH-004587,2026-08-08,BR-02,INFLOW,Customer Payment,3197.8,UPI,INV-004092,Bank Settlement from InnoTech Coworking Hub
CSH-004588,2026-07-21,BR-03,INFLOW,Customer Payment,47721.8,UPI,INV-004093,Bank Settlement from Velan Pump & Motor Spares Store
CSH-004589,2026-07-10,BR-01,OUTFLOW,Electricity Bill,15417.08,Online Banking,EXP-000497,Utility Payment
CSH-004590,2026-07-10,BR-02,OUTFLOW,Electricity Bill,12515.21,Online Banking,EXP-000498,Utility Payment
CSH-004591,2026-07-10,BR-03,OUTFLOW,Electricity Bill,13537.33,Online Banking,EXP-000499,Utility Payment
CSH-004592,2026-07-10,BR-01,OUTFLOW,Staff Refreshments & Tea,717.04,Petty Cash,EXP-000500,Operational expense
CSH-004593,2026-08-14,BR-03,INFLOW,Customer Payment,8425.2,NEFT / Bank Transfer,INV-004094,Bank Settlement from Sundaram Hospital Maintenance
CSH-004594,2026-08-14,BR-01,INFLOW,Customer Payment,85842.17,RTGS,INV-004095,Bank Settlement from Global Smart Solutions (P) Ltd
CSH-004595,2026-08-08,BR-03,INFLOW,Customer Payment,40469.28,RTGS,INV-004096,Bank Settlement from Kongu Builders & Real Estate
CSH-004596,2026-08-04,BR-02,INFLOW,Customer Payment,17036.84,UPI,INV-004097,Bank Settlement from Gowda Electrical Repairs
CSH-004597,2026-09-01,BR-01,INFLOW,Customer Payment,212808.04,RTGS,INV-004098,Bank Settlement from Balaji Electrical Contractors
CSH-004598,2026-07-11,BR-01,INFLOW,Customer Payment,1357.0,UPI,INV-004099,Receipt from Lakshmi Vilas Sweets & Bakery
CSH-004599,2026-07-11,BR-03,INFLOW,Customer Payment,2992.24,Cash,INV-004100,Receipt from Karthika Departmental Store
CSH-004600,2026-07-11,BR-03,OUTFLOW,Minor Maintenance & Repair,1199.84,Petty Cash,EXP-000501,Operational expense
CSH-004601,2026-07-19,BR-02,INFLOW,Customer Payment,2002.46,UPI,INV-004101,Bank Settlement from Gowda Electrical Repairs
CSH-004602,2026-07-25,BR-01,INFLOW,Customer Payment,21515.88,UPI,INV-004102,Bank Settlement from Saravana Electric Works (Govindaraj)
CSH-004603,2026-07-30,BR-01,INFLOW,Customer Payment,326175.6,NEFT / Bank Transfer,INV-004103,Bank Settlement from Kalam Brothers Electrical Store
CSH-004604,2026-07-13,BR-02,INFLOW,Customer Payment,5074.0,UPI,INV-004104,Receipt from Dr. Arvind Rao Dental Clinic
CSH-004605,2026-07-13,BR-01,INFLOW,Customer Payment,462.8,Cash,INV-004105,Receipt from Siva Shankaran (Individual Home)
CSH-004606,2026-07-27,BR-03,INFLOW,Customer Payment,521.09,RTGS,INV-004106,Bank Settlement from Annamalai Agro Processing Unit
CSH-004607,2026-07-13,BR-01,INFLOW,Customer Payment,1325.14,UPI,INV-004107,Receipt from Lakshmi Vilas Sweets & Bakery
CSH-004608,2026-07-29,BR-01,INFLOW,Customer Payment,597.79,NEFT / Bank Transfer,INV-004108,Bank Settlement from TechPark Facility Maintenance Team
CSH-004609,2026-07-14,BR-02,INFLOW,Customer Payment,1239.0,Cash,INV-004109,Receipt from Nandini Milk Parlour & Mart
CSH-004610,2026-08-05,BR-01,INFLOW,Customer Payment,7397.42,Cheque,INV-004110,Bank Settlement from Saravana Electric Works (Govindaraj)
CSH-004611,2026-07-21,BR-01,INFLOW,Customer Payment,96584.18,NEFT / Bank Transfer,INV-004111,Bank Settlement from Victory Housing Projects Phase 2
CSH-004612,2026-07-20,BR-03,INFLOW,Customer Payment,271.4,UPI,INV-004112,Bank Settlement from Kovai Elite Residency Hotel
CSH-004613,2026-07-14,BR-03,INFLOW,Customer Payment,238.83,Cash,INV-004113,Receipt from Karthika Departmental Store
CSH-004614,2026-08-21,BR-03,INFLOW,Customer Payment,28210.26,Cheque,INV-004114,Bank Settlement from Mani Bros Electricals (Mani)
CSH-004615,2026-07-14,BR-01,INFLOW,Customer Payment,337.24,UPI,INV-004115,Receipt from Lakshmi Vilas Sweets & Bakery
CSH-004616,2026-07-26,BR-03,INFLOW,Customer Payment,461.38,RTGS,INV-004116,Bank Settlement from Kovai Elite Residency Hotel
CSH-004617,2026-08-27,BR-02,INFLOW,Customer Payment,9823.5,UPI,INV-004117,Bank Settlement from Gowda Electrical Repairs
CSH-004618,2026-08-30,BR-01,INFLOW,Customer Payment,14030.67,NEFT / Bank Transfer,INV-004118,Bank Settlement from Srinivasan & Sons Contractor
CSH-004619,2026-08-01,BR-01,INFLOW,Customer Payment,53733.66,UPI,INV-004120,Bank Settlement from Victory Housing Projects Phase 2
CSH-004620,2026-07-29,BR-01,INFLOW,Customer Payment,977.04,NEFT / Bank Transfer,INV-004121,Bank Settlement from TechPark Facility Maintenance Team
CSH-004621,2026-07-15,BR-02,INFLOW,Customer Payment,7129.09,Cash,INV-004122,Receipt from Nandini Milk Parlour & Mart
CSH-004622,2026-08-14,BR-01,INFLOW,Customer Payment,1428.98,UPI,INV-004123,Bank Settlement from Poompuhar Handicrafts Store
CSH-004623,2026-07-16,BR-02,INFLOW,Customer Payment,867.3,Cash,INV-004124,Receipt from Nandini Milk Parlour & Mart
CSH-004624,2026-07-16,BR-02,INFLOW,Customer Payment,521.09,UPI,INV-004125,Receipt from Dr. Arvind Rao Dental Clinic
CSH-004625,2026-07-16,BR-01,INFLOW,Customer Payment,488.52,Credit Card,INV-004126,Receipt from Karthik Residential Apartment Owner
CSH-004626,2026-07-16,BR-03,OUTFLOW,Staff Refreshments & Tea,2296.78,Petty Cash,EXP-000502,Operational expense
CSH-004627,2026-08-19,BR-02,INFLOW,Customer Payment,28092.26,RTGS,INV-004127,Bank Settlement from Gowda Electrical Repairs
CSH-004628,2026-07-17,BR-01,INFLOW,Customer Payment,708.0,Credit Card,INV-004128,Receipt from Karthik Residential Apartment Owner
CSH-004629,2026-08-13,BR-01,INFLOW,Customer Payment,1558.54,Cheque,INV-004129,Bank Settlement from Poompuhar Handicrafts Store
CSH-004630,2026-08-13,BR-03,INFLOW,Customer Payment,238.83,RTGS,INV-004130,Bank Settlement from Kovai Elite Residency Hotel
CSH-004631,2026-07-17,BR-03,OUTFLOW,Vehicle Fuel & Freight,1903.97,Petty Cash,EXP-000503,Operational expense
CSH-004632,2026-08-07,BR-03,INFLOW,Customer Payment,1229.09,UPI,INV-004131,Bank Settlement from Sri Krishna Engineering College Hostel
CSH-004633,2026-08-09,BR-01,INFLOW,Customer Payment,19124.02,UPI,INV-004132,Bank Settlement from Victory Housing Projects Phase 2
CSH-004634,2026-08-14,BR-03,INFLOW,Customer Payment,632.48,NEFT / Bank Transfer,INV-004133,Bank Settlement from Annamalai Agro Processing Unit
CSH-004635,2026-07-25,BR-03,INFLOW,Customer Payment,65814.26,NEFT / Bank Transfer,INV-004134,Bank Settlement from Marutham Electrical & Power Agency
CSH-004636,2026-08-16,BR-01,INFLOW,Customer Payment,17395.56,UPI,INV-004135,Bank Settlement from Victory Housing Projects Phase 2
CSH-004637,2026-09-03,BR-01,INFLOW,Customer Payment,3405.48,RTGS,INV-004136,Bank Settlement from Apex Manufacturing Solutions
CSH-004638,2026-07-19,BR-02,OUTFLOW,Vehicle Fuel & Freight,609.64,Petty Cash,EXP-000504,Operational expense
CSH-004639,2026-08-10,BR-02,INFLOW,Customer Payment,16263.94,UPI,INV-004137,Bank Settlement from Urban Spaces Interior Studio
CSH-004640,2026-09-27,BR-03,INFLOW,Customer Payment,424.8,UPI,INV-004138,Bank Settlement from Kovai Elite Residency Hotel
CSH-004641,2026-08-11,BR-03,INFLOW,Customer Payment,1197.7,UPI,INV-004139,Bank Settlement from Sundaram Hospital Maintenance
CSH-004642,2026-07-28,BR-01,INFLOW,Customer Payment,131933.44,UPI,INV-004140,Bank Settlement from Kalaivani Hardware & Paints
CSH-004643,2026-08-20,BR-03,INFLOW,Customer Payment,501.5,NEFT / Bank Transfer,INV-004141,Bank Settlement from Kovai Elite Residency Hotel
CSH-004644,2026-08-08,BR-03,INFLOW,Customer Payment,424.8,RTGS,INV-004142,Bank Settlement from Annamalai Agro Processing Unit
CSH-004645,2026-07-20,BR-03,OUTFLOW,Staff Refreshments & Tea,2135.29,Petty Cash,EXP-000505,Operational expense
CSH-004646,2026-07-26,BR-03,INFLOW,Customer Payment,357.54,Cheque,INV-004143,Bank Settlement from Sundaram Hospital Maintenance
CSH-004647,2026-08-10,BR-01,INFLOW,Customer Payment,1628.4,NEFT / Bank Transfer,INV-004144,Bank Settlement from Vels Vidyashram School Campus
CSH-004648,2026-07-21,BR-03,INFLOW,Customer Payment,4071.0,Cash,INV-004145,Receipt from Karthika Departmental Store
CSH-004649,2026-07-22,BR-03,INFLOW,Customer Payment,5829.2,UPI,INV-004146,Receipt from Ramachandran (Individual House Owner)
CSH-004650,2026-09-21,BR-01,INFLOW,Customer Payment,257959.09,RTGS,INV-004147,Bank Settlement from Kalaivani Hardware & Paints
CSH-004651,2026-07-22,BR-01,INFLOW,Customer Payment,4152.42,Cash,INV-004148,Receipt from Mohammed Riyaz (Home Renovation)
CSH-004652,2026-08-30,BR-02,INFLOW,Customer Payment,2078.22,Cheque,INV-004149,Bank Settlement from Brigade Vista Apartment Owners Assn
CSH-004653,2026-09-13,BR-01,INFLOW,Customer Payment,5689.96,UPI,INV-004150,Bank Settlement from Poompuhar Handicrafts Store
CSH-004654,2026-09-08,BR-03,INFLOW,Customer Payment,4106.4,NEFT / Bank Transfer,INV-004151,Bank Settlement from Rangasamy Electrician Workshop
CSH-004655,2026-08-05,BR-03,INFLOW,Customer Payment,3197.8,Cheque,INV-004152,Bank Settlement from Annamalai Agro Processing Unit
CSH-004656,2026-07-23,BR-01,INFLOW,Customer Payment,660.8,UPI,INV-004153,Receipt from Dr. Priya Sundaram (Home Clinic)
CSH-004657,2026-09-24,BR-01,INFLOW,Customer Payment,61964.4,Cheque,INV-004154,Bank Settlement from Balaji Electrical Contractors
CSH-004658,2026-07-23,BR-03,INFLOW,Customer Payment,543.74,Cash,INV-004155,Receipt from Karthika Departmental Store
CSH-004659,2026-07-23,BR-01,INFLOW,Customer Payment,379.96,Cash,INV-004156,Receipt from Siva Shankaran (Individual Home)
CSH-004660,2026-07-23,BR-01,INFLOW,Customer Payment,2478.0,Cash,INV-004157,Receipt from Murugan Auto Garage & Works
CSH-004661,2026-09-14,BR-01,INFLOW,Customer Payment,330.4,UPI,INV-004158,Bank Settlement from Poompuhar Handicrafts Store
CSH-004662,2026-08-10,BR-01,INFLOW,Customer Payment,8219.88,NEFT / Bank Transfer,INV-004159,Bank Settlement from Saravana Electric Works (Govindaraj)
CSH-004663,2026-08-05,BR-01,INFLOW,Customer Payment,4348.3,NEFT / Bank Transfer,INV-004160,Bank Settlement from Saravana Electric Works (Govindaraj)
CSH-004664,2026-08-08,BR-01,INFLOW,Customer Payment,33222.9,UPI,INV-004161,Bank Settlement from Kalam Brothers Electrical Store
CSH-004665,2026-08-16,BR-03,INFLOW,Customer Payment,194.7,NEFT / Bank Transfer,INV-004162,Bank Settlement from Annamalai Agro Processing Unit
CSH-004666,2026-08-29,BR-01,INFLOW,Customer Payment,58325.04,RTGS,INV-004163,Bank Settlement from Victory Housing Projects Phase 2
CSH-004667,2026-07-24,BR-01,INFLOW,Customer Payment,3056.2,Credit Card,INV-004164,Receipt from Karthik Residential Apartment Owner
CSH-004668,2026-09-24,BR-02,INFLOW,Customer Payment,4419.1,Cheque,INV-004165,Bank Settlement from Silicon Valley PG Hostel Chain
CSH-004669,2026-08-02,BR-02,INFLOW,Customer Payment,81038.86,Cheque,INV-004166,Bank Settlement from Sri Venkateshwara Hardware & Electricals
CSH-004670,2026-09-15,BR-03,INFLOW,Customer Payment,619.5,RTGS,INV-004167,Bank Settlement from Sri Krishna Engineering College Hostel
CSH-004671,2026-08-03,BR-01,INFLOW,Customer Payment,8218.7,RTGS,INV-004168,Bank Settlement from Poompuhar Handicrafts Store
CSH-004672,2026-08-15,BR-03,INFLOW,Customer Payment,5472.84,RTGS,INV-004169,Bank Settlement from Kovai Elite Residency Hotel
CSH-004673,2026-08-24,BR-01,INFLOW,Customer Payment,60006.78,UPI,INV-004170,Bank Settlement from Sri Ramakrishna Builders & Infra
CSH-004674,2026-09-09,BR-02,INFLOW,Customer Payment,9628.56,RTGS,INV-004171,Bank Settlement from Urban Spaces Interior Studio
CSH-004675,2026-08-19,BR-01,INFLOW,Customer Payment,6077.0,NEFT / Bank Transfer,INV-004172,Bank Settlement from Metro Supermarket Tambaram
CSH-004676,2026-08-18,BR-02,INFLOW,Customer Payment,18998.0,UPI,INV-004173,Bank Settlement from Gowda Electrical Repairs
CSH-004677,2026-08-02,BR-02,INFLOW,Customer Payment,9227.6,UPI,INV-004174,Bank Settlement from Manjunatha Electrical Works
CSH-004678,2026-08-19,BR-01,INFLOW,Customer Payment,49204.82,UPI,INV-004175,Bank Settlement from Sri Ramakrishna Builders & Infra
CSH-004679,2026-08-10,BR-01,INFLOW,Customer Payment,364.62,Cheque,INV-004178,Bank Settlement from Royal Comfort Residency Hotel
CSH-004680,2026-08-27,BR-03,INFLOW,Customer Payment,726.64,UPI,INV-004179,Bank Settlement from Kovai Textile Mills Facility Team
CSH-004681,2026-08-03,BR-01,INFLOW,Customer Payment,4336.5,UPI,INV-004180,Bank Settlement from Selvam Electrician Services
CSH-004682,2026-07-27,BR-01,OUTFLOW,Vehicle Fuel & Freight,1940.55,Petty Cash,EXP-000506,Operational expense
CSH-004683,2026-08-21,BR-01,INFLOW,Customer Payment,65517.38,NEFT / Bank Transfer,INV-004183,Bank Settlement from Balaji Electrical Contractors
CSH-004684,2026-07-28,BR-03,INFLOW,Customer Payment,162.84,Cash,INV-004184,Receipt from Karthika Departmental Store
CSH-004685,2026-08-29,BR-01,INFLOW,Customer Payment,51890.74,Cheque,INV-004185,Bank Settlement from Srinivasan & Sons Contractor
CSH-004686,2026-07-29,BR-02,INFLOW,Customer Payment,5015.0,Cash,INV-004186,Receipt from Nandini Milk Parlour & Mart
CSH-004687,2026-07-29,BR-01,INFLOW,Customer Payment,283.2,Cash,INV-004187,Receipt from Mohammed Riyaz (Home Renovation)
CSH-004688,2026-08-17,BR-01,INFLOW,Customer Payment,57896.7,RTGS,INV-004188,Bank Settlement from Victory Housing Projects Phase 2
CSH-004689,2026-09-21,BR-03,INFLOW,Customer Payment,574.66,Cheque,INV-004189,Bank Settlement from Kovai Textile Mills Facility Team
CSH-004690,2026-08-19,BR-01,INFLOW,Customer Payment,189.98,NEFT / Bank Transfer,INV-004190,Bank Settlement from TechPark Facility Maintenance Team
CSH-004691,2026-09-01,BR-03,INFLOW,Customer Payment,84964.72,RTGS,INV-004191,Bank Settlement from Kongu Builders & Real Estate
CSH-004692,2026-08-20,BR-02,INFLOW,Customer Payment,58443.51,Cheque,INV-004192,Bank Settlement from Urban Spaces Interior Studio
CSH-004693,2026-08-10,BR-02,INFLOW,Customer Payment,5622.7,RTGS,INV-004193,Bank Settlement from Brigade Vista Apartment Owners Assn
CSH-004694,2026-08-19,BR-02,INFLOW,Customer Payment,101685.56,Cheque,INV-004194,Bank Settlement from Urban Spaces Interior Studio
CSH-004695,2026-08-30,BR-01,INFLOW,Customer Payment,13378.6,Cheque,INV-004195,Bank Settlement from Global Smart Solutions (P) Ltd
CSH-004696,2026-08-11,BR-03,INFLOW,Customer Payment,160871.76,Cheque,INV-004196,Bank Settlement from Marutham Electrical & Power Agency
CSH-004697,2026-08-23,BR-03,INFLOW,Customer Payment,62443.24,RTGS,INV-004197,Bank Settlement from Kongu Builders & Real Estate
CSH-004698,2026-07-31,BR-02,INFLOW,Customer Payment,1898.38,Cash,INV-004198,Receipt from Nandini Milk Parlour & Mart
CSH-004699,2026-08-13,BR-02,INFLOW,Customer Payment,153027.6,Cheque,INV-004199,Bank Settlement from Sri Venkateshwara Hardware & Electricals
CSH-004700,2026-09-06,BR-03,INFLOW,Customer Payment,584.1,RTGS,INV-004200,Bank Settlement from Kovai Elite Residency Hotel
CSH-004701,2026-08-01,BR-01,INFLOW,Customer Payment,3162.4,Cash,INV-004201,Receipt from Murugan Auto Garage & Works
CSH-004702,2026-08-01,BR-01,OUTFLOW,Showroom Rent,75000.0,Bank Transfer,EXP-000507,Rent for Vidyut Central Hub & Showroom
CSH-004703,2026-08-01,BR-02,OUTFLOW,Showroom Rent,45000.0,Bank Transfer,EXP-000508,Rent for Vidyut Electronic City Retail Branch
CSH-004704,2026-08-01,BR-03,OUTFLOW,Showroom Rent,35000.0,Bank Transfer,EXP-000509,Rent for Vidyut Coimbatore Townhall Branch
CSH-004705,2026-08-01,BR-01,OUTFLOW,Staff Refreshments & Tea,1009.15,Petty Cash,EXP-000510,Operational expense
CSH-004706,2026-08-02,BR-01,OUTFLOW,Office Supplies & Printing,454.11,Petty Cash,EXP-000511,Operational expense
CSH-004707,2026-08-03,BR-01,INFLOW,Customer Payment,3678.06,Cash,INV-004202,Receipt from Siva Shankaran (Individual Home)
CSH-004708,2026-09-03,BR-01,INFLOW,Customer Payment,157617.73,UPI,INV-004203,Bank Settlement from Kalam Brothers Electrical Store
CSH-004709,2026-08-03,BR-01,INFLOW,Customer Payment,3224.94,Cash,INV-004204,Receipt from Murugan Auto Garage & Works
CSH-004710,2026-08-16,BR-02,INFLOW,Customer Payment,994.74,UPI,INV-004206,Bank Settlement from Brigade Vista Apartment Owners Assn
CSH-004711,2026-08-03,BR-01,INFLOW,Customer Payment,1593.71,Cash,INV-004207,Receipt from Mohammed Riyaz (Home Renovation)
CSH-004712,2026-08-10,BR-01,INFLOW,Customer Payment,9641.54,UPI,INV-004208,Bank Settlement from Poompuhar Handicrafts Store
CSH-004713,2026-08-20,BR-01,INFLOW,Customer Payment,188290.33,NEFT / Bank Transfer,INV-004209,Bank Settlement from Devi Agency & Lighting Store
CSH-004714,2026-08-04,BR-02,INFLOW,Customer Payment,9503.25,Cash,INV-004210,Receipt from Nandini Milk Parlour & Mart
CSH-004715,2026-09-24,BR-03,INFLOW,Customer Payment,1003.0,Cheque,INV-004211,Bank Settlement from Kovai Elite Residency Hotel
CSH-004716,2026-08-04,BR-01,INFLOW,Customer Payment,2365.43,UPI,INV-004212,Receipt from Lakshmi Vilas Sweets & Bakery
CSH-004717,2026-09-10,BR-02,INFLOW,Customer Payment,3776.0,UPI,INV-004213,Bank Settlement from Gowda Electrical Repairs
CSH-004718,2026-09-10,BR-03,INFLOW,Customer Payment,748.12,NEFT / Bank Transfer,INV-004214,Bank Settlement from Mani Bros Electricals (Mani)
CSH-004719,2026-08-23,BR-03,INFLOW,Customer Payment,3009.0,Cheque,INV-004215,Bank Settlement from Sundaram Hospital Maintenance
CSH-004720,2026-08-10,BR-03,INFLOW,Customer Payment,182744.52,UPI,INV-004216,Bank Settlement from Velan Pump & Motor Spares Store
CSH-004721,2026-08-20,BR-01,INFLOW,Customer Payment,5344.69,RTGS,INV-004217,Bank Settlement from Anbu Electricals (Anbazhagan)
CSH-004722,2026-08-05,BR-01,OUTFLOW,Payroll Salaries,160000.0,Bank Transfer,EXP-000512,Salary Payout BR-01
CSH-004723,2026-08-05,BR-02,OUTFLOW,Payroll Salaries,96000.0,Bank Transfer,EXP-000513,Salary Payout BR-02
CSH-004724,2026-08-05,BR-03,OUTFLOW,Payroll Salaries,96000.0,Bank Transfer,EXP-000514,Salary Payout BR-03
CSH-004725,2026-08-05,BR-01,OUTFLOW,Staff Refreshments & Tea,2019.29,Petty Cash,EXP-000515,Operational expense
CSH-004726,2026-08-06,BR-02,INFLOW,Customer Payment,4602.0,Credit Card,INV-004218,Receipt from Suresh Babu (Villa Construction)
CSH-004727,2026-08-23,BR-01,INFLOW,Customer Payment,4371.9,NEFT / Bank Transfer,INV-004219,Bank Settlement from Royal Comfort Residency Hotel
CSH-004728,2026-09-30,BR-03,INFLOW,Customer Payment,774.08,Cheque,INV-004220,Bank Settlement from Annamalai Agro Processing Unit
CSH-004729,2026-08-06,BR-02,INFLOW,Customer Payment,1263.54,Credit Card,INV-004221,Receipt from Suresh Babu (Villa Construction)
CSH-004730,2026-08-25,BR-02,INFLOW,Customer Payment,41902.04,UPI,INV-004222,Bank Settlement from Urban Spaces Interior Studio
CSH-004731,2026-08-06,BR-02,INFLOW,Customer Payment,2006.0,Credit Card,INV-004223,Receipt from Suresh Babu (Villa Construction)
CSH-004732,2026-09-21,BR-01,INFLOW,Customer Payment,86093.89,UPI,INV-004224,Bank Settlement from Srinivasan & Sons Contractor
CSH-004733,2026-09-23,BR-01,INFLOW,Customer Payment,2537.0,UPI,INV-004225,Bank Settlement from Vels Vidyashram School Campus
CSH-004734,2026-09-07,BR-01,INFLOW,Customer Payment,358.25,NEFT / Bank Transfer,INV-004226,Bank Settlement from Apex Manufacturing Solutions
CSH-004735,2026-08-31,BR-01,INFLOW,Customer Payment,61645.56,NEFT / Bank Transfer,INV-004227,Bank Settlement from Kalam Brothers Electrical Store
CSH-004736,2026-08-13,BR-01,INFLOW,Customer Payment,338263.53,RTGS,INV-004228,Bank Settlement from Victory Housing Projects Phase 2
CSH-004737,2026-09-04,BR-01,INFLOW,Customer Payment,4083.98,RTGS,INV-004229,Bank Settlement from Royal Comfort Residency Hotel
CSH-004738,2026-08-30,BR-01,INFLOW,Customer Payment,51087.65,NEFT / Bank Transfer,INV-004230,Bank Settlement from Global Smart Solutions (P) Ltd
CSH-004739,2026-09-07,BR-03,INFLOW,Customer Payment,330.4,RTGS,INV-004231,Bank Settlement from Annamalai Agro Processing Unit
CSH-004740,2026-09-07,BR-01,INFLOW,Customer Payment,1104.48,UPI,INV-004232,Bank Settlement from Apex Manufacturing Solutions
CSH-004741,2026-08-08,BR-02,OUTFLOW,Office Supplies & Printing,1368.18,Petty Cash,EXP-000516,Operational expense
CSH-004742,2026-08-20,BR-01,INFLOW,Customer Payment,40722.88,UPI,INV-004233,Bank Settlement from Global Smart Solutions (P) Ltd
CSH-004743,2026-08-10,BR-02,INFLOW,Customer Payment,17.7,UPI,INV-004234,Receipt from Dr. Arvind Rao Dental Clinic
CSH-004744,2026-09-03,BR-03,INFLOW,Customer Payment,28508.8,Cheque,INV-004235,Bank Settlement from Rangasamy Electrician Workshop
CSH-004745,2026-08-28,BR-01,INFLOW,Customer Payment,27690.47,Cheque,INV-004236,Bank Settlement from Balaji Electrical Contractors
CSH-004746,2026-08-17,BR-01,INFLOW,Customer Payment,3327.6,RTGS,INV-004237,Bank Settlement from Metro Supermarket Tambaram
CSH-004747,2026-08-31,BR-02,INFLOW,Customer Payment,5318.26,Cheque,INV-004238,Bank Settlement from Silicon Valley PG Hostel Chain
CSH-004748,2026-08-10,BR-01,OUTFLOW,Electricity Bill,15832.09,Online Banking,EXP-000517,Utility Payment
CSH-004749,2026-08-10,BR-02,OUTFLOW,Electricity Bill,8914.89,Online Banking,EXP-000518,Utility Payment
CSH-004750,2026-08-10,BR-03,OUTFLOW,Electricity Bill,11814.39,Online Banking,EXP-000519,Utility Payment
CSH-004751,2026-08-10,BR-01,OUTFLOW,Staff Refreshments & Tea,910.38,Petty Cash,EXP-000520,Operational expense
CSH-004752,2026-09-17,BR-03,INFLOW,Customer Payment,2013.79,NEFT / Bank Transfer,INV-004239,Bank Settlement from Kovai Elite Residency Hotel
CSH-004753,2026-08-20,BR-02,INFLOW,Customer Payment,222254.35,RTGS,INV-004240,Bank Settlement from Urban Spaces Interior Studio
CSH-004754,2026-08-24,BR-01,INFLOW,Customer Payment,52026.44,RTGS,INV-004241,Bank Settlement from Devi Agency & Lighting Store
CSH-004755,2026-09-09,BR-02,INFLOW,Customer Payment,27711.12,Cheque,INV-004242,Bank Settlement from Gowda Electrical Repairs
CSH-004756,2026-08-23,BR-01,INFLOW,Customer Payment,379.96,UPI,INV-004243,Bank Settlement from Apex Manufacturing Solutions
CSH-004757,2026-08-11,BR-02,INFLOW,Customer Payment,1239.0,UPI,INV-004244,Receipt from Dr. Arvind Rao Dental Clinic
CSH-004758,2026-08-25,BR-01,INFLOW,Customer Payment,187540.23,NEFT / Bank Transfer,INV-004245,Bank Settlement from Kalaivani Hardware & Paints
CSH-004759,2026-08-11,BR-03,INFLOW,Customer Payment,4885.2,Cash,INV-004246,Receipt from Karthika Departmental Store
CSH-004760,2026-08-20,BR-03,INFLOW,Customer Payment,205222.86,RTGS,INV-004247,Bank Settlement from Marutham Electrical & Power Agency
CSH-004761,2026-08-26,BR-01,INFLOW,Customer Payment,12496.2,NEFT / Bank Transfer,INV-004248,Bank Settlement from Selvam Electrician Services
CSH-004762,2026-08-12,BR-02,INFLOW,Customer Payment,5463.4,Cash,INV-004249,Receipt from Nandini Milk Parlour & Mart
CSH-004763,2026-09-01,BR-01,INFLOW,Customer Payment,341464.41,NEFT / Bank Transfer,INV-004250,Bank Settlement from Kalaivani Hardware & Paints
CSH-004764,2026-09-08,BR-01,INFLOW,Customer Payment,166397.7,RTGS,INV-004251,Bank Settlement from Devi Agency & Lighting Store
CSH-004765,2026-09-05,BR-02,INFLOW,Customer Payment,28554.67,RTGS,INV-004252,Bank Settlement from Cauvery Engineering Contractors
CSH-004766,2026-09-05,BR-01,INFLOW,Customer Payment,401.67,Cheque,INV-004253,Bank Settlement from Apex Manufacturing Solutions
CSH-004767,2026-08-28,BR-03,INFLOW,Customer Payment,260.54,RTGS,INV-004254,Bank Settlement from Sri Krishna Engineering College Hostel
CSH-004768,2026-08-23,BR-01,INFLOW,Customer Payment,27241.38,NEFT / Bank Transfer,INV-004256,Bank Settlement from Balaji Electrical Contractors
CSH-004769,2026-08-31,BR-02,INFLOW,Customer Payment,101884.17,NEFT / Bank Transfer,INV-004257,Bank Settlement from Raghavendra Infrastructure Developers
CSH-004770,2026-08-13,BR-01,INFLOW,Customer Payment,6634.43,Cash,INV-004258,Receipt from Siva Shankaran (Individual Home)
CSH-004771,2026-09-17,BR-03,INFLOW,Customer Payment,137632.84,UPI,INV-004259,Bank Settlement from Marutham Electrical & Power Agency
CSH-004772,2026-08-29,BR-01,INFLOW,Customer Payment,12342.8,NEFT / Bank Transfer,INV-004260,Bank Settlement from Saravana Electric Works (Govindaraj)
CSH-004773,2026-09-28,BR-01,INFLOW,Customer Payment,14556.01,RTGS,INV-004261,Bank Settlement from Kalaivani Hardware & Paints
CSH-004774,2026-08-27,BR-02,INFLOW,Customer Payment,99978.67,RTGS,INV-004262,Bank Settlement from Urban Spaces Interior Studio
CSH-004775,2026-08-25,BR-02,INFLOW,Customer Payment,38676.62,RTGS,INV-004263,Bank Settlement from Urban Spaces Interior Studio
CSH-004776,2026-08-14,BR-03,OUTFLOW,Minor Maintenance & Repair,1515.81,Petty Cash,EXP-000521,Operational expense
CSH-004777,2026-08-15,BR-01,INFLOW,Customer Payment,330.4,Credit Card,INV-004265,Receipt from Karthik Residential Apartment Owner
CSH-004778,2026-08-15,BR-03,INFLOW,Customer Payment,3975.42,UPI,INV-004266,Receipt from Ramachandran (Individual House Owner)
CSH-004779,2026-08-31,BR-02,INFLOW,Customer Payment,3119.45,NEFT / Bank Transfer,INV-004267,Bank Settlement from Silicon Valley PG Hostel Chain
CSH-004780,2026-09-13,BR-01,INFLOW,Customer Payment,39738.86,Cheque,INV-004268,Bank Settlement from Anbu Electricals (Anbazhagan)
CSH-004781,2026-08-29,BR-01,INFLOW,Customer Payment,320778.18,RTGS,INV-004269,Bank Settlement from Sri Ramakrishna Builders & Infra
CSH-004782,2026-09-08,BR-01,INFLOW,Customer Payment,91038.27,RTGS,INV-004270,Bank Settlement from Srinivasan & Sons Contractor
CSH-004783,2026-08-17,BR-01,INFLOW,Customer Payment,800.04,Cash,INV-004271,Receipt from Mohammed Riyaz (Home Renovation)
CSH-004784,2026-08-18,BR-01,INFLOW,Customer Payment,569.94,Cash,INV-004272,Receipt from Murugan Auto Garage & Works
CSH-004785,2026-08-18,BR-01,INFLOW,Customer Payment,2773.0,UPI,INV-004273,Receipt from Lakshmi Vilas Sweets & Bakery
CSH-004786,2026-09-02,BR-02,INFLOW,Customer Payment,56031.54,Cheque,INV-004274,Bank Settlement from Cauvery Engineering Contractors
CSH-004787,2026-09-06,BR-02,INFLOW,Customer Payment,4675.63,Cheque,INV-004275,Bank Settlement from Brigade Vista Apartment Owners Assn
CSH-004788,2026-09-11,BR-03,INFLOW,Customer Payment,17263.4,RTGS,INV-004276,Bank Settlement from Rangasamy Electrician Workshop
CSH-004789,2026-08-29,BR-03,INFLOW,Customer Payment,44421.34,NEFT / Bank Transfer,INV-004277,Bank Settlement from Marutham Electrical & Power Agency
CSH-004790,2026-08-27,BR-03,INFLOW,Customer Payment,156106.1,NEFT / Bank Transfer,INV-004278,Bank Settlement from Kongu Builders & Real Estate
CSH-004791,2026-09-16,BR-01,INFLOW,Customer Payment,95413.62,RTGS,INV-004279,Bank Settlement from Devi Agency & Lighting Store
CSH-004792,2026-08-20,BR-03,INFLOW,Customer Payment,4071.0,Cash,INV-004280,Receipt from Karthika Departmental Store
CSH-004793,2026-08-20,BR-02,INFLOW,Customer Payment,1085.6,UPI,INV-004281,Receipt from Dr. Arvind Rao Dental Clinic
CSH-004794,2026-09-16,BR-02,INFLOW,Customer Payment,4399.04,UPI,INV-004283,Bank Settlement from Manjunatha Electrical Works
CSH-004795,2026-09-20,BR-01,INFLOW,Customer Payment,8366.2,Cheque,INV-004284,Bank Settlement from Anbu Electricals (Anbazhagan)
CSH-004796,2026-09-17,BR-03,INFLOW,Customer Payment,1465.56,NEFT / Bank Transfer,INV-004285,Bank Settlement from Kovai Elite Residency Hotel
CSH-004797,2026-08-21,BR-02,OUTFLOW,Vehicle Fuel & Freight,745.61,Petty Cash,EXP-000522,Operational expense
CSH-004798,2026-09-18,BR-02,INFLOW,Customer Payment,4260.98,UPI,INV-004286,Bank Settlement from Silicon Valley PG Hostel Chain
CSH-004799,2026-09-15,BR-03,INFLOW,Customer Payment,7699.5,Cheque,INV-004287,Bank Settlement from Mani Bros Electricals (Mani)
CSH-004800,2026-09-06,BR-01,INFLOW,Customer Payment,598.26,UPI,INV-004288,Bank Settlement from Selvam Electrician Services
CSH-004801,2026-08-22,BR-02,INFLOW,Customer Payment,5866.49,Cash,INV-004289,Receipt from Nandini Milk Parlour & Mart
CSH-004802,2026-08-31,BR-01,INFLOW,Customer Payment,1281.24,NEFT / Bank Transfer,INV-004290,Bank Settlement from Royal Comfort Residency Hotel
CSH-004803,2026-08-22,BR-02,INFLOW,Customer Payment,2773.0,UPI,INV-004291,Receipt from Dr. Arvind Rao Dental Clinic
CSH-004804,2026-08-24,BR-01,INFLOW,Customer Payment,244.26,Cash,INV-004292,Receipt from Murugan Auto Garage & Works
CSH-004805,2026-09-12,BR-01,INFLOW,Customer Payment,5460.33,NEFT / Bank Transfer,INV-004294,Bank Settlement from Anbu Electricals (Anbazhagan)
CSH-004806,2026-09-17,BR-03,INFLOW,Customer Payment,588.35,RTGS,INV-004295,Bank Settlement from Kovai Elite Residency Hotel
CSH-004807,2026-09-15,BR-03,INFLOW,Customer Payment,4013.18,RTGS,INV-004296,Bank Settlement from Rangasamy Electrician Workshop
CSH-004808,2026-09-20,BR-01,INFLOW,Customer Payment,4590.2,NEFT / Bank Transfer,INV-004297,Bank Settlement from Metro Supermarket Tambaram
CSH-004809,2026-09-20,BR-03,INFLOW,Customer Payment,354420.55,NEFT / Bank Transfer,INV-004298,Bank Settlement from Marutham Electrical & Power Agency
CSH-004810,2026-09-18,BR-02,INFLOW,Customer Payment,348.1,UPI,INV-004299,Bank Settlement from Silicon Valley PG Hostel Chain
CSH-004811,2026-08-25,BR-03,INFLOW,Customer Payment,5938.94,Cash,INV-004301,Receipt from Karthika Departmental Store
CSH-004812,2026-09-29,BR-01,INFLOW,Customer Payment,370476.34,UPI,INV-004302,Bank Settlement from Kalaivani Hardware & Paints
CSH-004813,2026-09-07,BR-02,INFLOW,Customer Payment,2549.74,NEFT / Bank Transfer,INV-004303,Bank Settlement from Brigade Vista Apartment Owners Assn
CSH-004814,2026-09-13,BR-03,INFLOW,Customer Payment,1263.54,Cheque,INV-004304,Bank Settlement from Kovai Elite Residency Hotel
CSH-004815,2026-09-20,BR-02,INFLOW,Customer Payment,139673.06,Cheque,INV-004305,Bank Settlement from Cauvery Engineering Contractors
CSH-004816,2026-09-23,BR-01,INFLOW,Customer Payment,197343.44,Cheque,INV-004306,Bank Settlement from Devi Agency & Lighting Store
CSH-004817,2026-09-16,BR-01,INFLOW,Customer Payment,109692.8,Cheque,INV-004307,Bank Settlement from Kalaivani Hardware & Paints
CSH-004818,2026-08-26,BR-03,OUTFLOW,Office Supplies & Printing,763.78,Petty Cash,EXP-000523,Operational expense
CSH-004819,2026-09-07,BR-03,INFLOW,Customer Payment,293.82,RTGS,INV-004309,Bank Settlement from Annamalai Agro Processing Unit
CSH-004820,2026-09-30,BR-01,INFLOW,Customer Payment,134685.2,Cheque,INV-004310,Bank Settlement from Srinivasan & Sons Contractor
CSH-004821,2026-09-12,BR-01,INFLOW,Customer Payment,30057.9,NEFT / Bank Transfer,INV-004311,Bank Settlement from Sri Ramakrishna Builders & Infra
CSH-004822,2026-09-25,BR-03,INFLOW,Customer Payment,5948.38,UPI,INV-004312,Bank Settlement from Mani Bros Electricals (Mani)
CSH-004823,2026-09-17,BR-03,INFLOW,Customer Payment,9669.39,UPI,INV-004313,Bank Settlement from Rangasamy Electrician Workshop
CSH-004824,2026-09-02,BR-03,INFLOW,Customer Payment,3277.8,RTGS,INV-004315,Bank Settlement from Sri Krishna Engineering College Hostel
CSH-004825,2026-09-22,BR-02,INFLOW,Customer Payment,107907.22,RTGS,INV-004317,Bank Settlement from Cauvery Engineering Contractors
CSH-004826,2026-09-20,BR-01,INFLOW,Customer Payment,4047.4,RTGS,INV-004318,Bank Settlement from Poompuhar Handicrafts Store
CSH-004827,2026-09-17,BR-01,INFLOW,Customer Payment,69526.78,NEFT / Bank Transfer,INV-004319,Bank Settlement from Srinivasan & Sons Contractor
CSH-004828,2026-08-29,BR-01,INFLOW,Customer Payment,781.63,Cash,INV-004321,Receipt from Murugan Auto Garage & Works
CSH-004829,2026-08-29,BR-02,INFLOW,Customer Payment,2780.08,UPI,INV-004322,Receipt from Dr. Arvind Rao Dental Clinic
CSH-004830,2026-09-11,BR-03,INFLOW,Customer Payment,3245.0,NEFT / Bank Transfer,INV-004323,Bank Settlement from Sri Krishna Engineering College Hostel
CSH-004831,2026-09-03,BR-03,INFLOW,Customer Payment,243.08,RTGS,INV-004324,Bank Settlement from Kovai Elite Residency Hotel
CSH-004832,2026-09-05,BR-02,INFLOW,Customer Payment,1210.44,UPI,INV-004325,Bank Settlement from Manjunatha Electrical Works
CSH-004833,2026-09-26,BR-01,INFLOW,Customer Payment,1173.16,UPI,INV-004326,Bank Settlement from Poompuhar Handicrafts Store
CSH-004834,2026-09-25,BR-01,INFLOW,Customer Payment,186683.08,RTGS,INV-004327,Bank Settlement from Devi Agency & Lighting Store
CSH-004835,2026-09-21,BR-03,INFLOW,Customer Payment,1298.0,NEFT / Bank Transfer,INV-004328,Bank Settlement from Sri Krishna Engineering College Hostel
CSH-004836,2026-09-18,BR-02,INFLOW,Customer Payment,263423.91,UPI,INV-004329,Bank Settlement from Sri Venkateshwara Hardware & Electricals
CSH-004837,2026-09-30,BR-02,INFLOW,Customer Payment,138926.12,RTGS,INV-004330,Bank Settlement from Sri Venkateshwara Hardware & Electricals
CSH-004838,2026-09-25,BR-03,INFLOW,Customer Payment,1132.8,Cheque,INV-004331,Bank Settlement from Sundaram Hospital Maintenance
CSH-004839,2026-09-01,BR-03,INFLOW,Customer Payment,1971.78,Cash,INV-004333,Receipt from Karthika Departmental Store
CSH-004840,2026-09-01,BR-01,OUTFLOW,Showroom Rent,75000.0,Bank Transfer,EXP-000524,Rent for Vidyut Central Hub & Showroom
CSH-004841,2026-09-01,BR-02,OUTFLOW,Showroom Rent,45000.0,Bank Transfer,EXP-000525,Rent for Vidyut Electronic City Retail Branch
CSH-004842,2026-09-01,BR-03,OUTFLOW,Showroom Rent,35000.0,Bank Transfer,EXP-000526,Rent for Vidyut Coimbatore Townhall Branch
CSH-004843,2026-09-01,BR-03,OUTFLOW,Staff Refreshments & Tea,561.38,Petty Cash,EXP-000527,Operational expense
CSH-004844,2026-09-22,BR-01,INFLOW,Customer Payment,37958.95,NEFT / Bank Transfer,INV-004337,Bank Settlement from Kalam Brothers Electrical Store
CSH-004845,2026-09-19,BR-03,INFLOW,Customer Payment,696.2,Cheque,INV-004338,Bank Settlement from Kovai Textile Mills Facility Team
CSH-004846,2026-09-03,BR-02,INFLOW,Customer Payment,8802.8,UPI,INV-004339,Receipt from Dr. Arvind Rao Dental Clinic
CSH-004847,2026-09-28,BR-02,INFLOW,Customer Payment,8140.82,NEFT / Bank Transfer,INV-004340,Bank Settlement from Gowda Electrical Repairs
CSH-004848,2026-09-04,BR-02,INFLOW,Customer Payment,4952.46,Credit Card,INV-004342,Receipt from Suresh Babu (Villa Construction)
CSH-004849,2026-09-04,BR-03,INFLOW,Customer Payment,5176.19,Cash,INV-004345,Receipt from Karthika Departmental Store
CSH-004850,2026-09-04,BR-01,INFLOW,Customer Payment,3835.0,UPI,INV-004346,Receipt from Lakshmi Vilas Sweets & Bakery
CSH-004851,2026-09-16,BR-03,INFLOW,Customer Payment,991.2,RTGS,INV-004349,Bank Settlement from Kovai Elite Residency Hotel
CSH-004852,2026-09-18,BR-01,INFLOW,Customer Payment,2165.3,RTGS,INV-004350,Bank Settlement from Vels Vidyashram School Campus
CSH-004853,2026-09-05,BR-03,INFLOW,Customer Payment,593.07,Cash,INV-004351,Receipt from Karthika Departmental Store
CSH-004854,2026-09-05,BR-01,OUTFLOW,Payroll Salaries,160000.0,Bank Transfer,EXP-000528,Salary Payout BR-01
CSH-004855,2026-09-05,BR-02,OUTFLOW,Payroll Salaries,96000.0,Bank Transfer,EXP-000529,Salary Payout BR-02
CSH-004856,2026-09-05,BR-03,OUTFLOW,Payroll Salaries,96000.0,Bank Transfer,EXP-000530,Salary Payout BR-03
CSH-004857,2026-09-05,BR-03,OUTFLOW,Staff Refreshments & Tea,1873.75,Petty Cash,EXP-000531,Operational expense
CSH-004858,2026-09-19,BR-02,INFLOW,Customer Payment,4592.09,UPI,INV-004354,Bank Settlement from InnoTech Coworking Hub
CSH-004859,2026-09-07,BR-01,INFLOW,Customer Payment,8279.12,Credit Card,INV-004357,Receipt from Karthik Residential Apartment Owner
CSH-004860,2026-09-20,BR-01,INFLOW,Customer Payment,1691.65,NEFT / Bank Transfer,INV-004358,Bank Settlement from Poompuhar Handicrafts Store
CSH-004861,2026-09-08,BR-02,INFLOW,Customer Payment,1149.32,UPI,INV-004359,Receipt from Dr. Arvind Rao Dental Clinic
CSH-004862,2026-09-18,BR-01,INFLOW,Customer Payment,1239.0,RTGS,INV-004361,Bank Settlement from TechPark Facility Maintenance Team
CSH-004863,2026-09-30,BR-02,INFLOW,Customer Payment,181769.56,NEFT / Bank Transfer,INV-004363,Bank Settlement from Sri Venkateshwara Hardware & Electricals
CSH-004864,2026-09-25,BR-03,INFLOW,Customer Payment,53.1,NEFT / Bank Transfer,INV-004364,Bank Settlement from Sundaram Hospital Maintenance
CSH-004865,2026-09-29,BR-01,INFLOW,Customer Payment,643.1,RTGS,INV-004366,Bank Settlement from TechPark Facility Maintenance Team
CSH-004866,2026-09-28,BR-01,INFLOW,Customer Payment,11292.6,RTGS,INV-004367,Bank Settlement from Saravana Electric Works (Govindaraj)
CSH-004867,2026-09-09,BR-01,INFLOW,Customer Payment,4944.2,UPI,INV-004368,Receipt from Lakshmi Vilas Sweets & Bakery
CSH-004868,2026-09-10,BR-01,INFLOW,Customer Payment,4753.04,UPI,INV-004369,Receipt from Dr. Priya Sundaram (Home Clinic)
CSH-004869,2026-09-24,BR-03,INFLOW,Customer Payment,2634.23,UPI,INV-004370,Bank Settlement from Sri Krishna Engineering College Hostel
CSH-004870,2026-09-10,BR-01,OUTFLOW,Electricity Bill,14113.93,Online Banking,EXP-000532,Utility Payment
CSH-004871,2026-09-10,BR-02,OUTFLOW,Electricity Bill,12850.85,Online Banking,EXP-000533,Utility Payment
CSH-004872,2026-09-10,BR-03,OUTFLOW,Electricity Bill,11017.23,Online Banking,EXP-000534,Utility Payment
CSH-004873,2026-09-11,BR-02,INFLOW,Customer Payment,2537.0,UPI,INV-004372,Receipt from Dr. Arvind Rao Dental Clinic
CSH-004874,2026-09-11,BR-01,INFLOW,Customer Payment,2758.84,UPI,INV-004375,Receipt from Dr. Priya Sundaram (Home Clinic)
CSH-004875,2026-09-11,BR-01,INFLOW,Customer Payment,2113.14,Credit Card,INV-004377,Receipt from Karthik Residential Apartment Owner
CSH-004876,2026-09-11,BR-01,INFLOW,Customer Payment,538.79,Cash,INV-004378,Receipt from Siva Shankaran (Individual Home)
CSH-004877,2026-09-12,BR-02,INFLOW,Customer Payment,521.09,Cash,INV-004380,Receipt from Nandini Milk Parlour & Mart
CSH-004878,2026-09-24,BR-02,INFLOW,Customer Payment,109152.36,NEFT / Bank Transfer,INV-004385,Bank Settlement from Cauvery Engineering Contractors
CSH-004879,2026-09-14,BR-03,INFLOW,Customer Payment,1382.96,UPI,INV-004386,Receipt from Ramachandran (Individual House Owner)
CSH-004880,2026-09-14,BR-01,INFLOW,Customer Payment,76.7,Cash,INV-004387,Receipt from Mohammed Riyaz (Home Renovation)
CSH-004881,2026-09-14,BR-01,INFLOW,Customer Payment,8952.66,Credit Card,INV-004390,Receipt from Karthik Residential Apartment Owner
CSH-004882,2026-09-14,BR-01,INFLOW,Customer Payment,991.2,Cash,INV-004391,Receipt from Murugan Auto Garage & Works
CSH-004883,2026-09-15,BR-01,OUTFLOW,Vehicle Fuel & Freight,1541.74,Petty Cash,EXP-000535,Operational expense
CSH-004884,2026-09-27,BR-01,INFLOW,Customer Payment,278588.09,UPI,INV-004395,Bank Settlement from Kalaivani Hardware & Paints
CSH-004885,2026-09-27,BR-01,INFLOW,Customer Payment,651.36,RTGS,INV-004398,Bank Settlement from TechPark Facility Maintenance Team
CSH-004886,2026-09-17,BR-02,INFLOW,Customer Payment,991.2,Credit Card,INV-004400,Receipt from Suresh Babu (Villa Construction)
CSH-004887,2026-09-28,BR-01,INFLOW,Customer Payment,238.83,RTGS,INV-004401,Bank Settlement from Vels Vidyashram School Campus
CSH-004888,2026-09-17,BR-02,INFLOW,Customer Payment,1003.0,Cash,INV-004402,Receipt from Nandini Milk Parlour & Mart
CSH-004889,2026-09-24,BR-01,INFLOW,Customer Payment,216906.18,Cheque,INV-004403,Bank Settlement from Balaji Electrical Contractors
CSH-004890,2026-09-17,BR-03,INFLOW,Customer Payment,230.1,Cash,INV-004404,Receipt from Karthika Departmental Store
CSH-004891,2026-09-29,BR-02,INFLOW,Customer Payment,977.04,RTGS,INV-004405,Bank Settlement from Brigade Vista Apartment Owners Assn
CSH-004892,2026-09-23,BR-01,INFLOW,Customer Payment,135865.2,NEFT / Bank Transfer,INV-004407,Bank Settlement from Kalam Brothers Electrical Store
CSH-004893,2026-09-23,BR-02,INFLOW,Customer Payment,1465.56,NEFT / Bank Transfer,INV-004408,Bank Settlement from Brigade Vista Apartment Owners Assn
CSH-004894,2026-09-18,BR-01,INFLOW,Customer Payment,991.2,UPI,INV-004411,Receipt from Dr. Priya Sundaram (Home Clinic)
CSH-004895,2026-09-19,BR-03,INFLOW,Customer Payment,1633.12,Cash,INV-004415,Receipt from Karthika Departmental Store
CSH-004896,2026-09-26,BR-03,INFLOW,Customer Payment,117823.0,RTGS,INV-004416,Bank Settlement from Marutham Electrical & Power Agency
CSH-004897,2026-09-19,BR-01,INFLOW,Customer Payment,9607.56,Cash,INV-004418,Receipt from Murugan Auto Garage & Works
CSH-004898,2026-09-19,BR-01,OUTFLOW,Minor Maintenance & Repair,2300.97,Petty Cash,EXP-000536,Operational expense
CSH-004899,2026-09-21,BR-03,INFLOW,Customer Payment,521.09,UPI,INV-004421,Receipt from Ramachandran (Individual House Owner)
CSH-004900,2026-09-30,BR-01,INFLOW,Customer Payment,18134.71,RTGS,INV-004426,Bank Settlement from Srinivasan & Sons Contractor
CSH-004901,2026-09-26,BR-02,INFLOW,Customer Payment,106489.34,NEFT / Bank Transfer,INV-004428,Bank Settlement from Sri Venkateshwara Hardware & Electricals
CSH-004902,2026-09-21,BR-02,OUTFLOW,Office Supplies & Printing,1062.68,Petty Cash,EXP-000537,Operational expense
CSH-004903,2026-09-22,BR-01,OUTFLOW,Vehicle Fuel & Freight,466.62,Petty Cash,EXP-000538,Operational expense
CSH-004904,2026-09-23,BR-02,INFLOW,Customer Payment,3269.54,Credit Card,INV-004435,Receipt from Suresh Babu (Villa Construction)
CSH-004905,2026-09-23,BR-02,INFLOW,Customer Payment,283.2,Credit Card,INV-004436,Receipt from Suresh Babu (Villa Construction)
CSH-004906,2026-09-29,BR-03,INFLOW,Customer Payment,94415.58,RTGS,INV-004441,Bank Settlement from Marutham Electrical & Power Agency
CSH-004907,2026-09-24,BR-01,INFLOW,Customer Payment,9617.0,Credit Card,INV-004442,Receipt from Karthik Residential Apartment Owner
CSH-004908,2026-09-25,BR-01,INFLOW,Customer Payment,1171.74,UPI,INV-004445,Receipt from Dr. Priya Sundaram (Home Clinic)
CSH-004909,2026-09-25,BR-01,INFLOW,Customer Payment,857.86,UPI,INV-004449,Receipt from Lakshmi Vilas Sweets & Bakery
CSH-004910,2026-09-29,BR-01,INFLOW,Customer Payment,283.2,UPI,INV-004459,Receipt from Dr. Priya Sundaram (Home Clinic)
CSH-004911,2026-09-30,BR-01,INFLOW,Customer Payment,521.09,Cash,INV-004460,Receipt from Mohammed Riyaz (Home Renovation)
CSH-004912,2026-09-30,BR-02,INFLOW,Customer Payment,1961.63,Credit Card,INV-004462,Receipt from Suresh Babu (Villa Construction)
CSH-004913,2026-09-30,BR-02,INFLOW,Customer Payment,1539.9,UPI,INV-004464,Receipt from Dr. Arvind Rao Dental Clinic
CSH-004914,2026-09-30,BR-01,INFLOW,Customer Payment,3009.0,UPI,INV-004465,Receipt from Dr. Priya Sundaram (Home Clinic)
