payment_id,invoice_id,order_id,customer_id,payment_date,amount_paid,payment_mode,reference_number,notes
PAY-000001,INV-000001,SO-000001,CUST-026,2024-02-13,3994.3,NEFT / Bank Transfer,UTR-8899,Credit Settlement Net 15
PAY-000002,INV-000002,SO-000002,CUST-008,2024-01-21,9117.86,Cheque,UTR-17798,Credit Settlement Net 7
PAY-000003,INV-000003,SO-000003,CUST-011,2024-01-31,202467.94,UPI,UTR-26697,Credit Settlement Net 45
PAY-000004,INV-000004,SO-000004,CUST-028,2024-01-18,145930.6,Cheque,UTR-35596,Credit Settlement Net 30
PAY-000005,INV-000005,SO-000005,CUST-003,2024-01-31,9292.5,NEFT / Bank Transfer,UTR-44495,Credit Settlement Net 15
PAY-000006,INV-000006,SO-000006,CUST-028,2024-01-22,101952.0,RTGS,UTR-53394,Credit Settlement Net 30
PAY-000007,INV-000007,SO-000007,CUST-005,2024-01-01,826.0,Cash,Ref-7007,Settled on Billing
PAY-000008,INV-000008,SO-000008,CUST-027,2024-02-14,1286.2,UPI,UTR-71192,Credit Settlement Net 30
PAY-000009,INV-000009,SO-000009,CUST-011,2024-01-11,91863.0,NEFT / Bank Transfer,UTR-80091,Credit Settlement Net 45
PAY-000010,INV-000010,SO-000010,CUST-017,2024-02-24,1239.0,NEFT / Bank Transfer,UTR-88990,Credit Settlement Net 30
PAY-000011,INV-000011,SO-000011,CUST-014,2024-01-03,3085.7,Cash,Ref-11011,Settled on Billing
PAY-000012,INV-000012,SO-000012,CUST-029,2024-01-27,99145.96,RTGS,UTR-106788,Credit Settlement Net 45
PAY-000013,INV-000013,SO-000013,CUST-028,2024-02-25,191331.1,Cheque,UTR-115687,Credit Settlement Net 30
PAY-000014,INV-000014,SO-000014,CUST-003,2024-01-31,6195.0,Cheque,UTR-124586,Credit Settlement Net 15
PAY-000015,INV-000015,SO-000015,CUST-002,2024-02-09,160568.5,RTGS,UTR-133485,Credit Settlement Net 15
PAY-000016,INV-000016,SO-000016,CUST-018,2024-01-04,1239.0,UPI,Ref-16016,Settled on Billing
PAY-000017,INV-000017,SO-000017,CUST-008,2024-02-16,6254.0,NEFT / Bank Transfer,UTR-151283,Credit Settlement Net 7
PAY-000018,INV-000018,SO-000018,CUST-001,2024-02-25,162202.8,Cheque,UTR-160182,Credit Settlement Net 30
PAY-000019,INV-000019,SO-000019,CUST-026,2024-02-03,10766.32,NEFT / Bank Transfer,UTR-169081,Credit Settlement Net 15
PAY-000020,INV-000020,SO-000020,CUST-041,2024-02-01,69057.14,UPI,UTR-177980,Credit Settlement Net 45
PAY-000021,INV-000021,SO-000021,CUST-007,2024-02-08,3256.8,UPI,UTR-186879,Credit Settlement Net 30
PAY-000022,INV-000022,SO-000022,CUST-029,2024-01-12,58569.3,Cheque,UTR-195778,Credit Settlement Net 45
PAY-000023,INV-000023,SO-000023,CUST-005,2024-01-06,1392.4,Cash,Ref-23023,Settled on Billing
PAY-000024,INV-000024,SO-000024,CUST-027,2024-01-28,513.3,Cheque,UTR-213576,Credit Settlement Net 30
PAY-000025,INV-000025,SO-000025,CUST-032,2024-01-20,8696.6,UPI,UTR-222475,Credit Settlement Net 30
PAY-000026,INV-000026,SO-000026,CUST-025,2024-01-15,1020.7,NEFT / Bank Transfer,UTR-231374,Credit Settlement Net 30
PAY-000027,INV-000027,SO-000027,CUST-023,2024-02-24,26019.0,RTGS,UTR-240273,Credit Settlement Net 15
PAY-000028,INV-000028,SO-000028,CUST-022,2024-01-31,75909.4,UPI,UTR-249172,Credit Settlement Net 30
PAY-000029,INV-000029,SO-000029,CUST-016,2024-02-04,2537.0,UPI,UTR-258071,Credit Settlement Net 30
PAY-000030,INV-000030,SO-000030,CUST-017,2024-01-30,5268.7,UPI,UTR-266970,Credit Settlement Net 30
PAY-000031,INV-000031,SO-000031,CUST-002,2024-02-21,13260.84,UPI,UTR-275869,Credit Settlement Net 15
PAY-000032,INV-000032,SO-000032,CUST-017,2024-01-26,566.4,Cheque,UTR-284768,Credit Settlement Net 30
PAY-000033,INV-000033,SO-000033,CUST-018,2024-01-08,4395.5,UPI,Ref-33033,Settled on Billing
PAY-000034,INV-000034,SO-000034,CUST-001,2024-01-31,161910.16,NEFT / Bank Transfer,UTR-302566,Credit Settlement Net 30
PAY-000035,INV-000035,SO-000035,CUST-027,2024-01-25,2112.2,Cheque,UTR-311465,Credit Settlement Net 30
PAY-000036,INV-000036,SO-000036,CUST-006,2024-01-09,1298.0,UPI,Ref-36036,Settled on Billing
PAY-000037,INV-000037,SO-000037,CUST-027,2024-02-07,4354.2,UPI,UTR-329263,Credit Settlement Net 30
PAY-000038,INV-000038,SO-000038,CUST-015,2024-02-23,19977.4,UPI,UTR-338162,Credit Settlement Net 30
PAY-000039,INV-000039,SO-000039,CUST-021,2024-01-09,2973.6,Cash,Ref-39039,Settled on Billing
PAY-000040,INV-000040,SO-000040,CUST-026,2024-01-25,2312.8,UPI,UTR-355960,Credit Settlement Net 15
PAY-000041,INV-000041,SO-000041,CUST-024,2024-01-17,269748.0,Cheque,UTR-364859,Credit Settlement Net 30
PAY-000042,INV-000042,SO-000042,CUST-008,2024-02-08,15758.9,NEFT / Bank Transfer,UTR-373758,Credit Settlement Net 7
PAY-000043,INV-000043,SO-000043,CUST-038,2024-01-25,428198.4,RTGS,UTR-382657,Credit Settlement Net 15
PAY-000044,INV-000044,SO-000044,CUST-025,2024-01-17,814.2,Cheque,UTR-391556,Credit Settlement Net 30
PAY-000045,INV-000045,SO-000045,CUST-042,2024-01-24,108719.3,NEFT / Bank Transfer,UTR-400455,Credit Settlement Net 15
PAY-000046,INV-000046,SO-000046,CUST-006,2024-01-12,477.9,UPI,Ref-46046,Settled on Billing
PAY-000047,INV-000047,SO-000047,CUST-003,2024-02-01,3654.46,UPI,UTR-418253,Credit Settlement Net 15
PAY-000048,INV-000048,SO-000048,CUST-010,2024-03-04,35.4,Cheque,UTR-427152,Credit Settlement Net 30
PAY-000049,INV-000049,SO-000049,CUST-020,2024-03-05,11375.2,NEFT / Bank Transfer,UTR-436051,Credit Settlement Net 15
PAY-000050,INV-000050,SO-000050,CUST-004,2024-02-05,140022.34,NEFT / Bank Transfer,UTR-444950,Credit Settlement Net 45
PAY-000051,INV-000051,SO-000051,CUST-009,2024-02-03,445208.1,RTGS,UTR-453849,Credit Settlement Net 30
PAY-000052,INV-000052,SO-000052,CUST-030,2024-01-13,5498.8,UPI,Ref-52052,Settled on Billing
PAY-000053,INV-000053,SO-000053,CUST-031,2024-01-13,2478.0,Cash,Ref-53053,Settled on Billing
PAY-000054,INV-000054,SO-000054,CUST-041,2024-02-01,13555.84,UPI,UTR-480546,Credit Settlement Net 45
PAY-000055,INV-000055,SO-000055,CUST-039,2024-02-05,1911.6,Cheque,UTR-489445,Credit Settlement Net 15
PAY-000056,INV-000056,SO-000056,CUST-010,2024-01-22,2778.9,RTGS,UTR-498344,Credit Settlement Net 30
PAY-000057,INV-000057,SO-000057,CUST-004,2024-03-05,49052.6,UPI,UTR-507243,Credit Settlement Net 45
PAY-000058,INV-000058,SO-000058,CUST-026,2024-02-09,12826.6,RTGS,UTR-516142,Credit Settlement Net 15
PAY-000059,INV-000059,SO-000059,CUST-039,2024-02-27,14089.2,UPI,UTR-525041,Credit Settlement Net 15
PAY-000060,INV-000060,SO-000060,CUST-017,2024-02-12,814.2,NEFT / Bank Transfer,UTR-533940,Credit Settlement Net 30
PAY-000061,INV-000061,SO-000061,CUST-028,2024-01-24,142673.8,RTGS,UTR-542839,Credit Settlement Net 30
PAY-000062,INV-000062,SO-000062,CUST-028,2024-01-22,233964.5,Cheque,UTR-551738,Credit Settlement Net 30
PAY-000063,INV-000063,SO-000063,CUST-030,2024-01-16,5876.4,UPI,Ref-63063,Settled on Billing
PAY-000064,INV-000064,SO-000064,CUST-037,2024-02-15,660.8,UPI,UTR-569536,Credit Settlement Net 30
PAY-000065,INV-000065,SO-000065,CUST-019,2024-02-29,460.2,NEFT / Bank Transfer,UTR-578435,Credit Settlement Net 30
PAY-000066,INV-000066,SO-000066,CUST-003,2024-02-06,8178.58,RTGS,UTR-587334,Credit Settlement Net 15
PAY-000067,INV-000067,SO-000067,CUST-007,2024-02-03,153.4,RTGS,UTR-596233,Credit Settlement Net 30
PAY-000068,INV-000068,SO-000068,CUST-013,2024-02-07,3304.0,UPI,UTR-605132,Credit Settlement Net 15
PAY-000069,INV-000069,SO-000069,CUST-042,2024-01-30,140482.54,NEFT / Bank Transfer,UTR-614031,Credit Settlement Net 15
PAY-000070,INV-000070,SO-000070,CUST-033,2024-01-18,277.3,Credit Card,Ref-70070,Settled on Billing
PAY-000071,INV-000071,SO-000071,CUST-031,2024-01-18,3256.8,Cash,Ref-71071,Settled on Billing
PAY-000072,INV-000072,SO-000072,CUST-012,2024-01-18,2596.0,Credit Card,Ref-72072,Settled on Billing
PAY-000073,INV-000073,SO-000073,CUST-040,2024-03-13,2773.0,NEFT / Bank Transfer,UTR-649627,Credit Settlement Net 30
PAY-000074,INV-000074,SO-000074,CUST-010,2024-02-05,737.5,NEFT / Bank Transfer,UTR-658526,Credit Settlement Net 30
PAY-000075,INV-000075,SO-000075,CUST-024,2024-02-07,129997.06,Cheque,UTR-667425,Credit Settlement Net 30
PAY-000076,INV-000076,SO-000076,CUST-040,2024-02-10,17.7,Cheque,UTR-676324,Credit Settlement Net 30
PAY-000077,INV-000077,SO-000077,CUST-013,2024-01-26,212.4,UPI,UTR-685223,Credit Settlement Net 15
PAY-000078,INV-000078,SO-000078,CUST-007,2024-04-02,1008.9,RTGS,UTR-694122,Credit Settlement Net 30
PAY-000079,INV-000079,SO-000079,CUST-042,2024-01-25,199201.7,RTGS,UTR-703021,Credit Settlement Net 15
PAY-000080,INV-000080,SO-000080,CUST-008,2024-02-07,15446.2,Cheque,UTR-711920,Credit Settlement Net 7
PAY-000081,INV-000081,SO-000081,CUST-023,2024-02-03,245381.0,RTGS,UTR-720819,Credit Settlement Net 15
PAY-000082,INV-000082,SO-000082,CUST-013,2024-03-01,1239.0,RTGS,UTR-729718,Credit Settlement Net 15
PAY-000083,INV-000083,SO-000083,CUST-004,2024-02-08,48545.2,NEFT / Bank Transfer,UTR-738617,Credit Settlement Net 45
PAY-000084,INV-000084,SO-000084,CUST-019,2024-02-18,171.1,RTGS,UTR-747516,Credit Settlement Net 30
PAY-000085,INV-000085,SO-000085,CUST-004,2024-02-24,11841.3,RTGS,UTR-756415,Credit Settlement Net 45
PAY-000086,INV-000086,SO-000086,CUST-029,2024-02-22,93857.2,NEFT / Bank Transfer,UTR-765314,Credit Settlement Net 45
PAY-000087,INV-000087,SO-000087,CUST-040,2024-03-16,1286.2,RTGS,UTR-774213,Credit Settlement Net 30
PAY-000088,INV-000088,SO-000088,CUST-020,2024-03-01,12154.0,RTGS,UTR-783112,Credit Settlement Net 15
PAY-000089,INV-000089,SO-000089,CUST-009,2024-02-18,74289.26,UPI,UTR-792011,Credit Settlement Net 30
PAY-000090,INV-000090,SO-000090,CUST-011,2024-02-16,13538.14,Cheque,UTR-800910,Credit Settlement Net 45
PAY-000091,INV-000091,SO-000091,CUST-037,2024-02-07,88.5,UPI,UTR-809809,Credit Settlement Net 30
PAY-000092,INV-000092,SO-000092,CUST-019,2024-02-23,8708.4,Cheque,UTR-818708,Credit Settlement Net 30
PAY-000093,INV-000093,SO-000093,CUST-010,2024-03-05,4012.0,UPI,UTR-827607,Credit Settlement Net 30
PAY-000094,INV-000094,SO-000094,CUST-021,2024-01-25,3091.6,Cash,Ref-94094,Settled on Billing
PAY-000095,INV-000095,SO-000095,CUST-020,2024-03-15,5723.0,NEFT / Bank Transfer,UTR-845405,Credit Settlement Net 15
PAY-000096,INV-000096,SO-000096,CUST-028,2024-01-31,228589.6,Cheque,UTR-854304,Credit Settlement Net 30
PAY-000097,INV-000097,SO-000097,CUST-026,2024-04-15,4613.8,UPI,UTR-863203,Credit Settlement Net 15
PAY-000098,INV-000098,SO-000098,CUST-021,2024-01-26,849.6,Cash,Ref-98098,Settled on Billing
PAY-000099,INV-000099,SO-000099,CUST-033,2024-01-26,5652.2,Credit Card,Ref-99099,Settled on Billing
PAY-000100,INV-000100,SO-000100,CUST-038,2024-02-17,51759.52,NEFT / Bank Transfer,UTR-889900,Credit Settlement Net 15
PAY-000101,INV-000101,SO-000101,CUST-027,2024-02-25,153.4,RTGS,UTR-898799,Credit Settlement Net 30
PAY-000102,INV-000102,SO-000102,CUST-031,2024-01-26,3109.3,Cash,Ref-102102,Settled on Billing
PAY-000103,INV-000103,SO-000103,CUST-031,2024-01-27,1298.0,Cash,Ref-103103,Settled on Billing
PAY-000104,INV-000104,SO-000104,CUST-020,2024-03-10,11437.74,NEFT / Bank Transfer,UTR-925496,Credit Settlement Net 15
PAY-000105,INV-000105,SO-000105,CUST-006,2024-01-27,2572.4,UPI,Ref-105105,Settled on Billing
PAY-000106,INV-000106,SO-000106,CUST-018,2024-01-27,6395.6,UPI,Ref-106106,Settled on Billing
PAY-000107,INV-000107,SO-000107,CUST-015,2024-02-22,102730.8,UPI,UTR-952193,Credit Settlement Net 30
PAY-000108,INV-000108,SO-000108,CUST-030,2024-01-29,5492.9,UPI,Ref-108108,Settled on Billing
PAY-000109,INV-000109,SO-000109,CUST-041,2024-03-07,35046.0,RTGS,UTR-969991,Credit Settlement Net 45
PAY-000110,INV-000110,SO-000110,CUST-024,2024-02-22,198216.4,UPI,UTR-978890,Credit Settlement Net 30
PAY-000111,INV-000111,SO-000111,CUST-039,2024-02-12,7221.6,NEFT / Bank Transfer,UTR-987789,Credit Settlement Net 15
PAY-000112,INV-000112,SO-000112,CUST-010,2024-02-16,2478.0,NEFT / Bank Transfer,UTR-996688,Credit Settlement Net 30
PAY-000113,INV-000113,SO-000113,CUST-004,2024-02-05,36702.72,RTGS,UTR-1005587,Credit Settlement Net 45
PAY-000114,INV-000114,SO-000114,CUST-042,2024-02-19,473764.1,NEFT / Bank Transfer,UTR-1014486,Credit Settlement Net 15
PAY-000115,INV-000115,SO-000115,CUST-020,2024-02-07,16295.8,Cheque,UTR-1023385,Credit Settlement Net 15
PAY-000116,INV-000116,SO-000116,CUST-007,2024-02-04,4366.0,Cheque,UTR-1032284,Credit Settlement Net 30
PAY-000117,INV-000117,SO-000117,CUST-032,2024-02-19,11145.1,Cheque,UTR-1041183,Credit Settlement Net 30
PAY-000118,INV-000118,SO-000118,CUST-004,2024-02-13,165707.4,Cheque,UTR-1050082,Credit Settlement Net 45
PAY-000119,INV-000119,SO-000119,CUST-014,2024-01-31,4159.5,Cash,Ref-119119,Settled on Billing
PAY-000120,INV-000120,SO-000120,CUST-031,2024-01-31,1003.0,Cash,Ref-120120,Settled on Billing
PAY-000121,INV-000121,SO-000121,CUST-019,2024-03-16,2790.7,Cheque,UTR-1076779,Credit Settlement Net 30
PAY-000122,INV-000122,SO-000122,CUST-002,2024-03-02,235681.4,Cheque,UTR-1085678,Credit Settlement Net 15
PAY-000123,INV-000123,SO-000123,CUST-023,2024-02-06,268568.0,Cheque,UTR-1094577,Credit Settlement Net 15
PAY-000124,INV-000124,SO-000124,CUST-004,2024-02-25,227580.7,NEFT / Bank Transfer,UTR-1103476,Credit Settlement Net 45
PAY-000125,INV-000125,SO-000125,CUST-006,2024-02-02,867.3,UPI,Ref-125125,Settled on Billing
PAY-000126,INV-000126,SO-000126,CUST-006,2024-02-02,2342.3,UPI,Ref-126126,Settled on Billing
PAY-000127,INV-000127,SO-000127,CUST-001,2024-03-26,105362.2,NEFT / Bank Transfer,UTR-1130173,Credit Settlement Net 30
PAY-000128,INV-000128,SO-000128,CUST-037,2024-02-24,477.9,RTGS,UTR-1139072,Credit Settlement Net 30
PAY-000129,INV-000129,SO-000129,CUST-009,2024-02-25,122531.2,UPI,UTR-1147971,Credit Settlement Net 30
PAY-000130,INV-000130,SO-000130,CUST-038,2024-04-22,39211.4,RTGS,UTR-1156870,Credit Settlement Net 15
PAY-000131,INV-000131,SO-000131,CUST-007,2024-02-15,206.5,RTGS,UTR-1165769,Credit Settlement Net 30
PAY-000132,INV-000132,SO-000132,CUST-006,2024-02-03,2867.4,UPI,Ref-132132,Settled on Billing
PAY-000133,INV-000133,SO-000133,CUST-029,2024-02-29,160763.2,Cheque,UTR-1183567,Credit Settlement Net 45
PAY-000134,INV-000134,SO-000134,CUST-037,2024-02-10,660.8,UPI,UTR-1192466,Credit Settlement Net 30
PAY-000135,INV-000135,SO-000135,CUST-009,2024-02-18,127375.1,Cheque,UTR-1201365,Credit Settlement Net 30
PAY-000136,INV-000136,SO-000136,CUST-023,2024-03-19,73555.3,NEFT / Bank Transfer,UTR-1210264,Credit Settlement Net 15
PAY-000137,INV-000137,SO-000137,CUST-019,2024-03-21,696.2,UPI,UTR-1219163,Credit Settlement Net 30
PAY-000138,INV-000138,SO-000138,CUST-020,2024-02-26,991.2,RTGS,UTR-1228062,Credit Settlement Net 15
PAY-000139,INV-000139,SO-000139,CUST-030,2024-02-06,849.6,UPI,Ref-139139,Settled on Billing
PAY-000140,INV-000140,SO-000140,CUST-041,2024-02-24,276745.4,RTGS,UTR-1245860,Credit Settlement Net 45
PAY-000141,INV-000141,SO-000141,CUST-027,2024-03-24,2961.8,UPI,UTR-1254759,Credit Settlement Net 30
PAY-000142,INV-000142,SO-000142,CUST-023,2024-03-07,203461.5,Cheque,UTR-1263658,Credit Settlement Net 15
PAY-000143,INV-000143,SO-000143,CUST-002,2024-03-27,12342.8,NEFT / Bank Transfer,UTR-1272557,Credit Settlement Net 15
PAY-000144,INV-000144,SO-000144,CUST-029,2024-03-04,38307.52,Cheque,UTR-1281456,Credit Settlement Net 45
PAY-000145,INV-000145,SO-000145,CUST-019,2024-02-27,2820.2,RTGS,UTR-1290355,Credit Settlement Net 30
PAY-000146,INV-000146,SO-000146,CUST-026,2024-03-05,11328.0,UPI,UTR-1299254,Credit Settlement Net 15
PAY-000147,INV-000147,SO-000147,CUST-001,2024-03-16,11853.1,RTGS,UTR-1308153,Credit Settlement Net 30
PAY-000148,INV-000148,SO-000148,CUST-022,2024-03-08,5793.8,Cheque,UTR-1317052,Credit Settlement Net 30
PAY-000149,INV-000149,SO-000149,CUST-024,2024-02-23,374956.8,UPI,UTR-1325951,Credit Settlement Net 30
PAY-000150,INV-000150,SO-000150,CUST-028,2024-02-27,59040.12,NEFT / Bank Transfer,UTR-1334850,Credit Settlement Net 30
PAY-000151,INV-000151,SO-000151,CUST-001,2024-03-06,48439.0,Cheque,UTR-1343749,Credit Settlement Net 30
PAY-000152,INV-000152,SO-000152,CUST-002,2024-02-21,33090.74,RTGS,UTR-1352648,Credit Settlement Net 15
PAY-000153,INV-000153,SO-000153,CUST-009,2024-03-08,158527.1,UPI,UTR-1361547,Credit Settlement Net 30
PAY-000154,INV-000154,SO-000154,CUST-040,2024-02-15,2537.0,RTGS,UTR-1370446,Credit Settlement Net 30
PAY-000155,INV-000155,SO-000155,CUST-006,2024-02-09,601.8,UPI,Ref-155155,Settled on Billing
PAY-000156,INV-000156,SO-000156,CUST-009,2024-02-17,348235.7,NEFT / Bank Transfer,UTR-1388244,Credit Settlement Net 30
PAY-000157,INV-000157,SO-000157,CUST-028,2024-03-01,211715.6,NEFT / Bank Transfer,UTR-1397143,Credit Settlement Net 30
PAY-000158,INV-000158,SO-000158,CUST-001,2024-03-19,25499.8,NEFT / Bank Transfer,UTR-1406042,Credit Settlement Net 30
PAY-000159,INV-000159,SO-000159,CUST-004,2024-02-27,82033.6,RTGS,UTR-1414941,Credit Settlement Net 45
PAY-000160,INV-000160,SO-000160,CUST-024,2024-02-20,233512.56,Cheque,UTR-1423840,Credit Settlement Net 30
PAY-000161,INV-000161,SO-000161,CUST-016,2024-03-19,542.8,UPI,UTR-1432739,Credit Settlement Net 30
PAY-000162,INV-000162,SO-000162,CUST-006,2024-02-10,3292.2,UPI,Ref-162162,Settled on Billing
PAY-000163,INV-000163,SO-000163,CUST-009,2024-05-08,50846.2,RTGS,UTR-1450537,Credit Settlement Net 30
PAY-000164,INV-000164,SO-000164,CUST-010,2024-02-25,1298.0,UPI,UTR-1459436,Credit Settlement Net 30
PAY-000165,INV-000165,SO-000165,CUST-030,2024-02-12,531.0,UPI,Ref-165165,Settled on Billing
PAY-000166,INV-000166,SO-000166,CUST-015,2024-02-27,51235.6,NEFT / Bank Transfer,UTR-1477234,Credit Settlement Net 30
PAY-000167,INV-000167,SO-000167,CUST-037,2024-03-25,708.0,RTGS,UTR-1486133,Credit Settlement Net 30
PAY-000168,INV-000168,SO-000168,CUST-010,2024-03-31,2596.0,UPI,UTR-1495032,Credit Settlement Net 30
PAY-000169,INV-000169,SO-000169,CUST-025,2024-02-24,8130.2,RTGS,UTR-1503931,Credit Settlement Net 30
PAY-000170,INV-000170,SO-000170,CUST-031,2024-02-13,4484.0,Cash,Ref-170170,Settled on Billing
PAY-000171,INV-000171,SO-000171,CUST-016,2024-04-03,5286.4,Cheque,UTR-1521729,Credit Settlement Net 30
PAY-000172,INV-000172,SO-000172,CUST-006,2024-02-14,2596.0,UPI,Ref-172172,Settled on Billing
PAY-000173,INV-000173,SO-000173,CUST-031,2024-02-14,2478.0,Cash,Ref-173173,Settled on Billing
PAY-000174,INV-000174,SO-000174,CUST-022,2024-02-27,43497.16,RTGS,UTR-1548426,Credit Settlement Net 30
PAY-000175,INV-000175,SO-000175,CUST-012,2024-02-15,8083.0,Credit Card,Ref-175175,Settled on Billing
PAY-000176,INV-000176,SO-000176,CUST-019,2024-03-13,660.8,RTGS,UTR-1566224,Credit Settlement Net 30
PAY-000177,INV-000177,SO-000177,CUST-040,2024-03-03,283.2,NEFT / Bank Transfer,UTR-1575123,Credit Settlement Net 30
PAY-000178,INV-000178,SO-000178,CUST-017,2024-03-02,2596.0,UPI,UTR-1584022,Credit Settlement Net 30
PAY-000179,INV-000179,SO-000179,CUST-011,2024-02-20,102329.6,RTGS,UTR-1592921,Credit Settlement Net 45
PAY-000180,INV-000180,SO-000180,CUST-022,2024-02-27,239958.9,NEFT / Bank Transfer,UTR-1601820,Credit Settlement Net 30
PAY-000181,INV-000181,SO-000181,CUST-024,2024-03-11,23399.4,UPI,UTR-1610719,Credit Settlement Net 30
PAY-000182,INV-000182,SO-000182,CUST-012,2024-02-17,3197.8,Credit Card,Ref-182182,Settled on Billing
PAY-000183,INV-000183,SO-000183,CUST-030,2024-02-17,5133.0,UPI,Ref-183183,Settled on Billing
PAY-000184,INV-000184,SO-000184,CUST-007,2024-05-11,5546.0,UPI,UTR-1637416,Credit Settlement Net 30
PAY-000185,INV-000185,SO-000185,CUST-026,2024-03-17,6702.4,Cheque,UTR-1646315,Credit Settlement Net 15
PAY-000186,INV-000186,SO-000186,CUST-028,2024-04-05,135251.6,UPI,UTR-1655214,Credit Settlement Net 30
PAY-000187,INV-000187,SO-000187,CUST-012,2024-02-19,1911.6,Credit Card,Ref-187187,Settled on Billing
PAY-000188,INV-000188,SO-000188,CUST-022,2024-03-20,28320.0,RTGS,UTR-1673012,Credit Settlement Net 30
PAY-000189,INV-000189,SO-000189,CUST-027,2024-03-03,3805.5,RTGS,UTR-1681911,Credit Settlement Net 30
PAY-000190,INV-000190,SO-000190,CUST-037,2024-03-13,330.4,RTGS,UTR-1690810,Credit Settlement Net 30
PAY-000191,INV-000191,SO-000191,CUST-030,2024-02-20,1947.0,UPI,Ref-191191,Settled on Billing
PAY-000192,INV-000192,SO-000192,CUST-012,2024-02-20,2967.7,Credit Card,Ref-192192,Settled on Billing
PAY-000193,INV-000193,SO-000193,CUST-025,2024-02-28,660.8,NEFT / Bank Transfer,UTR-1717507,Credit Settlement Net 30
PAY-000194,INV-000194,SO-000194,CUST-009,2024-02-29,76053.36,NEFT / Bank Transfer,UTR-1726406,Credit Settlement Net 30
PAY-000195,INV-000195,SO-000195,CUST-043,2024-03-30,8336.7,RTGS,UTR-1735305,Credit Settlement Net 30
PAY-000196,INV-000196,SO-000196,CUST-039,2024-04-09,41904.16,Cheque,UTR-1744204,Credit Settlement Net 15
PAY-000197,INV-000197,SO-000197,CUST-022,2024-03-01,21027.6,NEFT / Bank Transfer,UTR-1753103,Credit Settlement Net 30
PAY-000198,INV-000198,SO-000198,CUST-025,2024-03-03,4236.2,UPI,UTR-1762002,Credit Settlement Net 30
PAY-000199,INV-000199,SO-000199,CUST-012,2024-02-21,218.3,Credit Card,Ref-199199,Settled on Billing
PAY-000200,INV-000200,SO-000200,CUST-011,2024-04-15,249015.4,Cheque,UTR-1779800,Credit Settlement Net 45
PAY-000201,INV-000201,SO-000201,CUST-023,2024-04-05,158391.4,UPI,UTR-1788699,Credit Settlement Net 15
PAY-000202,INV-000202,SO-000202,CUST-013,2024-02-29,424.8,RTGS,UTR-1797598,Credit Settlement Net 15
PAY-000203,INV-000203,SO-000203,CUST-003,2024-04-05,12154.0,UPI,UTR-1806497,Credit Settlement Net 15
PAY-000204,INV-000204,SO-000204,CUST-040,2024-03-17,1250.8,Cheque,UTR-1815396,Credit Settlement Net 30
PAY-000205,INV-000205,SO-000205,CUST-027,2024-03-05,790.6,UPI,UTR-1824295,Credit Settlement Net 30
PAY-000206,INV-000206,SO-000206,CUST-006,2024-02-22,790.6,UPI,Ref-206206,Settled on Billing
PAY-000207,INV-000207,SO-000207,CUST-019,2024-03-02,147.5,NEFT / Bank Transfer,UTR-1842093,Credit Settlement Net 30
PAY-000208,INV-000208,SO-000208,CUST-023,2024-03-13,392414.9,NEFT / Bank Transfer,UTR-1850992,Credit Settlement Net 15
PAY-000209,INV-000209,SO-000209,CUST-029,2024-04-08,207721.3,NEFT / Bank Transfer,UTR-1859891,Credit Settlement Net 45
PAY-000210,INV-000210,SO-000210,CUST-037,2024-04-15,10148.0,UPI,UTR-1868790,Credit Settlement Net 30
PAY-000211,INV-000211,SO-000211,CUST-040,2024-03-11,177.0,RTGS,UTR-1877689,Credit Settlement Net 30
PAY-000212,INV-000212,SO-000212,CUST-015,2024-02-28,50527.6,RTGS,UTR-1886588,Credit Settlement Net 30
PAY-000213,INV-000213,SO-000213,CUST-024,2024-03-06,187915.0,RTGS,UTR-1895487,Credit Settlement Net 30
PAY-000214,INV-000214,SO-000214,CUST-041,2024-03-15,53164.9,UPI,UTR-1904386,Credit Settlement Net 45
PAY-000215,INV-000215,SO-000215,CUST-003,2024-03-22,2336.4,Cheque,UTR-1913285,Credit Settlement Net 15
PAY-000216,INV-000216,SO-000216,CUST-033,2024-02-24,1374.7,Credit Card,Ref-216216,Settled on Billing
PAY-000217,INV-000217,SO-000217,CUST-029,2024-03-16,197779.8,Cheque,UTR-1931083,Credit Settlement Net 45
PAY-000218,INV-000218,SO-000218,CUST-023,2024-03-18,31795.1,NEFT / Bank Transfer,UTR-1939982,Credit Settlement Net 15
PAY-000219,INV-000219,SO-000219,CUST-029,2024-03-22,226052.6,UPI,UTR-1948881,Credit Settlement Net 45
PAY-000220,INV-000220,SO-000220,CUST-042,2024-03-24,99798.5,Cheque,UTR-1957780,Credit Settlement Net 15
PAY-000221,INV-000221,SO-000221,CUST-017,2024-03-21,1239.0,RTGS,UTR-1966679,Credit Settlement Net 30
PAY-000222,INV-000222,SO-000222,CUST-021,2024-02-26,4495.8,Cash,Ref-222222,Settled on Billing
PAY-000223,INV-000223,SO-000223,CUST-026,2024-03-07,13658.5,NEFT / Bank Transfer,UTR-1984477,Credit Settlement Net 15
PAY-000224,INV-000224,SO-000224,CUST-029,2024-03-23,154001.8,UPI,UTR-1993376,Credit Settlement Net 45
PAY-000225,INV-000225,SO-000225,CUST-001,2024-03-26,14561.2,NEFT / Bank Transfer,UTR-2002275,Credit Settlement Net 30
PAY-000226,INV-000226,SO-000226,CUST-004,2024-03-10,110353.6,NEFT / Bank Transfer,UTR-2011174,Credit Settlement Net 45
PAY-000227,INV-000227,SO-000227,CUST-038,2024-03-25,237935.2,NEFT / Bank Transfer,UTR-2020073,Credit Settlement Net 15
PAY-000228,INV-000228,SO-000228,CUST-015,2024-03-08,101149.6,NEFT / Bank Transfer,UTR-2028972,Credit Settlement Net 30
PAY-000229,INV-000229,SO-000229,CUST-006,2024-02-27,3776.0,UPI,Ref-229229,Settled on Billing
PAY-000230,INV-000230,SO-000230,CUST-015,2024-04-04,115994.0,RTGS,UTR-2046770,Credit Settlement Net 30
PAY-000231,INV-000231,SO-000231,CUST-022,2024-05-19,103651.2,UPI,UTR-2055669,Credit Settlement Net 30
PAY-000232,INV-000232,SO-000232,CUST-007,2024-03-12,206.5,NEFT / Bank Transfer,UTR-2064568,Credit Settlement Net 30
PAY-000233,INV-000233,SO-000233,CUST-038,2024-03-16,40108.2,RTGS,UTR-2073467,Credit Settlement Net 15
PAY-000234,INV-000234,SO-000234,CUST-043,2024-03-18,660.8,RTGS,UTR-2082366,Credit Settlement Net 30
PAY-000235,INV-000235,SO-000235,CUST-017,2024-04-13,2725.8,NEFT / Bank Transfer,UTR-2091265,Credit Settlement Net 30
PAY-000236,INV-000236,SO-000236,CUST-034,2024-04-17,9534.4,UPI,UTR-2100164,Credit Settlement Net 30
PAY-000237,INV-000237,SO-000237,CUST-033,2024-02-29,17.7,Credit Card,Ref-237237,Settled on Billing
PAY-000238,INV-000238,SO-000238,CUST-042,2024-03-20,364261.28,NEFT / Bank Transfer,UTR-2117962,Credit Settlement Net 15
PAY-000239,INV-000239,SO-000239,CUST-009,2024-03-30,194877.0,Cheque,UTR-2126861,Credit Settlement Net 30
PAY-000240,INV-000240,SO-000240,CUST-012,2024-03-01,10938.6,Credit Card,Ref-240240,Settled on Billing
PAY-000241,INV-000241,SO-000241,CUST-005,2024-03-01,849.6,Cash,Ref-241241,Settled on Billing
PAY-000242,INV-000242,SO-000242,CUST-013,2024-03-13,708.0,UPI,UTR-2153558,Credit Settlement Net 15
PAY-000243,INV-000243,SO-000243,CUST-039,2024-03-27,28355.4,UPI,UTR-2162457,Credit Settlement Net 15
PAY-000244,INV-000244,SO-000244,CUST-025,2024-04-10,436.6,Cheque,UTR-2171356,Credit Settlement Net 30
PAY-000245,INV-000245,SO-000245,CUST-001,2024-03-24,21046.48,Cheque,UTR-2180255,Credit Settlement Net 30
PAY-000246,INV-000246,SO-000246,CUST-024,2024-03-07,521672.1,Cheque,UTR-2189154,Credit Settlement Net 30
PAY-000247,INV-000247,SO-000247,CUST-031,2024-03-02,489.7,Cash,Ref-247247,Settled on Billing
PAY-000248,INV-000248,SO-000248,CUST-025,2024-04-16,16868.1,Cheque,UTR-2206952,Credit Settlement Net 30
PAY-000249,INV-000249,SO-000249,CUST-039,2024-04-04,22573.4,UPI,UTR-2215851,Credit Settlement Net 15
PAY-000250,INV-000250,SO-000250,CUST-008,2024-03-12,10602.3,UPI,UTR-2224750,Credit Settlement Net 7
PAY-000251,INV-000251,SO-000251,CUST-005,2024-03-04,1687.4,Cash,Ref-251251,Settled on Billing
PAY-000252,INV-000252,SO-000252,CUST-001,2024-03-25,28492.28,Cheque,UTR-2242548,Credit Settlement Net 30
PAY-000253,INV-000253,SO-000253,CUST-013,2024-03-10,2773.0,NEFT / Bank Transfer,UTR-2251447,Credit Settlement Net 15
PAY-000254,INV-000254,SO-000254,CUST-024,2024-03-24,319372.9,NEFT / Bank Transfer,UTR-2260346,Credit Settlement Net 30
PAY-000255,INV-000255,SO-000255,CUST-014,2024-03-05,5239.2,Cash,Ref-255255,Settled on Billing
PAY-000256,INV-000256,SO-000256,CUST-017,2024-04-20,5074.0,RTGS,UTR-2278144,Credit Settlement Net 30
PAY-000257,INV-000257,SO-000257,CUST-027,2024-03-19,3009.0,Cheque,UTR-2287043,Credit Settlement Net 30
PAY-000258,INV-000258,SO-000258,CUST-031,2024-03-06,5864.6,Cash,Ref-258258,Settled on Billing
PAY-000259,INV-000259,SO-000259,CUST-017,2024-03-31,241.9,UPI,UTR-2304841,Credit Settlement Net 30
PAY-000260,INV-000260,SO-000260,CUST-025,2024-04-02,9044.7,RTGS,UTR-2313740,Credit Settlement Net 30
PAY-000261,INV-000261,SO-000261,CUST-038,2024-03-18,448966.4,NEFT / Bank Transfer,UTR-2322639,Credit Settlement Net 15
PAY-000262,INV-000262,SO-000262,CUST-034,2024-03-31,283.2,Cheque,UTR-2331538,Credit Settlement Net 30
PAY-000263,INV-000263,SO-000263,CUST-043,2024-03-27,3327.6,UPI,UTR-2340437,Credit Settlement Net 30
PAY-000264,INV-000264,SO-000264,CUST-023,2024-04-06,272122.16,RTGS,UTR-2349336,Credit Settlement Net 15
PAY-000265,INV-000265,SO-000265,CUST-026,2024-04-21,7316.0,RTGS,UTR-2358235,Credit Settlement Net 15
PAY-000266,INV-000266,SO-000266,CUST-005,2024-03-08,531.0,Cash,Ref-266266,Settled on Billing
PAY-000267,INV-000267,SO-000267,CUST-040,2024-04-25,3103.4,RTGS,UTR-2376033,Credit Settlement Net 30
PAY-000268,INV-000268,SO-000268,CUST-010,2024-03-19,283.2,RTGS,UTR-2384932,Credit Settlement Net 30
PAY-000269,INV-000269,SO-000269,CUST-026,2024-03-30,1657.9,UPI,UTR-2393831,Credit Settlement Net 15
PAY-000270,INV-000270,SO-000270,CUST-003,2024-04-04,1528.1,NEFT / Bank Transfer,UTR-2402730,Credit Settlement Net 15
PAY-000271,INV-000271,SO-000271,CUST-041,2024-03-29,102388.6,NEFT / Bank Transfer,UTR-2411629,Credit Settlement Net 45
PAY-000272,INV-000272,SO-000272,CUST-010,2024-05-03,1504.5,Cheque,UTR-2420528,Credit Settlement Net 30
PAY-000273,INV-000273,SO-000273,CUST-015,2024-04-02,116389.3,Cheque,UTR-2429427,Credit Settlement Net 30
PAY-000274,INV-000274,SO-000274,CUST-030,2024-03-09,867.3,UPI,Ref-274274,Settled on Billing
PAY-000275,INV-000275,SO-000275,CUST-017,2024-03-14,11233.6,UPI,UTR-2447225,Credit Settlement Net 30
PAY-000276,INV-000276,SO-000276,CUST-013,2024-03-16,283.2,RTGS,UTR-2456124,Credit Settlement Net 15
PAY-000277,INV-000277,SO-000277,CUST-005,2024-03-11,2006.0,Cash,Ref-277277,Settled on Billing
PAY-000278,INV-000278,SO-000278,CUST-004,2024-03-21,53347.8,Cheque,UTR-2473922,Credit Settlement Net 45
PAY-000279,INV-000279,SO-000279,CUST-016,2024-04-01,11652.5,RTGS,UTR-2482821,Credit Settlement Net 30
PAY-000280,INV-000280,SO-000280,CUST-039,2024-04-24,5373.72,UPI,UTR-2491720,Credit Settlement Net 15
PAY-000281,INV-000281,SO-000281,CUST-026,2024-03-31,1628.4,RTGS,UTR-2500619,Credit Settlement Net 15
PAY-000282,INV-000282,SO-000282,CUST-018,2024-03-12,855.5,UPI,Ref-282282,Settled on Billing
PAY-000283,INV-000283,SO-000283,CUST-024,2024-03-28,129479.04,NEFT / Bank Transfer,UTR-2518417,Credit Settlement Net 30
PAY-000284,INV-000284,SO-000284,CUST-010,2024-03-30,1492.7,Cheque,UTR-2527316,Credit Settlement Net 30
PAY-000285,INV-000285,SO-000285,CUST-026,2024-04-09,4690.5,NEFT / Bank Transfer,UTR-2536215,Credit Settlement Net 15
PAY-000286,INV-000286,SO-000286,CUST-028,2024-04-02,319260.8,UPI,UTR-2545114,Credit Settlement Net 30
PAY-000287,INV-000287,SO-000287,CUST-015,2024-04-23,10938.6,UPI,UTR-2554013,Credit Settlement Net 30
PAY-000288,INV-000288,SO-000288,CUST-014,2024-03-13,389.4,Cash,Ref-288288,Settled on Billing
PAY-000289,INV-000289,SO-000289,CUST-010,2024-03-20,5522.4,UPI,UTR-2571811,Credit Settlement Net 30
PAY-000290,INV-000290,SO-000290,CUST-002,2024-03-27,79473.0,Cheque,UTR-2580710,Credit Settlement Net 15
PAY-000291,INV-000291,SO-000291,CUST-020,2024-04-30,5227.4,UPI,UTR-2589609,Credit Settlement Net 15
PAY-000292,INV-000292,SO-000292,CUST-002,2024-05-02,768385.32,UPI,UTR-2598508,Credit Settlement Net 15
PAY-000293,INV-000293,SO-000293,CUST-034,2024-04-01,76.7,RTGS,UTR-2607407,Credit Settlement Net 30
PAY-000294,INV-000294,SO-000294,CUST-027,2024-04-18,16337.1,Cheque,UTR-2616306,Credit Settlement Net 30
PAY-000295,INV-000295,SO-000295,CUST-015,2024-04-04,8885.4,Cheque,UTR-2625205,Credit Settlement Net 30
PAY-000296,INV-000296,SO-000296,CUST-027,2024-04-09,1003.0,Cheque,UTR-2634104,Credit Settlement Net 30
PAY-000297,INV-000297,SO-000297,CUST-003,2024-04-06,37952.34,NEFT / Bank Transfer,UTR-2643003,Credit Settlement Net 15
PAY-000298,INV-000298,SO-000298,CUST-034,2024-04-04,1663.8,UPI,UTR-2651902,Credit Settlement Net 30
PAY-000299,INV-000299,SO-000299,CUST-038,2024-03-25,226299.22,UPI,UTR-2660801,Credit Settlement Net 15
PAY-000300,INV-000300,SO-000300,CUST-006,2024-03-15,2607.8,UPI,Ref-300300,Settled on Billing
PAY-000301,INV-000301,SO-000301,CUST-011,2024-04-20,17499.4,NEFT / Bank Transfer,UTR-2678599,Credit Settlement Net 45
PAY-000302,INV-000302,SO-000302,CUST-001,2024-04-17,230454.0,NEFT / Bank Transfer,UTR-2687498,Credit Settlement Net 30
PAY-000303,INV-000303,SO-000303,CUST-020,2024-04-17,4478.1,RTGS,UTR-2696397,Credit Settlement Net 15
PAY-000304,INV-000304,SO-000304,CUST-005,2024-03-16,4277.5,Cash,Ref-304304,Settled on Billing
PAY-000305,INV-000305,SO-000305,CUST-037,2024-05-07,3593.1,Cheque,UTR-2714195,Credit Settlement Net 30
PAY-000306,INV-000306,SO-000306,CUST-032,2024-04-15,237463.2,NEFT / Bank Transfer,UTR-2723094,Credit Settlement Net 30
PAY-000307,INV-000307,SO-000307,CUST-005,2024-03-18,5310.0,Cash,Ref-307307,Settled on Billing
PAY-000308,INV-000308,SO-000308,CUST-012,2024-03-19,2478.0,Credit Card,Ref-308308,Settled on Billing
PAY-000309,INV-000309,SO-000309,CUST-003,2024-03-30,13853.2,Cheque,UTR-2749791,Credit Settlement Net 15
PAY-000310,INV-000310,SO-000310,CUST-022,2024-03-26,35571.1,RTGS,UTR-2758690,Credit Settlement Net 30
PAY-000311,INV-000311,SO-000311,CUST-013,2024-04-18,4637.4,NEFT / Bank Transfer,UTR-2767589,Credit Settlement Net 15
PAY-000312,INV-000312,SO-000312,CUST-030,2024-03-20,566.4,UPI,Ref-312312,Settled on Billing
PAY-000313,INV-000313,SO-000313,CUST-020,2024-03-26,10152.72,NEFT / Bank Transfer,UTR-2785387,Credit Settlement Net 15
PAY-000314,INV-000314,SO-000314,CUST-023,2024-06-15,217326.5,Cheque,UTR-2794286,Credit Settlement Net 15
PAY-000315,INV-000315,SO-000315,CUST-040,2024-04-03,9027.0,UPI,UTR-2803185,Credit Settlement Net 30
PAY-000316,INV-000316,SO-000316,CUST-015,2024-04-16,154285.0,UPI,UTR-2812084,Credit Settlement Net 30
PAY-000317,INV-000317,SO-000317,CUST-009,2024-04-18,122186.64,RTGS,UTR-2820983,Credit Settlement Net 30
PAY-000318,INV-000318,SO-000318,CUST-016,2024-04-19,413.0,RTGS,UTR-2829882,Credit Settlement Net 30
PAY-000319,INV-000319,SO-000319,CUST-005,2024-03-21,2218.4,Cash,Ref-319319,Settled on Billing
PAY-000320,INV-000320,SO-000320,CUST-009,2024-04-16,169023.2,RTGS,UTR-2847680,Credit Settlement Net 30
PAY-000321,INV-000321,SO-000321,CUST-023,2024-04-18,19723.7,UPI,UTR-2856579,Credit Settlement Net 15
PAY-000322,INV-000322,SO-000322,CUST-027,2024-04-11,16284.0,UPI,UTR-2865478,Credit Settlement Net 30
PAY-000323,INV-000323,SO-000323,CUST-009,2024-04-12,174675.4,NEFT / Bank Transfer,UTR-2874377,Credit Settlement Net 30
PAY-000324,INV-000324,SO-000324,CUST-016,2024-03-28,11735.1,Cheque,UTR-2883276,Credit Settlement Net 30
PAY-000325,INV-000325,SO-000325,CUST-034,2024-05-13,466.1,NEFT / Bank Transfer,UTR-2892175,Credit Settlement Net 30
PAY-000326,INV-000326,SO-000326,CUST-040,2024-05-03,8142.0,RTGS,UTR-2901074,Credit Settlement Net 30
PAY-000327,INV-000327,SO-000327,CUST-038,2024-04-13,294303.8,UPI,UTR-2909973,Credit Settlement Net 15
PAY-000328,INV-000328,SO-000328,CUST-016,2024-04-21,997.1,RTGS,UTR-2918872,Credit Settlement Net 30
PAY-000329,INV-000329,SO-000329,CUST-015,2024-04-20,42775.0,RTGS,UTR-2927771,Credit Settlement Net 30
PAY-000330,INV-000330,SO-000330,CUST-038,2024-05-16,285565.9,RTGS,UTR-2936670,Credit Settlement Net 15
PAY-000331,INV-000331,SO-000331,CUST-002,2024-04-11,132280.36,RTGS,UTR-2945569,Credit Settlement Net 15
PAY-000332,INV-000332,SO-000332,CUST-017,2024-05-06,206.5,Cheque,UTR-2954468,Credit Settlement Net 30
PAY-000333,INV-000333,SO-000333,CUST-032,2024-04-03,196965.6,NEFT / Bank Transfer,UTR-2963367,Credit Settlement Net 30
PAY-000334,INV-000334,SO-000334,CUST-002,2024-04-23,332937.0,NEFT / Bank Transfer,UTR-2972266,Credit Settlement Net 15
PAY-000335,INV-000335,SO-000335,CUST-031,2024-03-26,5546.0,Cash,Ref-335335,Settled on Billing
PAY-000336,INV-000336,SO-000336,CUST-022,2024-04-20,25045.5,NEFT / Bank Transfer,UTR-2990064,Credit Settlement Net 30
PAY-000337,INV-000337,SO-000337,CUST-041,2024-04-05,35795.3,NEFT / Bank Transfer,UTR-2998963,Credit Settlement Net 45
PAY-000338,INV-000338,SO-000338,CUST-014,2024-03-27,5557.8,Cash,Ref-338338,Settled on Billing
PAY-000339,INV-000339,SO-000339,CUST-003,2024-04-03,12844.3,UPI,UTR-3016761,Credit Settlement Net 15
PAY-000340,INV-000340,SO-000340,CUST-038,2024-04-30,108560.0,Cheque,UTR-3025660,Credit Settlement Net 15
PAY-000341,INV-000341,SO-000341,CUST-038,2024-04-25,279719.0,NEFT / Bank Transfer,UTR-3034559,Credit Settlement Net 15
PAY-000342,INV-000342,SO-000342,CUST-041,2024-06-12,73219.0,UPI,UTR-3043458,Credit Settlement Net 45
PAY-000343,INV-000343,SO-000343,CUST-041,2024-05-12,61596.0,NEFT / Bank Transfer,UTR-3052357,Credit Settlement Net 45
PAY-000344,INV-000344,SO-000344,CUST-031,2024-03-28,855.5,Cash,Ref-344344,Settled on Billing
PAY-000345,INV-000345,SO-000345,CUST-019,2024-04-26,153.4,Cheque,UTR-3070155,Credit Settlement Net 30
PAY-000346,INV-000346,SO-000346,CUST-029,2024-04-09,108322.82,UPI,UTR-3079054,Credit Settlement Net 45
PAY-000347,INV-000347,SO-000347,CUST-025,2024-05-09,1079.7,Cheque,UTR-3087953,Credit Settlement Net 30
PAY-000348,INV-000348,SO-000348,CUST-030,2024-03-29,483.8,UPI,Ref-348348,Settled on Billing
PAY-000349,INV-000349,SO-000349,CUST-011,2024-04-09,174999.9,UPI,UTR-3105751,Credit Settlement Net 45
PAY-000350,INV-000350,SO-000350,CUST-033,2024-03-30,230.1,Credit Card,Ref-350350,Settled on Billing
PAY-000351,INV-000351,SO-000351,CUST-007,2024-04-10,2879.2,NEFT / Bank Transfer,UTR-3123549,Credit Settlement Net 30
PAY-000352,INV-000352,SO-000352,CUST-037,2024-04-16,1439.6,RTGS,UTR-3132448,Credit Settlement Net 30
PAY-000353,INV-000353,SO-000353,CUST-019,2024-06-21,11151.0,NEFT / Bank Transfer,UTR-3141347,Credit Settlement Net 30
PAY-000354,INV-000354,SO-000354,CUST-012,2024-03-30,1793.6,Credit Card,Ref-354354,Settled on Billing
PAY-000355,INV-000355,SO-000355,CUST-021,2024-04-01,7078.82,Cash,Ref-355355,Settled on Billing
PAY-000356,INV-000356,SO-000356,CUST-029,2024-05-04,178262.6,NEFT / Bank Transfer,UTR-3168044,Credit Settlement Net 45
PAY-000357,INV-000357,SO-000357,CUST-032,2024-05-15,79001.0,Cheque,UTR-3176943,Credit Settlement Net 30
PAY-000358,INV-000358,SO-000358,CUST-034,2024-05-16,18631.02,Cheque,UTR-3185842,Credit Settlement Net 30
PAY-000359,INV-000359,SO-000359,CUST-019,2024-04-22,1244.9,Cheque,UTR-3194741,Credit Settlement Net 30
PAY-000360,INV-000360,SO-000360,CUST-021,2024-04-02,743.4,Cash,Ref-360360,Settled on Billing
PAY-000361,INV-000361,SO-000361,CUST-023,2024-05-13,235959.88,UPI,UTR-3212539,Credit Settlement Net 15
PAY-000362,INV-000362,SO-000362,CUST-037,2024-04-07,1740.5,UPI,UTR-3221438,Credit Settlement Net 30
PAY-000363,INV-000363,SO-000363,CUST-015,2024-04-19,119963.52,Cheque,UTR-3230337,Credit Settlement Net 30
PAY-000364,INV-000364,SO-000364,CUST-001,2024-04-10,135748.38,Cheque,UTR-3239236,Credit Settlement Net 30
PAY-000365,INV-000365,SO-000365,CUST-005,2024-04-03,1351.1,Cash,Ref-365365,Settled on Billing
PAY-000366,INV-000366,SO-000366,CUST-030,2024-04-03,1947.0,UPI,Ref-366366,Settled on Billing
PAY-000367,INV-000367,SO-000367,CUST-020,2024-04-27,2141.7,Cheque,UTR-3265933,Credit Settlement Net 15
PAY-000368,INV-000368,SO-000368,CUST-039,2024-04-19,9133.2,RTGS,UTR-3274832,Credit Settlement Net 15
PAY-000369,INV-000369,SO-000369,CUST-009,2024-04-25,486771.24,RTGS,UTR-3283731,Credit Settlement Net 30
PAY-000370,INV-000370,SO-000370,CUST-018,2024-04-05,12821.88,UPI,Ref-370370,Settled on Billing
PAY-000371,INV-000371,SO-000371,CUST-019,2024-04-13,643.1,UPI,UTR-3301529,Credit Settlement Net 30
PAY-000372,INV-000372,SO-000372,CUST-005,2024-04-05,531.0,Cash,Ref-372372,Settled on Billing
PAY-000373,INV-000373,SO-000373,CUST-008,2024-04-12,9546.2,NEFT / Bank Transfer,UTR-3319327,Credit Settlement Net 7
PAY-000374,INV-000374,SO-000374,CUST-028,2024-04-11,20331.4,Cheque,UTR-3328226,Credit Settlement Net 30
PAY-000375,INV-000375,SO-000375,CUST-013,2024-04-29,2551.16,NEFT / Bank Transfer,UTR-3337125,Credit Settlement Net 15
PAY-000376,INV-000376,SO-000376,CUST-038,2024-05-23,11756.34,Cheque,UTR-3346024,Credit Settlement Net 15
PAY-000377,INV-000377,SO-000377,CUST-007,2024-04-14,7653.48,UPI,UTR-3354923,Credit Settlement Net 30
PAY-000378,INV-000378,SO-000378,CUST-019,2024-04-30,666.7,UPI,UTR-3363822,Credit Settlement Net 30
PAY-000379,INV-000379,SO-000379,CUST-028,2024-04-19,362893.66,Cheque,UTR-3372721,Credit Settlement Net 30
PAY-000380,INV-000380,SO-000380,CUST-032,2024-04-20,175147.4,RTGS,UTR-3381620,Credit Settlement Net 30
PAY-000381,INV-000381,SO-000381,CUST-004,2024-04-25,22071.9,UPI,UTR-3390519,Credit Settlement Net 45
PAY-000382,INV-000382,SO-000382,CUST-017,2024-04-20,1653.18,Cheque,UTR-3399418,Credit Settlement Net 30
PAY-000383,INV-000383,SO-000383,CUST-020,2024-05-08,6124.2,Cheque,UTR-3408317,Credit Settlement Net 15
PAY-000384,INV-000384,SO-000384,CUST-040,2024-05-21,6957.28,UPI,UTR-3417216,Credit Settlement Net 30
PAY-000385,INV-000385,SO-000385,CUST-004,2024-05-08,58882.0,UPI,UTR-3426115,Credit Settlement Net 45
PAY-000386,INV-000386,SO-000386,CUST-021,2024-04-09,2414.28,Cash,Ref-386386,Settled on Billing
PAY-000387,INV-000387,SO-000387,CUST-044,2024-05-05,2948.82,RTGS,UTR-3443913,Credit Settlement Net 7
PAY-000388,INV-000388,SO-000388,CUST-020,2024-05-23,37016.6,RTGS,UTR-3452812,Credit Settlement Net 15
PAY-000389,INV-000389,SO-000389,CUST-035,2024-05-28,13280.9,UPI,UTR-3461711,Credit Settlement Net 7
PAY-000390,INV-000390,SO-000390,CUST-016,2024-05-08,1581.2,NEFT / Bank Transfer,UTR-3470610,Credit Settlement Net 30
PAY-000391,INV-000391,SO-000391,CUST-018,2024-04-10,88.5,UPI,Ref-391391,Settled on Billing
PAY-000392,INV-000392,SO-000392,CUST-012,2024-04-10,837.8,Credit Card,Ref-392392,Settled on Billing
PAY-000393,INV-000393,SO-000393,CUST-005,2024-04-10,8066.48,Cash,Ref-393393,Settled on Billing
PAY-000394,INV-000394,SO-000394,CUST-037,2024-05-18,10486.66,UPI,UTR-3506206,Credit Settlement Net 30
PAY-000395,INV-000395,SO-000395,CUST-016,2024-04-26,1534.0,RTGS,UTR-3515105,Credit Settlement Net 30
PAY-000396,INV-000396,SO-000396,CUST-042,2024-05-24,272167.0,NEFT / Bank Transfer,UTR-3524004,Credit Settlement Net 15
PAY-000397,INV-000397,SO-000397,CUST-016,2024-05-11,1663.8,UPI,UTR-3532903,Credit Settlement Net 30
PAY-000398,INV-000398,SO-000398,CUST-022,2024-04-27,58398.2,NEFT / Bank Transfer,UTR-3541802,Credit Settlement Net 30
PAY-000399,INV-000399,SO-000399,CUST-009,2024-04-19,307564.64,NEFT / Bank Transfer,UTR-3550701,Credit Settlement Net 30
PAY-000400,INV-000400,SO-000400,CUST-042,2024-05-10,118964.06,UPI,UTR-3559600,Credit Settlement Net 15
PAY-000401,INV-000401,SO-000401,CUST-014,2024-04-12,7002.12,Cash,Ref-401401,Settled on Billing
PAY-000402,INV-000402,SO-000402,CUST-028,2024-04-20,90903.66,NEFT / Bank Transfer,UTR-3577398,Credit Settlement Net 30
PAY-000403,INV-000403,SO-000403,CUST-021,2024-04-12,10509.08,Cash,Ref-403403,Settled on Billing
PAY-000404,INV-000404,SO-000404,CUST-004,2024-05-06,70677.28,RTGS,UTR-3595196,Credit Settlement Net 45
PAY-000405,INV-000405,SO-000405,CUST-006,2024-04-13,348.1,UPI,Ref-405405,Settled on Billing
PAY-000406,INV-000406,SO-000406,CUST-009,2024-05-12,318010.0,Cheque,UTR-3612994,Credit Settlement Net 30
PAY-000407,INV-000407,SO-000407,CUST-017,2024-05-13,35.4,UPI,UTR-3621893,Credit Settlement Net 30
PAY-000408,INV-000408,SO-000408,CUST-043,2024-04-23,9096.62,RTGS,UTR-3630792,Credit Settlement Net 30
PAY-000409,INV-000409,SO-000409,CUST-038,2024-04-27,292470.08,UPI,UTR-3639691,Credit Settlement Net 15
PAY-000410,INV-000410,SO-000410,CUST-037,2024-04-24,1003.0,UPI,UTR-3648590,Credit Settlement Net 30
PAY-000411,INV-000411,SO-000411,CUST-016,2024-04-26,295.0,RTGS,UTR-3657489,Credit Settlement Net 30
PAY-000412,INV-000412,SO-000412,CUST-028,2024-05-13,475154.14,NEFT / Bank Transfer,UTR-3666388,Credit Settlement Net 30
PAY-000413,INV-000413,SO-000413,CUST-042,2024-05-08,164515.6,RTGS,UTR-3675287,Credit Settlement Net 15
PAY-000414,INV-000414,SO-000414,CUST-005,2024-04-16,194.7,Cash,Ref-414414,Settled on Billing
PAY-000415,INV-000415,SO-000415,CUST-030,2024-04-16,12949.32,UPI,Ref-415415,Settled on Billing
PAY-000416,INV-000416,SO-000416,CUST-040,2024-05-01,1470.28,NEFT / Bank Transfer,UTR-3701984,Credit Settlement Net 30
PAY-000417,INV-000417,SO-000417,CUST-030,2024-04-17,2655.0,UPI,Ref-417417,Settled on Billing
PAY-000418,INV-000418,SO-000418,CUST-006,2024-04-17,531.0,UPI,Ref-418418,Settled on Billing
PAY-000419,INV-000419,SO-000419,CUST-002,2024-05-17,270179.88,NEFT / Bank Transfer,UTR-3728681,Credit Settlement Net 15
PAY-000420,INV-000420,SO-000420,CUST-010,2024-04-25,3180.1,RTGS,UTR-3737580,Credit Settlement Net 30
PAY-000421,INV-000421,SO-000421,CUST-032,2024-07-12,295139.24,NEFT / Bank Transfer,UTR-3746479,Credit Settlement Net 30
PAY-000422,INV-000422,SO-000422,CUST-033,2024-04-18,4559.52,Credit Card,Ref-422422,Settled on Billing
PAY-000423,INV-000423,SO-000423,CUST-019,2024-05-05,2354.1,Cheque,UTR-3764277,Credit Settlement Net 30
PAY-000424,INV-000424,SO-000424,CUST-011,2024-05-04,112090.56,NEFT / Bank Transfer,UTR-3773176,Credit Settlement Net 45
PAY-000425,INV-000425,SO-000425,CUST-023,2024-04-30,104776.92,NEFT / Bank Transfer,UTR-3782075,Credit Settlement Net 15
PAY-000426,INV-000426,SO-000426,CUST-029,2024-06-05,36614.22,UPI,UTR-3790974,Credit Settlement Net 45
PAY-000427,INV-000427,SO-000427,CUST-034,2024-05-01,1829.0,NEFT / Bank Transfer,UTR-3799873,Credit Settlement Net 30
PAY-000428,INV-000428,SO-000428,CUST-026,2024-06-02,23552.8,RTGS,UTR-3808772,Credit Settlement Net 15
PAY-000429,INV-000429,SO-000429,CUST-026,2024-07-09,43624.6,Cheque,UTR-3817671,Credit Settlement Net 15
PAY-000430,INV-000430,SO-000430,CUST-020,2024-06-06,13575.9,RTGS,UTR-3826570,Credit Settlement Net 15
PAY-000431,INV-000431,SO-000431,CUST-023,2024-05-09,91709.6,Cheque,UTR-3835469,Credit Settlement Net 15
PAY-000432,INV-000432,SO-000432,CUST-034,2024-06-27,6150.16,Cheque,UTR-3844368,Credit Settlement Net 30
PAY-000433,INV-000433,SO-000433,CUST-034,2024-06-27,9902.56,UPI,UTR-3853267,Credit Settlement Net 30
PAY-000434,INV-000434,SO-000434,CUST-008,2024-05-04,3392.5,Cheque,UTR-3862166,Credit Settlement Net 7
PAY-000435,INV-000435,SO-000435,CUST-029,2024-05-04,109138.2,UPI,UTR-3871065,Credit Settlement Net 45
PAY-000436,INV-000436,SO-000436,CUST-003,2024-05-09,16620.3,UPI,UTR-3879964,Credit Settlement Net 15
PAY-000437,INV-000437,SO-000437,CUST-002,2024-04-28,73056.16,RTGS,UTR-3888863,Credit Settlement Net 15
PAY-000438,INV-000438,SO-000438,CUST-027,2024-05-26,389.4,Cheque,UTR-3897762,Credit Settlement Net 30
PAY-000439,INV-000439,SO-000439,CUST-006,2024-04-22,11235.96,UPI,Ref-439439,Settled on Billing
PAY-000440,INV-000440,SO-000440,CUST-021,2024-04-22,177.0,Cash,Ref-440440,Settled on Billing
PAY-000441,INV-000441,SO-000441,CUST-007,2024-05-14,684.4,UPI,UTR-3924459,Credit Settlement Net 30
PAY-000442,INV-000442,SO-000442,CUST-041,2024-05-21,232259.4,Cheque,UTR-3933358,Credit Settlement Net 45
PAY-000443,INV-000443,SO-000443,CUST-035,2024-06-01,6313.0,Cheque,UTR-3942257,Credit Settlement Net 7
PAY-000444,INV-000444,SO-000444,CUST-033,2024-04-23,920.4,Credit Card,Ref-444444,Settled on Billing
PAY-000445,INV-000445,SO-000445,CUST-026,2024-05-16,4602.0,RTGS,UTR-3960055,Credit Settlement Net 15
PAY-000446,INV-000446,SO-000446,CUST-021,2024-04-23,2041.4,Cash,Ref-446446,Settled on Billing
PAY-000447,INV-000447,SO-000447,CUST-009,2024-05-08,168555.92,NEFT / Bank Transfer,UTR-3977853,Credit Settlement Net 30
PAY-000448,INV-000448,SO-000448,CUST-001,2024-05-20,14366.5,Cheque,UTR-3986752,Credit Settlement Net 30
PAY-000449,INV-000449,SO-000449,CUST-033,2024-04-25,2666.8,Credit Card,Ref-449449,Settled on Billing
PAY-000450,INV-000450,SO-000450,CUST-009,2024-05-18,162309.0,NEFT / Bank Transfer,UTR-4004550,Credit Settlement Net 30
PAY-000451,INV-000451,SO-000451,CUST-042,2024-05-18,45099.6,UPI,UTR-4013449,Credit Settlement Net 15
PAY-000452,INV-000452,SO-000452,CUST-026,2024-05-03,4573.68,NEFT / Bank Transfer,UTR-4022348,Credit Settlement Net 15
PAY-000453,INV-000453,SO-000453,CUST-002,2024-05-09,273489.78,NEFT / Bank Transfer,UTR-4031247,Credit Settlement Net 15
PAY-000454,INV-000454,SO-000454,CUST-003,2024-06-16,10668.38,UPI,UTR-4040146,Credit Settlement Net 15
PAY-000455,INV-000455,SO-000455,CUST-040,2024-05-10,1386.5,RTGS,UTR-4049045,Credit Settlement Net 30
PAY-000456,INV-000456,SO-000456,CUST-029,2024-05-22,50504.0,UPI,UTR-4057944,Credit Settlement Net 45
PAY-000457,INV-000457,SO-000457,CUST-001,2024-06-02,231197.4,RTGS,UTR-4066843,Credit Settlement Net 30
PAY-000458,INV-000458,SO-000458,CUST-030,2024-04-26,283.2,UPI,Ref-458458,Settled on Billing
PAY-000459,INV-000459,SO-000459,CUST-015,2024-05-27,193727.68,UPI,UTR-4084641,Credit Settlement Net 30
PAY-000460,INV-000460,SO-000460,CUST-002,2024-05-03,100023.88,NEFT / Bank Transfer,UTR-4093540,Credit Settlement Net 15
PAY-000461,INV-000461,SO-000461,CUST-009,2024-05-14,408806.28,Cheque,UTR-4102439,Credit Settlement Net 30
PAY-000462,INV-000462,SO-000462,CUST-041,2024-05-16,187159.8,Cheque,UTR-4111338,Credit Settlement Net 45
PAY-000463,INV-000463,SO-000463,CUST-040,2024-06-12,660.8,RTGS,UTR-4120237,Credit Settlement Net 30
PAY-000464,INV-000464,SO-000464,CUST-038,2024-05-21,24414.2,RTGS,UTR-4129136,Credit Settlement Net 15
PAY-000465,INV-000465,SO-000465,CUST-003,2024-05-28,24448.42,NEFT / Bank Transfer,UTR-4138035,Credit Settlement Net 15
PAY-000466,INV-000466,SO-000466,CUST-006,2024-04-27,595.9,UPI,Ref-466466,Settled on Billing
PAY-000467,INV-000467,SO-000467,CUST-013,2024-05-18,7621.62,Cheque,UTR-4155833,Credit Settlement Net 15
PAY-000468,INV-000468,SO-000468,CUST-014,2024-04-29,2631.4,Cash,Ref-468468,Settled on Billing
PAY-000469,INV-000469,SO-000469,CUST-021,2024-04-29,230.1,Cash,Ref-469469,Settled on Billing
PAY-000470,INV-000470,SO-000470,CUST-029,2024-05-14,184182.66,RTGS,UTR-4182530,Credit Settlement Net 45
PAY-000471,INV-000471,SO-000471,CUST-014,2024-04-30,1056.1,Cash,Ref-471471,Settled on Billing
PAY-000472,INV-000472,SO-000472,CUST-029,2024-06-12,30036.9,NEFT / Bank Transfer,UTR-4200328,Credit Settlement Net 45
PAY-000473,INV-000473,SO-000473,CUST-011,2024-05-21,38373.6,RTGS,UTR-4209227,Credit Settlement Net 45
PAY-000474,INV-000474,SO-000474,CUST-001,2024-06-18,32520.8,UPI,UTR-4218126,Credit Settlement Net 30
PAY-000475,INV-000475,SO-000475,CUST-012,2024-04-30,3256.8,Credit Card,Ref-475475,Settled on Billing
PAY-000476,INV-000476,SO-000476,CUST-043,2024-05-05,283.2,Cheque,UTR-4235924,Credit Settlement Net 30
PAY-000477,INV-000477,SO-000477,CUST-027,2024-05-30,12000.6,RTGS,UTR-4244823,Credit Settlement Net 30
PAY-000478,INV-000478,SO-000478,CUST-013,2024-05-30,218.3,UPI,UTR-4253722,Credit Settlement Net 15
PAY-000479,INV-000479,SO-000479,CUST-018,2024-05-01,330.4,UPI,Ref-479479,Settled on Billing
PAY-000480,INV-000480,SO-000480,CUST-008,2024-05-09,17865.2,NEFT / Bank Transfer,UTR-4271520,Credit Settlement Net 7
PAY-000481,INV-000481,SO-000481,CUST-020,2024-05-29,14944.7,NEFT / Bank Transfer,UTR-4280419,Credit Settlement Net 15
PAY-000482,INV-000482,SO-000482,CUST-011,2024-05-16,40002.0,Cheque,UTR-4289318,Credit Settlement Net 45
PAY-000483,INV-000483,SO-000483,CUST-026,2024-05-07,13334.0,Cheque,UTR-4298217,Credit Settlement Net 15
PAY-000484,INV-000484,SO-000484,CUST-007,2024-05-31,6513.6,Cheque,UTR-4307116,Credit Settlement Net 30
PAY-000485,INV-000485,SO-000485,CUST-016,2024-05-15,5120.02,Cheque,UTR-4316015,Credit Settlement Net 30
PAY-000486,INV-000486,SO-000486,CUST-039,2024-05-28,10690.8,Cheque,UTR-4324914,Credit Settlement Net 15
PAY-000487,INV-000487,SO-000487,CUST-025,2024-05-24,7327.8,Cheque,UTR-4333813,Credit Settlement Net 30
PAY-000488,INV-000488,SO-000488,CUST-038,2024-05-17,200657.82,RTGS,UTR-4342712,Credit Settlement Net 15
PAY-000489,INV-000489,SO-000489,CUST-011,2024-05-26,155234.9,UPI,UTR-4351611,Credit Settlement Net 45
PAY-000490,INV-000490,SO-000490,CUST-031,2024-05-04,531.0,Cash,Ref-490490,Settled on Billing
PAY-000491,INV-000491,SO-000491,CUST-027,2024-05-20,8503.08,UPI,UTR-4369409,Credit Settlement Net 30
PAY-000492,INV-000492,SO-000492,CUST-023,2024-06-02,407660.5,NEFT / Bank Transfer,UTR-4378308,Credit Settlement Net 15
PAY-000493,INV-000493,SO-000493,CUST-006,2024-05-04,14224.9,UPI,Ref-493493,Settled on Billing
PAY-000494,INV-000494,SO-000494,CUST-011,2024-06-27,70265.46,NEFT / Bank Transfer,UTR-4396106,Credit Settlement Net 45
PAY-000495,INV-000495,SO-000495,CUST-045,2024-05-04,737.5,Cash,Ref-495495,Settled on Billing
PAY-000496,INV-000496,SO-000496,CUST-012,2024-05-04,861.4,Credit Card,Ref-496496,Settled on Billing
PAY-000497,INV-000497,SO-000497,CUST-007,2024-06-05,1067.9,NEFT / Bank Transfer,UTR-4422803,Credit Settlement Net 30
PAY-000498,INV-000498,SO-000498,CUST-003,2024-06-30,2419.0,RTGS,UTR-4431702,Credit Settlement Net 15
PAY-000499,INV-000499,SO-000499,CUST-022,2024-05-11,52002.6,NEFT / Bank Transfer,UTR-4440601,Credit Settlement Net 30
PAY-000500,INV-000500,SO-000500,CUST-040,2024-05-31,6059.3,Cheque,UTR-4449500,Credit Settlement Net 30
PAY-000501,INV-000501,SO-000501,CUST-023,2024-06-05,284552.28,UPI,UTR-4458399,Credit Settlement Net 15
PAY-000502,INV-000502,SO-000502,CUST-031,2024-05-06,2448.5,Cash,Ref-502502,Settled on Billing
PAY-000503,INV-000503,SO-000503,CUST-043,2024-05-19,1628.4,RTGS,UTR-4476197,Credit Settlement Net 30
PAY-000504,INV-000504,SO-000504,CUST-028,2024-05-13,43912.52,RTGS,UTR-4485096,Credit Settlement Net 30
PAY-000505,INV-000505,SO-000505,CUST-035,2024-06-07,3577.76,Cheque,UTR-4493995,Credit Settlement Net 7
PAY-000506,INV-000506,SO-000506,CUST-019,2024-06-11,849.6,RTGS,UTR-4502894,Credit Settlement Net 30
PAY-000507,INV-000507,SO-000507,CUST-043,2024-06-03,177.0,UPI,UTR-4511793,Credit Settlement Net 30
PAY-000508,INV-000508,SO-000508,CUST-013,2024-06-26,1622.5,Cheque,UTR-4520692,Credit Settlement Net 15
PAY-000509,INV-000509,SO-000509,CUST-013,2024-05-19,3577.76,RTGS,UTR-4529591,Credit Settlement Net 15
PAY-000510,INV-000510,SO-000510,CUST-012,2024-05-08,566.4,Credit Card,Ref-510510,Settled on Billing
PAY-000511,INV-000511,SO-000511,CUST-008,2024-06-29,4904.08,NEFT / Bank Transfer,UTR-4547389,Credit Settlement Net 7
PAY-000512,INV-000512,SO-000512,CUST-006,2024-05-09,849.6,UPI,Ref-512512,Settled on Billing
PAY-000513,INV-000513,SO-000513,CUST-037,2024-06-08,15939.44,NEFT / Bank Transfer,UTR-4565187,Credit Settlement Net 30
PAY-000514,INV-000514,SO-000514,CUST-012,2024-05-10,1451.4,Credit Card,Ref-514514,Settled on Billing
PAY-000515,INV-000515,SO-000515,CUST-038,2024-07-04,100780.26,RTGS,UTR-4582985,Credit Settlement Net 15
PAY-000516,INV-000516,SO-000516,CUST-011,2024-05-23,76926.56,NEFT / Bank Transfer,UTR-4591884,Credit Settlement Net 45
PAY-000517,INV-000517,SO-000517,CUST-014,2024-05-10,2006.0,Cash,Ref-517517,Settled on Billing
PAY-000518,INV-000518,SO-000518,CUST-040,2024-07-25,7208.62,Cheque,UTR-4609682,Credit Settlement Net 30
PAY-000519,INV-000519,SO-000519,CUST-045,2024-05-10,33488.4,Cash,Ref-519519,Settled on Billing
PAY-000520,INV-000520,SO-000520,CUST-005,2024-05-11,1150.5,Cash,Ref-520520,Settled on Billing
PAY-000521,INV-000521,SO-000521,CUST-041,2024-06-02,7867.06,NEFT / Bank Transfer,UTR-4636379,Credit Settlement Net 45
PAY-000522,INV-000522,SO-000522,CUST-032,2024-05-29,58185.8,RTGS,UTR-4645278,Credit Settlement Net 30
PAY-000523,INV-000523,SO-000523,CUST-026,2024-06-03,19346.1,UPI,UTR-4654177,Credit Settlement Net 15
PAY-000524,INV-000524,SO-000524,CUST-020,2024-05-19,962.88,RTGS,UTR-4663076,Credit Settlement Net 15
PAY-000525,INV-000525,SO-000525,CUST-032,2024-05-28,50220.8,RTGS,UTR-4671975,Credit Settlement Net 30
PAY-000526,INV-000526,SO-000526,CUST-003,2024-05-18,22886.1,RTGS,UTR-4680874,Credit Settlement Net 15
PAY-000527,INV-000527,SO-000527,CUST-016,2024-05-29,12050.16,UPI,UTR-4689773,Credit Settlement Net 30
PAY-000528,INV-000528,SO-000528,CUST-012,2024-05-14,2639.66,Credit Card,Ref-528528,Settled on Billing
PAY-000529,INV-000529,SO-000529,CUST-034,2024-06-09,737.5,Cheque,UTR-4707571,Credit Settlement Net 30
PAY-000530,INV-000530,SO-000530,CUST-043,2024-07-06,1392.4,NEFT / Bank Transfer,UTR-4716470,Credit Settlement Net 30
PAY-000531,INV-000531,SO-000531,CUST-011,2024-06-10,37789.5,NEFT / Bank Transfer,UTR-4725369,Credit Settlement Net 45
PAY-000532,INV-000532,SO-000532,CUST-022,2024-06-22,134826.8,Cheque,UTR-4734268,Credit Settlement Net 30
PAY-000533,INV-000533,SO-000533,CUST-007,2024-06-02,1811.3,Cheque,UTR-4743167,Credit Settlement Net 30
PAY-000534,INV-000534,SO-000534,CUST-004,2024-06-18,65718.92,UPI,UTR-4752066,Credit Settlement Net 45
PAY-000535,INV-000535,SO-000535,CUST-001,2024-06-28,6375.54,RTGS,UTR-4760965,Credit Settlement Net 30
PAY-000536,INV-000536,SO-000536,CUST-009,2024-06-02,139930.3,UPI,UTR-4769864,Credit Settlement Net 30
PAY-000537,INV-000537,SO-000537,CUST-005,2024-05-15,19920.76,Cash,Ref-537537,Settled on Billing
PAY-000538,INV-000538,SO-000538,CUST-013,2024-06-01,14655.6,RTGS,UTR-4787662,Credit Settlement Net 15
PAY-000539,INV-000539,SO-000539,CUST-009,2024-06-07,97084.5,NEFT / Bank Transfer,UTR-4796561,Credit Settlement Net 30
PAY-000540,INV-000540,SO-000540,CUST-017,2024-05-23,13831.96,Cheque,UTR-4805460,Credit Settlement Net 30
PAY-000541,INV-000541,SO-000541,CUST-018,2024-05-16,2334.04,UPI,Ref-541541,Settled on Billing
PAY-000542,INV-000542,SO-000542,CUST-014,2024-05-16,6159.6,Cash,Ref-542542,Settled on Billing
PAY-000543,INV-000543,SO-000543,CUST-017,2024-06-11,1250.8,RTGS,UTR-4832157,Credit Settlement Net 30
PAY-000544,INV-000544,SO-000544,CUST-035,2024-06-06,5711.2,UPI,UTR-4841056,Credit Settlement Net 7
PAY-000545,INV-000545,SO-000545,CUST-032,2024-06-06,88842.2,Cheque,UTR-4849955,Credit Settlement Net 30
PAY-000546,INV-000546,SO-000546,CUST-042,2024-05-24,172448.74,NEFT / Bank Transfer,UTR-4858854,Credit Settlement Net 15
PAY-000547,INV-000547,SO-000547,CUST-007,2024-05-24,1912.78,RTGS,UTR-4867753,Credit Settlement Net 30
PAY-000548,INV-000548,SO-000548,CUST-001,2024-06-05,26904.0,NEFT / Bank Transfer,UTR-4876652,Credit Settlement Net 30
PAY-000549,INV-000549,SO-000549,CUST-006,2024-05-18,531.0,UPI,Ref-549549,Settled on Billing
PAY-000550,INV-000550,SO-000550,CUST-039,2024-06-21,41453.4,RTGS,UTR-4894450,Credit Settlement Net 15
PAY-000551,INV-000551,SO-000551,CUST-023,2024-06-11,295514.48,NEFT / Bank Transfer,UTR-4903349,Credit Settlement Net 15
PAY-000552,INV-000552,SO-000552,CUST-027,2024-06-24,1787.7,RTGS,UTR-4912248,Credit Settlement Net 30
PAY-000553,INV-000553,SO-000553,CUST-009,2024-05-31,247751.62,NEFT / Bank Transfer,UTR-4921147,Credit Settlement Net 30
PAY-000554,INV-000554,SO-000554,CUST-005,2024-05-20,418.9,Cash,Ref-554554,Settled on Billing
PAY-000555,INV-000555,SO-000555,CUST-005,2024-05-20,76.7,Cash,Ref-555555,Settled on Billing
PAY-000556,INV-000556,SO-000556,CUST-009,2024-07-03,367679.74,RTGS,UTR-4947844,Credit Settlement Net 30
PAY-000557,INV-000557,SO-000557,CUST-034,2024-06-07,2537.0,UPI,UTR-4956743,Credit Settlement Net 30
PAY-000558,INV-000558,SO-000558,CUST-011,2024-05-27,50085.1,Cheque,UTR-4965642,Credit Settlement Net 45
PAY-000559,INV-000559,SO-000559,CUST-039,2024-07-22,1008.9,NEFT / Bank Transfer,UTR-4974541,Credit Settlement Net 15
PAY-000560,INV-000560,SO-000560,CUST-013,2024-06-01,13180.6,UPI,UTR-4983440,Credit Settlement Net 15
PAY-000561,INV-000561,SO-000561,CUST-003,2024-06-16,16797.3,Cheque,UTR-4992339,Credit Settlement Net 15
PAY-000562,INV-000562,SO-000562,CUST-040,2024-06-05,554.6,NEFT / Bank Transfer,UTR-5001238,Credit Settlement Net 30
PAY-000563,INV-000563,SO-000563,CUST-006,2024-05-22,300.9,UPI,Ref-563563,Settled on Billing
PAY-000564,INV-000564,SO-000564,CUST-018,2024-05-22,3005.46,UPI,Ref-564564,Settled on Billing
PAY-000565,INV-000565,SO-000565,CUST-031,2024-05-22,1079.7,Cash,Ref-565565,Settled on Billing
PAY-000566,INV-000566,SO-000566,CUST-009,2024-06-16,311956.6,Cheque,UTR-5036834,Credit Settlement Net 30
PAY-000567,INV-000567,SO-000567,CUST-005,2024-05-23,849.6,Cash,Ref-567567,Settled on Billing
PAY-000568,INV-000568,SO-000568,CUST-030,2024-05-23,713.9,UPI,Ref-568568,Settled on Billing
PAY-000569,INV-000569,SO-000569,CUST-013,2024-06-22,3626.14,UPI,UTR-5063531,Credit Settlement Net 15
PAY-000570,INV-000570,SO-000570,CUST-014,2024-05-23,979.4,Cash,Ref-570570,Settled on Billing
PAY-000571,INV-000571,SO-000571,CUST-014,2024-05-23,1003.0,Cash,Ref-571571,Settled on Billing
PAY-000572,INV-000572,SO-000572,CUST-041,2024-06-09,14024.3,RTGS,UTR-5090228,Credit Settlement Net 45
PAY-000573,INV-000573,SO-000573,CUST-031,2024-05-23,560.5,Cash,Ref-573573,Settled on Billing
PAY-000574,INV-000574,SO-000574,CUST-005,2024-05-24,7611.0,Cash,Ref-574574,Settled on Billing
PAY-000575,INV-000575,SO-000575,CUST-021,2024-05-24,153.4,Cash,Ref-575575,Settled on Billing
PAY-000576,INV-000576,SO-000576,CUST-009,2024-06-03,113543.14,UPI,UTR-5125824,Credit Settlement Net 30
PAY-000577,INV-000577,SO-000577,CUST-030,2024-05-24,12909.2,UPI,Ref-577577,Settled on Billing
PAY-000578,INV-000578,SO-000578,CUST-030,2024-05-25,13416.6,UPI,Ref-578578,Settled on Billing
PAY-000579,INV-000579,SO-000579,CUST-025,2024-05-31,18956.7,UPI,UTR-5152521,Credit Settlement Net 30
PAY-000580,INV-000580,SO-000580,CUST-040,2024-06-05,12254.3,Cheque,UTR-5161420,Credit Settlement Net 30
PAY-000581,INV-000581,SO-000581,CUST-030,2024-05-25,938.1,UPI,Ref-581581,Settled on Billing
PAY-000582,INV-000582,SO-000582,CUST-027,2024-06-21,88.5,UPI,UTR-5179218,Credit Settlement Net 30
PAY-000583,INV-000583,SO-000583,CUST-042,2024-07-17,164316.18,Cheque,UTR-5188117,Credit Settlement Net 15
PAY-000584,INV-000584,SO-000584,CUST-014,2024-05-27,206.5,Cash,Ref-584584,Settled on Billing
PAY-000585,INV-000585,SO-000585,CUST-037,2024-07-05,1150.5,Cheque,UTR-5205915,Credit Settlement Net 30
PAY-000586,INV-000586,SO-000586,CUST-016,2024-06-02,8566.8,Cheque,UTR-5214814,Credit Settlement Net 30
PAY-000587,INV-000587,SO-000587,CUST-012,2024-05-28,206.5,Credit Card,Ref-587587,Settled on Billing
PAY-000588,INV-000588,SO-000588,CUST-008,2024-06-13,26939.4,Cheque,UTR-5232612,Credit Settlement Net 7
PAY-000589,INV-000589,SO-000589,CUST-008,2024-07-05,2187.72,UPI,UTR-5241511,Credit Settlement Net 7
PAY-000590,INV-000590,SO-000590,CUST-032,2024-07-12,82836.0,RTGS,UTR-5250410,Credit Settlement Net 30
PAY-000591,INV-000591,SO-000591,CUST-033,2024-05-30,18956.7,Credit Card,Ref-591591,Settled on Billing
PAY-000592,INV-000592,SO-000592,CUST-008,2024-06-07,2225.48,NEFT / Bank Transfer,UTR-5268208,Credit Settlement Net 7
PAY-000593,INV-000593,SO-000593,CUST-001,2024-06-16,95246.06,UPI,UTR-5277107,Credit Settlement Net 30
PAY-000594,INV-000594,SO-000594,CUST-027,2024-07-19,283.2,NEFT / Bank Transfer,UTR-5286006,Credit Settlement Net 30
PAY-000595,INV-000595,SO-000595,CUST-037,2024-07-18,35.4,NEFT / Bank Transfer,UTR-5294905,Credit Settlement Net 30
PAY-000596,INV-000596,SO-000596,CUST-007,2024-07-16,18238.08,UPI,UTR-5303804,Credit Settlement Net 30
PAY-000597,INV-000597,SO-000597,CUST-040,2024-06-19,88.5,Cheque,UTR-5312703,Credit Settlement Net 30
PAY-000598,INV-000598,SO-000598,CUST-035,2024-07-03,2678.6,Cheque,UTR-5321602,Credit Settlement Net 7
PAY-000599,INV-000599,SO-000599,CUST-010,2024-07-23,3829.1,UPI,UTR-5330501,Credit Settlement Net 30
PAY-000600,INV-000600,SO-000600,CUST-023,2024-06-26,103486.0,NEFT / Bank Transfer,UTR-5339400,Credit Settlement Net 15
PAY-000601,INV-000601,SO-000601,CUST-015,2024-06-20,96264.4,NEFT / Bank Transfer,UTR-5348299,Credit Settlement Net 30
PAY-000602,INV-000602,SO-000602,CUST-012,2024-06-01,743.4,Credit Card,Ref-602602,Settled on Billing
PAY-000603,INV-000603,SO-000603,CUST-008,2024-07-18,861.4,RTGS,UTR-5366097,Credit Settlement Net 7
PAY-000604,INV-000604,SO-000604,CUST-005,2024-06-03,8566.8,Cash,Ref-604604,Settled on Billing
PAY-000605,INV-000605,SO-000605,CUST-007,2024-06-10,5074.0,NEFT / Bank Transfer,UTR-5383895,Credit Settlement Net 30
PAY-000606,INV-000606,SO-000606,CUST-020,2024-07-04,10282.52,NEFT / Bank Transfer,UTR-5392794,Credit Settlement Net 15
PAY-000607,INV-000607,SO-000607,CUST-017,2024-06-29,660.8,UPI,UTR-5401693,Credit Settlement Net 30
PAY-000608,INV-000608,SO-000608,CUST-015,2024-07-05,56654.16,UPI,UTR-5410592,Credit Settlement Net 30
PAY-000609,INV-000609,SO-000609,CUST-002,2024-06-14,384016.84,RTGS,UTR-5419491,Credit Settlement Net 15
PAY-000610,INV-000610,SO-000610,CUST-044,2024-06-12,26355.3,UPI,UTR-5428390,Credit Settlement Net 7
PAY-000611,INV-000611,SO-000611,CUST-037,2024-07-03,4354.2,RTGS,UTR-5437289,Credit Settlement Net 30
PAY-000612,INV-000612,SO-000612,CUST-005,2024-06-04,106.2,Cash,Ref-612612,Settled on Billing
PAY-000613,INV-000613,SO-000613,CUST-019,2024-07-19,129.8,RTGS,UTR-5455087,Credit Settlement Net 30
PAY-000614,INV-000614,SO-000614,CUST-012,2024-06-05,2242.0,Credit Card,Ref-614614,Settled on Billing
PAY-000615,INV-000615,SO-000615,CUST-027,2024-06-18,10207.0,Cheque,UTR-5472885,Credit Settlement Net 30
PAY-000616,INV-000616,SO-000616,CUST-030,2024-06-06,94.4,UPI,Ref-616616,Settled on Billing
PAY-000617,INV-000617,SO-000617,CUST-002,2024-09-07,293548.6,NEFT / Bank Transfer,UTR-5490683,Credit Settlement Net 15
PAY-000618,INV-000618,SO-000618,CUST-018,2024-06-06,14974.2,UPI,Ref-618618,Settled on Billing
PAY-000619,INV-000619,SO-000619,CUST-004,2024-07-11,31405.7,RTGS,UTR-5508481,Credit Settlement Net 45
PAY-000620,INV-000620,SO-000620,CUST-001,2024-06-23,113315.4,Cheque,UTR-5517380,Credit Settlement Net 30
PAY-000621,INV-000621,SO-000621,CUST-043,2024-06-28,849.6,UPI,UTR-5526279,Credit Settlement Net 30
PAY-000622,INV-000622,SO-000622,CUST-032,2024-07-11,29411.5,NEFT / Bank Transfer,UTR-5535178,Credit Settlement Net 30
PAY-000623,INV-000623,SO-000623,CUST-030,2024-06-08,5268.7,UPI,Ref-623623,Settled on Billing
PAY-000624,INV-000624,SO-000624,CUST-034,2024-07-23,607.7,RTGS,UTR-5552976,Credit Settlement Net 30
PAY-000625,INV-000625,SO-000625,CUST-031,2024-06-08,6147.8,Cash,Ref-625625,Settled on Billing
PAY-000626,INV-000626,SO-000626,CUST-031,2024-06-10,1492.7,Cash,Ref-626626,Settled on Billing
PAY-000627,INV-000627,SO-000627,CUST-027,2024-06-16,259.6,Cheque,UTR-5579673,Credit Settlement Net 30
PAY-000628,INV-000628,SO-000628,CUST-045,2024-06-10,1911.6,Cash,Ref-628628,Settled on Billing
PAY-000629,INV-000629,SO-000629,CUST-017,2024-07-01,4088.7,NEFT / Bank Transfer,UTR-5597471,Credit Settlement Net 30
PAY-000630,INV-000630,SO-000630,CUST-001,2024-07-29,173094.2,Cheque,UTR-5606370,Credit Settlement Net 30
PAY-000631,INV-000631,SO-000631,CUST-037,2024-06-16,1062.0,Cheque,UTR-5615269,Credit Settlement Net 30
PAY-000632,INV-000632,SO-000632,CUST-019,2024-07-04,3197.8,NEFT / Bank Transfer,UTR-5624168,Credit Settlement Net 30
PAY-000633,INV-000633,SO-000633,CUST-008,2024-07-05,6104.14,UPI,UTR-5633067,Credit Settlement Net 7
PAY-000634,INV-000634,SO-000634,CUST-027,2024-07-07,967.6,UPI,UTR-5641966,Credit Settlement Net 30
PAY-000635,INV-000635,SO-000635,CUST-015,2024-07-11,12266.1,UPI,UTR-5650865,Credit Settlement Net 30
PAY-000636,INV-000636,SO-000636,CUST-008,2024-06-19,4681.06,Cheque,UTR-5659764,Credit Settlement Net 7
PAY-000637,INV-000637,SO-000637,CUST-015,2024-07-26,70260.74,NEFT / Bank Transfer,UTR-5668663,Credit Settlement Net 30
PAY-000638,INV-000638,SO-000638,CUST-036,2024-07-28,20596.9,UPI,UTR-5677562,Credit Settlement Net 30
PAY-000639,INV-000639,SO-000639,CUST-040,2024-06-17,371.7,RTGS,UTR-5686461,Credit Settlement Net 30
PAY-000640,INV-000640,SO-000640,CUST-039,2024-06-26,2501.6,UPI,UTR-5695360,Credit Settlement Net 15
PAY-000641,INV-000641,SO-000641,CUST-017,2024-06-20,424.8,Cheque,UTR-5704259,Credit Settlement Net 30
PAY-000642,INV-000642,SO-000642,CUST-019,2024-06-22,979.4,RTGS,UTR-5713158,Credit Settlement Net 30
PAY-000643,INV-000643,SO-000643,CUST-021,2024-06-13,348.1,Cash,Ref-643643,Settled on Billing
PAY-000644,INV-000644,SO-000644,CUST-041,2024-06-25,192062.7,Cheque,UTR-5730956,Credit Settlement Net 45
PAY-000645,INV-000645,SO-000645,CUST-029,2024-06-30,74836.78,Cheque,UTR-5739855,Credit Settlement Net 45
PAY-000646,INV-000646,SO-000646,CUST-028,2024-06-20,518515.6,NEFT / Bank Transfer,UTR-5748754,Credit Settlement Net 30
PAY-000647,INV-000647,SO-000647,CUST-021,2024-06-13,8796.9,Cash,Ref-647647,Settled on Billing
PAY-000648,INV-000648,SO-000648,CUST-015,2024-07-07,184858.8,RTGS,UTR-5766552,Credit Settlement Net 30
PAY-000649,INV-000649,SO-000649,CUST-021,2024-06-14,2147.6,Cash,Ref-649649,Settled on Billing
PAY-000650,INV-000650,SO-000650,CUST-033,2024-06-14,8319.0,Credit Card,Ref-650650,Settled on Billing
PAY-000651,INV-000651,SO-000651,CUST-009,2024-07-16,212423.6,UPI,UTR-5793249,Credit Settlement Net 30
PAY-000652,INV-000652,SO-000652,CUST-009,2024-07-20,77077.6,NEFT / Bank Transfer,UTR-5802148,Credit Settlement Net 30
PAY-000653,INV-000653,SO-000653,CUST-022,2024-07-11,189525.7,UPI,UTR-5811047,Credit Settlement Net 30
PAY-000654,INV-000654,SO-000654,CUST-018,2024-06-15,1298.0,UPI,Ref-654654,Settled on Billing
PAY-000655,INV-000655,SO-000655,CUST-037,2024-07-06,802.4,RTGS,UTR-5828845,Credit Settlement Net 30
PAY-000656,INV-000656,SO-000656,CUST-040,2024-07-31,3056.2,RTGS,UTR-5837744,Credit Settlement Net 30
PAY-000657,INV-000657,SO-000657,CUST-010,2024-06-20,2006.0,UPI,UTR-5846643,Credit Settlement Net 30
PAY-000658,INV-000658,SO-000658,CUST-046,2024-06-24,584.1,Cheque,UTR-5855542,Credit Settlement Net 30
PAY-000659,INV-000659,SO-000659,CUST-021,2024-06-17,194.7,Cash,Ref-659659,Settled on Billing
PAY-000660,INV-000660,SO-000660,CUST-045,2024-06-18,283.2,Cash,Ref-660660,Settled on Billing
PAY-000661,INV-000661,SO-000661,CUST-036,2024-07-08,23387.6,RTGS,UTR-5882239,Credit Settlement Net 30
PAY-000662,INV-000662,SO-000662,CUST-014,2024-06-18,76.7,Cash,Ref-662662,Settled on Billing
PAY-000663,INV-000663,SO-000663,CUST-014,2024-06-18,2796.6,Cash,Ref-663663,Settled on Billing
PAY-000664,INV-000664,SO-000664,CUST-016,2024-08-03,13676.2,UPI,UTR-5908936,Credit Settlement Net 30
PAY-000665,INV-000665,SO-000665,CUST-015,2024-08-02,10079.56,UPI,UTR-5917835,Credit Settlement Net 30
PAY-000666,INV-000666,SO-000666,CUST-017,2024-07-05,5074.0,Cheque,UTR-5926734,Credit Settlement Net 30
PAY-000667,INV-000667,SO-000667,CUST-008,2024-08-09,18809.2,Cheque,UTR-5935633,Credit Settlement Net 7
PAY-000668,INV-000668,SO-000668,CUST-035,2024-07-07,15087.48,UPI,UTR-5944532,Credit Settlement Net 7
PAY-000669,INV-000669,SO-000669,CUST-019,2024-09-11,2773.0,Cheque,UTR-5953431,Credit Settlement Net 30
PAY-000670,INV-000670,SO-000670,CUST-018,2024-06-19,206.5,UPI,Ref-670670,Settled on Billing
PAY-000671,INV-000671,SO-000671,CUST-038,2024-08-03,219721.9,UPI,UTR-5971229,Credit Settlement Net 15
PAY-000672,INV-000672,SO-000672,CUST-045,2024-06-20,3498.7,Cash,Ref-672672,Settled on Billing
PAY-000673,INV-000673,SO-000673,CUST-035,2024-08-01,3127.0,RTGS,UTR-5989027,Credit Settlement Net 7
PAY-000674,INV-000674,SO-000674,CUST-041,2024-07-09,66327.8,NEFT / Bank Transfer,UTR-5997926,Credit Settlement Net 45
PAY-000675,INV-000675,SO-000675,CUST-010,2024-07-20,3717.0,RTGS,UTR-6006825,Credit Settlement Net 30
PAY-000676,INV-000676,SO-000676,CUST-033,2024-06-20,1699.2,Credit Card,Ref-676676,Settled on Billing
PAY-000677,INV-000677,SO-000677,CUST-011,2024-07-30,54427.5,RTGS,UTR-6024623,Credit Settlement Net 45
PAY-000678,INV-000678,SO-000678,CUST-010,2024-07-13,2395.4,Cheque,UTR-6033522,Credit Settlement Net 30
PAY-000679,INV-000679,SO-000679,CUST-020,2024-07-20,14124.6,RTGS,UTR-6042421,Credit Settlement Net 15
PAY-000680,INV-000680,SO-000680,CUST-013,2024-07-01,12366.4,Cheque,UTR-6051320,Credit Settlement Net 15
PAY-000681,INV-000681,SO-000681,CUST-014,2024-06-21,3197.8,Cash,Ref-681681,Settled on Billing
PAY-000682,INV-000682,SO-000682,CUST-037,2024-07-27,3103.4,NEFT / Bank Transfer,UTR-6069118,Credit Settlement Net 30
PAY-000683,INV-000683,SO-000683,CUST-004,2024-08-04,73720.5,RTGS,UTR-6078017,Credit Settlement Net 45
PAY-000684,INV-000684,SO-000684,CUST-014,2024-06-22,7611.0,Cash,Ref-684684,Settled on Billing
PAY-000685,INV-000685,SO-000685,CUST-036,2024-07-13,88677.0,RTGS,UTR-6095815,Credit Settlement Net 30
PAY-000686,INV-000686,SO-000686,CUST-030,2024-06-24,1227.2,UPI,Ref-686686,Settled on Billing
PAY-000687,INV-000687,SO-000687,CUST-002,2024-07-09,363187.48,RTGS,UTR-6113613,Credit Settlement Net 15
PAY-000688,INV-000688,SO-000688,CUST-043,2024-07-27,206.5,Cheque,UTR-6122512,Credit Settlement Net 30
PAY-000689,INV-000689,SO-000689,CUST-001,2024-07-30,72562.92,NEFT / Bank Transfer,UTR-6131411,Credit Settlement Net 30
PAY-000690,INV-000690,SO-000690,CUST-030,2024-06-24,1298.0,UPI,Ref-690690,Settled on Billing
PAY-000691,INV-000691,SO-000691,CUST-009,2024-08-03,131493.3,NEFT / Bank Transfer,UTR-6149209,Credit Settlement Net 30
PAY-000692,INV-000692,SO-000692,CUST-038,2024-07-03,107279.7,Cheque,UTR-6158108,Credit Settlement Net 15
PAY-000693,INV-000693,SO-000693,CUST-034,2024-08-16,1103.3,NEFT / Bank Transfer,UTR-6167007,Credit Settlement Net 30
PAY-000694,INV-000694,SO-000694,CUST-031,2024-06-25,1522.2,Cash,Ref-694694,Settled on Billing
PAY-000695,INV-000695,SO-000695,CUST-035,2024-08-02,2714.0,UPI,UTR-6184805,Credit Settlement Net 7
PAY-000696,INV-000696,SO-000696,CUST-007,2024-07-16,5227.4,Cheque,UTR-6193704,Credit Settlement Net 30
PAY-000697,INV-000697,SO-000697,CUST-020,2024-07-17,3852.7,Cheque,UTR-6202603,Credit Settlement Net 15
PAY-000698,INV-000698,SO-000698,CUST-028,2024-07-26,265848.1,UPI,UTR-6211502,Credit Settlement Net 30
PAY-000699,INV-000699,SO-000699,CUST-007,2024-08-15,3009.0,UPI,UTR-6220401,Credit Settlement Net 30
PAY-000700,INV-000700,SO-000700,CUST-039,2024-07-15,9115.5,Cheque,UTR-6229300,Credit Settlement Net 15
PAY-000701,INV-000701,SO-000701,CUST-020,2024-07-01,10017.02,UPI,UTR-6238199,Credit Settlement Net 15
PAY-000702,INV-000702,SO-000702,CUST-023,2024-07-23,84446.7,NEFT / Bank Transfer,UTR-6247098,Credit Settlement Net 15
PAY-000703,INV-000703,SO-000703,CUST-033,2024-06-27,3044.4,Credit Card,Ref-703703,Settled on Billing
PAY-000704,INV-000704,SO-000704,CUST-028,2024-08-12,339598.1,RTGS,UTR-6264896,Credit Settlement Net 30
PAY-000705,INV-000705,SO-000705,CUST-044,2024-07-02,2318.7,RTGS,UTR-6273795,Credit Settlement Net 7
PAY-000706,INV-000706,SO-000706,CUST-035,2024-07-07,10537.4,NEFT / Bank Transfer,UTR-6282694,Credit Settlement Net 7
PAY-000707,INV-000707,SO-000707,CUST-003,2024-08-10,13776.5,NEFT / Bank Transfer,UTR-6291593,Credit Settlement Net 15
PAY-000708,INV-000708,SO-000708,CUST-028,2024-08-15,61153.5,Cheque,UTR-6300492,Credit Settlement Net 30
PAY-000709,INV-000709,SO-000709,CUST-044,2024-07-07,4838.0,Cheque,UTR-6309391,Credit Settlement Net 7
PAY-000710,INV-000710,SO-000710,CUST-046,2024-07-23,2802.5,UPI,UTR-6318290,Credit Settlement Net 30
PAY-000711,INV-000711,SO-000711,CUST-001,2024-07-15,20743.22,RTGS,UTR-6327189,Credit Settlement Net 30
PAY-000712,INV-000712,SO-000712,CUST-019,2024-08-16,212.4,UPI,UTR-6336088,Credit Settlement Net 30
PAY-000713,INV-000713,SO-000713,CUST-039,2024-07-26,2265.6,RTGS,UTR-6344987,Credit Settlement Net 15
PAY-000714,INV-000714,SO-000714,CUST-027,2024-07-29,9215.8,RTGS,UTR-6353886,Credit Settlement Net 30
PAY-000715,INV-000715,SO-000715,CUST-029,2024-07-27,24407.12,Cheque,UTR-6362785,Credit Settlement Net 45
PAY-000716,INV-000716,SO-000716,CUST-040,2024-07-13,448.4,UPI,UTR-6371684,Credit Settlement Net 30
PAY-000717,INV-000717,SO-000717,CUST-011,2024-07-28,26809.6,Cheque,UTR-6380583,Credit Settlement Net 45
PAY-000718,INV-000718,SO-000718,CUST-022,2024-07-10,13033.1,UPI,UTR-6389482,Credit Settlement Net 30
PAY-000719,INV-000719,SO-000719,CUST-022,2024-08-25,71269.64,RTGS,UTR-6398381,Credit Settlement Net 30
PAY-000720,INV-000720,SO-000720,CUST-037,2024-08-12,1191.8,Cheque,UTR-6407280,Credit Settlement Net 30
PAY-000721,INV-000721,SO-000721,CUST-020,2024-07-09,34143.3,RTGS,UTR-6416179,Credit Settlement Net 15
PAY-000722,INV-000722,SO-000722,CUST-033,2024-07-01,2112.2,Credit Card,Ref-722722,Settled on Billing
PAY-000723,INV-000723,SO-000723,CUST-033,2024-07-01,2967.7,Credit Card,Ref-723723,Settled on Billing
PAY-000724,INV-000724,SO-000724,CUST-031,2024-07-01,283.2,Cash,Ref-724724,Settled on Billing
PAY-000725,INV-000725,SO-000725,CUST-005,2024-07-01,5369.0,Cash,Ref-725725,Settled on Billing
PAY-000726,INV-000726,SO-000726,CUST-032,2024-07-15,97219.02,UPI,UTR-6460674,Credit Settlement Net 30
PAY-000727,INV-000727,SO-000727,CUST-012,2024-07-02,5563.7,Credit Card,Ref-727727,Settled on Billing
PAY-000728,INV-000728,SO-000728,CUST-018,2024-07-02,5723.0,UPI,Ref-728728,Settled on Billing
PAY-000729,INV-000729,SO-000729,CUST-004,2024-09-05,67284.78,Cheque,UTR-6487371,Credit Settlement Net 45
PAY-000730,INV-000730,SO-000730,CUST-017,2024-07-15,6136.0,RTGS,UTR-6496270,Credit Settlement Net 30
PAY-000731,INV-000731,SO-000731,CUST-033,2024-07-03,613.6,Credit Card,Ref-731731,Settled on Billing
PAY-000732,INV-000732,SO-000732,CUST-007,2024-07-11,1569.4,RTGS,UTR-6514068,Credit Settlement Net 30
PAY-000733,INV-000733,SO-000733,CUST-013,2024-08-23,1050.2,Cheque,UTR-6522967,Credit Settlement Net 15
PAY-000734,INV-000734,SO-000734,CUST-031,2024-07-03,3304.0,Cash,Ref-734734,Settled on Billing
PAY-000735,INV-000735,SO-000735,CUST-004,2024-08-01,34321.48,UPI,UTR-6540765,Credit Settlement Net 45
PAY-000736,INV-000736,SO-000736,CUST-031,2024-07-04,1545.8,Cash,Ref-736736,Settled on Billing
PAY-000737,INV-000737,SO-000737,CUST-039,2024-07-21,9794.0,Cheque,UTR-6558563,Credit Settlement Net 15
PAY-000738,INV-000738,SO-000738,CUST-037,2024-07-14,206.5,Cheque,UTR-6567462,Credit Settlement Net 30
PAY-000739,INV-000739,SO-000739,CUST-005,2024-07-04,6802.7,Cash,Ref-739739,Settled on Billing
PAY-000740,INV-000740,SO-000740,CUST-017,2024-08-21,837.8,NEFT / Bank Transfer,UTR-6585260,Credit Settlement Net 30
PAY-000741,INV-000741,SO-000741,CUST-003,2024-07-19,5730.08,UPI,UTR-6594159,Credit Settlement Net 15
PAY-000742,INV-000742,SO-000742,CUST-013,2024-08-25,76.7,UPI,UTR-6603058,Credit Settlement Net 15
PAY-000743,INV-000743,SO-000743,CUST-045,2024-07-05,1244.9,Cash,Ref-743743,Settled on Billing
PAY-000744,INV-000744,SO-000744,CUST-002,2024-08-03,170079.89,Cheque,UTR-6620856,Credit Settlement Net 15
PAY-000745,INV-000745,SO-000745,CUST-009,2024-07-11,251676.3,UPI,UTR-6629755,Credit Settlement Net 30
PAY-000746,INV-000746,SO-000746,CUST-014,2024-07-06,147.5,Cash,Ref-746746,Settled on Billing
PAY-000747,INV-000747,SO-000747,CUST-007,2024-08-04,6844.0,NEFT / Bank Transfer,UTR-6647553,Credit Settlement Net 30
PAY-000748,INV-000748,SO-000748,CUST-016,2024-09-01,88.5,RTGS,UTR-6656452,Credit Settlement Net 30
PAY-000749,INV-000749,SO-000749,CUST-011,2024-08-28,64557.8,NEFT / Bank Transfer,UTR-6665351,Credit Settlement Net 45
PAY-000750,INV-000750,SO-000750,CUST-010,2024-07-15,1109.2,UPI,UTR-6674250,Credit Settlement Net 30
PAY-000751,INV-000751,SO-000751,CUST-027,2024-08-16,1174.1,NEFT / Bank Transfer,UTR-6683149,Credit Settlement Net 30
PAY-000752,INV-000752,SO-000752,CUST-015,2024-08-03,114760.9,RTGS,UTR-6692048,Credit Settlement Net 30
PAY-000753,INV-000753,SO-000753,CUST-003,2024-08-09,6749.6,Cheque,UTR-6700947,Credit Settlement Net 15
PAY-000754,INV-000754,SO-000754,CUST-037,2024-08-12,2023.7,Cheque,UTR-6709846,Credit Settlement Net 30
PAY-000755,INV-000755,SO-000755,CUST-032,2024-08-07,63371.31,RTGS,UTR-6718745,Credit Settlement Net 30
PAY-000756,INV-000756,SO-000756,CUST-010,2024-07-26,3056.2,RTGS,UTR-6727644,Credit Settlement Net 30
PAY-000757,INV-000757,SO-000757,CUST-040,2024-08-18,1062.0,UPI,UTR-6736543,Credit Settlement Net 30
PAY-000758,INV-000758,SO-000758,CUST-009,2024-08-06,47436.0,Cheque,UTR-6745442,Credit Settlement Net 30
PAY-000759,INV-000759,SO-000759,CUST-005,2024-07-10,2537.0,Cash,Ref-759759,Settled on Billing
PAY-000760,INV-000760,SO-000760,CUST-041,2024-08-04,48790.64,NEFT / Bank Transfer,UTR-6763240,Credit Settlement Net 45
PAY-000761,INV-000761,SO-000761,CUST-003,2024-07-29,9941.5,UPI,UTR-6772139,Credit Settlement Net 15
PAY-000762,INV-000762,SO-000762,CUST-028,2024-07-19,73753.54,UPI,UTR-6781038,Credit Settlement Net 30
PAY-000763,INV-000763,SO-000763,CUST-043,2024-08-15,826.0,UPI,UTR-6789937,Credit Settlement Net 30
PAY-000764,INV-000764,SO-000764,CUST-029,2024-08-25,45321.44,RTGS,UTR-6798836,Credit Settlement Net 45
PAY-000765,INV-000765,SO-000765,CUST-004,2024-07-23,18395.02,RTGS,UTR-6807735,Credit Settlement Net 45
PAY-000766,INV-000766,SO-000766,CUST-020,2024-08-11,2289.2,RTGS,UTR-6816634,Credit Settlement Net 15
PAY-000767,INV-000767,SO-000767,CUST-032,2024-08-05,26157.06,UPI,UTR-6825533,Credit Settlement Net 30
PAY-000768,INV-000768,SO-000768,CUST-046,2024-07-23,3799.6,RTGS,UTR-6834432,Credit Settlement Net 30
PAY-000769,INV-000769,SO-000769,CUST-029,2024-08-03,38444.4,NEFT / Bank Transfer,UTR-6843331,Credit Settlement Net 45
PAY-000770,INV-000770,SO-000770,CUST-036,2024-08-30,109420.22,Cheque,UTR-6852230,Credit Settlement Net 30
PAY-000771,INV-000771,SO-000771,CUST-033,2024-07-13,2065.0,Credit Card,Ref-771771,Settled on Billing
PAY-000772,INV-000772,SO-000772,CUST-042,2024-07-18,53825.7,RTGS,UTR-6870028,Credit Settlement Net 15
PAY-000773,INV-000773,SO-000773,CUST-047,2024-08-25,5251.0,RTGS,UTR-6878927,Credit Settlement Net 30
PAY-000774,INV-000774,SO-000774,CUST-037,2024-07-18,2065.0,NEFT / Bank Transfer,UTR-6887826,Credit Settlement Net 30
PAY-000775,INV-000775,SO-000775,CUST-047,2024-07-20,1003.0,RTGS,UTR-6896725,Credit Settlement Net 30
PAY-000776,INV-000776,SO-000776,CUST-026,2024-08-21,4041.5,UPI,UTR-6905624,Credit Settlement Net 15
PAY-000777,INV-000777,SO-000777,CUST-002,2024-08-04,334294.0,UPI,UTR-6914523,Credit Settlement Net 15
PAY-000778,INV-000778,SO-000778,CUST-003,2024-08-18,1600.08,UPI,UTR-6923422,Credit Settlement Net 15
PAY-000779,INV-000779,SO-000779,CUST-036,2024-07-26,69687.85,NEFT / Bank Transfer,UTR-6932321,Credit Settlement Net 30
PAY-000780,INV-000780,SO-000780,CUST-045,2024-07-15,1522.2,Cash,Ref-780780,Settled on Billing
PAY-000781,INV-000781,SO-000781,CUST-029,2024-08-25,10996.42,UPI,UTR-6950119,Credit Settlement Net 45
PAY-000782,INV-000782,SO-000782,CUST-035,2024-08-01,1719.26,Cheque,UTR-6959018,Credit Settlement Net 7
PAY-000783,INV-000783,SO-000783,CUST-044,2024-07-26,8873.6,NEFT / Bank Transfer,UTR-6967917,Credit Settlement Net 7
PAY-000784,INV-000784,SO-000784,CUST-014,2024-07-16,8513.7,Cash,Ref-784784,Settled on Billing
PAY-000785,INV-000785,SO-000785,CUST-015,2024-08-13,156892.8,UPI,UTR-6985715,Credit Settlement Net 30
PAY-000786,INV-000786,SO-000786,CUST-032,2024-08-31,36248.42,Cheque,UTR-6994614,Credit Settlement Net 30
PAY-000787,INV-000787,SO-000787,CUST-019,2024-09-16,2820.2,UPI,UTR-7003513,Credit Settlement Net 30
PAY-000788,INV-000788,SO-000788,CUST-015,2024-07-30,9935.6,Cheque,UTR-7012412,Credit Settlement Net 30
PAY-000789,INV-000789,SO-000789,CUST-029,2024-07-30,39034.4,NEFT / Bank Transfer,UTR-7021311,Credit Settlement Net 45
PAY-000790,INV-000790,SO-000790,CUST-040,2024-09-18,1764.1,NEFT / Bank Transfer,UTR-7030210,Credit Settlement Net 30
PAY-000791,INV-000791,SO-000791,CUST-005,2024-07-17,566.4,Cash,Ref-791791,Settled on Billing
PAY-000792,INV-000792,SO-000792,CUST-040,2024-08-05,1333.4,RTGS,UTR-7048008,Credit Settlement Net 30
PAY-000793,INV-000793,SO-000793,CUST-025,2024-08-08,3433.8,Cheque,UTR-7056907,Credit Settlement Net 30
PAY-000794,INV-000794,SO-000794,CUST-023,2024-08-07,63174.84,RTGS,UTR-7065806,Credit Settlement Net 15
PAY-000795,INV-000795,SO-000795,CUST-036,2024-08-06,40726.52,UPI,UTR-7074705,Credit Settlement Net 30
PAY-000796,INV-000796,SO-000796,CUST-025,2024-08-07,8507.8,Cheque,UTR-7083604,Credit Settlement Net 30
PAY-000797,INV-000797,SO-000797,CUST-041,2024-08-12,12466.7,Cheque,UTR-7092503,Credit Settlement Net 45
PAY-000798,INV-000798,SO-000798,CUST-021,2024-07-18,649.0,Cash,Ref-798798,Settled on Billing
PAY-000799,INV-000799,SO-000799,CUST-036,2024-08-06,22136.8,NEFT / Bank Transfer,UTR-7110301,Credit Settlement Net 30
PAY-000800,INV-000800,SO-000800,CUST-031,2024-07-18,177.0,Cash,Ref-800800,Settled on Billing
PAY-000801,INV-000801,SO-000801,CUST-038,2024-09-07,267694.8,UPI,UTR-7128099,Credit Settlement Net 15
PAY-000802,INV-000802,SO-000802,CUST-038,2024-08-26,285872.7,NEFT / Bank Transfer,UTR-7136998,Credit Settlement Net 15
PAY-000803,INV-000803,SO-000803,CUST-006,2024-07-19,790.6,UPI,Ref-803803,Settled on Billing
PAY-000804,INV-000804,SO-000804,CUST-013,2024-08-16,814.2,RTGS,UTR-7154796,Credit Settlement Net 15
PAY-000805,INV-000805,SO-000805,CUST-023,2024-08-06,131440.2,NEFT / Bank Transfer,UTR-7163695,Credit Settlement Net 15
PAY-000806,INV-000806,SO-000806,CUST-005,2024-07-19,1298.0,Cash,Ref-806806,Settled on Billing
PAY-000807,INV-000807,SO-000807,CUST-005,2024-07-19,35.4,Cash,Ref-807807,Settled on Billing
PAY-000808,INV-000808,SO-000808,CUST-007,2024-08-03,5959.0,Cheque,UTR-7190392,Credit Settlement Net 30
PAY-000809,INV-000809,SO-000809,CUST-041,2024-07-25,174927.92,NEFT / Bank Transfer,UTR-7199291,Credit Settlement Net 45
PAY-000810,INV-000810,SO-000810,CUST-015,2024-07-27,102557.34,RTGS,UTR-7208190,Credit Settlement Net 30
PAY-000811,INV-000811,SO-000811,CUST-040,2024-07-26,241.9,RTGS,UTR-7217089,Credit Settlement Net 30
PAY-000812,INV-000812,SO-000812,CUST-031,2024-07-20,4354.2,Cash,Ref-812812,Settled on Billing
PAY-000813,INV-000813,SO-000813,CUST-011,2024-08-16,6519.5,NEFT / Bank Transfer,UTR-7234887,Credit Settlement Net 45
PAY-000814,INV-000814,SO-000814,CUST-026,2024-08-21,10589.32,UPI,UTR-7243786,Credit Settlement Net 15
PAY-000815,INV-000815,SO-000815,CUST-011,2024-08-19,13374.12,RTGS,UTR-7252685,Credit Settlement Net 45
PAY-000816,INV-000816,SO-000816,CUST-008,2024-08-06,1642.56,RTGS,UTR-7261584,Credit Settlement Net 7
PAY-000817,INV-000817,SO-000817,CUST-031,2024-07-23,2672.7,Cash,Ref-817817,Settled on Billing
PAY-000818,INV-000818,SO-000818,CUST-041,2024-08-25,211257.76,NEFT / Bank Transfer,UTR-7279382,Credit Settlement Net 45
PAY-000819,INV-000819,SO-000819,CUST-018,2024-07-23,3380.7,UPI,Ref-819819,Settled on Billing
PAY-000820,INV-000820,SO-000820,CUST-021,2024-07-23,814.2,Cash,Ref-820820,Settled on Billing
PAY-000821,INV-000821,SO-000821,CUST-039,2024-08-08,11894.4,UPI,UTR-7306079,Credit Settlement Net 15
PAY-000822,INV-000822,SO-000822,CUST-001,2024-08-12,37450.84,RTGS,UTR-7314978,Credit Settlement Net 30
PAY-000823,INV-000823,SO-000823,CUST-046,2024-08-08,4312.9,RTGS,UTR-7323877,Credit Settlement Net 30
PAY-000824,INV-000824,SO-000824,CUST-025,2024-08-06,1404.2,Cheque,UTR-7332776,Credit Settlement Net 30
PAY-000825,INV-000825,SO-000825,CUST-027,2024-07-30,3492.8,Cheque,UTR-7341675,Credit Settlement Net 30
PAY-000826,INV-000826,SO-000826,CUST-003,2024-08-17,14921.1,NEFT / Bank Transfer,UTR-7350574,Credit Settlement Net 15
PAY-000827,INV-000827,SO-000827,CUST-045,2024-07-24,466.1,Cash,Ref-827827,Settled on Billing
PAY-000828,INV-000828,SO-000828,CUST-038,2024-08-16,174359.75,Cheque,UTR-7368372,Credit Settlement Net 15
PAY-000829,INV-000829,SO-000829,CUST-017,2024-08-22,2242.0,Cheque,UTR-7377271,Credit Settlement Net 30
PAY-000830,INV-000830,SO-000830,CUST-025,2024-09-04,1003.0,Cheque,UTR-7386170,Credit Settlement Net 30
PAY-000831,INV-000831,SO-000831,CUST-020,2024-08-20,4177.2,UPI,UTR-7395069,Credit Settlement Net 15
PAY-000832,INV-000832,SO-000832,CUST-005,2024-07-25,536.9,Cash,Ref-832832,Settled on Billing
PAY-000833,INV-000833,SO-000833,CUST-001,2024-08-27,52810.9,NEFT / Bank Transfer,UTR-7412867,Credit Settlement Net 30
PAY-000834,INV-000834,SO-000834,CUST-014,2024-07-25,88.5,Cash,Ref-834834,Settled on Billing
PAY-000835,INV-000835,SO-000835,CUST-038,2024-08-05,144650.3,RTGS,UTR-7430665,Credit Settlement Net 15
PAY-000836,INV-000836,SO-000836,CUST-002,2024-08-24,29641.6,Cheque,UTR-7439564,Credit Settlement Net 15
PAY-000837,INV-000837,SO-000837,CUST-047,2024-09-06,5074.0,Cheque,UTR-7448463,Credit Settlement Net 30
PAY-000838,INV-000838,SO-000838,CUST-032,2024-08-14,187525.6,Cheque,UTR-7457362,Credit Settlement Net 30
PAY-000839,INV-000839,SO-000839,CUST-033,2024-07-26,8555.0,Credit Card,Ref-839839,Settled on Billing
PAY-000840,INV-000840,SO-000840,CUST-008,2024-08-22,5959.0,UPI,UTR-7475160,Credit Settlement Net 7
PAY-000841,INV-000841,SO-000841,CUST-045,2024-07-27,177.0,Cash,Ref-841841,Settled on Billing
PAY-000842,INV-000842,SO-000842,CUST-005,2024-07-27,5793.8,Cash,Ref-842842,Settled on Billing
PAY-000843,INV-000843,SO-000843,CUST-013,2024-08-02,88.5,RTGS,UTR-7501857,Credit Settlement Net 15
PAY-000844,INV-000844,SO-000844,CUST-008,2024-08-05,21723.8,UPI,UTR-7510756,Credit Settlement Net 7
PAY-000845,INV-000845,SO-000845,CUST-032,2024-08-08,33384.56,UPI,UTR-7519655,Credit Settlement Net 30
PAY-000846,INV-000846,SO-000846,CUST-036,2024-09-20,147435.1,NEFT / Bank Transfer,UTR-7528554,Credit Settlement Net 30
PAY-000847,INV-000847,SO-000847,CUST-019,2024-08-16,129.8,UPI,UTR-7537453,Credit Settlement Net 30
PAY-000848,INV-000848,SO-000848,CUST-001,2024-08-06,37185.34,Cheque,UTR-7546352,Credit Settlement Net 30
PAY-000849,INV-000849,SO-000849,CUST-029,2024-08-03,54816.9,NEFT / Bank Transfer,UTR-7555251,Credit Settlement Net 45
PAY-000850,INV-000850,SO-000850,CUST-033,2024-07-29,531.0,Credit Card,Ref-850850,Settled on Billing
PAY-000851,INV-000851,SO-000851,CUST-043,2024-08-17,9145.0,RTGS,UTR-7573049,Credit Settlement Net 30
PAY-000852,INV-000852,SO-000852,CUST-034,2024-08-20,3156.5,NEFT / Bank Transfer,UTR-7581948,Credit Settlement Net 30
PAY-000853,INV-000853,SO-000853,CUST-005,2024-07-30,1062.0,Cash,Ref-853853,Settled on Billing
PAY-000854,INV-000854,SO-000854,CUST-005,2024-07-30,595.9,Cash,Ref-854854,Settled on Billing
PAY-000855,INV-000855,SO-000855,CUST-027,2024-09-23,4147.7,UPI,UTR-7608645,Credit Settlement Net 30
PAY-000856,INV-000856,SO-000856,CUST-015,2024-08-13,235074.88,UPI,UTR-7617544,Credit Settlement Net 30
PAY-000857,INV-000857,SO-000857,CUST-020,2024-08-12,6515.96,RTGS,UTR-7626443,Credit Settlement Net 15
PAY-000858,INV-000858,SO-000858,CUST-018,2024-07-31,1492.7,UPI,Ref-858858,Settled on Billing
PAY-000859,INV-000859,SO-000859,CUST-023,2024-08-21,75390.2,UPI,UTR-7644241,Credit Settlement Net 15
PAY-000860,INV-000860,SO-000860,CUST-012,2024-07-31,8142.0,Credit Card,Ref-860860,Settled on Billing
PAY-000861,INV-000861,SO-000861,CUST-041,2024-09-04,67060.58,NEFT / Bank Transfer,UTR-7662039,Credit Settlement Net 45
PAY-000862,INV-000862,SO-000862,CUST-033,2024-08-01,3675.7,Credit Card,Ref-862862,Settled on Billing
PAY-000863,INV-000863,SO-000863,CUST-031,2024-08-01,1663.8,Cash,Ref-863863,Settled on Billing
PAY-000864,INV-000864,SO-000864,CUST-004,2024-08-08,27547.1,NEFT / Bank Transfer,UTR-7688736,Credit Settlement Net 45
PAY-000865,INV-000865,SO-000865,CUST-019,2024-08-27,1882.1,Cheque,UTR-7697635,Credit Settlement Net 30
PAY-000866,INV-000866,SO-000866,CUST-025,2024-10-15,88.5,Cheque,UTR-7706534,Credit Settlement Net 30
PAY-000867,INV-000867,SO-000867,CUST-018,2024-08-02,88.5,UPI,Ref-867867,Settled on Billing
PAY-000868,INV-000868,SO-000868,CUST-039,2024-08-23,24957.0,UPI,UTR-7724332,Credit Settlement Net 15
PAY-000869,INV-000869,SO-000869,CUST-034,2024-10-05,1504.5,Cheque,UTR-7733231,Credit Settlement Net 30
PAY-000870,INV-000870,SO-000870,CUST-018,2024-08-02,4071.0,UPI,Ref-870870,Settled on Billing
PAY-000871,INV-000871,SO-000871,CUST-045,2024-08-03,53.1,Cash,Ref-871871,Settled on Billing
PAY-000872,INV-000872,SO-000872,CUST-023,2024-08-12,71555.2,UPI,UTR-7759928,Credit Settlement Net 15
PAY-000873,INV-000873,SO-000873,CUST-015,2024-10-11,12732.2,RTGS,UTR-7768827,Credit Settlement Net 30
PAY-000874,INV-000874,SO-000874,CUST-005,2024-08-03,619.5,Cash,Ref-874874,Settled on Billing
PAY-000875,INV-000875,SO-000875,CUST-048,2024-08-03,8142.0,UPI,Ref-875875,Settled on Billing
PAY-000876,INV-000876,SO-000876,CUST-011,2024-08-21,103663.0,Cheque,UTR-7795524,Credit Settlement Net 45
PAY-000877,INV-000877,SO-000877,CUST-021,2024-08-03,5074.0,Cash,Ref-877877,Settled on Billing
PAY-000878,INV-000878,SO-000878,CUST-004,2024-08-23,87438.0,NEFT / Bank Transfer,UTR-7813322,Credit Settlement Net 45
PAY-000879,INV-000879,SO-000879,CUST-034,2024-08-18,3811.4,RTGS,UTR-7822221,Credit Settlement Net 30
PAY-000880,INV-000880,SO-000880,CUST-020,2024-08-24,13811.9,Cheque,UTR-7831120,Credit Settlement Net 15
PAY-000881,INV-000881,SO-000881,CUST-015,2024-08-31,26256.18,UPI,UTR-7840019,Credit Settlement Net 30
PAY-000882,INV-000882,SO-000882,CUST-023,2024-08-10,155845.55,UPI,UTR-7848918,Credit Settlement Net 15
PAY-000883,INV-000883,SO-000883,CUST-040,2024-08-18,4012.0,NEFT / Bank Transfer,UTR-7857817,Credit Settlement Net 30
PAY-000884,INV-000884,SO-000884,CUST-046,2024-08-19,3068.0,RTGS,UTR-7866716,Credit Settlement Net 30
PAY-000885,INV-000885,SO-000885,CUST-037,2024-08-28,76.7,NEFT / Bank Transfer,UTR-7875615,Credit Settlement Net 30
PAY-000886,INV-000886,SO-000886,CUST-031,2024-08-05,2596.0,Cash,Ref-886886,Settled on Billing
PAY-000887,INV-000887,SO-000887,CUST-022,2024-09-03,133472.16,RTGS,UTR-7893413,Credit Settlement Net 30
PAY-000888,INV-000888,SO-000888,CUST-047,2024-08-28,4330.6,Cheque,UTR-7902312,Credit Settlement Net 30
PAY-000889,INV-000889,SO-000889,CUST-045,2024-08-06,5363.1,Cash,Ref-889889,Settled on Billing
PAY-000890,INV-000890,SO-000890,CUST-006,2024-08-06,991.2,UPI,Ref-890890,Settled on Billing
PAY-000891,INV-000891,SO-000891,CUST-043,2024-09-10,1239.0,RTGS,UTR-7929009,Credit Settlement Net 30
PAY-000892,INV-000892,SO-000892,CUST-032,2024-08-20,94573.46,Cheque,UTR-7937908,Credit Settlement Net 30
PAY-000893,INV-000893,SO-000893,CUST-001,2024-08-13,16252.14,Cheque,UTR-7946807,Credit Settlement Net 30
PAY-000894,INV-000894,SO-000894,CUST-038,2024-08-20,143930.5,UPI,UTR-7955706,Credit Settlement Net 15
PAY-000895,INV-000895,SO-000895,CUST-043,2024-09-03,566.4,Cheque,UTR-7964605,Credit Settlement Net 30
PAY-000896,INV-000896,SO-000896,CUST-029,2024-09-05,16833.88,UPI,UTR-7973504,Credit Settlement Net 45
PAY-000897,INV-000897,SO-000897,CUST-023,2024-09-12,25089.16,Cheque,UTR-7982403,Credit Settlement Net 15
PAY-000898,INV-000898,SO-000898,CUST-006,2024-08-08,1770.0,UPI,Ref-898898,Settled on Billing
PAY-000899,INV-000899,SO-000899,CUST-047,2024-08-19,76.7,UPI,UTR-8000201,Credit Settlement Net 30
PAY-000900,INV-000900,SO-000900,CUST-033,2024-08-09,1003.0,Credit Card,Ref-900900,Settled on Billing
PAY-000901,INV-000901,SO-000901,CUST-048,2024-08-09,6313.0,UPI,Ref-901901,Settled on Billing
PAY-000902,INV-000902,SO-000902,CUST-013,2024-08-24,442.5,NEFT / Bank Transfer,UTR-8026898,Credit Settlement Net 15
PAY-000903,INV-000903,SO-000903,CUST-037,2024-09-02,2478.0,RTGS,UTR-8035797,Credit Settlement Net 30
PAY-000904,INV-000904,SO-000904,CUST-001,2024-08-26,102665.9,Cheque,UTR-8044696,Credit Settlement Net 30
PAY-000905,INV-000905,SO-000905,CUST-016,2024-09-01,3469.2,NEFT / Bank Transfer,UTR-8053595,Credit Settlement Net 30
PAY-000906,INV-000906,SO-000906,CUST-048,2024-08-10,4767.2,UPI,Ref-906906,Settled on Billing
PAY-000907,INV-000907,SO-000907,CUST-028,2024-09-10,278409.2,Cheque,UTR-8071393,Credit Settlement Net 30
PAY-000908,INV-000908,SO-000908,CUST-029,2024-09-05,130428.35,RTGS,UTR-8080292,Credit Settlement Net 45
PAY-000909,INV-000909,SO-000909,CUST-006,2024-08-10,330.4,UPI,Ref-909909,Settled on Billing
PAY-000910,INV-000910,SO-000910,CUST-003,2024-08-29,14986.0,UPI,UTR-8098090,Credit Settlement Net 15
PAY-000911,INV-000911,SO-000911,CUST-036,2024-08-28,149570.9,RTGS,UTR-8106989,Credit Settlement Net 30
PAY-000912,INV-000912,SO-000912,CUST-027,2024-08-24,389.4,RTGS,UTR-8115888,Credit Settlement Net 30
PAY-000913,INV-000913,SO-000913,CUST-039,2024-08-31,2106.3,NEFT / Bank Transfer,UTR-8124787,Credit Settlement Net 15
PAY-000914,INV-000914,SO-000914,CUST-036,2024-08-19,154326.3,NEFT / Bank Transfer,UTR-8133686,Credit Settlement Net 30
PAY-000915,INV-000915,SO-000915,CUST-026,2024-08-19,3758.3,UPI,UTR-8142585,Credit Settlement Net 15
PAY-000916,INV-000916,SO-000916,CUST-046,2024-09-26,991.2,Cheque,UTR-8151484,Credit Settlement Net 30
PAY-000917,INV-000917,SO-000917,CUST-016,2024-09-24,76.7,RTGS,UTR-8160383,Credit Settlement Net 30
PAY-000918,INV-000918,SO-000918,CUST-008,2024-09-02,32562.1,NEFT / Bank Transfer,UTR-8169282,Credit Settlement Net 7
PAY-000919,INV-000919,SO-000919,CUST-010,2024-09-06,566.4,Cheque,UTR-8178181,Credit Settlement Net 30
PAY-000920,INV-000920,SO-000920,CUST-043,2024-08-30,3357.1,RTGS,UTR-8187080,Credit Settlement Net 30
PAY-000921,INV-000921,SO-000921,CUST-018,2024-08-14,76.7,UPI,Ref-921921,Settled on Billing
PAY-000922,INV-000922,SO-000922,CUST-034,2024-09-06,35.4,UPI,UTR-8204878,Credit Settlement Net 30
PAY-000923,INV-000923,SO-000923,CUST-009,2024-08-20,92713.78,RTGS,UTR-8213777,Credit Settlement Net 30
PAY-000924,INV-000924,SO-000924,CUST-034,2024-09-03,690.3,NEFT / Bank Transfer,UTR-8222676,Credit Settlement Net 30
PAY-000925,INV-000925,SO-000925,CUST-013,2024-09-05,849.6,RTGS,UTR-8231575,Credit Settlement Net 15
PAY-000926,INV-000926,SO-000926,CUST-031,2024-08-15,4259.8,Cash,Ref-926926,Settled on Billing
PAY-000927,INV-000927,SO-000927,CUST-035,2024-08-23,6389.7,NEFT / Bank Transfer,UTR-8249373,Credit Settlement Net 7
PAY-000928,INV-000928,SO-000928,CUST-036,2024-09-07,31529.6,NEFT / Bank Transfer,UTR-8258272,Credit Settlement Net 30
PAY-000929,INV-000929,SO-000929,CUST-017,2024-08-20,4737.7,NEFT / Bank Transfer,UTR-8267171,Credit Settlement Net 30
PAY-000930,INV-000930,SO-000930,CUST-015,2024-09-04,12083.2,Cheque,UTR-8276070,Credit Settlement Net 30
PAY-000931,INV-000931,SO-000931,CUST-003,2024-10-25,12572.9,UPI,UTR-8284969,Credit Settlement Net 15
PAY-000932,INV-000932,SO-000932,CUST-012,2024-08-16,489.7,Credit Card,Ref-932932,Settled on Billing
PAY-000933,INV-000933,SO-000933,CUST-028,2024-09-21,138502.5,RTGS,UTR-8302767,Credit Settlement Net 30
PAY-000934,INV-000934,SO-000934,CUST-014,2024-08-16,3032.6,Cash,Ref-934934,Settled on Billing
PAY-000935,INV-000935,SO-000935,CUST-009,2024-09-06,62811.4,NEFT / Bank Transfer,UTR-8320565,Credit Settlement Net 30
PAY-000936,INV-000936,SO-000936,CUST-039,2024-09-03,13381.2,NEFT / Bank Transfer,UTR-8329464,Credit Settlement Net 15
PAY-000937,INV-000937,SO-000937,CUST-014,2024-08-17,3894.0,Cash,Ref-937937,Settled on Billing
PAY-000938,INV-000938,SO-000938,CUST-040,2024-10-01,849.6,NEFT / Bank Transfer,UTR-8347262,Credit Settlement Net 30
PAY-000939,INV-000939,SO-000939,CUST-045,2024-08-17,88.5,Cash,Ref-939939,Settled on Billing
PAY-000940,INV-000940,SO-000940,CUST-048,2024-08-17,3368.9,UPI,Ref-940940,Settled on Billing
PAY-000941,INV-000941,SO-000941,CUST-035,2024-10-03,5292.3,Cheque,UTR-8373959,Credit Settlement Net 7
PAY-000942,INV-000942,SO-000942,CUST-010,2024-09-02,6218.6,UPI,UTR-8382858,Credit Settlement Net 30
PAY-000943,INV-000943,SO-000943,CUST-025,2024-10-08,1693.3,NEFT / Bank Transfer,UTR-8391757,Credit Settlement Net 30
PAY-000944,INV-000944,SO-000944,CUST-041,2024-09-08,28945.4,Cheque,UTR-8400656,Credit Settlement Net 45
PAY-000945,INV-000945,SO-000945,CUST-005,2024-08-19,6431.0,Cash,Ref-945945,Settled on Billing
PAY-000946,INV-000946,SO-000946,CUST-026,2024-09-08,9074.2,RTGS,UTR-8418454,Credit Settlement Net 15
PAY-000947,INV-000947,SO-000947,CUST-034,2024-09-04,2572.4,RTGS,UTR-8427353,Credit Settlement Net 30
PAY-000948,INV-000948,SO-000948,CUST-015,2024-09-11,23864.32,NEFT / Bank Transfer,UTR-8436252,Credit Settlement Net 30
PAY-000949,INV-000949,SO-000949,CUST-018,2024-08-19,1646.1,UPI,Ref-949949,Settled on Billing
PAY-000950,INV-000950,SO-000950,CUST-004,2024-08-31,63088.7,UPI,UTR-8454050,Credit Settlement Net 45
PAY-000951,INV-000951,SO-000951,CUST-039,2024-08-28,21540.9,UPI,UTR-8462949,Credit Settlement Net 15
PAY-000952,INV-000952,SO-000952,CUST-047,2024-11-20,619.5,NEFT / Bank Transfer,UTR-8471848,Credit Settlement Net 30
PAY-000953,INV-000953,SO-000953,CUST-002,2024-09-07,347297.6,UPI,UTR-8480747,Credit Settlement Net 15
PAY-000954,INV-000954,SO-000954,CUST-023,2024-08-28,91963.3,Cheque,UTR-8489646,Credit Settlement Net 15
PAY-000955,INV-000955,SO-000955,CUST-027,2024-09-22,991.2,RTGS,UTR-8498545,Credit Settlement Net 30
PAY-000956,INV-000956,SO-000956,CUST-006,2024-08-20,8271.8,UPI,Ref-956956,Settled on Billing
PAY-000957,INV-000957,SO-000957,CUST-003,2024-09-05,8389.8,UPI,UTR-8516343,Credit Settlement Net 15
PAY-000958,INV-000958,SO-000958,CUST-023,2024-10-10,75248.6,NEFT / Bank Transfer,UTR-8525242,Credit Settlement Net 15
PAY-000959,INV-000959,SO-000959,CUST-020,2024-09-09,3256.8,NEFT / Bank Transfer,UTR-8534141,Credit Settlement Net 15
PAY-000960,INV-000960,SO-000960,CUST-042,2024-09-05,249145.2,RTGS,UTR-8543040,Credit Settlement Net 15
PAY-000961,INV-000961,SO-000961,CUST-011,2024-09-16,268969.2,Cheque,UTR-8551939,Credit Settlement Net 45
PAY-000962,INV-000962,SO-000962,CUST-033,2024-08-21,1333.4,Credit Card,Ref-962962,Settled on Billing
PAY-000963,INV-000963,SO-000963,CUST-027,2024-10-12,1233.1,Cheque,UTR-8569737,Credit Settlement Net 30
PAY-000964,INV-000964,SO-000964,CUST-015,2024-10-30,86995.5,RTGS,UTR-8578636,Credit Settlement Net 30
PAY-000965,INV-000965,SO-000965,CUST-023,2024-10-16,185354.4,NEFT / Bank Transfer,UTR-8587535,Credit Settlement Net 15
PAY-000966,INV-000966,SO-000966,CUST-033,2024-08-23,306.8,Credit Card,Ref-966966,Settled on Billing
PAY-000967,INV-000967,SO-000967,CUST-005,2024-08-23,566.4,Cash,Ref-967967,Settled on Billing
PAY-000968,INV-000968,SO-000968,CUST-043,2024-08-29,1239.0,RTGS,UTR-8614232,Credit Settlement Net 30
PAY-000969,INV-000969,SO-000969,CUST-027,2024-09-24,194.7,RTGS,UTR-8623131,Credit Settlement Net 30
PAY-000970,INV-000970,SO-000970,CUST-032,2024-09-22,77715.98,UPI,UTR-8632030,Credit Settlement Net 30
PAY-000971,INV-000971,SO-000971,CUST-002,2024-09-03,84470.3,UPI,UTR-8640929,Credit Settlement Net 15
PAY-000972,INV-000972,SO-000972,CUST-006,2024-08-24,3097.5,UPI,Ref-972972,Settled on Billing
PAY-000973,INV-000973,SO-000973,CUST-011,2024-09-19,37052.0,NEFT / Bank Transfer,UTR-8658727,Credit Settlement Net 45
PAY-000974,INV-000974,SO-000974,CUST-035,2024-10-29,3772.46,RTGS,UTR-8667626,Credit Settlement Net 7
PAY-000975,INV-000975,SO-000975,CUST-004,2024-09-22,22673.7,NEFT / Bank Transfer,UTR-8676525,Credit Settlement Net 45
PAY-000976,INV-000976,SO-000976,CUST-012,2024-08-26,1581.2,Credit Card,Ref-976976,Settled on Billing
PAY-000977,INV-000977,SO-000977,CUST-002,2024-09-10,314965.6,Cheque,UTR-8694323,Credit Settlement Net 15
PAY-000978,INV-000978,SO-000978,CUST-011,2024-09-24,18411.54,NEFT / Bank Transfer,UTR-8703222,Credit Settlement Net 45
PAY-000979,INV-000979,SO-000979,CUST-037,2024-09-11,2478.0,UPI,UTR-8712121,Credit Settlement Net 30
PAY-000980,INV-000980,SO-000980,CUST-035,2024-10-19,2613.7,Cheque,UTR-8721020,Credit Settlement Net 7
PAY-000981,INV-000981,SO-000981,CUST-039,2024-09-05,8224.6,UPI,UTR-8729919,Credit Settlement Net 15
PAY-000982,INV-000982,SO-000982,CUST-012,2024-08-26,849.6,Credit Card,Ref-982982,Settled on Billing
PAY-000983,INV-000983,SO-000983,CUST-002,2024-10-19,165241.3,Cheque,UTR-8747717,Credit Settlement Net 15
PAY-000984,INV-000984,SO-000984,CUST-048,2024-08-27,2478.0,UPI,Ref-984984,Settled on Billing
PAY-000985,INV-000985,SO-000985,CUST-004,2024-10-02,83142.8,RTGS,UTR-8765515,Credit Settlement Net 45
PAY-000986,INV-000986,SO-000986,CUST-038,2024-10-03,324210.9,UPI,UTR-8774414,Credit Settlement Net 15
PAY-000987,INV-000987,SO-000987,CUST-012,2024-08-28,1604.8,Credit Card,Ref-987987,Settled on Billing
PAY-000988,INV-000988,SO-000988,CUST-015,2024-10-09,140346.84,UPI,UTR-8792212,Credit Settlement Net 30
PAY-000989,INV-000989,SO-000989,CUST-032,2024-09-27,68221.7,RTGS,UTR-8801111,Credit Settlement Net 30
PAY-000990,INV-000990,SO-000990,CUST-014,2024-08-28,4484.0,Cash,Ref-990990,Settled on Billing
PAY-000991,INV-000991,SO-000991,CUST-021,2024-08-28,283.2,Cash,Ref-991991,Settled on Billing
PAY-000992,INV-000992,SO-000992,CUST-007,2024-09-03,153.4,RTGS,UTR-8827808,Credit Settlement Net 30
PAY-000993,INV-000993,SO-000993,CUST-025,2024-10-23,4206.7,Cheque,UTR-8836707,Credit Settlement Net 30
PAY-000994,INV-000994,SO-000994,CUST-033,2024-08-29,4242.1,Credit Card,Ref-994994,Settled on Billing
PAY-000995,INV-000995,SO-000995,CUST-021,2024-08-29,1469.1,Cash,Ref-995995,Settled on Billing
PAY-000996,INV-000996,SO-000996,CUST-011,2024-10-10,72164.08,Cheque,UTR-8863404,Credit Settlement Net 45
PAY-000997,INV-000997,SO-000997,CUST-006,2024-08-29,1404.2,UPI,Ref-997997,Settled on Billing
PAY-000998,INV-000998,SO-000998,CUST-020,2024-11-18,14425.5,NEFT / Bank Transfer,UTR-8881202,Credit Settlement Net 15
PAY-000999,INV-000999,SO-000999,CUST-012,2024-08-30,10301.4,Credit Card,Ref-999999,Settled on Billing
PAY-001000,INV-001000,SO-001000,CUST-040,2024-09-23,3976.6,RTGS,UTR-8899000,Credit Settlement Net 30
PAY-001001,INV-001001,SO-001001,CUST-019,2024-09-17,619.5,Cheque,UTR-8907899,Credit Settlement Net 30
PAY-001002,INV-001002,SO-001002,CUST-042,2024-09-20,62587.2,RTGS,UTR-8916798,Credit Settlement Net 15
PAY-001003,INV-001003,SO-001003,CUST-011,2024-09-09,35293.8,RTGS,UTR-8925697,Credit Settlement Net 45
PAY-001004,INV-001004,SO-001004,CUST-043,2024-09-19,1522.2,NEFT / Bank Transfer,UTR-8934596,Credit Settlement Net 30
PAY-001005,INV-001005,SO-001005,CUST-014,2024-08-30,53.1,Cash,Ref-1006005,Settled on Billing
PAY-001006,INV-001006,SO-001006,CUST-042,2024-10-21,288456.9,Cheque,UTR-8952394,Credit Settlement Net 15
PAY-001007,INV-001007,SO-001007,CUST-037,2024-09-29,5782.0,Cheque,UTR-8961293,Credit Settlement Net 30
PAY-001008,INV-001008,SO-001008,CUST-019,2024-09-09,265.5,Cheque,UTR-8970192,Credit Settlement Net 30
PAY-001009,INV-001009,SO-001009,CUST-039,2024-10-24,7097.7,Cheque,UTR-8979091,Credit Settlement Net 15
PAY-001010,INV-001010,SO-001010,CUST-036,2024-09-29,53365.5,RTGS,UTR-8987990,Credit Settlement Net 30
PAY-001011,INV-001011,SO-001011,CUST-013,2024-09-13,2537.0,UPI,UTR-8996889,Credit Settlement Net 15
PAY-001012,INV-001012,SO-001012,CUST-011,2024-09-28,164586.4,UPI,UTR-9005788,Credit Settlement Net 45
PAY-001013,INV-001013,SO-001013,CUST-040,2024-09-14,265.5,NEFT / Bank Transfer,UTR-9014687,Credit Settlement Net 30
PAY-001014,INV-001014,SO-001014,CUST-027,2024-09-21,920.4,NEFT / Bank Transfer,UTR-9023586,Credit Settlement Net 30
PAY-001015,INV-001015,SO-001015,CUST-047,2024-09-13,17.7,RTGS,UTR-9032485,Credit Settlement Net 30
PAY-001016,INV-001016,SO-001016,CUST-028,2024-11-03,318620.06,Cheque,UTR-9041384,Credit Settlement Net 30
PAY-001017,INV-001017,SO-001017,CUST-001,2024-09-24,180057.38,UPI,UTR-9050283,Credit Settlement Net 30
PAY-001018,INV-001018,SO-001018,CUST-008,2024-09-14,12065.5,RTGS,UTR-9059182,Credit Settlement Net 7
PAY-001019,INV-001019,SO-001019,CUST-048,2024-09-03,88.5,UPI,Ref-1020019,Settled on Billing
PAY-001020,INV-001020,SO-001020,CUST-028,2024-09-09,161992.76,Cheque,UTR-9076980,Credit Settlement Net 30
PAY-001021,INV-001021,SO-001021,CUST-002,2024-10-18,228973.1,UPI,UTR-9085879,Credit Settlement Net 15
PAY-001022,INV-001022,SO-001022,CUST-009,2024-09-12,154751.1,UPI,UTR-9094778,Credit Settlement Net 30
PAY-001023,INV-001023,SO-001023,CUST-006,2024-09-04,1067.9,UPI,Ref-1024023,Settled on Billing
PAY-001024,INV-001024,SO-001024,CUST-047,2024-09-29,2955.9,NEFT / Bank Transfer,UTR-9112576,Credit Settlement Net 30
PAY-001025,INV-001025,SO-001025,CUST-007,2024-10-06,259.6,RTGS,UTR-9121475,Credit Settlement Net 30
PAY-001026,INV-001026,SO-001026,CUST-044,2024-09-26,15292.8,Cheque,UTR-9130374,Credit Settlement Net 7
PAY-001027,INV-001027,SO-001027,CUST-029,2024-11-21,34792.3,UPI,UTR-9139273,Credit Settlement Net 45
PAY-001028,INV-001028,SO-001028,CUST-002,2024-09-10,183985.6,RTGS,UTR-9148172,Credit Settlement Net 15
PAY-001029,INV-001029,SO-001029,CUST-021,2024-09-05,413.0,Cash,Ref-1030029,Settled on Billing
PAY-001030,INV-001030,SO-001030,CUST-040,2024-10-02,2118.1,NEFT / Bank Transfer,UTR-9165970,Credit Settlement Net 30
PAY-001031,INV-001031,SO-001031,CUST-027,2024-09-21,4637.4,UPI,UTR-9174869,Credit Settlement Net 30
PAY-001032,INV-001032,SO-001032,CUST-016,2024-09-12,660.8,UPI,UTR-9183768,Credit Settlement Net 30
PAY-001033,INV-001033,SO-001033,CUST-009,2024-09-12,118151.04,RTGS,UTR-9192667,Credit Settlement Net 30
PAY-001034,INV-001034,SO-001034,CUST-035,2024-10-09,18502.4,NEFT / Bank Transfer,UTR-9201566,Credit Settlement Net 7
PAY-001035,INV-001035,SO-001035,CUST-005,2024-09-06,4342.4,Cash,Ref-1036035,Settled on Billing
PAY-001036,INV-001036,SO-001036,CUST-023,2024-10-01,180254.44,UPI,UTR-9219364,Credit Settlement Net 15
PAY-001037,INV-001037,SO-001037,CUST-020,2024-09-25,49855.0,UPI,UTR-9228263,Credit Settlement Net 15
PAY-001038,INV-001038,SO-001038,CUST-043,2024-09-23,5203.8,NEFT / Bank Transfer,UTR-9237162,Credit Settlement Net 30
PAY-001039,INV-001039,SO-001039,CUST-042,2024-09-22,165202.36,RTGS,UTR-9246061,Credit Settlement Net 15
PAY-001040,INV-001040,SO-001040,CUST-025,2024-09-23,6431.0,NEFT / Bank Transfer,UTR-9254960,Credit Settlement Net 30
PAY-001041,INV-001041,SO-001041,CUST-023,2024-09-14,73446.74,UPI,UTR-9263859,Credit Settlement Net 15
PAY-001042,INV-001042,SO-001042,CUST-005,2024-09-07,4071.0,Cash,Ref-1043042,Settled on Billing
PAY-001043,INV-001043,SO-001043,CUST-008,2024-09-18,39223.2,RTGS,UTR-9281657,Credit Settlement Net 7
PAY-001044,INV-001044,SO-001044,CUST-016,2024-10-02,2537.0,RTGS,UTR-9290556,Credit Settlement Net 30
PAY-001045,INV-001045,SO-001045,CUST-019,2024-09-21,253.7,NEFT / Bank Transfer,UTR-9299455,Credit Settlement Net 30
PAY-001046,INV-001046,SO-001046,CUST-030,2024-09-09,1486.8,UPI,Ref-1047046,Settled on Billing
PAY-001047,INV-001047,SO-001047,CUST-007,2024-10-01,2478.0,UPI,UTR-9317253,Credit Settlement Net 30
PAY-001048,INV-001048,SO-001048,CUST-045,2024-09-09,1239.0,Cash,Ref-1049048,Settled on Billing
PAY-001049,INV-001049,SO-001049,CUST-021,2024-09-09,1256.7,Cash,Ref-1050049,Settled on Billing
PAY-001050,INV-001050,SO-001050,CUST-044,2024-10-01,9056.5,UPI,UTR-9343950,Credit Settlement Net 7
PAY-001051,INV-001051,SO-001051,CUST-027,2024-09-23,4696.4,RTGS,UTR-9352849,Credit Settlement Net 30
PAY-001052,INV-001052,SO-001052,CUST-020,2024-10-23,8328.44,Cheque,UTR-9361748,Credit Settlement Net 15
PAY-001053,INV-001053,SO-001053,CUST-022,2024-09-30,176963.42,RTGS,UTR-9370647,Credit Settlement Net 30
PAY-001054,INV-001054,SO-001054,CUST-022,2024-10-26,167630.8,UPI,UTR-9379546,Credit Settlement Net 30
PAY-001055,INV-001055,SO-001055,CUST-002,2024-09-23,98022.6,NEFT / Bank Transfer,UTR-9388445,Credit Settlement Net 15
PAY-001056,INV-001056,SO-001056,CUST-034,2024-10-06,1044.3,NEFT / Bank Transfer,UTR-9397344,Credit Settlement Net 30
PAY-001057,INV-001057,SO-001057,CUST-011,2024-09-21,31317.2,UPI,UTR-9406243,Credit Settlement Net 45
PAY-001058,INV-001058,SO-001058,CUST-017,2024-09-23,9091.9,NEFT / Bank Transfer,UTR-9415142,Credit Settlement Net 30
PAY-001059,INV-001059,SO-001059,CUST-047,2024-10-01,448.4,Cheque,UTR-9424041,Credit Settlement Net 30
PAY-001060,INV-001060,SO-001060,CUST-036,2024-09-27,59306.8,Cheque,UTR-9432940,Credit Settlement Net 30
PAY-001061,INV-001061,SO-001061,CUST-018,2024-09-11,2613.7,UPI,Ref-1062061,Settled on Billing
PAY-001062,INV-001062,SO-001062,CUST-045,2024-09-11,3752.4,Cash,Ref-1063062,Settled on Billing
PAY-001063,INV-001063,SO-001063,CUST-005,2024-09-11,3433.8,Cash,Ref-1064063,Settled on Billing
PAY-001064,INV-001064,SO-001064,CUST-017,2024-09-17,359.9,NEFT / Bank Transfer,UTR-9468536,Credit Settlement Net 30
PAY-001065,INV-001065,SO-001065,CUST-042,2024-09-25,240720.0,RTGS,UTR-9477435,Credit Settlement Net 15
PAY-001066,INV-001066,SO-001066,CUST-007,2024-11-05,1097.4,Cheque,UTR-9486334,Credit Settlement Net 30
PAY-001067,INV-001067,SO-001067,CUST-042,2024-10-12,38780.7,Cheque,UTR-9495233,Credit Settlement Net 15
PAY-001068,INV-001068,SO-001068,CUST-033,2024-09-12,1003.0,Credit Card,Ref-1069068,Settled on Billing
PAY-001069,INV-001069,SO-001069,CUST-008,2024-09-18,3917.6,NEFT / Bank Transfer,UTR-9513031,Credit Settlement Net 7
PAY-001070,INV-001070,SO-001070,CUST-041,2024-10-14,127192.2,RTGS,UTR-9521930,Credit Settlement Net 45
PAY-001071,INV-001071,SO-001071,CUST-004,2024-09-27,116660.7,UPI,UTR-9530829,Credit Settlement Net 45
PAY-001072,INV-001072,SO-001072,CUST-005,2024-09-13,436.6,Cash,Ref-1073072,Settled on Billing
PAY-001073,INV-001073,SO-001073,CUST-006,2024-09-13,265.5,UPI,Ref-1074073,Settled on Billing
PAY-001074,INV-001074,SO-001074,CUST-020,2024-10-06,3363.0,NEFT / Bank Transfer,UTR-9557526,Credit Settlement Net 15
PAY-001075,INV-001075,SO-001075,CUST-001,2024-10-10,64487.0,UPI,UTR-9566425,Credit Settlement Net 30
PAY-001076,INV-001076,SO-001076,CUST-034,2024-10-12,1687.4,NEFT / Bank Transfer,UTR-9575324,Credit Settlement Net 30
PAY-001077,INV-001077,SO-001077,CUST-006,2024-09-13,230.1,UPI,Ref-1078077,Settled on Billing
PAY-001078,INV-001078,SO-001078,CUST-012,2024-09-14,8230.5,Credit Card,Ref-1079078,Settled on Billing
PAY-001079,INV-001079,SO-001079,CUST-037,2024-10-18,1475.0,NEFT / Bank Transfer,UTR-9602021,Credit Settlement Net 30
PAY-001080,INV-001080,SO-001080,CUST-009,2024-10-20,295147.5,NEFT / Bank Transfer,UTR-9610920,Credit Settlement Net 30
PAY-001081,INV-001081,SO-001081,CUST-046,2024-10-26,5310.0,UPI,UTR-9619819,Credit Settlement Net 30
PAY-001082,INV-001082,SO-001082,CUST-009,2024-10-09,415938.2,RTGS,UTR-9628718,Credit Settlement Net 30
PAY-001083,INV-001083,SO-001083,CUST-030,2024-09-14,1003.0,UPI,Ref-1084083,Settled on Billing
PAY-001084,INV-001084,SO-001084,CUST-031,2024-09-14,194.7,Cash,Ref-1085084,Settled on Billing
PAY-001085,INV-001085,SO-001085,CUST-001,2024-11-26,84198.9,NEFT / Bank Transfer,UTR-9655415,Credit Settlement Net 30
PAY-001086,INV-001086,SO-001086,CUST-029,2024-09-22,44816.4,UPI,UTR-9664314,Credit Settlement Net 45
PAY-001087,INV-001087,SO-001087,CUST-037,2024-10-07,9381.0,RTGS,UTR-9673213,Credit Settlement Net 30
PAY-001088,INV-001088,SO-001088,CUST-017,2024-09-30,1416.0,Cheque,UTR-9682112,Credit Settlement Net 30
PAY-001089,INV-001089,SO-001089,CUST-047,2024-10-05,259.6,Cheque,UTR-9691011,Credit Settlement Net 30
PAY-001090,INV-001090,SO-001090,CUST-029,2024-10-15,57199.32,Cheque,UTR-9699910,Credit Settlement Net 45
PAY-001091,INV-001091,SO-001091,CUST-033,2024-09-17,4071.0,Credit Card,Ref-1092091,Settled on Billing
PAY-001092,INV-001092,SO-001092,CUST-025,2024-09-27,5363.1,UPI,UTR-9717708,Credit Settlement Net 30
PAY-001093,INV-001093,SO-001093,CUST-040,2024-11-10,3186.0,RTGS,UTR-9726607,Credit Settlement Net 30
PAY-001094,INV-001094,SO-001094,CUST-043,2024-10-05,1840.8,RTGS,UTR-9735506,Credit Settlement Net 30
PAY-001095,INV-001095,SO-001095,CUST-004,2024-10-07,19818.1,UPI,UTR-9744405,Credit Settlement Net 45
PAY-001096,INV-001096,SO-001096,CUST-004,2024-11-10,25570.6,UPI,UTR-9753304,Credit Settlement Net 45
PAY-001097,INV-001097,SO-001097,CUST-046,2024-10-01,1062.0,Cheque,UTR-9762203,Credit Settlement Net 30
PAY-001098,INV-001098,SO-001098,CUST-005,2024-09-18,177.0,Cash,Ref-1099098,Settled on Billing
PAY-001099,INV-001099,SO-001099,CUST-040,2024-09-26,8142.0,Cheque,UTR-9780001,Credit Settlement Net 30
PAY-001100,INV-001100,SO-001100,CUST-019,2024-10-06,619.5,RTGS,UTR-9788900,Credit Settlement Net 30
PAY-001101,INV-001101,SO-001101,CUST-016,2024-09-24,2301.0,NEFT / Bank Transfer,UTR-9797799,Credit Settlement Net 30
PAY-001102,INV-001102,SO-001102,CUST-028,2024-11-06,115610.5,Cheque,UTR-9806698,Credit Settlement Net 30
PAY-001103,INV-001103,SO-001103,CUST-022,2024-10-07,22189.9,RTGS,UTR-9815597,Credit Settlement Net 30
PAY-001104,INV-001104,SO-001104,CUST-037,2024-10-05,3976.6,NEFT / Bank Transfer,UTR-9824496,Credit Settlement Net 30
PAY-001105,INV-001105,SO-001105,CUST-001,2024-11-03,101403.3,Cheque,UTR-9833395,Credit Settlement Net 30
PAY-001106,INV-001106,SO-001106,CUST-020,2024-09-24,19458.2,RTGS,UTR-9842294,Credit Settlement Net 15
PAY-001107,INV-001107,SO-001107,CUST-008,2024-09-27,1811.3,Cheque,UTR-9851193,Credit Settlement Net 7
PAY-001108,INV-001108,SO-001108,CUST-034,2024-09-25,584.1,UPI,UTR-9860092,Credit Settlement Net 30
PAY-001109,INV-001109,SO-001109,CUST-006,2024-09-20,6802.7,UPI,Ref-1110109,Settled on Billing
PAY-001110,INV-001110,SO-001110,CUST-034,2024-10-11,259.6,UPI,UTR-9877890,Credit Settlement Net 30
PAY-001111,INV-001111,SO-001111,CUST-020,2024-10-10,32402.8,RTGS,UTR-9886789,Credit Settlement Net 15
PAY-001112,INV-001112,SO-001112,CUST-041,2024-09-28,9198.1,UPI,UTR-9895688,Credit Settlement Net 45
PAY-001113,INV-001113,SO-001113,CUST-001,2024-10-17,15688.1,RTGS,UTR-9904587,Credit Settlement Net 30
PAY-001114,INV-001114,SO-001114,CUST-027,2024-10-13,413.0,UPI,UTR-9913486,Credit Settlement Net 30
PAY-001115,INV-001115,SO-001115,CUST-026,2024-11-24,13192.4,RTGS,UTR-9922385,Credit Settlement Net 15
PAY-001116,INV-001116,SO-001116,CUST-039,2024-09-26,5876.4,UPI,UTR-9931284,Credit Settlement Net 15
PAY-001117,INV-001117,SO-001117,CUST-010,2024-10-19,2548.8,UPI,UTR-9940183,Credit Settlement Net 30
PAY-001118,INV-001118,SO-001118,CUST-006,2024-09-21,1475.0,UPI,Ref-1119118,Settled on Billing
PAY-001119,INV-001119,SO-001119,CUST-017,2024-11-13,295.0,NEFT / Bank Transfer,UTR-9957981,Credit Settlement Net 30
PAY-001120,INV-001120,SO-001120,CUST-039,2024-11-04,9086.0,RTGS,UTR-9966880,Credit Settlement Net 15
PAY-001121,INV-001121,SO-001121,CUST-040,2024-10-20,4189.0,Cheque,UTR-9975779,Credit Settlement Net 30
PAY-001122,INV-001122,SO-001122,CUST-012,2024-09-23,3162.4,Credit Card,Ref-1123122,Settled on Billing
PAY-001123,INV-001123,SO-001123,CUST-013,2024-11-05,1298.0,UPI,UTR-9993577,Credit Settlement Net 15
PAY-001124,INV-001124,SO-001124,CUST-025,2024-11-04,4094.6,UPI,UTR-10002476,Credit Settlement Net 30
PAY-001125,INV-001125,SO-001125,CUST-018,2024-09-23,814.2,UPI,Ref-1126125,Settled on Billing
PAY-001126,INV-001126,SO-001126,CUST-009,2024-10-07,448252.5,RTGS,UTR-10020274,Credit Settlement Net 30
PAY-001127,INV-001127,SO-001127,CUST-026,2024-10-05,4314.08,UPI,UTR-10029173,Credit Settlement Net 15
PAY-001128,INV-001128,SO-001128,CUST-018,2024-09-23,2596.0,UPI,Ref-1129128,Settled on Billing
PAY-001129,INV-001129,SO-001129,CUST-004,2024-10-16,147393.8,Cheque,UTR-10046971,Credit Settlement Net 45
PAY-001130,INV-001130,SO-001130,CUST-042,2024-10-27,132750.0,Cheque,UTR-10055870,Credit Settlement Net 15
PAY-001131,INV-001131,SO-001131,CUST-043,2024-10-24,1144.6,NEFT / Bank Transfer,UTR-10064769,Credit Settlement Net 30
PAY-001132,INV-001132,SO-001132,CUST-010,2024-10-22,35.4,Cheque,UTR-10073668,Credit Settlement Net 30
PAY-001133,INV-001133,SO-001133,CUST-042,2024-12-02,119475.0,Cheque,UTR-10082567,Credit Settlement Net 15
PAY-001134,INV-001134,SO-001134,CUST-002,2024-10-22,175032.94,UPI,UTR-10091466,Credit Settlement Net 15
PAY-001135,INV-001135,SO-001135,CUST-023,2024-10-03,323259.82,RTGS,UTR-10100365,Credit Settlement Net 15
PAY-001136,INV-001136,SO-001136,CUST-031,2024-09-25,4637.4,Cash,Ref-1137136,Settled on Billing
PAY-001137,INV-001137,SO-001137,CUST-023,2024-10-25,42226.3,UPI,UTR-10118163,Credit Settlement Net 15
PAY-001138,INV-001138,SO-001138,CUST-001,2024-10-18,99739.5,UPI,UTR-10127062,Credit Settlement Net 30
PAY-001139,INV-001139,SO-001139,CUST-014,2024-09-25,531.0,Cash,Ref-1140139,Settled on Billing
PAY-001140,INV-001140,SO-001140,CUST-017,2024-10-03,5546.0,UPI,UTR-10144860,Credit Settlement Net 30
PAY-001141,INV-001141,SO-001141,CUST-040,2024-10-04,5782.0,RTGS,UTR-10153759,Credit Settlement Net 30
PAY-001142,INV-001142,SO-001142,CUST-016,2024-11-20,849.6,Cheque,UTR-10162658,Credit Settlement Net 30
PAY-001143,INV-001143,SO-001143,CUST-012,2024-09-26,4460.4,Credit Card,Ref-1144143,Settled on Billing
PAY-001144,INV-001144,SO-001144,CUST-047,2024-10-05,3622.6,Cheque,UTR-10180456,Credit Settlement Net 30
PAY-001145,INV-001145,SO-001145,CUST-047,2024-12-01,1203.6,Cheque,UTR-10189355,Credit Settlement Net 30
PAY-001146,INV-001146,SO-001146,CUST-029,2024-10-27,84853.8,RTGS,UTR-10198254,Credit Settlement Net 45
PAY-001147,INV-001147,SO-001147,CUST-046,2024-10-24,1327.5,NEFT / Bank Transfer,UTR-10207153,Credit Settlement Net 30
PAY-001148,INV-001148,SO-001148,CUST-032,2024-11-08,129481.4,Cheque,UTR-10216052,Credit Settlement Net 30
PAY-001149,INV-001149,SO-001149,CUST-013,2024-10-04,584.1,NEFT / Bank Transfer,UTR-10224951,Credit Settlement Net 15
PAY-001150,INV-001150,SO-001150,CUST-002,2024-10-25,116442.4,UPI,UTR-10233850,Credit Settlement Net 15
PAY-001151,INV-001151,SO-001151,CUST-006,2024-09-28,2855.6,UPI,Ref-1152151,Settled on Billing
PAY-001152,INV-001152,SO-001152,CUST-022,2024-10-21,20166.2,Cheque,UTR-10251648,Credit Settlement Net 30
PAY-001153,INV-001153,SO-001153,CUST-037,2024-10-06,10679.0,Cheque,UTR-10260547,Credit Settlement Net 30
PAY-001154,INV-001154,SO-001154,CUST-008,2024-10-31,6625.7,UPI,UTR-10269446,Credit Settlement Net 7
PAY-001155,INV-001155,SO-001155,CUST-019,2024-11-07,2749.4,NEFT / Bank Transfer,UTR-10278345,Credit Settlement Net 30
PAY-001156,INV-001156,SO-001156,CUST-031,2024-09-30,3669.8,Cash,Ref-1157156,Settled on Billing
PAY-001157,INV-001157,SO-001157,CUST-037,2024-10-16,1722.8,RTGS,UTR-10296143,Credit Settlement Net 30
PAY-001158,INV-001158,SO-001158,CUST-027,2024-12-16,2761.2,RTGS,UTR-10305042,Credit Settlement Net 30
PAY-001159,INV-001159,SO-001159,CUST-005,2024-09-30,3894.0,Cash,Ref-1160159,Settled on Billing
PAY-001160,INV-001160,SO-001160,CUST-010,2024-10-27,3675.7,RTGS,UTR-10322840,Credit Settlement Net 30
PAY-001161,INV-001161,SO-001161,CUST-036,2024-11-07,301006.2,NEFT / Bank Transfer,UTR-10331739,Credit Settlement Net 30
PAY-001162,INV-001162,SO-001162,CUST-027,2024-10-23,531.0,Cheque,UTR-10340638,Credit Settlement Net 30
PAY-001163,INV-001163,SO-001163,CUST-002,2024-10-23,48056.68,NEFT / Bank Transfer,UTR-10349537,Credit Settlement Net 15
PAY-001164,INV-001164,SO-001164,CUST-005,2024-10-01,4543.0,Cash,Ref-1165164,Settled on Billing
PAY-001165,INV-001165,SO-001165,CUST-004,2024-10-28,87414.4,Cheque,UTR-10367335,Credit Settlement Net 45
PAY-001166,INV-001166,SO-001166,CUST-015,2024-11-08,16386.66,UPI,UTR-10376234,Credit Settlement Net 30
PAY-001167,INV-001167,SO-001167,CUST-028,2024-10-08,439219.6,Cheque,UTR-10385133,Credit Settlement Net 30
PAY-001168,INV-001168,SO-001168,CUST-048,2024-10-01,3026.7,UPI,Ref-1169168,Settled on Billing
PAY-001169,INV-001169,SO-001169,CUST-029,2024-10-22,112937.8,UPI,UTR-10402931,Credit Settlement Net 45
PAY-001170,INV-001170,SO-001170,CUST-022,2024-10-10,233454.74,Cheque,UTR-10411830,Credit Settlement Net 30
PAY-001171,INV-001171,SO-001171,CUST-008,2024-10-18,25594.2,Cheque,UTR-10420729,Credit Settlement Net 7
PAY-001172,INV-001172,SO-001172,CUST-012,2024-10-03,2820.2,Credit Card,Ref-1173172,Settled on Billing
PAY-001173,INV-001173,SO-001173,CUST-025,2024-12-09,7953.2,Cheque,UTR-10438527,Credit Settlement Net 30
PAY-001174,INV-001174,SO-001174,CUST-021,2024-10-03,3191.9,Cash,Ref-1175174,Settled on Billing
PAY-001175,INV-001175,SO-001175,CUST-013,2024-11-12,4071.0,NEFT / Bank Transfer,UTR-10456325,Credit Settlement Net 15
PAY-001176,INV-001176,SO-001176,CUST-002,2024-10-23,405194.3,UPI,UTR-10465224,Credit Settlement Net 15
PAY-001177,INV-001177,SO-001177,CUST-032,2024-10-23,126378.0,RTGS,UTR-10474123,Credit Settlement Net 30
PAY-001178,INV-001178,SO-001178,CUST-010,2024-10-23,4336.5,Cheque,UTR-10483022,Credit Settlement Net 30
PAY-001179,INV-001179,SO-001179,CUST-025,2024-10-18,2478.0,Cheque,UTR-10491921,Credit Settlement Net 30
PAY-001180,INV-001180,SO-001180,CUST-007,2024-10-18,129.8,Cheque,UTR-10500820,Credit Settlement Net 30
PAY-001181,INV-001181,SO-001181,CUST-048,2024-10-04,1150.5,UPI,Ref-1182181,Settled on Billing
PAY-001182,INV-001182,SO-001182,CUST-026,2024-10-16,7150.8,UPI,UTR-10518618,Credit Settlement Net 15
PAY-001183,INV-001183,SO-001183,CUST-033,2024-10-05,584.1,Credit Card,Ref-1184183,Settled on Billing
PAY-001184,INV-001184,SO-001184,CUST-025,2024-11-02,9145.0,NEFT / Bank Transfer,UTR-10536416,Credit Settlement Net 30
PAY-001185,INV-001185,SO-001185,CUST-046,2024-10-29,861.4,RTGS,UTR-10545315,Credit Settlement Net 30
PAY-001186,INV-001186,SO-001186,CUST-008,2024-10-12,7894.2,Cheque,UTR-10554214,Credit Settlement Net 7
PAY-001187,INV-001187,SO-001187,CUST-013,2024-10-16,88.5,NEFT / Bank Transfer,UTR-10563113,Credit Settlement Net 15
PAY-001188,INV-001188,SO-001188,CUST-011,2024-11-03,189921.0,UPI,UTR-10572012,Credit Settlement Net 45
PAY-001189,INV-001189,SO-001189,CUST-041,2024-10-13,89904.2,NEFT / Bank Transfer,UTR-10580911,Credit Settlement Net 45
PAY-001190,INV-001190,SO-001190,CUST-013,2024-10-24,531.0,RTGS,UTR-10589810,Credit Settlement Net 15
PAY-001191,INV-001191,SO-001191,CUST-048,2024-10-07,1062.0,UPI,Ref-1192191,Settled on Billing
PAY-001192,INV-001192,SO-001192,CUST-028,2024-11-21,48716.3,UPI,UTR-10607608,Credit Settlement Net 30
PAY-001193,INV-001193,SO-001193,CUST-035,2024-11-02,8047.6,UPI,UTR-10616507,Credit Settlement Net 7
PAY-001194,INV-001194,SO-001194,CUST-040,2024-10-30,1628.4,NEFT / Bank Transfer,UTR-10625406,Credit Settlement Net 30
PAY-001195,INV-001195,SO-001195,CUST-031,2024-10-08,153.4,Cash,Ref-1196195,Settled on Billing
PAY-001196,INV-001196,SO-001196,CUST-029,2024-11-10,302711.3,NEFT / Bank Transfer,UTR-10643204,Credit Settlement Net 45
PAY-001197,INV-001197,SO-001197,CUST-034,2024-12-02,7339.6,RTGS,UTR-10652103,Credit Settlement Net 30
PAY-001198,INV-001198,SO-001198,CUST-041,2024-11-08,48392.98,RTGS,UTR-10661002,Credit Settlement Net 45
PAY-001199,INV-001199,SO-001199,CUST-003,2024-10-17,20957.98,Cheque,UTR-10669901,Credit Settlement Net 15
PAY-001200,INV-001200,SO-001200,CUST-029,2024-11-19,24520.4,Cheque,UTR-10678800,Credit Settlement Net 45
PAY-001201,INV-001201,SO-001201,CUST-037,2024-10-13,389.4,NEFT / Bank Transfer,UTR-10687699,Credit Settlement Net 30
PAY-001202,INV-001202,SO-001202,CUST-014,2024-10-08,3056.2,Cash,Ref-1203202,Settled on Billing
PAY-001203,INV-001203,SO-001203,CUST-003,2024-12-03,28334.16,UPI,UTR-10705497,Credit Settlement Net 15
PAY-001204,INV-001204,SO-001204,CUST-009,2024-11-08,111704.7,RTGS,UTR-10714396,Credit Settlement Net 30
PAY-001205,INV-001205,SO-001205,CUST-044,2024-11-03,16826.8,RTGS,UTR-10723295,Credit Settlement Net 7
PAY-001206,INV-001206,SO-001206,CUST-023,2024-10-28,66793.9,UPI,UTR-10732194,Credit Settlement Net 15
PAY-001207,INV-001207,SO-001207,CUST-018,2024-10-09,13216.0,UPI,Ref-1208207,Settled on Billing
PAY-001208,INV-001208,SO-001208,CUST-011,2024-10-26,101520.12,NEFT / Bank Transfer,UTR-10749992,Credit Settlement Net 45
PAY-001209,INV-001209,SO-001209,CUST-041,2024-11-01,163536.2,RTGS,UTR-10758891,Credit Settlement Net 45
PAY-001210,INV-001210,SO-001210,CUST-045,2024-10-10,4578.4,Cash,Ref-1211210,Settled on Billing
PAY-001211,INV-001211,SO-001211,CUST-032,2024-10-21,172870.0,RTGS,UTR-10776689,Credit Settlement Net 30
PAY-001212,INV-001212,SO-001212,CUST-019,2024-11-08,1126.9,RTGS,UTR-10785588,Credit Settlement Net 30
PAY-001213,INV-001213,SO-001213,CUST-031,2024-10-10,3339.4,Cash,Ref-1214213,Settled on Billing
PAY-001214,INV-001214,SO-001214,CUST-013,2024-10-22,2961.8,RTGS,UTR-10803386,Credit Settlement Net 15
PAY-001215,INV-001215,SO-001215,CUST-017,2024-11-05,607.7,RTGS,UTR-10812285,Credit Settlement Net 30
PAY-001216,INV-001216,SO-001216,CUST-046,2024-11-16,230.1,RTGS,UTR-10821184,Credit Settlement Net 30
PAY-001217,INV-001217,SO-001217,CUST-043,2024-10-21,8159.7,Cheque,UTR-10830083,Credit Settlement Net 30
PAY-001218,INV-001218,SO-001218,CUST-035,2024-11-13,8602.2,RTGS,UTR-10838982,Credit Settlement Net 7
PAY-001219,INV-001219,SO-001219,CUST-007,2024-10-24,2082.7,Cheque,UTR-10847881,Credit Settlement Net 30
PAY-001220,INV-001220,SO-001220,CUST-008,2024-11-05,22254.8,NEFT / Bank Transfer,UTR-10856780,Credit Settlement Net 7
PAY-001221,INV-001221,SO-001221,CUST-036,2024-10-22,169170.7,NEFT / Bank Transfer,UTR-10865679,Credit Settlement Net 30
PAY-001222,INV-001222,SO-001222,CUST-016,2024-12-05,1770.0,NEFT / Bank Transfer,UTR-10874578,Credit Settlement Net 30
PAY-001223,INV-001223,SO-001223,CUST-046,2024-10-31,259.6,UPI,UTR-10883477,Credit Settlement Net 30
PAY-001224,INV-001224,SO-001224,CUST-022,2024-10-20,128236.5,RTGS,UTR-10892376,Credit Settlement Net 30
PAY-001225,INV-001225,SO-001225,CUST-016,2024-10-27,896.8,RTGS,UTR-10901275,Credit Settlement Net 30
PAY-001226,INV-001226,SO-001226,CUST-019,2024-10-23,194.7,NEFT / Bank Transfer,UTR-10910174,Credit Settlement Net 30
PAY-001227,INV-001227,SO-001227,CUST-040,2024-10-23,2106.3,NEFT / Bank Transfer,UTR-10919073,Credit Settlement Net 30
PAY-001228,INV-001228,SO-001228,CUST-017,2024-11-30,566.4,RTGS,UTR-10927972,Credit Settlement Net 30
PAY-001229,INV-001229,SO-001229,CUST-034,2024-10-28,3811.4,Cheque,UTR-10936871,Credit Settlement Net 30
PAY-001230,INV-001230,SO-001230,CUST-033,2024-10-14,3776.0,Credit Card,Ref-1231230,Settled on Billing
PAY-001231,INV-001231,SO-001231,CUST-022,2024-11-06,85933.5,RTGS,UTR-10954669,Credit Settlement Net 30
PAY-001232,INV-001232,SO-001232,CUST-029,2024-12-04,83585.3,Cheque,UTR-10963568,Credit Settlement Net 45
PAY-001233,INV-001233,SO-001233,CUST-012,2024-10-15,1991.25,Credit Card,Ref-1234233,Settled on Billing
PAY-001234,INV-001234,SO-001234,CUST-005,2024-10-15,4987.86,Cash,Ref-1235234,Settled on Billing
PAY-001235,INV-001235,SO-001235,CUST-009,2024-10-21,41949.0,NEFT / Bank Transfer,UTR-10990265,Credit Settlement Net 30
PAY-001236,INV-001236,SO-001236,CUST-046,2024-10-30,5564.88,UPI,UTR-10999164,Credit Settlement Net 30
PAY-001237,INV-001237,SO-001237,CUST-037,2024-11-19,1497.42,Cheque,UTR-11008063,Credit Settlement Net 30
PAY-001238,INV-001238,SO-001238,CUST-016,2024-12-03,1988.3,UPI,UTR-11016962,Credit Settlement Net 30
PAY-001239,INV-001239,SO-001239,CUST-021,2024-10-16,116.82,Cash,Ref-1240239,Settled on Billing
PAY-001240,INV-001240,SO-001240,CUST-022,2024-11-01,172350.8,NEFT / Bank Transfer,UTR-11034760,Credit Settlement Net 30
PAY-001241,INV-001241,SO-001241,CUST-002,2024-10-21,280503.7,Cheque,UTR-11043659,Credit Settlement Net 15
PAY-001242,INV-001242,SO-001242,CUST-020,2024-10-23,9320.82,Cheque,UTR-11052558,Credit Settlement Net 15
PAY-001243,INV-001243,SO-001243,CUST-029,2024-12-02,251408.44,NEFT / Bank Transfer,UTR-11061457,Credit Settlement Net 45
PAY-001244,INV-001244,SO-001244,CUST-023,2024-11-10,351402.82,RTGS,UTR-11070356,Credit Settlement Net 15
PAY-001245,INV-001245,SO-001245,CUST-028,2024-12-18,136156.07,RTGS,UTR-11079255,Credit Settlement Net 30
PAY-001246,INV-001246,SO-001246,CUST-037,2024-11-07,371.7,Cheque,UTR-11088154,Credit Settlement Net 30
PAY-001247,INV-001247,SO-001247,CUST-021,2024-10-17,5074.0,Cash,Ref-1248247,Settled on Billing
PAY-001248,INV-001248,SO-001248,CUST-018,2024-10-17,414.18,UPI,Ref-1249248,Settled on Billing
PAY-001249,INV-001249,SO-001249,CUST-028,2024-11-12,172070.55,NEFT / Bank Transfer,UTR-11114851,Credit Settlement Net 30
PAY-001250,INV-001250,SO-001250,CUST-002,2024-10-23,146166.6,NEFT / Bank Transfer,UTR-11123750,Credit Settlement Net 15
PAY-001251,INV-001251,SO-001251,CUST-009,2024-11-15,126280.65,NEFT / Bank Transfer,UTR-11132649,Credit Settlement Net 30
PAY-001252,INV-001252,SO-001252,CUST-039,2024-11-28,19639.92,RTGS,UTR-11141548,Credit Settlement Net 15
PAY-001253,INV-001253,SO-001253,CUST-010,2024-11-24,6141.9,UPI,UTR-11150447,Credit Settlement Net 30
PAY-001254,INV-001254,SO-001254,CUST-037,2024-11-06,9711.4,RTGS,UTR-11159346,Credit Settlement Net 30
PAY-001255,INV-001255,SO-001255,CUST-035,2024-11-01,2407.2,Cheque,UTR-11168245,Credit Settlement Net 7
PAY-001256,INV-001256,SO-001256,CUST-026,2024-11-07,3523.48,UPI,UTR-11177144,Credit Settlement Net 15
PAY-001257,INV-001257,SO-001257,CUST-015,2024-11-06,20024.6,RTGS,UTR-11186043,Credit Settlement Net 30
PAY-001258,INV-001258,SO-001258,CUST-026,2024-10-24,2483.9,Cheque,UTR-11194942,Credit Settlement Net 15
PAY-001259,INV-001259,SO-001259,CUST-034,2024-11-07,17.7,NEFT / Bank Transfer,UTR-11203841,Credit Settlement Net 30
PAY-001260,INV-001260,SO-001260,CUST-017,2024-11-28,8041.7,Cheque,UTR-11212740,Credit Settlement Net 30
PAY-001261,INV-001261,SO-001261,CUST-029,2024-11-12,54214.51,RTGS,UTR-11221639,Credit Settlement Net 45
PAY-001262,INV-001262,SO-001262,CUST-027,2024-11-03,1731.06,UPI,UTR-11230538,Credit Settlement Net 30
PAY-001263,INV-001263,SO-001263,CUST-038,2024-11-20,350691.28,RTGS,UTR-11239437,Credit Settlement Net 15
PAY-001264,INV-001264,SO-001264,CUST-014,2024-10-21,4538.28,Cash,Ref-1265264,Settled on Billing
PAY-001265,INV-001265,SO-001265,CUST-008,2024-10-28,5580.81,UPI,UTR-11257235,Credit Settlement Net 7
PAY-001266,INV-001266,SO-001266,CUST-018,2024-10-21,1205.37,UPI,Ref-1267266,Settled on Billing
PAY-001267,INV-001267,SO-001267,CUST-030,2024-10-22,318.6,UPI,Ref-1268267,Settled on Billing
PAY-001268,INV-001268,SO-001268,CUST-015,2025-01-15,136384.4,RTGS,UTR-11283932,Credit Settlement Net 30
PAY-001269,INV-001269,SO-001269,CUST-003,2024-11-09,5210.88,NEFT / Bank Transfer,UTR-11292831,Credit Settlement Net 15
PAY-001270,INV-001270,SO-001270,CUST-048,2024-10-22,430.7,UPI,Ref-1271270,Settled on Billing
PAY-001271,INV-001271,SO-001271,CUST-006,2024-10-23,2537.0,UPI,Ref-1272271,Settled on Billing
PAY-001272,INV-001272,SO-001272,CUST-031,2024-10-23,1168.2,Cash,Ref-1273272,Settled on Billing
PAY-001273,INV-001273,SO-001273,CUST-038,2024-11-16,204328.8,RTGS,UTR-11328427,Credit Settlement Net 15
PAY-001274,INV-001274,SO-001274,CUST-022,2024-11-06,22207.6,Cheque,UTR-11337326,Credit Settlement Net 30
PAY-001275,INV-001275,SO-001275,CUST-002,2024-11-06,401725.1,UPI,UTR-11346225,Credit Settlement Net 15
PAY-001276,INV-001276,SO-001276,CUST-036,2024-12-10,23201.16,RTGS,UTR-11355124,Credit Settlement Net 30
PAY-001277,INV-001277,SO-001277,CUST-026,2024-12-11,6117.12,UPI,UTR-11364023,Credit Settlement Net 15
PAY-001278,INV-001278,SO-001278,CUST-002,2024-11-25,349262.3,Cheque,UTR-11372922,Credit Settlement Net 15
PAY-001279,INV-001279,SO-001279,CUST-001,2024-11-07,35447.2,Cheque,UTR-11381821,Credit Settlement Net 30
PAY-001280,INV-001280,SO-001280,CUST-021,2024-10-25,116.82,Cash,Ref-1281280,Settled on Billing
PAY-001281,INV-001281,SO-001281,CUST-005,2024-10-25,6395.6,Cash,Ref-1282281,Settled on Billing
PAY-001282,INV-001282,SO-001282,CUST-026,2024-12-05,42185.0,UPI,UTR-11408518,Credit Settlement Net 15
PAY-001283,INV-001283,SO-001283,CUST-038,2024-11-25,555703.3,RTGS,UTR-11417417,Credit Settlement Net 15
PAY-001284,INV-001284,SO-001284,CUST-032,2024-12-09,23089.06,UPI,UTR-11426316,Credit Settlement Net 30
PAY-001285,INV-001285,SO-001285,CUST-029,2024-11-22,29582.6,UPI,UTR-11435215,Credit Settlement Net 45
PAY-001286,INV-001286,SO-001286,CUST-021,2024-10-26,1327.5,Cash,Ref-1287286,Settled on Billing
PAY-001287,INV-001287,SO-001287,CUST-020,2024-11-18,21157.4,UPI,UTR-11453013,Credit Settlement Net 15
PAY-001288,INV-001288,SO-001288,CUST-034,2024-11-10,269.04,Cheque,UTR-11461912,Credit Settlement Net 30
PAY-001289,INV-001289,SO-001289,CUST-014,2024-10-26,3363.0,Cash,Ref-1290289,Settled on Billing
PAY-001290,INV-001290,SO-001290,CUST-034,2024-12-11,3497.52,Cheque,UTR-11479710,Credit Settlement Net 30
PAY-001291,INV-001291,SO-001291,CUST-004,2024-11-20,183603.28,UPI,UTR-11488609,Credit Settlement Net 45
PAY-001292,INV-001292,SO-001292,CUST-012,2024-10-28,297.36,Credit Card,Ref-1293292,Settled on Billing
PAY-001293,INV-001293,SO-001293,CUST-007,2024-11-08,35.4,RTGS,UTR-11506407,Credit Settlement Net 30
PAY-001294,INV-001294,SO-001294,CUST-019,2024-11-25,2761.2,NEFT / Bank Transfer,UTR-11515306,Credit Settlement Net 30
PAY-001295,INV-001295,SO-001295,CUST-048,2024-10-28,414.18,UPI,Ref-1296295,Settled on Billing
PAY-001296,INV-001296,SO-001296,CUST-032,2024-11-18,72290.34,NEFT / Bank Transfer,UTR-11533104,Credit Settlement Net 30
PAY-001297,INV-001297,SO-001297,CUST-013,2024-11-04,594.72,UPI,UTR-11542003,Credit Settlement Net 15
PAY-001298,INV-001298,SO-001298,CUST-036,2024-11-03,137481.8,Cheque,UTR-11550902,Credit Settlement Net 30
PAY-001299,INV-001299,SO-001299,CUST-011,2024-11-27,179289.79,RTGS,UTR-11559801,Credit Settlement Net 45
PAY-001300,INV-001300,SO-001300,CUST-020,2024-12-15,21753.3,NEFT / Bank Transfer,UTR-11568700,Credit Settlement Net 15
PAY-001301,INV-001301,SO-001301,CUST-032,2024-12-04,31775.63,RTGS,UTR-11577599,Credit Settlement Net 30
PAY-001302,INV-001302,SO-001302,CUST-042,2024-11-23,337209.78,Cheque,UTR-11586498,Credit Settlement Net 15
PAY-001303,INV-001303,SO-001303,CUST-019,2024-11-14,424.8,NEFT / Bank Transfer,UTR-11595397,Credit Settlement Net 30
PAY-001304,INV-001304,SO-001304,CUST-018,2024-10-30,1040.76,UPI,Ref-1305304,Settled on Billing
PAY-001305,INV-001305,SO-001305,CUST-039,2024-11-28,21992.84,NEFT / Bank Transfer,UTR-11613195,Credit Settlement Net 15
PAY-001306,INV-001306,SO-001306,CUST-025,2024-11-20,5074.0,Cheque,UTR-11622094,Credit Settlement Net 30
PAY-001307,INV-001307,SO-001307,CUST-031,2024-10-31,1805.4,Cash,Ref-1308307,Settled on Billing
PAY-001308,INV-001308,SO-001308,CUST-010,2024-12-22,352.82,Cheque,UTR-11639892,Credit Settlement Net 30
PAY-001309,INV-001309,SO-001309,CUST-005,2024-10-31,3575.4,Cash,Ref-1310309,Settled on Billing
PAY-001310,INV-001310,SO-001310,CUST-014,2024-10-31,6237.48,Cash,Ref-1311310,Settled on Billing
PAY-001311,INV-001311,SO-001311,CUST-004,2024-11-06,169442.1,Cheque,UTR-11666589,Credit Settlement Net 45
PAY-001312,INV-001312,SO-001312,CUST-032,2024-11-25,255051.1,RTGS,UTR-11675488,Credit Settlement Net 30
PAY-001313,INV-001313,SO-001313,CUST-023,2024-12-06,268809.9,RTGS,UTR-11684387,Credit Settlement Net 15
PAY-001314,INV-001314,SO-001314,CUST-041,2024-12-26,95512.15,UPI,UTR-11693286,Credit Settlement Net 45
PAY-001315,INV-001315,SO-001315,CUST-036,2024-12-31,56612.86,UPI,UTR-11702185,Credit Settlement Net 30
PAY-001316,INV-001316,SO-001316,CUST-027,2024-11-12,2696.3,NEFT / Bank Transfer,UTR-11711084,Credit Settlement Net 30
PAY-001317,INV-001317,SO-001317,CUST-040,2024-11-23,467.28,Cheque,UTR-11719983,Credit Settlement Net 30
PAY-001318,INV-001318,SO-001318,CUST-045,2024-11-02,76.7,Cash,Ref-1319318,Settled on Billing
PAY-001319,INV-001319,SO-001319,CUST-032,2024-12-07,4899.36,NEFT / Bank Transfer,UTR-11737781,Credit Settlement Net 30
PAY-001320,INV-001320,SO-001320,CUST-013,2024-11-23,525.1,NEFT / Bank Transfer,UTR-11746680,Credit Settlement Net 15
PAY-001321,INV-001321,SO-001321,CUST-039,2024-11-14,24422.46,UPI,UTR-11755579,Credit Settlement Net 15
PAY-001322,INV-001322,SO-001322,CUST-037,2024-11-26,594.72,RTGS,UTR-11764478,Credit Settlement Net 30
PAY-001323,INV-001323,SO-001323,CUST-018,2024-11-04,283.2,UPI,Ref-1324323,Settled on Billing
PAY-001324,INV-001324,SO-001324,CUST-028,2024-11-12,48149.9,RTGS,UTR-11782276,Credit Settlement Net 30
PAY-001325,INV-001325,SO-001325,CUST-012,2024-11-04,389.4,Credit Card,Ref-1326325,Settled on Billing
PAY-001326,INV-001326,SO-001326,CUST-021,2024-11-05,3131.72,Cash,Ref-1327326,Settled on Billing
PAY-001327,INV-001327,SO-001327,CUST-038,2024-12-20,161569.73,Cheque,UTR-11808973,Credit Settlement Net 15
PAY-001328,INV-001328,SO-001328,CUST-026,2024-12-30,7174.4,RTGS,UTR-11817872,Credit Settlement Net 15
PAY-001329,INV-001329,SO-001329,CUST-006,2024-11-05,3165.94,UPI,Ref-1330329,Settled on Billing
PAY-001330,INV-001330,SO-001330,CUST-008,2024-12-06,1345.2,UPI,UTR-11835670,Credit Settlement Net 7
PAY-001331,INV-001331,SO-001331,CUST-028,2024-11-20,98957.16,NEFT / Bank Transfer,UTR-11844569,Credit Settlement Net 30
PAY-001332,INV-001332,SO-001332,CUST-031,2024-11-05,1869.12,Cash,Ref-1333332,Settled on Billing
PAY-001333,INV-001333,SO-001333,CUST-031,2024-11-05,7351.4,Cash,Ref-1334333,Settled on Billing
PAY-001334,INV-001334,SO-001334,CUST-043,2024-11-23,6608.0,UPI,UTR-11871266,Credit Settlement Net 30
PAY-001335,INV-001335,SO-001335,CUST-004,2024-11-26,18526.0,UPI,UTR-11880165,Credit Settlement Net 45
PAY-001336,INV-001336,SO-001336,CUST-014,2024-11-06,17.7,Cash,Ref-1337336,Settled on Billing
PAY-001337,INV-001337,SO-001337,CUST-040,2024-11-12,2171.2,Cheque,UTR-11897963,Credit Settlement Net 30
PAY-001338,INV-001338,SO-001338,CUST-008,2024-12-25,22101.4,RTGS,UTR-11906862,Credit Settlement Net 7
PAY-001339,INV-001339,SO-001339,CUST-034,2025-01-10,2537.0,NEFT / Bank Transfer,UTR-11915761,Credit Settlement Net 30
PAY-001340,INV-001340,SO-001340,CUST-025,2024-11-13,7611.0,RTGS,UTR-11924660,Credit Settlement Net 30
PAY-001341,INV-001341,SO-001341,CUST-031,2024-11-07,1062.0,Cash,Ref-1342341,Settled on Billing
PAY-001342,INV-001342,SO-001342,CUST-041,2024-11-17,78104.2,UPI,UTR-11942458,Credit Settlement Net 45
PAY-001343,INV-001343,SO-001343,CUST-037,2024-11-14,53.1,UPI,UTR-11951357,Credit Settlement Net 30
PAY-001344,INV-001344,SO-001344,CUST-011,2024-12-22,128277.8,RTGS,UTR-11960256,Credit Settlement Net 45
PAY-001345,INV-001345,SO-001345,CUST-042,2024-12-02,174799.3,UPI,UTR-11969155,Credit Settlement Net 15
PAY-001346,INV-001346,SO-001346,CUST-038,2024-12-07,315883.64,UPI,UTR-11978054,Credit Settlement Net 15
PAY-001347,INV-001347,SO-001347,CUST-029,2024-12-20,18131.88,NEFT / Bank Transfer,UTR-11986953,Credit Settlement Net 45
PAY-001348,INV-001348,SO-001348,CUST-018,2024-11-08,5522.4,UPI,Ref-1349348,Settled on Billing
PAY-001349,INV-001349,SO-001349,CUST-016,2025-02-02,5504.7,UPI,UTR-12004751,Credit Settlement Net 30
PAY-001350,INV-001350,SO-001350,CUST-005,2024-11-09,5546.0,Cash,Ref-1351350,Settled on Billing
PAY-001351,INV-001351,SO-001351,CUST-032,2024-11-24,16537.7,UPI,UTR-12022549,Credit Settlement Net 30
PAY-001352,INV-001352,SO-001352,CUST-037,2024-11-28,1947.0,RTGS,UTR-12031448,Credit Settlement Net 30
PAY-001353,INV-001353,SO-001353,CUST-048,2024-11-09,1309.8,UPI,Ref-1354353,Settled on Billing
PAY-001354,INV-001354,SO-001354,CUST-045,2024-11-11,3398.4,Cash,Ref-1355354,Settled on Billing
PAY-001355,INV-001355,SO-001355,CUST-020,2024-12-18,2476.82,Cheque,UTR-12058145,Credit Settlement Net 15
PAY-001356,INV-001356,SO-001356,CUST-035,2024-11-30,44344.4,NEFT / Bank Transfer,UTR-12067044,Credit Settlement Net 7
PAY-001357,INV-001357,SO-001357,CUST-015,2024-12-16,133977.2,UPI,UTR-12075943,Credit Settlement Net 30
PAY-001358,INV-001358,SO-001358,CUST-043,2024-12-06,2950.0,Cheque,UTR-12084842,Credit Settlement Net 30
PAY-001359,INV-001359,SO-001359,CUST-001,2025-01-13,62381.88,UPI,UTR-12093741,Credit Settlement Net 30
PAY-001360,INV-001360,SO-001360,CUST-023,2024-12-06,24322.16,UPI,UTR-12102640,Credit Settlement Net 15
PAY-001361,INV-001361,SO-001361,CUST-030,2024-11-11,2006.0,UPI,Ref-1362361,Settled on Billing
PAY-001362,INV-001362,SO-001362,CUST-019,2024-11-27,5310.0,UPI,UTR-12120438,Credit Settlement Net 30
PAY-001363,INV-001363,SO-001363,CUST-039,2024-12-08,4023.8,RTGS,UTR-12129337,Credit Settlement Net 15
PAY-001364,INV-001364,SO-001364,CUST-023,2024-12-21,297926.4,Cheque,UTR-12138236,Credit Settlement Net 15
PAY-001365,INV-001365,SO-001365,CUST-008,2024-11-21,8991.6,Cheque,UTR-12147135,Credit Settlement Net 7
PAY-001366,INV-001366,SO-001366,CUST-046,2024-12-09,2973.6,RTGS,UTR-12156034,Credit Settlement Net 30
PAY-001367,INV-001367,SO-001367,CUST-035,2024-11-19,20591.0,UPI,UTR-12164933,Credit Settlement Net 7
PAY-001368,INV-001368,SO-001368,CUST-028,2024-12-02,177194.7,UPI,UTR-12173832,Credit Settlement Net 30
PAY-001369,INV-001369,SO-001369,CUST-022,2024-12-07,129378.74,NEFT / Bank Transfer,UTR-12182731,Credit Settlement Net 30
PAY-001370,INV-001370,SO-001370,CUST-031,2024-11-13,7847.0,Cash,Ref-1371370,Settled on Billing
PAY-001371,INV-001371,SO-001371,CUST-044,2024-12-07,13947.6,UPI,UTR-12200529,Credit Settlement Net 7
PAY-001372,INV-001372,SO-001372,CUST-027,2024-12-11,76.7,UPI,UTR-12209428,Credit Settlement Net 30
PAY-001373,INV-001373,SO-001373,CUST-035,2024-11-30,8649.4,Cheque,UTR-12218327,Credit Settlement Net 7
PAY-001374,INV-001374,SO-001374,CUST-026,2024-11-25,1681.5,Cheque,UTR-12227226,Credit Settlement Net 15
PAY-001375,INV-001375,SO-001375,CUST-038,2024-12-20,25417.2,UPI,UTR-12236125,Credit Settlement Net 15
PAY-001376,INV-001376,SO-001376,CUST-015,2024-12-16,68805.8,UPI,UTR-12245024,Credit Settlement Net 30
PAY-001377,INV-001377,SO-001377,CUST-041,2025-01-06,103969.8,RTGS,UTR-12253923,Credit Settlement Net 45
PAY-001378,INV-001378,SO-001378,CUST-039,2024-12-07,27960.1,RTGS,UTR-12262822,Credit Settlement Net 15
PAY-001379,INV-001379,SO-001379,CUST-002,2024-11-20,140874.3,UPI,UTR-12271721,Credit Settlement Net 15
PAY-001380,INV-001380,SO-001380,CUST-047,2024-12-14,2955.9,RTGS,UTR-12280620,Credit Settlement Net 30
PAY-001381,INV-001381,SO-001381,CUST-014,2024-11-15,1239.0,Cash,Ref-1382381,Settled on Billing
PAY-001382,INV-001382,SO-001382,CUST-044,2024-12-10,7965.0,Cheque,UTR-12298418,Credit Settlement Net 7
PAY-001383,INV-001383,SO-001383,CUST-025,2024-12-15,1298.0,NEFT / Bank Transfer,UTR-12307317,Credit Settlement Net 30
PAY-001384,INV-001384,SO-001384,CUST-030,2024-11-16,330.4,UPI,Ref-1385384,Settled on Billing
PAY-001385,INV-001385,SO-001385,CUST-037,2024-12-16,330.4,UPI,UTR-12325115,Credit Settlement Net 30
PAY-001386,INV-001386,SO-001386,CUST-044,2024-12-08,11280.8,UPI,UTR-12334014,Credit Settlement Net 7
PAY-001387,INV-001387,SO-001387,CUST-038,2024-12-13,80753.3,Cheque,UTR-12342913,Credit Settlement Net 15
PAY-001388,INV-001388,SO-001388,CUST-012,2024-11-19,7021.0,Credit Card,Ref-1389388,Settled on Billing
PAY-001389,INV-001389,SO-001389,CUST-034,2024-12-22,354.0,Cheque,UTR-12360711,Credit Settlement Net 30
PAY-001390,INV-001390,SO-001390,CUST-037,2024-12-13,3746.5,UPI,UTR-12369610,Credit Settlement Net 30
PAY-001391,INV-001391,SO-001391,CUST-047,2024-12-06,1062.0,NEFT / Bank Transfer,UTR-12378509,Credit Settlement Net 30
PAY-001392,INV-001392,SO-001392,CUST-041,2024-12-18,22414.1,UPI,UTR-12387408,Credit Settlement Net 45
PAY-001393,INV-001393,SO-001393,CUST-001,2024-12-30,72416.6,UPI,UTR-12396307,Credit Settlement Net 30
PAY-001394,INV-001394,SO-001394,CUST-014,2024-11-20,3540.0,Cash,Ref-1395394,Settled on Billing
PAY-001395,INV-001395,SO-001395,CUST-048,2024-11-20,2177.1,UPI,Ref-1396395,Settled on Billing
PAY-001396,INV-001396,SO-001396,CUST-009,2024-12-16,108597.76,RTGS,UTR-12423004,Credit Settlement Net 30
PAY-001397,INV-001397,SO-001397,CUST-045,2024-11-21,1321.6,Cash,Ref-1398397,Settled on Billing
PAY-001398,INV-001398,SO-001398,CUST-045,2024-11-21,531.0,Cash,Ref-1399398,Settled on Billing
PAY-001399,INV-001399,SO-001399,CUST-046,2024-12-01,8425.2,Cheque,UTR-12449701,Credit Settlement Net 30
PAY-001400,INV-001400,SO-001400,CUST-005,2024-11-22,908.6,Cash,Ref-1401400,Settled on Billing
PAY-001401,INV-001401,SO-001401,CUST-013,2024-12-20,9322.0,RTGS,UTR-12467499,Credit Settlement Net 15
PAY-001402,INV-001402,SO-001402,CUST-025,2024-11-29,1298.0,Cheque,UTR-12476398,Credit Settlement Net 30
PAY-001403,INV-001403,SO-001403,CUST-025,2025-01-15,708.0,RTGS,UTR-12485297,Credit Settlement Net 30
PAY-001404,INV-001404,SO-001404,CUST-034,2024-11-28,1628.4,NEFT / Bank Transfer,UTR-12494196,Credit Settlement Net 30
PAY-001405,INV-001405,SO-001405,CUST-009,2024-12-26,150520.8,NEFT / Bank Transfer,UTR-12503095,Credit Settlement Net 30
PAY-001406,INV-001406,SO-001406,CUST-013,2024-11-28,389.4,UPI,UTR-12511994,Credit Settlement Net 15
PAY-001407,INV-001407,SO-001407,CUST-016,2024-12-14,4271.6,NEFT / Bank Transfer,UTR-12520893,Credit Settlement Net 30
PAY-001408,INV-001408,SO-001408,CUST-022,2024-12-08,181425.0,NEFT / Bank Transfer,UTR-12529792,Credit Settlement Net 30
PAY-001409,INV-001409,SO-001409,CUST-037,2024-12-02,3599.0,RTGS,UTR-12538691,Credit Settlement Net 30
PAY-001410,INV-001410,SO-001410,CUST-003,2025-01-11,18708.9,NEFT / Bank Transfer,UTR-12547590,Credit Settlement Net 15
PAY-001411,INV-001411,SO-001411,CUST-028,2025-01-04,163937.4,RTGS,UTR-12556489,Credit Settlement Net 30
PAY-001412,INV-001412,SO-001412,CUST-044,2024-12-08,15605.5,UPI,UTR-12565388,Credit Settlement Net 7
PAY-001413,INV-001413,SO-001413,CUST-042,2024-12-07,322317.0,UPI,UTR-12574287,Credit Settlement Net 15
PAY-001414,INV-001414,SO-001414,CUST-001,2025-01-07,81378.7,UPI,UTR-12583186,Credit Settlement Net 30
PAY-001415,INV-001415,SO-001415,CUST-010,2024-12-25,1062.0,Cheque,UTR-12592085,Credit Settlement Net 30
PAY-001416,INV-001416,SO-001416,CUST-046,2024-12-18,7552.0,UPI,UTR-12600984,Credit Settlement Net 30
PAY-001417,INV-001417,SO-001417,CUST-027,2024-12-09,1823.1,RTGS,UTR-12609883,Credit Settlement Net 30
PAY-001418,INV-001418,SO-001418,CUST-021,2024-11-26,8401.6,Cash,Ref-1419418,Settled on Billing
PAY-001419,INV-001419,SO-001419,CUST-036,2025-02-09,120236.1,NEFT / Bank Transfer,UTR-12627681,Credit Settlement Net 30
PAY-001420,INV-001420,SO-001420,CUST-022,2024-12-02,101562.6,UPI,UTR-12636580,Credit Settlement Net 30
PAY-001421,INV-001421,SO-001421,CUST-008,2024-12-15,2973.6,RTGS,UTR-12645479,Credit Settlement Net 7
PAY-001422,INV-001422,SO-001422,CUST-033,2024-11-26,4507.6,Credit Card,Ref-1423422,Settled on Billing
PAY-001423,INV-001423,SO-001423,CUST-014,2024-11-27,1239.0,Cash,Ref-1424423,Settled on Billing
PAY-001424,INV-001424,SO-001424,CUST-044,2025-01-13,43394.5,NEFT / Bank Transfer,UTR-12672176,Credit Settlement Net 7
PAY-001425,INV-001425,SO-001425,CUST-033,2024-11-27,2548.8,Credit Card,Ref-1426425,Settled on Billing
PAY-001426,INV-001426,SO-001426,CUST-042,2024-12-07,123227.4,UPI,UTR-12689974,Credit Settlement Net 15
PAY-001427,INV-001427,SO-001427,CUST-029,2024-12-19,109907.56,UPI,UTR-12698873,Credit Settlement Net 45
PAY-001428,INV-001428,SO-001428,CUST-009,2024-12-15,198461.84,Cheque,UTR-12707772,Credit Settlement Net 30
PAY-001429,INV-001429,SO-001429,CUST-009,2024-12-06,358917.06,UPI,UTR-12716671,Credit Settlement Net 30
PAY-001430,INV-001430,SO-001430,CUST-020,2024-12-14,6206.8,RTGS,UTR-12725570,Credit Settlement Net 15
PAY-001431,INV-001431,SO-001431,CUST-001,2024-12-21,68145.0,UPI,UTR-12734469,Credit Settlement Net 30
PAY-001432,INV-001432,SO-001432,CUST-036,2024-12-25,37500.4,NEFT / Bank Transfer,UTR-12743368,Credit Settlement Net 30
PAY-001433,INV-001433,SO-001433,CUST-048,2024-11-28,1274.4,UPI,Ref-1434433,Settled on Billing
PAY-001434,INV-001434,SO-001434,CUST-013,2024-12-26,867.3,RTGS,UTR-12761166,Credit Settlement Net 15
PAY-001435,INV-001435,SO-001435,CUST-016,2024-12-06,460.2,Cheque,UTR-12770065,Credit Settlement Net 30
PAY-001436,INV-001436,SO-001436,CUST-028,2024-12-21,212943.98,Cheque,UTR-12778964,Credit Settlement Net 30
PAY-001437,INV-001437,SO-001437,CUST-028,2024-12-24,111409.7,UPI,UTR-12787863,Credit Settlement Net 30
PAY-001438,INV-001438,SO-001438,CUST-025,2024-12-30,4897.0,NEFT / Bank Transfer,UTR-12796762,Credit Settlement Net 30
PAY-001439,INV-001439,SO-001439,CUST-014,2024-11-29,10679.0,Cash,Ref-1440439,Settled on Billing
PAY-001440,INV-001440,SO-001440,CUST-035,2025-01-07,5026.8,UPI,UTR-12814560,Credit Settlement Net 7
PAY-001441,INV-001441,SO-001441,CUST-013,2024-12-28,2773.0,NEFT / Bank Transfer,UTR-12823459,Credit Settlement Net 15
PAY-001442,INV-001442,SO-001442,CUST-021,2024-11-30,2649.1,Cash,Ref-1443442,Settled on Billing
PAY-001443,INV-001443,SO-001443,CUST-033,2024-11-30,519.2,Credit Card,Ref-1444443,Settled on Billing
PAY-001444,INV-001444,SO-001444,CUST-004,2025-01-10,30255.2,Cheque,UTR-12850156,Credit Settlement Net 45
PAY-001445,INV-001445,SO-001445,CUST-007,2025-01-03,849.6,UPI,UTR-12859055,Credit Settlement Net 30
PAY-001446,INV-001446,SO-001446,CUST-027,2024-12-17,2531.1,NEFT / Bank Transfer,UTR-12867954,Credit Settlement Net 30
PAY-001447,INV-001447,SO-001447,CUST-004,2024-12-10,72499.2,RTGS,UTR-12876853,Credit Settlement Net 45
PAY-001448,INV-001448,SO-001448,CUST-007,2024-12-18,5487.0,Cheque,UTR-12885752,Credit Settlement Net 30
PAY-001449,INV-001449,SO-001449,CUST-015,2024-12-30,29948.4,RTGS,UTR-12894651,Credit Settlement Net 30
PAY-001450,INV-001450,SO-001450,CUST-020,2024-12-18,7557.9,UPI,UTR-12903550,Credit Settlement Net 15
PAY-001451,INV-001451,SO-001451,CUST-041,2025-01-14,197461.2,Cheque,UTR-12912449,Credit Settlement Net 45
PAY-001452,INV-001452,SO-001452,CUST-022,2024-12-25,68617.0,Cheque,UTR-12921348,Credit Settlement Net 30
PAY-001453,INV-001453,SO-001453,CUST-026,2024-12-30,43893.64,Cheque,UTR-12930247,Credit Settlement Net 15
PAY-001454,INV-001454,SO-001454,CUST-022,2024-12-27,51925.9,NEFT / Bank Transfer,UTR-12939146,Credit Settlement Net 30
PAY-001455,INV-001455,SO-001455,CUST-010,2024-12-14,4743.6,UPI,UTR-12948045,Credit Settlement Net 30
PAY-001456,INV-001456,SO-001456,CUST-016,2024-12-10,283.2,NEFT / Bank Transfer,UTR-12956944,Credit Settlement Net 30
PAY-001457,INV-001457,SO-001457,CUST-040,2025-01-06,938.1,UPI,UTR-12965843,Credit Settlement Net 30
PAY-001458,INV-001458,SO-001458,CUST-038,2024-12-19,169078.66,Cheque,UTR-12974742,Credit Settlement Net 15
PAY-001459,INV-001459,SO-001459,CUST-015,2024-12-20,78334.3,Cheque,UTR-12983641,Credit Settlement Net 30
PAY-001460,INV-001460,SO-001460,CUST-043,2024-12-10,2855.6,NEFT / Bank Transfer,UTR-12992540,Credit Settlement Net 30
PAY-001461,INV-001461,SO-001461,CUST-003,2024-12-09,725.7,NEFT / Bank Transfer,UTR-13001439,Credit Settlement Net 15
PAY-001462,INV-001462,SO-001462,CUST-042,2025-01-23,87620.9,Cheque,UTR-13010338,Credit Settlement Net 15
PAY-001463,INV-001463,SO-001463,CUST-013,2024-12-21,2867.4,NEFT / Bank Transfer,UTR-13019237,Credit Settlement Net 15
PAY-001464,INV-001464,SO-001464,CUST-037,2024-12-15,1209.5,NEFT / Bank Transfer,UTR-13028136,Credit Settlement Net 30
PAY-001465,INV-001465,SO-001465,CUST-008,2024-12-23,9805.8,NEFT / Bank Transfer,UTR-13037035,Credit Settlement Net 7
PAY-001466,INV-001466,SO-001466,CUST-039,2024-12-16,3699.3,NEFT / Bank Transfer,UTR-13045934,Credit Settlement Net 15
PAY-001467,INV-001467,SO-001467,CUST-032,2024-12-31,255104.2,NEFT / Bank Transfer,UTR-13054833,Credit Settlement Net 30
PAY-001468,INV-001468,SO-001468,CUST-043,2024-12-31,1180.0,UPI,UTR-13063732,Credit Settlement Net 30
PAY-001469,INV-001469,SO-001469,CUST-030,2024-12-06,10089.0,UPI,Ref-1470469,Settled on Billing
PAY-001470,INV-001470,SO-001470,CUST-002,2025-01-04,254520.1,UPI,UTR-13081530,Credit Settlement Net 15
PAY-001471,INV-001471,SO-001471,CUST-042,2025-02-28,93609.4,Cheque,UTR-13090429,Credit Settlement Net 15
PAY-001472,INV-001472,SO-001472,CUST-045,2024-12-06,885.0,Cash,Ref-1473472,Settled on Billing
PAY-001473,INV-001473,SO-001473,CUST-039,2024-12-25,9752.7,NEFT / Bank Transfer,UTR-13108227,Credit Settlement Net 15
PAY-001474,INV-001474,SO-001474,CUST-043,2025-01-11,531.0,NEFT / Bank Transfer,UTR-13117126,Credit Settlement Net 30
PAY-001475,INV-001475,SO-001475,CUST-034,2025-01-14,5546.0,UPI,UTR-13126025,Credit Settlement Net 30
PAY-001476,INV-001476,SO-001476,CUST-007,2024-12-16,2808.4,UPI,UTR-13134924,Credit Settlement Net 30
PAY-001477,INV-001477,SO-001477,CUST-034,2025-01-16,88.5,Cheque,UTR-13143823,Credit Settlement Net 30
PAY-001478,INV-001478,SO-001478,CUST-009,2024-12-12,388833.6,Cheque,UTR-13152722,Credit Settlement Net 30
PAY-001479,INV-001479,SO-001479,CUST-038,2025-01-17,113291.8,UPI,UTR-13161621,Credit Settlement Net 15
PAY-001480,INV-001480,SO-001480,CUST-038,2024-12-23,125058.76,RTGS,UTR-13170520,Credit Settlement Net 15
PAY-001481,INV-001481,SO-001481,CUST-016,2024-12-26,35.4,UPI,UTR-13179419,Credit Settlement Net 30
PAY-001482,INV-001482,SO-001482,CUST-015,2024-12-27,176830.08,RTGS,UTR-13188318,Credit Settlement Net 30
PAY-001483,INV-001483,SO-001483,CUST-007,2024-12-20,1628.4,Cheque,UTR-13197217,Credit Settlement Net 30
PAY-001484,INV-001484,SO-001484,CUST-014,2024-12-09,1593.0,Cash,Ref-1485484,Settled on Billing
PAY-001485,INV-001485,SO-001485,CUST-019,2025-01-05,2926.4,UPI,UTR-13215015,Credit Settlement Net 30
PAY-001486,INV-001486,SO-001486,CUST-045,2024-12-09,631.3,Cash,Ref-1487486,Settled on Billing
PAY-001487,INV-001487,SO-001487,CUST-009,2025-01-05,100016.8,Cheque,UTR-13232813,Credit Settlement Net 30
PAY-001488,INV-001488,SO-001488,CUST-001,2024-12-25,33370.4,NEFT / Bank Transfer,UTR-13241712,Credit Settlement Net 30
PAY-001489,INV-001489,SO-001489,CUST-042,2025-01-03,132573.0,RTGS,UTR-13250611,Credit Settlement Net 15
PAY-001490,INV-001490,SO-001490,CUST-005,2024-12-10,11109.7,Cash,Ref-1491490,Settled on Billing
PAY-001491,INV-001491,SO-001491,CUST-040,2024-12-27,1298.0,UPI,UTR-13268409,Credit Settlement Net 30
PAY-001492,INV-001492,SO-001492,CUST-019,2025-01-10,8991.6,RTGS,UTR-13277308,Credit Settlement Net 30
PAY-001493,INV-001493,SO-001493,CUST-040,2025-01-09,2218.4,NEFT / Bank Transfer,UTR-13286207,Credit Settlement Net 30
PAY-001494,INV-001494,SO-001494,CUST-006,2024-12-10,6879.4,UPI,Ref-1495494,Settled on Billing
PAY-001495,INV-001495,SO-001495,CUST-040,2024-12-16,531.0,UPI,UTR-13304005,Credit Settlement Net 30
PAY-001496,INV-001496,SO-001496,CUST-030,2024-12-11,2891.0,UPI,Ref-1497496,Settled on Billing
PAY-001497,INV-001497,SO-001497,CUST-017,2024-12-18,4047.4,UPI,UTR-13321803,Credit Settlement Net 30
PAY-001498,INV-001498,SO-001498,CUST-013,2024-12-24,1587.1,UPI,UTR-13330702,Credit Settlement Net 15
PAY-001499,INV-001499,SO-001499,CUST-011,2025-01-06,29082.28,RTGS,UTR-13339601,Credit Settlement Net 45
PAY-001500,INV-001500,SO-001500,CUST-019,2025-01-25,3604.9,UPI,UTR-13348500,Credit Settlement Net 30
PAY-001501,INV-001501,SO-001501,CUST-022,2025-01-17,21293.1,NEFT / Bank Transfer,UTR-13357399,Credit Settlement Net 30
PAY-001502,INV-001502,SO-001502,CUST-018,2024-12-12,206.5,UPI,Ref-1503502,Settled on Billing
PAY-001503,INV-001503,SO-001503,CUST-043,2025-01-29,418.9,RTGS,UTR-13375197,Credit Settlement Net 30
PAY-001504,INV-001504,SO-001504,CUST-009,2025-01-10,102483.0,Cheque,UTR-13384096,Credit Settlement Net 30
PAY-001505,INV-001505,SO-001505,CUST-047,2025-01-08,389.4,UPI,UTR-13392995,Credit Settlement Net 30
PAY-001506,INV-001506,SO-001506,CUST-029,2024-12-27,20355.0,NEFT / Bank Transfer,UTR-13401894,Credit Settlement Net 45
PAY-001507,INV-001507,SO-001507,CUST-035,2025-01-09,10407.6,NEFT / Bank Transfer,UTR-13410793,Credit Settlement Net 7
PAY-001508,INV-001508,SO-001508,CUST-025,2024-12-27,2478.0,RTGS,UTR-13419692,Credit Settlement Net 30
PAY-001509,INV-001509,SO-001509,CUST-018,2024-12-13,566.4,UPI,Ref-1510509,Settled on Billing
PAY-001510,INV-001510,SO-001510,CUST-006,2024-12-13,5870.5,UPI,Ref-1511510,Settled on Billing
PAY-001511,INV-001511,SO-001511,CUST-019,2025-01-19,1416.0,RTGS,UTR-13446389,Credit Settlement Net 30
PAY-001512,INV-001512,SO-001512,CUST-033,2024-12-14,1416.0,Credit Card,Ref-1513512,Settled on Billing
PAY-001513,INV-001513,SO-001513,CUST-042,2025-01-08,262255.0,RTGS,UTR-13464187,Credit Settlement Net 15
PAY-001514,INV-001514,SO-001514,CUST-032,2025-03-07,279388.6,UPI,UTR-13473086,Credit Settlement Net 30
PAY-001515,INV-001515,SO-001515,CUST-037,2024-12-27,902.7,UPI,UTR-13481985,Credit Settlement Net 30
PAY-001516,INV-001516,SO-001516,CUST-047,2025-01-25,1504.5,UPI,UTR-13490884,Credit Settlement Net 30
PAY-001517,INV-001517,SO-001517,CUST-046,2025-02-01,2773.0,Cheque,UTR-13499783,Credit Settlement Net 30
PAY-001518,INV-001518,SO-001518,CUST-005,2024-12-16,3829.1,Cash,Ref-1519518,Settled on Billing
PAY-001519,INV-001519,SO-001519,CUST-014,2024-12-16,1003.0,Cash,Ref-1520519,Settled on Billing
PAY-001520,INV-001520,SO-001520,CUST-022,2025-01-10,62398.4,RTGS,UTR-13526480,Credit Settlement Net 30
PAY-001521,INV-001521,SO-001521,CUST-035,2025-01-16,12384.1,NEFT / Bank Transfer,UTR-13535379,Credit Settlement Net 7
PAY-001522,INV-001522,SO-001522,CUST-033,2024-12-17,3009.0,Credit Card,Ref-1523522,Settled on Billing
PAY-001523,INV-001523,SO-001523,CUST-025,2025-01-15,265.5,RTGS,UTR-13553177,Credit Settlement Net 30
PAY-001524,INV-001524,SO-001524,CUST-030,2024-12-18,8531.4,UPI,Ref-1525524,Settled on Billing
PAY-001525,INV-001525,SO-001525,CUST-016,2025-01-13,4071.0,UPI,UTR-13570975,Credit Settlement Net 30
PAY-001526,INV-001526,SO-001526,CUST-013,2024-12-27,1333.4,RTGS,UTR-13579874,Credit Settlement Net 15
PAY-001527,INV-001527,SO-001527,CUST-031,2024-12-18,1628.4,Cash,Ref-1528527,Settled on Billing
PAY-001528,INV-001528,SO-001528,CUST-022,2025-01-06,7257.0,RTGS,UTR-13597672,Credit Settlement Net 30
PAY-001529,INV-001529,SO-001529,CUST-014,2024-12-19,1239.0,Cash,Ref-1530529,Settled on Billing
PAY-001530,INV-001530,SO-001530,CUST-006,2024-12-19,2619.6,UPI,Ref-1531530,Settled on Billing
PAY-001531,INV-001531,SO-001531,CUST-025,2024-12-28,389.4,UPI,UTR-13624369,Credit Settlement Net 30
PAY-001532,INV-001532,SO-001532,CUST-043,2025-01-08,5622.7,Cheque,UTR-13633268,Credit Settlement Net 30
PAY-001533,INV-001533,SO-001533,CUST-048,2024-12-19,3864.5,UPI,Ref-1534533,Settled on Billing
PAY-001534,INV-001534,SO-001534,CUST-048,2024-12-19,2566.5,UPI,Ref-1535534,Settled on Billing
PAY-001535,INV-001535,SO-001535,CUST-022,2025-01-09,62610.8,Cheque,UTR-13659965,Credit Settlement Net 30
PAY-001536,INV-001536,SO-001536,CUST-047,2024-12-27,8142.0,RTGS,UTR-13668864,Credit Settlement Net 30
PAY-001537,INV-001537,SO-001537,CUST-039,2025-01-11,43152.6,UPI,UTR-13677763,Credit Settlement Net 15
PAY-001538,INV-001538,SO-001538,CUST-042,2024-12-29,60486.8,RTGS,UTR-13686662,Credit Settlement Net 15
PAY-001539,INV-001539,SO-001539,CUST-044,2025-01-25,14354.7,Cheque,UTR-13695561,Credit Settlement Net 7
PAY-001540,INV-001540,SO-001540,CUST-039,2025-01-08,2625.5,UPI,UTR-13704460,Credit Settlement Net 15
PAY-001541,INV-001541,SO-001541,CUST-009,2025-01-18,214321.04,UPI,UTR-13713359,Credit Settlement Net 30
PAY-001542,INV-001542,SO-001542,CUST-045,2024-12-21,3569.5,Cash,Ref-1543542,Settled on Billing
PAY-001543,INV-001543,SO-001543,CUST-032,2025-01-10,77265.22,NEFT / Bank Transfer,UTR-13731157,Credit Settlement Net 30
PAY-001544,INV-001544,SO-001544,CUST-023,2025-02-16,49229.6,RTGS,UTR-13740056,Credit Settlement Net 15
PAY-001545,INV-001545,SO-001545,CUST-041,2024-12-31,153695.0,NEFT / Bank Transfer,UTR-13748955,Credit Settlement Net 45
PAY-001546,INV-001546,SO-001546,CUST-001,2025-01-07,27022.0,Cheque,UTR-13757854,Credit Settlement Net 30
PAY-001547,INV-001547,SO-001547,CUST-014,2024-12-23,177.0,Cash,Ref-1548547,Settled on Billing
PAY-001548,INV-001548,SO-001548,CUST-001,2025-01-02,46132.1,RTGS,UTR-13775652,Credit Settlement Net 30
PAY-001549,INV-001549,SO-001549,CUST-018,2024-12-23,6395.6,UPI,Ref-1550549,Settled on Billing
PAY-001550,INV-001550,SO-001550,CUST-014,2024-12-24,6608.0,Cash,Ref-1551550,Settled on Billing
PAY-001551,INV-001551,SO-001551,CUST-005,2024-12-24,1504.5,Cash,Ref-1552551,Settled on Billing
PAY-001552,INV-001552,SO-001552,CUST-033,2024-12-24,5074.0,Credit Card,Ref-1553552,Settled on Billing
PAY-001553,INV-001553,SO-001553,CUST-036,2025-01-21,70210.0,Cheque,UTR-13820147,Credit Settlement Net 30
PAY-001554,INV-001554,SO-001554,CUST-034,2025-02-14,4159.5,Cheque,UTR-13829046,Credit Settlement Net 30
PAY-001555,INV-001555,SO-001555,CUST-035,2025-01-16,1433.7,UPI,UTR-13837945,Credit Settlement Net 7
PAY-001556,INV-001556,SO-001556,CUST-021,2024-12-25,3038.5,Cash,Ref-1557556,Settled on Billing
PAY-001557,INV-001557,SO-001557,CUST-009,2025-01-01,266508.9,Cheque,UTR-13855743,Credit Settlement Net 30
PAY-001558,INV-001558,SO-001558,CUST-039,2024-12-31,43872.4,RTGS,UTR-13864642,Credit Settlement Net 15
PAY-001559,INV-001559,SO-001559,CUST-011,2025-02-10,34975.2,RTGS,UTR-13873541,Credit Settlement Net 45
PAY-001560,INV-001560,SO-001560,CUST-028,2025-01-16,115024.04,NEFT / Bank Transfer,UTR-13882440,Credit Settlement Net 30
PAY-001561,INV-001561,SO-001561,CUST-027,2025-01-17,283.2,NEFT / Bank Transfer,UTR-13891339,Credit Settlement Net 30
PAY-001562,INV-001562,SO-001562,CUST-009,2025-01-05,380467.4,RTGS,UTR-13900238,Credit Settlement Net 30
PAY-001563,INV-001563,SO-001563,CUST-001,2025-01-27,287678.1,Cheque,UTR-13909137,Credit Settlement Net 30
PAY-001564,INV-001564,SO-001564,CUST-044,2025-02-04,1758.2,Cheque,UTR-13918036,Credit Settlement Net 7
PAY-001565,INV-001565,SO-001565,CUST-039,2025-01-14,2213.68,RTGS,UTR-13926935,Credit Settlement Net 15
PAY-001566,INV-001566,SO-001566,CUST-040,2025-01-11,849.6,NEFT / Bank Transfer,UTR-13935834,Credit Settlement Net 30
PAY-001567,INV-001567,SO-001567,CUST-016,2025-02-11,4071.0,NEFT / Bank Transfer,UTR-13944733,Credit Settlement Net 30
PAY-001568,INV-001568,SO-001568,CUST-044,2025-01-06,35128.6,UPI,UTR-13953632,Credit Settlement Net 7
PAY-001569,INV-001569,SO-001569,CUST-040,2025-01-18,389.4,UPI,UTR-13962531,Credit Settlement Net 30
PAY-001570,INV-001570,SO-001570,CUST-044,2025-01-08,6590.3,RTGS,UTR-13971430,Credit Settlement Net 7
PAY-001571,INV-001571,SO-001571,CUST-004,2025-02-13,46409.4,RTGS,UTR-13980329,Credit Settlement Net 45
PAY-001572,INV-001572,SO-001572,CUST-029,2025-01-13,99373.7,UPI,UTR-13989228,Credit Settlement Net 45
PAY-001573,INV-001573,SO-001573,CUST-007,2025-01-02,2596.0,NEFT / Bank Transfer,UTR-13998127,Credit Settlement Net 30
PAY-001574,INV-001574,SO-001574,CUST-016,2025-01-24,389.4,UPI,UTR-14007026,Credit Settlement Net 30
PAY-001575,INV-001575,SO-001575,CUST-016,2025-01-21,2035.5,NEFT / Bank Transfer,UTR-14015925,Credit Settlement Net 30
PAY-001576,INV-001576,SO-001576,CUST-023,2025-01-06,65973.8,Cheque,UTR-14024824,Credit Settlement Net 15
PAY-001577,INV-001577,SO-001577,CUST-001,2025-01-24,238991.3,UPI,UTR-14033723,Credit Settlement Net 30
PAY-001578,INV-001578,SO-001578,CUST-028,2025-01-25,296888.0,UPI,UTR-14042622,Credit Settlement Net 30
PAY-001579,INV-001579,SO-001579,CUST-003,2025-01-23,13310.4,UPI,UTR-14051521,Credit Settlement Net 15
PAY-001580,INV-001580,SO-001580,CUST-047,2025-02-13,177.0,Cheque,UTR-14060420,Credit Settlement Net 30
PAY-001581,INV-001581,SO-001581,CUST-007,2025-01-20,5062.2,RTGS,UTR-14069319,Credit Settlement Net 30
PAY-001582,INV-001582,SO-001582,CUST-038,2025-01-17,169469.24,NEFT / Bank Transfer,UTR-14078218,Credit Settlement Net 15
PAY-001583,INV-001583,SO-001583,CUST-011,2025-02-05,72108.62,UPI,UTR-14087117,Credit Settlement Net 45
PAY-001584,INV-001584,SO-001584,CUST-008,2025-01-14,16691.1,RTGS,UTR-14096016,Credit Settlement Net 7
PAY-001585,INV-001585,SO-001585,CUST-009,2025-01-10,151028.2,UPI,UTR-14104915,Credit Settlement Net 30
PAY-001586,INV-001586,SO-001586,CUST-014,2024-12-31,1882.1,Cash,Ref-1587586,Settled on Billing
PAY-001587,INV-001587,SO-001587,CUST-011,2025-01-16,107680.9,Cheque,UTR-14122713,Credit Settlement Net 45
PAY-001588,INV-001588,SO-001588,CUST-039,2025-01-25,14791.3,RTGS,UTR-14131612,Credit Settlement Net 15
PAY-001589,INV-001589,SO-001589,CUST-016,2025-01-08,2643.2,UPI,UTR-14140511,Credit Settlement Net 30
PAY-001590,INV-001590,SO-001590,CUST-005,2025-01-01,7882.4,Cash,Ref-1591590,Settled on Billing
PAY-001591,INV-001591,SO-001591,CUST-027,2025-04-05,566.4,Cheque,UTR-14158309,Credit Settlement Net 30
PAY-001592,INV-001592,SO-001592,CUST-017,2025-01-11,3103.4,Cheque,UTR-14167208,Credit Settlement Net 30
PAY-001593,INV-001593,SO-001593,CUST-043,2025-02-19,2997.2,NEFT / Bank Transfer,UTR-14176107,Credit Settlement Net 30
PAY-001594,INV-001594,SO-001594,CUST-012,2025-01-01,1882.1,Credit Card,Ref-1595594,Settled on Billing
PAY-001595,INV-001595,SO-001595,CUST-033,2025-01-01,206.5,Credit Card,Ref-1596595,Settled on Billing
PAY-001596,INV-001596,SO-001596,CUST-045,2025-01-02,283.2,Cash,Ref-1597596,Settled on Billing
PAY-001597,INV-001597,SO-001597,CUST-019,2025-01-09,330.4,Cheque,UTR-14211703,Credit Settlement Net 30
PAY-001598,INV-001598,SO-001598,CUST-004,2025-01-25,41189.08,NEFT / Bank Transfer,UTR-14220602,Credit Settlement Net 45
PAY-001599,INV-001599,SO-001599,CUST-001,2025-01-26,14023.64,UPI,UTR-14229501,Credit Settlement Net 30
PAY-001600,INV-001600,SO-001600,CUST-021,2025-01-02,259.6,Cash,Ref-1601600,Settled on Billing
PAY-001601,INV-001601,SO-001601,CUST-040,2025-01-31,719.8,Cheque,UTR-14247299,Credit Settlement Net 30
PAY-001602,INV-001602,SO-001602,CUST-025,2025-02-22,2537.0,Cheque,UTR-14256198,Credit Settlement Net 30
PAY-001603,INV-001603,SO-001603,CUST-041,2025-01-24,6691.49,RTGS,UTR-14265097,Credit Settlement Net 45
PAY-001604,INV-001604,SO-001604,CUST-048,2025-01-03,961.7,UPI,Ref-1605604,Settled on Billing
PAY-001605,INV-001605,SO-001605,CUST-047,2025-02-12,5251.0,Cheque,UTR-14282895,Credit Settlement Net 30
PAY-001606,INV-001606,SO-001606,CUST-036,2025-04-04,153734.95,RTGS,UTR-14291794,Credit Settlement Net 30
PAY-001607,INV-001607,SO-001607,CUST-034,2025-01-23,88.5,RTGS,UTR-14300693,Credit Settlement Net 30
PAY-001608,INV-001608,SO-001608,CUST-043,2025-03-11,271.4,NEFT / Bank Transfer,UTR-14309592,Credit Settlement Net 30
PAY-001609,INV-001609,SO-001609,CUST-007,2025-01-16,708.0,NEFT / Bank Transfer,UTR-14318491,Credit Settlement Net 30
PAY-001610,INV-001610,SO-001610,CUST-047,2025-02-06,2194.8,NEFT / Bank Transfer,UTR-14327390,Credit Settlement Net 30
PAY-001611,INV-001611,SO-001611,CUST-027,2025-01-13,1581.2,UPI,UTR-14336289,Credit Settlement Net 30
PAY-001612,INV-001612,SO-001612,CUST-035,2025-01-31,1977.05,UPI,UTR-14345188,Credit Settlement Net 7
PAY-001613,INV-001613,SO-001613,CUST-025,2025-01-19,595.9,UPI,UTR-14354087,Credit Settlement Net 30
PAY-001614,INV-001614,SO-001614,CUST-033,2025-01-06,2684.5,Credit Card,Ref-1615614,Settled on Billing
PAY-001615,INV-001615,SO-001615,CUST-037,2025-01-31,2891.0,UPI,UTR-14371885,Credit Settlement Net 30
PAY-001616,INV-001616,SO-001616,CUST-034,2025-01-26,413.0,RTGS,UTR-14380784,Credit Settlement Net 30
PAY-001617,INV-001617,SO-001617,CUST-017,2025-01-25,1239.0,Cheque,UTR-14389683,Credit Settlement Net 30
PAY-001618,INV-001618,SO-001618,CUST-044,2025-02-02,4277.5,UPI,UTR-14398582,Credit Settlement Net 7
PAY-001619,INV-001619,SO-001619,CUST-025,2025-02-22,424.8,RTGS,UTR-14407481,Credit Settlement Net 30
PAY-001620,INV-001620,SO-001620,CUST-042,2025-02-04,280255.97,RTGS,UTR-14416380,Credit Settlement Net 15
PAY-001621,INV-001621,SO-001621,CUST-010,2025-01-24,283.2,RTGS,UTR-14425279,Credit Settlement Net 30
PAY-001622,INV-001622,SO-001622,CUST-019,2025-01-30,6879.4,UPI,UTR-14434178,Credit Settlement Net 30
PAY-001623,INV-001623,SO-001623,CUST-003,2025-03-03,1114.82,UPI,UTR-14443077,Credit Settlement Net 15
PAY-001624,INV-001624,SO-001624,CUST-039,2025-02-01,7587.75,UPI,UTR-14451976,Credit Settlement Net 15
PAY-001625,INV-001625,SO-001625,CUST-006,2025-01-08,2837.9,UPI,Ref-1626625,Settled on Billing
PAY-001626,INV-001626,SO-001626,CUST-027,2025-01-18,1911.6,NEFT / Bank Transfer,UTR-14469774,Credit Settlement Net 30
PAY-001627,INV-001627,SO-001627,CUST-011,2025-01-23,33458.9,UPI,UTR-14478673,Credit Settlement Net 45
PAY-001628,INV-001628,SO-001628,CUST-023,2025-02-14,13165.61,UPI,UTR-14487572,Credit Settlement Net 15
PAY-001629,INV-001629,SO-001629,CUST-033,2025-01-08,2867.4,Credit Card,Ref-1630629,Settled on Billing
PAY-001630,INV-001630,SO-001630,CUST-023,2025-01-17,70746.9,Cheque,UTR-14505370,Credit Settlement Net 15
PAY-001631,INV-001631,SO-001631,CUST-013,2025-01-27,1392.4,RTGS,UTR-14514269,Credit Settlement Net 15
PAY-001632,INV-001632,SO-001632,CUST-040,2025-01-27,7103.6,UPI,UTR-14523168,Credit Settlement Net 30
PAY-001633,INV-001633,SO-001633,CUST-006,2025-01-10,737.5,UPI,Ref-1634633,Settled on Billing
PAY-001634,INV-001634,SO-001634,CUST-009,2025-01-27,489983.2,RTGS,UTR-14540966,Credit Settlement Net 30
PAY-001635,INV-001635,SO-001635,CUST-006,2025-01-10,631.3,UPI,Ref-1636635,Settled on Billing
PAY-001636,INV-001636,SO-001636,CUST-042,2025-01-22,148223.55,UPI,UTR-14558764,Credit Settlement Net 15
PAY-001637,INV-001637,SO-001637,CUST-036,2025-01-29,12793.33,RTGS,UTR-14567663,Credit Settlement Net 30
PAY-001638,INV-001638,SO-001638,CUST-006,2025-01-10,2466.2,UPI,Ref-1639638,Settled on Billing
PAY-001639,INV-001639,SO-001639,CUST-025,2025-01-28,1156.4,Cheque,UTR-14585461,Credit Settlement Net 30
PAY-001640,INV-001640,SO-001640,CUST-026,2025-01-16,14131.68,NEFT / Bank Transfer,UTR-14594360,Credit Settlement Net 15
PAY-001641,INV-001641,SO-001641,CUST-015,2025-03-14,28597.72,RTGS,UTR-14603259,Credit Settlement Net 30
PAY-001642,INV-001642,SO-001642,CUST-017,2025-01-25,17.7,RTGS,UTR-14612158,Credit Settlement Net 30
PAY-001643,INV-001643,SO-001643,CUST-033,2025-01-11,1256.7,Credit Card,Ref-1644643,Settled on Billing
PAY-001644,INV-001644,SO-001644,CUST-003,2025-02-19,3357.1,NEFT / Bank Transfer,UTR-14629956,Credit Settlement Net 15
PAY-001645,INV-001645,SO-001645,CUST-002,2025-02-02,87980.8,UPI,UTR-14638855,Credit Settlement Net 15
PAY-001646,INV-001646,SO-001646,CUST-025,2025-01-16,1374.7,NEFT / Bank Transfer,UTR-14647754,Credit Settlement Net 30
PAY-001647,INV-001647,SO-001647,CUST-047,2025-01-23,424.8,Cheque,UTR-14656653,Credit Settlement Net 30
PAY-001648,INV-001648,SO-001648,CUST-011,2025-01-30,158687.66,UPI,UTR-14665552,Credit Settlement Net 45
PAY-001649,INV-001649,SO-001649,CUST-015,2025-02-10,40811.48,RTGS,UTR-14674451,Credit Settlement Net 30
PAY-001650,INV-001650,SO-001650,CUST-011,2025-02-10,119050.2,UPI,UTR-14683350,Credit Settlement Net 45
PAY-001651,INV-001651,SO-001651,CUST-026,2025-02-23,16067.0,Cheque,UTR-14692249,Credit Settlement Net 15
PAY-001652,INV-001652,SO-001652,CUST-031,2025-01-13,8024.0,Cash,Ref-1653652,Settled on Billing
PAY-001653,INV-001653,SO-001653,CUST-045,2025-01-13,3298.1,Cash,Ref-1654653,Settled on Billing
PAY-001654,INV-001654,SO-001654,CUST-005,2025-01-13,5734.8,Cash,Ref-1655654,Settled on Billing
PAY-001655,INV-001655,SO-001655,CUST-040,2025-02-25,2613.7,UPI,UTR-14727845,Credit Settlement Net 30
PAY-001656,INV-001656,SO-001656,CUST-034,2025-02-03,1469.1,NEFT / Bank Transfer,UTR-14736744,Credit Settlement Net 30
PAY-001657,INV-001657,SO-001657,CUST-042,2025-03-01,189148.69,UPI,UTR-14745643,Credit Settlement Net 15
PAY-001658,INV-001658,SO-001658,CUST-004,2025-02-23,86446.8,Cheque,UTR-14754542,Credit Settlement Net 45
PAY-001659,INV-001659,SO-001659,CUST-034,2025-02-06,708.0,Cheque,UTR-14763441,Credit Settlement Net 30
PAY-001660,INV-001660,SO-001660,CUST-018,2025-01-14,3551.8,UPI,Ref-1661660,Settled on Billing
PAY-001661,INV-001661,SO-001661,CUST-026,2025-02-02,29682.9,NEFT / Bank Transfer,UTR-14781239,Credit Settlement Net 15
PAY-001662,INV-001662,SO-001662,CUST-043,2025-01-27,1298.0,Cheque,UTR-14790138,Credit Settlement Net 30
PAY-001663,INV-001663,SO-001663,CUST-039,2025-01-28,9047.06,NEFT / Bank Transfer,UTR-14799037,Credit Settlement Net 15
PAY-001664,INV-001664,SO-001664,CUST-005,2025-01-15,2537.0,Cash,Ref-1665664,Settled on Billing
PAY-001665,INV-001665,SO-001665,CUST-039,2025-03-03,22878.67,UPI,UTR-14816835,Credit Settlement Net 15
PAY-001666,INV-001666,SO-001666,CUST-029,2025-02-12,88029.3,UPI,UTR-14825734,Credit Settlement Net 45
PAY-001667,INV-001667,SO-001667,CUST-012,2025-01-15,177.0,Credit Card,Ref-1668667,Settled on Billing
PAY-001668,INV-001668,SO-001668,CUST-014,2025-01-16,212.4,Cash,Ref-1669668,Settled on Billing
PAY-001669,INV-001669,SO-001669,CUST-022,2025-02-27,59659.7,UPI,UTR-14852431,Credit Settlement Net 30
PAY-001670,INV-001670,SO-001670,CUST-047,2025-02-14,8555.0,Cheque,UTR-14861330,Credit Settlement Net 30
PAY-001671,INV-001671,SO-001671,CUST-035,2025-04-12,5600.94,NEFT / Bank Transfer,UTR-14870229,Credit Settlement Net 7
PAY-001672,INV-001672,SO-001672,CUST-034,2025-03-18,1286.2,NEFT / Bank Transfer,UTR-14879128,Credit Settlement Net 30
PAY-001673,INV-001673,SO-001673,CUST-047,2025-02-11,1581.2,UPI,UTR-14888027,Credit Settlement Net 30
PAY-001674,INV-001674,SO-001674,CUST-046,2025-02-20,413.0,NEFT / Bank Transfer,UTR-14896926,Credit Settlement Net 30
PAY-001675,INV-001675,SO-001675,CUST-003,2025-04-21,875.28,Cheque,UTR-14905825,Credit Settlement Net 15
PAY-001676,INV-001676,SO-001676,CUST-021,2025-01-17,991.2,Cash,Ref-1677676,Settled on Billing
PAY-001677,INV-001677,SO-001677,CUST-043,2025-02-13,1174.1,NEFT / Bank Transfer,UTR-14923623,Credit Settlement Net 30
PAY-001678,INV-001678,SO-001678,CUST-035,2025-02-03,1500.84,RTGS,UTR-14932522,Credit Settlement Net 7
PAY-001679,INV-001679,SO-001679,CUST-041,2025-01-24,171360.78,NEFT / Bank Transfer,UTR-14941421,Credit Settlement Net 45
PAY-001680,INV-001680,SO-001680,CUST-041,2025-02-10,79655.66,UPI,UTR-14950320,Credit Settlement Net 45
PAY-001681,INV-001681,SO-001681,CUST-025,2025-02-13,566.4,RTGS,UTR-14959219,Credit Settlement Net 30
PAY-001682,INV-001682,SO-001682,CUST-017,2025-01-30,3404.3,NEFT / Bank Transfer,UTR-14968118,Credit Settlement Net 30
PAY-001683,INV-001683,SO-001683,CUST-045,2025-01-20,1728.7,Cash,Ref-1684683,Settled on Billing
PAY-001684,INV-001684,SO-001684,CUST-044,2025-03-06,16697.0,NEFT / Bank Transfer,UTR-14985916,Credit Settlement Net 7
PAY-001685,INV-001685,SO-001685,CUST-017,2025-02-03,861.4,NEFT / Bank Transfer,UTR-14994815,Credit Settlement Net 30
PAY-001686,INV-001686,SO-001686,CUST-029,2025-03-22,48633.7,UPI,UTR-15003714,Credit Settlement Net 45
PAY-001687,INV-001687,SO-001687,CUST-030,2025-01-21,3304.0,UPI,Ref-1688687,Settled on Billing
PAY-001688,INV-001688,SO-001688,CUST-007,2025-02-19,3109.3,RTGS,UTR-15021512,Credit Settlement Net 30
PAY-001689,INV-001689,SO-001689,CUST-021,2025-01-22,2478.0,Cash,Ref-1690689,Settled on Billing
PAY-001690,INV-001690,SO-001690,CUST-015,2025-02-10,24670.26,UPI,UTR-15039310,Credit Settlement Net 30
PAY-001691,INV-001691,SO-001691,CUST-022,2025-03-24,93574.0,RTGS,UTR-15048209,Credit Settlement Net 30
PAY-001692,INV-001692,SO-001692,CUST-039,2025-02-08,10454.8,RTGS,UTR-15057108,Credit Settlement Net 15
PAY-001693,INV-001693,SO-001693,CUST-046,2025-02-08,460.2,Cheque,UTR-15066007,Credit Settlement Net 30
PAY-001694,INV-001694,SO-001694,CUST-022,2025-01-29,108831.4,Cheque,UTR-15074906,Credit Settlement Net 30
PAY-001695,INV-001695,SO-001695,CUST-004,2025-01-31,20626.4,UPI,UTR-15083805,Credit Settlement Net 45
PAY-001696,INV-001696,SO-001696,CUST-001,2025-02-15,33796.38,UPI,UTR-15092704,Credit Settlement Net 30
PAY-001697,INV-001697,SO-001697,CUST-017,2025-02-08,460.2,NEFT / Bank Transfer,UTR-15101603,Credit Settlement Net 30
PAY-001698,INV-001698,SO-001698,CUST-023,2025-03-27,196213.94,UPI,UTR-15110502,Credit Settlement Net 15
PAY-001699,INV-001699,SO-001699,CUST-029,2025-03-07,11357.5,RTGS,UTR-15119401,Credit Settlement Net 45
PAY-001700,INV-001700,SO-001700,CUST-038,2025-02-12,32550.3,NEFT / Bank Transfer,UTR-15128300,Credit Settlement Net 15
PAY-001701,INV-001701,SO-001701,CUST-029,2025-02-05,240956.0,NEFT / Bank Transfer,UTR-15137199,Credit Settlement Net 45
PAY-001702,INV-001702,SO-001702,CUST-008,2025-02-13,9310.2,Cheque,UTR-15146098,Credit Settlement Net 7
PAY-001703,INV-001703,SO-001703,CUST-010,2025-02-08,1298.0,RTGS,UTR-15154997,Credit Settlement Net 30
PAY-001704,INV-001704,SO-001704,CUST-023,2025-01-31,124554.9,UPI,UTR-15163896,Credit Settlement Net 15
PAY-001705,INV-001705,SO-001705,CUST-017,2025-02-03,2672.7,RTGS,UTR-15172795,Credit Settlement Net 30
PAY-001706,INV-001706,SO-001706,CUST-023,2025-02-22,115185.7,NEFT / Bank Transfer,UTR-15181694,Credit Settlement Net 15
PAY-001707,INV-001707,SO-001707,CUST-031,2025-01-25,413.0,Cash,Ref-1708707,Settled on Billing
PAY-001708,INV-001708,SO-001708,CUST-027,2025-02-24,1062.0,NEFT / Bank Transfer,UTR-15199492,Credit Settlement Net 30
PAY-001709,INV-001709,SO-001709,CUST-011,2025-02-12,176669.6,NEFT / Bank Transfer,UTR-15208391,Credit Settlement Net 45
PAY-001710,INV-001710,SO-001710,CUST-006,2025-01-27,3587.2,UPI,Ref-1711710,Settled on Billing
PAY-001711,INV-001711,SO-001711,CUST-032,2025-03-20,21930.3,RTGS,UTR-15226189,Credit Settlement Net 30
PAY-001712,INV-001712,SO-001712,CUST-026,2025-02-11,2029.6,Cheque,UTR-15235088,Credit Settlement Net 15
PAY-001713,INV-001713,SO-001713,CUST-022,2025-04-04,117315.6,UPI,UTR-15243987,Credit Settlement Net 30
PAY-001714,INV-001714,SO-001714,CUST-002,2025-02-18,215456.2,RTGS,UTR-15252886,Credit Settlement Net 15
PAY-001715,INV-001715,SO-001715,CUST-038,2025-02-11,260166.4,UPI,UTR-15261785,Credit Settlement Net 15
PAY-001716,INV-001716,SO-001716,CUST-030,2025-01-28,4354.2,UPI,Ref-1717716,Settled on Billing
PAY-001717,INV-001717,SO-001717,CUST-038,2025-02-25,225734.0,UPI,UTR-15279583,Credit Settlement Net 15
PAY-001718,INV-001718,SO-001718,CUST-034,2025-02-22,4661.0,UPI,UTR-15288482,Credit Settlement Net 30
PAY-001719,INV-001719,SO-001719,CUST-001,2025-02-21,56976.3,UPI,UTR-15297381,Credit Settlement Net 30
PAY-001720,INV-001720,SO-001720,CUST-046,2025-02-16,542.8,Cheque,UTR-15306280,Credit Settlement Net 30
PAY-001721,INV-001721,SO-001721,CUST-026,2025-02-21,2231.38,RTGS,UTR-15315179,Credit Settlement Net 15
PAY-001722,INV-001722,SO-001722,CUST-016,2025-02-25,1587.1,Cheque,UTR-15324078,Credit Settlement Net 30
PAY-001723,INV-001723,SO-001723,CUST-011,2025-02-15,21316.7,RTGS,UTR-15332977,Credit Settlement Net 45
PAY-001724,INV-001724,SO-001724,CUST-029,2025-02-15,51106.98,UPI,UTR-15341876,Credit Settlement Net 45
PAY-001725,INV-001725,SO-001725,CUST-015,2025-02-24,151705.52,Cheque,UTR-15350775,Credit Settlement Net 30
PAY-001726,INV-001726,SO-001726,CUST-015,2025-02-21,50238.5,RTGS,UTR-15359674,Credit Settlement Net 30
PAY-001727,INV-001727,SO-001727,CUST-035,2025-02-24,5127.1,Cheque,UTR-15368573,Credit Settlement Net 7
PAY-001728,INV-001728,SO-001728,CUST-002,2025-03-22,662487.4,UPI,UTR-15377472,Credit Settlement Net 15
PAY-001729,INV-001729,SO-001729,CUST-006,2025-01-30,3180.1,UPI,Ref-1730729,Settled on Billing
PAY-001730,INV-001730,SO-001730,CUST-034,2025-03-25,206.5,NEFT / Bank Transfer,UTR-15395270,Credit Settlement Net 30
PAY-001731,INV-001731,SO-001731,CUST-045,2025-01-31,4012.0,Cash,Ref-1732731,Settled on Billing
PAY-001732,INV-001732,SO-001732,CUST-015,2025-02-26,45843.0,Cheque,UTR-15413068,Credit Settlement Net 30
PAY-001733,INV-001733,SO-001733,CUST-005,2025-01-31,4200.8,Cash,Ref-1734733,Settled on Billing
PAY-001734,INV-001734,SO-001734,CUST-043,2025-03-01,5935.4,Cheque,UTR-15430866,Credit Settlement Net 30
PAY-001735,INV-001735,SO-001735,CUST-033,2025-01-31,129.8,Credit Card,Ref-1736735,Settled on Billing
PAY-001736,INV-001736,SO-001736,CUST-007,2025-03-21,2006.0,UPI,UTR-15448664,Credit Settlement Net 30
PAY-001737,INV-001737,SO-001737,CUST-008,2025-03-15,8442.9,UPI,UTR-15457563,Credit Settlement Net 7
PAY-001738,INV-001738,SO-001738,CUST-035,2025-03-09,3504.6,UPI,UTR-15466462,Credit Settlement Net 7
PAY-001739,INV-001739,SO-001739,CUST-013,2025-02-23,3776.0,NEFT / Bank Transfer,UTR-15475361,Credit Settlement Net 15
PAY-001740,INV-001740,SO-001740,CUST-039,2025-03-17,20390.4,UPI,UTR-15484260,Credit Settlement Net 15
PAY-001741,INV-001741,SO-001741,CUST-037,2025-02-26,76.7,NEFT / Bank Transfer,UTR-15493159,Credit Settlement Net 30
PAY-001742,INV-001742,SO-001742,CUST-020,2025-02-18,18667.6,Cheque,UTR-15502058,Credit Settlement Net 15
PAY-001743,INV-001743,SO-001743,CUST-003,2025-02-09,3534.1,Cheque,UTR-15510957,Credit Settlement Net 15
PAY-001744,INV-001744,SO-001744,CUST-002,2025-02-25,155992.46,Cheque,UTR-15519856,Credit Settlement Net 15
PAY-001745,INV-001745,SO-001745,CUST-007,2025-02-16,1091.5,NEFT / Bank Transfer,UTR-15528755,Credit Settlement Net 30
PAY-001746,INV-001746,SO-001746,CUST-040,2025-03-20,88.5,RTGS,UTR-15537654,Credit Settlement Net 30
PAY-001747,INV-001747,SO-001747,CUST-032,2025-02-28,164306.74,Cheque,UTR-15546553,Credit Settlement Net 30
PAY-001748,INV-001748,SO-001748,CUST-019,2025-02-15,2773.0,RTGS,UTR-15555452,Credit Settlement Net 30
PAY-001749,INV-001749,SO-001749,CUST-001,2025-02-20,13021.3,Cheque,UTR-15564351,Credit Settlement Net 30
PAY-001750,INV-001750,SO-001750,CUST-040,2025-03-15,4265.7,UPI,UTR-15573250,Credit Settlement Net 30
PAY-001751,INV-001751,SO-001751,CUST-016,2025-04-14,4277.5,UPI,UTR-15582149,Credit Settlement Net 30
PAY-001752,INV-001752,SO-001752,CUST-008,2025-02-15,31346.7,NEFT / Bank Transfer,UTR-15591048,Credit Settlement Net 7
PAY-001753,INV-001753,SO-001753,CUST-040,2025-02-23,1239.0,RTGS,UTR-15599947,Credit Settlement Net 30
PAY-001754,INV-001754,SO-001754,CUST-018,2025-02-04,1003.0,UPI,Ref-1755754,Settled on Billing
PAY-001755,INV-001755,SO-001755,CUST-036,2025-03-25,2331.68,UPI,UTR-15617745,Credit Settlement Net 30
PAY-001756,INV-001756,SO-001756,CUST-043,2025-03-04,1150.5,UPI,UTR-15626644,Credit Settlement Net 30
PAY-001757,INV-001757,SO-001757,CUST-004,2025-02-27,58191.7,RTGS,UTR-15635543,Credit Settlement Net 45
PAY-001758,INV-001758,SO-001758,CUST-005,2025-02-05,424.8,Cash,Ref-1759758,Settled on Billing
PAY-001759,INV-001759,SO-001759,CUST-029,2025-03-08,68248.37,RTGS,UTR-15653341,Credit Settlement Net 45
PAY-001760,INV-001760,SO-001760,CUST-026,2025-03-01,750.48,RTGS,UTR-15662240,Credit Settlement Net 15
PAY-001761,INV-001761,SO-001761,CUST-026,2025-02-28,1746.4,RTGS,UTR-15671139,Credit Settlement Net 15
PAY-001762,INV-001762,SO-001762,CUST-020,2025-02-12,10059.5,NEFT / Bank Transfer,UTR-15680038,Credit Settlement Net 15
PAY-001763,INV-001763,SO-001763,CUST-002,2025-03-02,242846.36,RTGS,UTR-15688937,Credit Settlement Net 15
PAY-001764,INV-001764,SO-001764,CUST-011,2025-02-26,61807.46,UPI,UTR-15697836,Credit Settlement Net 45
PAY-001765,INV-001765,SO-001765,CUST-030,2025-02-07,283.2,UPI,Ref-1766765,Settled on Billing
PAY-001766,INV-001766,SO-001766,CUST-020,2025-03-09,6761.4,UPI,UTR-15715634,Credit Settlement Net 15
PAY-001767,INV-001767,SO-001767,CUST-017,2025-02-21,2242.0,RTGS,UTR-15724533,Credit Settlement Net 30
PAY-001768,INV-001768,SO-001768,CUST-042,2025-03-06,159606.8,RTGS,UTR-15733432,Credit Settlement Net 15
PAY-001769,INV-001769,SO-001769,CUST-026,2025-03-04,14313.4,RTGS,UTR-15742331,Credit Settlement Net 15
PAY-001770,INV-001770,SO-001770,CUST-031,2025-02-07,2419.0,Cash,Ref-1771770,Settled on Billing
PAY-001771,INV-001771,SO-001771,CUST-039,2025-02-12,1148.14,NEFT / Bank Transfer,UTR-15760129,Credit Settlement Net 15
PAY-001772,INV-001772,SO-001772,CUST-028,2025-02-24,103403.4,Cheque,UTR-15769028,Credit Settlement Net 30
PAY-001773,INV-001773,SO-001773,CUST-040,2025-02-16,424.8,UPI,UTR-15777927,Credit Settlement Net 30
PAY-001774,INV-001774,SO-001774,CUST-016,2025-02-25,3256.8,NEFT / Bank Transfer,UTR-15786826,Credit Settlement Net 30
PAY-001775,INV-001775,SO-001775,CUST-006,2025-02-08,4625.6,UPI,Ref-1776775,Settled on Billing
PAY-001776,INV-001776,SO-001776,CUST-010,2025-02-19,76.7,UPI,UTR-15804624,Credit Settlement Net 30
PAY-001777,INV-001777,SO-001777,CUST-010,2025-02-27,413.0,UPI,UTR-15813523,Credit Settlement Net 30
PAY-001778,INV-001778,SO-001778,CUST-038,2025-03-08,197085.96,NEFT / Bank Transfer,UTR-15822422,Credit Settlement Net 15
PAY-001779,INV-001779,SO-001779,CUST-008,2025-03-11,1593.0,UPI,UTR-15831321,Credit Settlement Net 7
PAY-001780,INV-001780,SO-001780,CUST-041,2025-02-25,121165.7,UPI,UTR-15840220,Credit Settlement Net 45
PAY-001781,INV-001781,SO-001781,CUST-026,2025-03-12,8078.28,Cheque,UTR-15849119,Credit Settlement Net 15
PAY-001782,INV-001782,SO-001782,CUST-037,2025-03-15,2773.0,UPI,UTR-15858018,Credit Settlement Net 30
PAY-001783,INV-001783,SO-001783,CUST-001,2025-03-01,58629.48,Cheque,UTR-15866917,Credit Settlement Net 30
PAY-001784,INV-001784,SO-001784,CUST-026,2025-02-24,1864.4,NEFT / Bank Transfer,UTR-15875816,Credit Settlement Net 15
PAY-001785,INV-001785,SO-001785,CUST-044,2025-03-09,10336.8,NEFT / Bank Transfer,UTR-15884715,Credit Settlement Net 7
PAY-001786,INV-001786,SO-001786,CUST-029,2025-03-03,98171.28,UPI,UTR-15893614,Credit Settlement Net 45
PAY-001787,INV-001787,SO-001787,CUST-021,2025-02-11,2891.0,Cash,Ref-1788787,Settled on Billing
PAY-001788,INV-001788,SO-001788,CUST-021,2025-02-12,1062.0,Cash,Ref-1789788,Settled on Billing
PAY-001789,INV-001789,SO-001789,CUST-010,2025-04-20,6136.0,UPI,UTR-15920311,Credit Settlement Net 30
PAY-001790,INV-001790,SO-001790,CUST-036,2025-02-23,25969.44,NEFT / Bank Transfer,UTR-15929210,Credit Settlement Net 30
PAY-001791,INV-001791,SO-001791,CUST-022,2025-02-26,66207.44,RTGS,UTR-15938109,Credit Settlement Net 30
PAY-001792,INV-001792,SO-001792,CUST-008,2025-03-06,4179.56,UPI,UTR-15947008,Credit Settlement Net 7
PAY-001793,INV-001793,SO-001793,CUST-016,2025-03-21,5333.6,NEFT / Bank Transfer,UTR-15955907,Credit Settlement Net 30
PAY-001794,INV-001794,SO-001794,CUST-006,2025-02-13,1239.0,UPI,Ref-1795794,Settled on Billing
PAY-001795,INV-001795,SO-001795,CUST-044,2025-03-14,8832.3,NEFT / Bank Transfer,UTR-15973705,Credit Settlement Net 7
PAY-001796,INV-001796,SO-001796,CUST-033,2025-02-14,283.2,Credit Card,Ref-1797796,Settled on Billing
PAY-001797,INV-001797,SO-001797,CUST-020,2025-03-12,25818.4,UPI,UTR-15991503,Credit Settlement Net 15
PAY-001798,INV-001798,SO-001798,CUST-032,2025-02-26,340018.18,UPI,UTR-16000402,Credit Settlement Net 30
PAY-001799,INV-001799,SO-001799,CUST-037,2025-03-13,696.2,NEFT / Bank Transfer,UTR-16009301,Credit Settlement Net 30
PAY-001800,INV-001800,SO-001800,CUST-028,2025-03-09,82157.5,UPI,UTR-16018200,Credit Settlement Net 30
PAY-001801,INV-001801,SO-001801,CUST-039,2025-03-16,5103.5,RTGS,UTR-16027099,Credit Settlement Net 15
PAY-001802,INV-001802,SO-001802,CUST-036,2025-03-24,130601.93,RTGS,UTR-16035998,Credit Settlement Net 30
PAY-001803,INV-001803,SO-001803,CUST-029,2025-02-27,144965.36,RTGS,UTR-16044897,Credit Settlement Net 45
PAY-001804,INV-001804,SO-001804,CUST-040,2025-03-09,5333.6,RTGS,UTR-16053796,Credit Settlement Net 30
PAY-001805,INV-001805,SO-001805,CUST-031,2025-02-15,9676.0,Cash,Ref-1806805,Settled on Billing
PAY-001806,INV-001806,SO-001806,CUST-007,2025-03-10,4047.4,Cheque,UTR-16071594,Credit Settlement Net 30
PAY-001807,INV-001807,SO-001807,CUST-016,2025-03-14,153.4,NEFT / Bank Transfer,UTR-16080493,Credit Settlement Net 30
PAY-001808,INV-001808,SO-001808,CUST-009,2025-03-12,383584.96,Cheque,UTR-16089392,Credit Settlement Net 30
PAY-001809,INV-001809,SO-001809,CUST-031,2025-02-17,8348.5,Cash,Ref-1810809,Settled on Billing
PAY-001810,INV-001810,SO-001810,CUST-038,2025-03-22,395828.64,RTGS,UTR-16107190,Credit Settlement Net 15
PAY-001811,INV-001811,SO-001811,CUST-031,2025-02-17,944.0,Cash,Ref-1812811,Settled on Billing
PAY-001812,INV-001812,SO-001812,CUST-031,2025-02-18,826.0,Cash,Ref-1813812,Settled on Billing
PAY-001813,INV-001813,SO-001813,CUST-010,2025-04-02,1062.0,Cheque,UTR-16133887,Credit Settlement Net 30
PAY-001814,INV-001814,SO-001814,CUST-021,2025-02-18,1368.8,Cash,Ref-1815814,Settled on Billing
PAY-001815,INV-001815,SO-001815,CUST-028,2025-02-26,82215.32,NEFT / Bank Transfer,UTR-16151685,Credit Settlement Net 30
PAY-001816,INV-001816,SO-001816,CUST-047,2025-03-23,1156.4,NEFT / Bank Transfer,UTR-16160584,Credit Settlement Net 30
PAY-001817,INV-001817,SO-001817,CUST-030,2025-02-19,2684.5,UPI,Ref-1818817,Settled on Billing
PAY-001818,INV-001818,SO-001818,CUST-044,2025-03-20,849.6,UPI,UTR-16178382,Credit Settlement Net 7
PAY-001819,INV-001819,SO-001819,CUST-008,2025-03-05,10000.5,NEFT / Bank Transfer,UTR-16187281,Credit Settlement Net 7
PAY-001820,INV-001820,SO-001820,CUST-015,2025-03-20,24145.63,RTGS,UTR-16196180,Credit Settlement Net 30
PAY-001821,INV-001821,SO-001821,CUST-040,2025-03-10,5817.4,NEFT / Bank Transfer,UTR-16205079,Credit Settlement Net 30
PAY-001822,INV-001822,SO-001822,CUST-033,2025-02-20,4543.0,Credit Card,Ref-1823822,Settled on Billing
PAY-001823,INV-001823,SO-001823,CUST-027,2025-03-21,182.9,RTGS,UTR-16222877,Credit Settlement Net 30
PAY-001824,INV-001824,SO-001824,CUST-036,2025-03-11,82741.6,RTGS,UTR-16231776,Credit Settlement Net 30
PAY-001825,INV-001825,SO-001825,CUST-009,2025-02-25,86276.88,Cheque,UTR-16240675,Credit Settlement Net 30
PAY-001826,INV-001826,SO-001826,CUST-042,2025-02-27,571546.22,UPI,UTR-16249574,Credit Settlement Net 15
PAY-001827,INV-001827,SO-001827,CUST-036,2025-03-23,23754.58,NEFT / Bank Transfer,UTR-16258473,Credit Settlement Net 30
PAY-001828,INV-001828,SO-001828,CUST-004,2025-03-04,211362.78,NEFT / Bank Transfer,UTR-16267372,Credit Settlement Net 45
PAY-001829,INV-001829,SO-001829,CUST-004,2025-03-17,50495.5,Cheque,UTR-16276271,Credit Settlement Net 45
PAY-001830,INV-001830,SO-001830,CUST-040,2025-04-04,129.8,UPI,UTR-16285170,Credit Settlement Net 30
PAY-001831,INV-001831,SO-001831,CUST-039,2025-04-14,12321.56,NEFT / Bank Transfer,UTR-16294069,Credit Settlement Net 15
PAY-001832,INV-001832,SO-001832,CUST-006,2025-02-22,1298.0,UPI,Ref-1833832,Settled on Billing
PAY-001833,INV-001833,SO-001833,CUST-028,2025-03-03,58028.15,RTGS,UTR-16311867,Credit Settlement Net 30
PAY-001834,INV-001834,SO-001834,CUST-040,2025-03-30,194.7,UPI,UTR-16320766,Credit Settlement Net 30
PAY-001835,INV-001835,SO-001835,CUST-037,2025-03-01,1286.2,NEFT / Bank Transfer,UTR-16329665,Credit Settlement Net 30
PAY-001836,INV-001836,SO-001836,CUST-004,2025-02-28,127878.96,Cheque,UTR-16338564,Credit Settlement Net 45
PAY-001837,INV-001837,SO-001837,CUST-013,2025-03-13,2643.2,NEFT / Bank Transfer,UTR-16347463,Credit Settlement Net 15
PAY-001838,INV-001838,SO-001838,CUST-022,2025-03-17,281260.08,RTGS,UTR-16356362,Credit Settlement Net 30
PAY-001839,INV-001839,SO-001839,CUST-040,2025-03-25,76.7,RTGS,UTR-16365261,Credit Settlement Net 30
PAY-001840,INV-001840,SO-001840,CUST-029,2025-03-06,21039.4,Cheque,UTR-16374160,Credit Settlement Net 45
PAY-001841,INV-001841,SO-001841,CUST-002,2025-04-09,135469.9,UPI,UTR-16383059,Credit Settlement Net 15
PAY-001842,INV-001842,SO-001842,CUST-026,2025-03-19,5970.8,NEFT / Bank Transfer,UTR-16391958,Credit Settlement Net 15
PAY-001843,INV-001843,SO-001843,CUST-004,2025-03-23,35246.6,Cheque,UTR-16400857,Credit Settlement Net 45
PAY-001844,INV-001844,SO-001844,CUST-005,2025-02-25,88.5,Cash,Ref-1845844,Settled on Billing
PAY-001845,INV-001845,SO-001845,CUST-032,2025-03-05,61555.88,NEFT / Bank Transfer,UTR-16418655,Credit Settlement Net 30
PAY-001846,INV-001846,SO-001846,CUST-012,2025-02-25,944.0,Credit Card,Ref-1847846,Settled on Billing
PAY-001847,INV-001847,SO-001847,CUST-012,2025-02-26,3492.8,Credit Card,Ref-1848847,Settled on Billing
PAY-001848,INV-001848,SO-001848,CUST-003,2025-03-18,26255.0,UPI,UTR-16445352,Credit Settlement Net 15
PAY-001849,INV-001849,SO-001849,CUST-034,2025-03-25,5133.0,UPI,UTR-16454251,Credit Settlement Net 30
PAY-001850,INV-001850,SO-001850,CUST-047,2025-03-21,531.0,NEFT / Bank Transfer,UTR-16463150,Credit Settlement Net 30
PAY-001851,INV-001851,SO-001851,CUST-001,2025-03-17,112346.62,UPI,UTR-16472049,Credit Settlement Net 30
PAY-001852,INV-001852,SO-001852,CUST-030,2025-02-27,531.0,UPI,Ref-1853852,Settled on Billing
PAY-001853,INV-001853,SO-001853,CUST-029,2025-03-21,4901.72,UPI,UTR-16489847,Credit Settlement Net 45
PAY-001854,INV-001854,SO-001854,CUST-031,2025-02-27,4035.6,Cash,Ref-1855854,Settled on Billing
PAY-001855,INV-001855,SO-001855,CUST-042,2025-03-29,268022.6,NEFT / Bank Transfer,UTR-16507645,Credit Settlement Net 15
PAY-001856,INV-001856,SO-001856,CUST-029,2025-03-16,40651.0,UPI,UTR-16516544,Credit Settlement Net 45
PAY-001857,INV-001857,SO-001857,CUST-004,2025-03-06,10030.0,UPI,UTR-16525443,Credit Settlement Net 45
PAY-001858,INV-001858,SO-001858,CUST-036,2025-05-27,163610.54,Cheque,UTR-16534342,Credit Settlement Net 30
PAY-001859,INV-001859,SO-001859,CUST-025,2025-04-10,5622.7,NEFT / Bank Transfer,UTR-16543241,Credit Settlement Net 30
PAY-001860,INV-001860,SO-001860,CUST-021,2025-02-28,3858.6,Cash,Ref-1861860,Settled on Billing
PAY-001861,INV-001861,SO-001861,CUST-020,2025-03-16,3832.64,Cheque,UTR-16561039,Credit Settlement Net 15
PAY-001862,INV-001862,SO-001862,CUST-005,2025-02-28,1805.4,Cash,Ref-1863862,Settled on Billing
PAY-001863,INV-001863,SO-001863,CUST-010,2025-03-24,1003.0,Cheque,UTR-16578837,Credit Settlement Net 30
PAY-001864,INV-001864,SO-001864,CUST-004,2025-03-22,17003.8,Cheque,UTR-16587736,Credit Settlement Net 45
PAY-001865,INV-001865,SO-001865,CUST-006,2025-03-01,413.0,UPI,Ref-1866865,Settled on Billing
PAY-001866,INV-001866,SO-001866,CUST-043,2025-04-23,5546.0,NEFT / Bank Transfer,UTR-16605534,Credit Settlement Net 30
PAY-001867,INV-001867,SO-001867,CUST-021,2025-03-01,253.7,Cash,Ref-1868867,Settled on Billing
PAY-001868,INV-001868,SO-001868,CUST-033,2025-03-03,3315.8,Credit Card,Ref-1869868,Settled on Billing
PAY-001869,INV-001869,SO-001869,CUST-030,2025-03-03,283.2,UPI,Ref-1870869,Settled on Billing
PAY-001870,INV-001870,SO-001870,CUST-009,2025-04-10,156574.2,NEFT / Bank Transfer,UTR-16641130,Credit Settlement Net 30
PAY-001871,INV-001871,SO-001871,CUST-034,2025-03-13,8684.8,Cheque,UTR-16650029,Credit Settlement Net 30
PAY-001872,INV-001872,SO-001872,CUST-036,2025-03-12,40798.5,NEFT / Bank Transfer,UTR-16658928,Credit Settlement Net 30
PAY-001873,INV-001873,SO-001873,CUST-016,2025-06-05,1421.9,UPI,UTR-16667827,Credit Settlement Net 30
PAY-001874,INV-001874,SO-001874,CUST-046,2025-03-23,2826.1,NEFT / Bank Transfer,UTR-16676726,Credit Settlement Net 30
PAY-001875,INV-001875,SO-001875,CUST-013,2025-04-02,1522.2,NEFT / Bank Transfer,UTR-16685625,Credit Settlement Net 15
PAY-001876,INV-001876,SO-001876,CUST-038,2025-04-04,36479.7,Cheque,UTR-16694524,Credit Settlement Net 15
PAY-001877,INV-001877,SO-001877,CUST-039,2025-04-22,3545.9,RTGS,UTR-16703423,Credit Settlement Net 15
PAY-001878,INV-001878,SO-001878,CUST-023,2025-03-26,71561.1,Cheque,UTR-16712322,Credit Settlement Net 15
PAY-001879,INV-001879,SO-001879,CUST-035,2025-04-22,849.6,UPI,UTR-16721221,Credit Settlement Net 7
PAY-001880,INV-001880,SO-001880,CUST-046,2025-04-18,1132.8,RTGS,UTR-16730120,Credit Settlement Net 30
PAY-001881,INV-001881,SO-001881,CUST-037,2025-04-06,708.0,RTGS,UTR-16739019,Credit Settlement Net 30
PAY-001882,INV-001882,SO-001882,CUST-020,2025-03-25,5398.5,UPI,UTR-16747918,Credit Settlement Net 15
PAY-001883,INV-001883,SO-001883,CUST-034,2025-03-30,6631.6,UPI,UTR-16756817,Credit Settlement Net 30
PAY-001884,INV-001884,SO-001884,CUST-017,2025-04-13,566.4,RTGS,UTR-16765716,Credit Settlement Net 30
PAY-001885,INV-001885,SO-001885,CUST-037,2025-03-24,271.4,Cheque,UTR-16774615,Credit Settlement Net 30
PAY-001886,INV-001886,SO-001886,CUST-010,2025-03-26,389.4,UPI,UTR-16783514,Credit Settlement Net 30
PAY-001887,INV-001887,SO-001887,CUST-004,2025-03-12,152932.25,Cheque,UTR-16792413,Credit Settlement Net 45
PAY-001888,INV-001888,SO-001888,CUST-013,2025-03-19,424.8,RTGS,UTR-16801312,Credit Settlement Net 15
PAY-001889,INV-001889,SO-001889,CUST-039,2025-04-30,31339.62,UPI,UTR-16810211,Credit Settlement Net 15
PAY-001890,INV-001890,SO-001890,CUST-008,2025-03-26,15363.6,Cheque,UTR-16819110,Credit Settlement Net 7
PAY-001891,INV-001891,SO-001891,CUST-011,2025-04-12,126594.88,UPI,UTR-16828009,Credit Settlement Net 45
PAY-001892,INV-001892,SO-001892,CUST-018,2025-03-08,16803.2,UPI,Ref-1893892,Settled on Billing
PAY-001893,INV-001893,SO-001893,CUST-014,2025-03-10,1227.2,Cash,Ref-1894893,Settled on Billing
PAY-001894,INV-001894,SO-001894,CUST-037,2025-05-02,1374.7,Cheque,UTR-16854706,Credit Settlement Net 30
PAY-001895,INV-001895,SO-001895,CUST-047,2025-03-25,389.4,NEFT / Bank Transfer,UTR-16863605,Credit Settlement Net 30
PAY-001896,INV-001896,SO-001896,CUST-027,2025-03-19,206.5,Cheque,UTR-16872504,Credit Settlement Net 30
PAY-001897,INV-001897,SO-001897,CUST-037,2025-03-31,19057.0,Cheque,UTR-16881403,Credit Settlement Net 30
PAY-001898,INV-001898,SO-001898,CUST-047,2025-03-26,22207.6,RTGS,UTR-16890302,Credit Settlement Net 30
PAY-001899,INV-001899,SO-001899,CUST-022,2025-03-26,13434.3,UPI,UTR-16899201,Credit Settlement Net 30
PAY-001900,INV-001900,SO-001900,CUST-043,2025-03-26,1770.0,NEFT / Bank Transfer,UTR-16908100,Credit Settlement Net 30
PAY-001901,INV-001901,SO-001901,CUST-033,2025-03-11,849.6,Credit Card,Ref-1902901,Settled on Billing
PAY-001902,INV-001902,SO-001902,CUST-046,2025-04-08,194.7,RTGS,UTR-16925898,Credit Settlement Net 30
PAY-001903,INV-001903,SO-001903,CUST-027,2025-04-08,873.2,UPI,UTR-16934797,Credit Settlement Net 30
PAY-001904,INV-001904,SO-001904,CUST-018,2025-03-11,194.7,UPI,Ref-1905904,Settled on Billing
PAY-001905,INV-001905,SO-001905,CUST-038,2025-03-18,329957.5,Cheque,UTR-16952595,Credit Settlement Net 15
PAY-001906,INV-001906,SO-001906,CUST-011,2025-03-29,87632.7,RTGS,UTR-16961494,Credit Settlement Net 45
PAY-001907,INV-001907,SO-001907,CUST-009,2025-04-02,288227.98,Cheque,UTR-16970393,Credit Settlement Net 30
PAY-001908,INV-001908,SO-001908,CUST-009,2025-03-24,233660.06,NEFT / Bank Transfer,UTR-16979292,Credit Settlement Net 30
PAY-001909,INV-001909,SO-001909,CUST-015,2025-04-18,57985.2,Cheque,UTR-16988191,Credit Settlement Net 30
PAY-001910,INV-001910,SO-001910,CUST-041,2025-04-26,179429.62,NEFT / Bank Transfer,UTR-16997090,Credit Settlement Net 45
PAY-001911,INV-001911,SO-001911,CUST-019,2025-04-04,21830.0,Cheque,UTR-17005989,Credit Settlement Net 30
PAY-001912,INV-001912,SO-001912,CUST-002,2025-03-29,245473.04,Cheque,UTR-17014888,Credit Settlement Net 15
PAY-001913,INV-001913,SO-001913,CUST-002,2025-06-08,321915.8,UPI,UTR-17023787,Credit Settlement Net 15
PAY-001914,INV-001914,SO-001914,CUST-003,2025-03-21,15131.14,Cheque,UTR-17032686,Credit Settlement Net 15
PAY-001915,INV-001915,SO-001915,CUST-012,2025-03-13,814.2,Credit Card,Ref-1916915,Settled on Billing
PAY-001916,INV-001916,SO-001916,CUST-044,2025-04-14,34904.4,RTGS,UTR-17050484,Credit Settlement Net 7
PAY-001917,INV-001917,SO-001917,CUST-028,2025-04-02,165701.5,UPI,UTR-17059383,Credit Settlement Net 30
PAY-001918,INV-001918,SO-001918,CUST-015,2025-03-31,10118.5,UPI,UTR-17068282,Credit Settlement Net 30
PAY-001919,INV-001919,SO-001919,CUST-039,2025-04-02,2817.84,RTGS,UTR-17077181,Credit Settlement Net 15
PAY-001920,INV-001920,SO-001920,CUST-037,2025-03-24,6419.2,Cheque,UTR-17086080,Credit Settlement Net 30
PAY-001921,INV-001921,SO-001921,CUST-027,2025-05-07,2778.9,RTGS,UTR-17094979,Credit Settlement Net 30
PAY-001922,INV-001922,SO-001922,CUST-014,2025-03-15,3888.1,Cash,Ref-1923922,Settled on Billing
PAY-001923,INV-001923,SO-001923,CUST-037,2025-04-08,2230.2,UPI,UTR-17112777,Credit Settlement Net 30
PAY-001924,INV-001924,SO-001924,CUST-034,2025-03-20,2253.8,UPI,UTR-17121676,Credit Settlement Net 30
PAY-001925,INV-001925,SO-001925,CUST-003,2025-04-11,22750.4,NEFT / Bank Transfer,UTR-17130575,Credit Settlement Net 15
PAY-001926,INV-001926,SO-001926,CUST-025,2025-05-01,2596.0,RTGS,UTR-17139474,Credit Settlement Net 30
PAY-001927,INV-001927,SO-001927,CUST-016,2025-03-31,4165.4,RTGS,UTR-17148373,Credit Settlement Net 30
PAY-001928,INV-001928,SO-001928,CUST-015,2025-04-11,45235.3,RTGS,UTR-17157272,Credit Settlement Net 30
PAY-001929,INV-001929,SO-001929,CUST-019,2025-04-29,336.3,NEFT / Bank Transfer,UTR-17166171,Credit Settlement Net 30
PAY-001930,INV-001930,SO-001930,CUST-003,2025-03-24,35619.48,NEFT / Bank Transfer,UTR-17175070,Credit Settlement Net 15
PAY-001931,INV-001931,SO-001931,CUST-040,2025-04-05,2006.0,NEFT / Bank Transfer,UTR-17183969,Credit Settlement Net 30
PAY-001932,INV-001932,SO-001932,CUST-009,2025-04-04,84513.96,UPI,UTR-17192868,Credit Settlement Net 30
PAY-001933,INV-001933,SO-001933,CUST-036,2025-04-15,15906.4,NEFT / Bank Transfer,UTR-17201767,Credit Settlement Net 30
PAY-001934,INV-001934,SO-001934,CUST-028,2025-04-09,110436.2,NEFT / Bank Transfer,UTR-17210666,Credit Settlement Net 30
PAY-001935,INV-001935,SO-001935,CUST-038,2025-03-30,214951.16,UPI,UTR-17219565,Credit Settlement Net 15
PAY-001936,INV-001936,SO-001936,CUST-004,2025-03-30,17281.1,RTGS,UTR-17228464,Credit Settlement Net 45
PAY-001937,INV-001937,SO-001937,CUST-035,2025-04-27,11257.2,RTGS,UTR-17237363,Credit Settlement Net 7
PAY-001938,INV-001938,SO-001938,CUST-023,2025-05-01,171732.48,NEFT / Bank Transfer,UTR-17246262,Credit Settlement Net 15
PAY-001939,INV-001939,SO-001939,CUST-010,2025-04-17,3758.3,Cheque,UTR-17255161,Credit Settlement Net 30
PAY-001940,INV-001940,SO-001940,CUST-026,2025-04-12,16472.8,RTGS,UTR-17264060,Credit Settlement Net 15
PAY-001941,INV-001941,SO-001941,CUST-008,2025-04-17,7605.1,NEFT / Bank Transfer,UTR-17272959,Credit Settlement Net 7
PAY-001942,INV-001942,SO-001942,CUST-025,2025-06-11,849.6,Cheque,UTR-17281858,Credit Settlement Net 30
PAY-001943,INV-001943,SO-001943,CUST-018,2025-03-21,1003.0,UPI,Ref-1944943,Settled on Billing
PAY-001944,INV-001944,SO-001944,CUST-048,2025-03-21,348.1,UPI,Ref-1945944,Settled on Billing
PAY-001945,INV-001945,SO-001945,CUST-040,2025-05-01,1056.1,Cheque,UTR-17308555,Credit Settlement Net 30
PAY-001946,INV-001946,SO-001946,CUST-008,2025-03-29,3738.24,NEFT / Bank Transfer,UTR-17317454,Credit Settlement Net 7
PAY-001947,INV-001947,SO-001947,CUST-048,2025-03-22,283.2,UPI,Ref-1948947,Settled on Billing
PAY-001948,INV-001948,SO-001948,CUST-005,2025-03-22,460.2,Cash,Ref-1949948,Settled on Billing
PAY-001949,INV-001949,SO-001949,CUST-013,2025-04-10,14991.9,Cheque,UTR-17344151,Credit Settlement Net 15
PAY-001950,INV-001950,SO-001950,CUST-032,2025-04-17,255486.52,RTGS,UTR-17353050,Credit Settlement Net 30
PAY-001951,INV-001951,SO-001951,CUST-023,2025-04-16,48127.95,RTGS,UTR-17361949,Credit Settlement Net 15
PAY-001952,INV-001952,SO-001952,CUST-035,2025-03-31,4315.26,Cheque,UTR-17370848,Credit Settlement Net 7
PAY-001953,INV-001953,SO-001953,CUST-025,2025-05-15,7127.2,NEFT / Bank Transfer,UTR-17379747,Credit Settlement Net 30
PAY-001954,INV-001954,SO-001954,CUST-017,2025-04-26,177.0,Cheque,UTR-17388646,Credit Settlement Net 30
PAY-001955,INV-001955,SO-001955,CUST-023,2025-04-03,109851.86,NEFT / Bank Transfer,UTR-17397545,Credit Settlement Net 15
PAY-001956,INV-001956,SO-001956,CUST-003,2025-04-04,7490.64,UPI,UTR-17406444,Credit Settlement Net 15
PAY-001957,INV-001957,SO-001957,CUST-004,2025-04-05,101621.6,Cheque,UTR-17415343,Credit Settlement Net 45
PAY-001958,INV-001958,SO-001958,CUST-039,2025-04-15,3239.1,UPI,UTR-17424242,Credit Settlement Net 15
PAY-001959,INV-001959,SO-001959,CUST-031,2025-03-25,2938.2,Cash,Ref-1960959,Settled on Billing
PAY-001960,INV-001960,SO-001960,CUST-001,2025-04-18,82139.8,Cheque,UTR-17442040,Credit Settlement Net 30
PAY-001961,INV-001961,SO-001961,CUST-013,2025-04-11,14655.6,UPI,UTR-17450939,Credit Settlement Net 15
PAY-001962,INV-001962,SO-001962,CUST-026,2025-04-16,1292.1,RTGS,UTR-17459838,Credit Settlement Net 15
PAY-001963,INV-001963,SO-001963,CUST-008,2025-04-13,2879.2,NEFT / Bank Transfer,UTR-17468737,Credit Settlement Net 7
PAY-001964,INV-001964,SO-001964,CUST-046,2025-05-15,4401.4,RTGS,UTR-17477636,Credit Settlement Net 30
PAY-001965,INV-001965,SO-001965,CUST-040,2025-04-17,849.6,RTGS,UTR-17486535,Credit Settlement Net 30
PAY-001966,INV-001966,SO-001966,CUST-037,2025-05-22,9982.8,NEFT / Bank Transfer,UTR-17495434,Credit Settlement Net 30
PAY-001967,INV-001967,SO-001967,CUST-015,2025-04-08,64632.85,NEFT / Bank Transfer,UTR-17504333,Credit Settlement Net 30
PAY-001968,INV-001968,SO-001968,CUST-034,2025-04-05,7327.8,RTGS,UTR-17513232,Credit Settlement Net 30
PAY-001969,INV-001969,SO-001969,CUST-017,2025-04-12,14832.6,UPI,UTR-17522131,Credit Settlement Net 30
PAY-001970,INV-001970,SO-001970,CUST-037,2025-04-24,1333.4,UPI,UTR-17531030,Credit Settlement Net 30
PAY-001971,INV-001971,SO-001971,CUST-033,2025-03-29,365.8,Credit Card,Ref-1972971,Settled on Billing
PAY-001972,INV-001972,SO-001972,CUST-042,2025-04-16,279618.7,UPI,UTR-17548828,Credit Settlement Net 15
PAY-001973,INV-001973,SO-001973,CUST-005,2025-03-31,389.4,Cash,Ref-1974973,Settled on Billing
PAY-001974,INV-001974,SO-001974,CUST-023,2025-05-25,97541.16,RTGS,UTR-17566626,Credit Settlement Net 15
PAY-001975,INV-001975,SO-001975,CUST-042,2025-05-21,301655.91,NEFT / Bank Transfer,UTR-17575525,Credit Settlement Net 15
PAY-001976,INV-001976,SO-001976,CUST-016,2025-05-22,1510.4,Cheque,UTR-17584424,Credit Settlement Net 30
PAY-001977,INV-001977,SO-001977,CUST-017,2025-05-25,1386.5,Cheque,UTR-17593323,Credit Settlement Net 30
PAY-001978,INV-001978,SO-001978,CUST-013,2025-05-20,17576.1,NEFT / Bank Transfer,UTR-17602222,Credit Settlement Net 15
PAY-001979,INV-001979,SO-001979,CUST-006,2025-04-01,513.3,UPI,Ref-1980979,Settled on Billing
PAY-001980,INV-001980,SO-001980,CUST-021,2025-04-01,259.6,Cash,Ref-1981980,Settled on Billing
PAY-001981,INV-001981,SO-001981,CUST-034,2025-05-11,53.1,UPI,UTR-17628919,Credit Settlement Net 30
PAY-001982,INV-001982,SO-001982,CUST-048,2025-04-01,1298.0,UPI,Ref-1983982,Settled on Billing
PAY-001983,INV-001983,SO-001983,CUST-013,2025-04-15,9829.4,Cheque,UTR-17646717,Credit Settlement Net 15
PAY-001984,INV-001984,SO-001984,CUST-002,2025-04-22,153945.16,NEFT / Bank Transfer,UTR-17655616,Credit Settlement Net 15
PAY-001985,INV-001985,SO-001985,CUST-030,2025-04-02,1274.4,UPI,Ref-1986985,Settled on Billing
PAY-001986,INV-001986,SO-001986,CUST-031,2025-04-02,283.2,Cash,Ref-1987986,Settled on Billing
PAY-001987,INV-001987,SO-001987,CUST-039,2025-05-18,6377.9,NEFT / Bank Transfer,UTR-17682313,Credit Settlement Net 15
PAY-001988,INV-001988,SO-001988,CUST-033,2025-04-03,4637.4,Credit Card,Ref-1989988,Settled on Billing
PAY-001989,INV-001989,SO-001989,CUST-005,2025-04-03,1274.4,Cash,Ref-1990989,Settled on Billing
PAY-001990,INV-001990,SO-001990,CUST-002,2025-04-29,196946.01,Cheque,UTR-17709010,Credit Settlement Net 15
PAY-001991,INV-001991,SO-001991,CUST-022,2025-04-18,77441.04,UPI,UTR-17717909,Credit Settlement Net 30
PAY-001992,INV-001992,SO-001992,CUST-048,2025-04-03,6690.6,UPI,Ref-1993992,Settled on Billing
PAY-001993,INV-001993,SO-001993,CUST-021,2025-04-03,1463.2,Cash,Ref-1994993,Settled on Billing
PAY-001994,INV-001994,SO-001994,CUST-028,2025-05-12,419416.84,RTGS,UTR-17744606,Credit Settlement Net 30
PAY-001995,INV-001995,SO-001995,CUST-016,2025-04-27,53.1,Cheque,UTR-17753505,Credit Settlement Net 30
PAY-001996,INV-001996,SO-001996,CUST-010,2025-04-23,11115.6,NEFT / Bank Transfer,UTR-17762404,Credit Settlement Net 30
PAY-001997,INV-001997,SO-001997,CUST-004,2025-04-30,113553.76,UPI,UTR-17771303,Credit Settlement Net 45
PAY-001998,INV-001998,SO-001998,CUST-046,2025-04-25,5758.4,UPI,UTR-17780202,Credit Settlement Net 30
PAY-001999,INV-001999,SO-001999,CUST-009,2025-04-15,877449.18,UPI,UTR-17789101,Credit Settlement Net 30
PAY-002000,INV-002000,SO-002000,CUST-040,2025-05-27,23788.8,RTGS,UTR-17798000,Credit Settlement Net 30
PAY-002001,INV-002001,SO-002001,CUST-033,2025-04-05,10053.6,Credit Card,Ref-2003001,Settled on Billing
PAY-002002,INV-002002,SO-002002,CUST-022,2025-04-19,59719.8,Cheque,UTR-17815798,Credit Settlement Net 30
PAY-002003,INV-002003,SO-002003,CUST-031,2025-04-07,873.2,Cash,Ref-2005003,Settled on Billing
PAY-002004,INV-002004,SO-002004,CUST-039,2025-05-02,5254.54,UPI,UTR-17833596,Credit Settlement Net 15
PAY-002005,INV-002005,SO-002005,CUST-022,2025-04-26,153788.22,Cheque,UTR-17842495,Credit Settlement Net 30
PAY-002006,INV-002006,SO-002006,CUST-018,2025-04-08,849.6,UPI,Ref-2008006,Settled on Billing
PAY-002007,INV-002007,SO-002007,CUST-019,2025-04-22,4643.3,UPI,UTR-17860293,Credit Settlement Net 30
PAY-002008,INV-002008,SO-002008,CUST-043,2025-04-20,1003.0,RTGS,UTR-17869192,Credit Settlement Net 30
PAY-002009,INV-002009,SO-002009,CUST-046,2025-05-20,3663.9,Cheque,UTR-17878091,Credit Settlement Net 30
PAY-002010,INV-002010,SO-002010,CUST-044,2025-04-26,2017.8,NEFT / Bank Transfer,UTR-17886990,Credit Settlement Net 7
PAY-002011,INV-002011,SO-002011,CUST-019,2025-04-17,259.6,Cheque,UTR-17895889,Credit Settlement Net 30
PAY-002012,INV-002012,SO-002012,CUST-043,2025-04-22,3634.4,UPI,UTR-17904788,Credit Settlement Net 30
PAY-002013,INV-002013,SO-002013,CUST-018,2025-04-09,177.0,UPI,Ref-2015013,Settled on Billing
PAY-002014,INV-002014,SO-002014,CUST-045,2025-04-09,330.4,Cash,Ref-2016014,Settled on Billing
PAY-002015,INV-002015,SO-002015,CUST-026,2025-04-29,3001.92,UPI,UTR-17931485,Credit Settlement Net 15
PAY-002016,INV-002016,SO-002016,CUST-029,2025-06-24,147211.14,Cheque,UTR-17940384,Credit Settlement Net 45
PAY-002017,INV-002017,SO-002017,CUST-021,2025-04-09,1427.8,Cash,Ref-2019017,Settled on Billing
PAY-002018,INV-002018,SO-002018,CUST-001,2025-04-29,263694.6,Cheque,UTR-17958182,Credit Settlement Net 30
PAY-002019,INV-002019,SO-002019,CUST-046,2025-05-05,10395.8,Cheque,UTR-17967081,Credit Settlement Net 30
PAY-002020,INV-002020,SO-002020,CUST-017,2025-04-21,5310.0,RTGS,UTR-17975980,Credit Settlement Net 30
PAY-002021,INV-002021,SO-002021,CUST-048,2025-04-10,1274.4,UPI,Ref-2023021,Settled on Billing
PAY-002022,INV-002022,SO-002022,CUST-028,2025-04-20,49508.08,NEFT / Bank Transfer,UTR-17993778,Credit Settlement Net 30
PAY-002023,INV-002023,SO-002023,CUST-006,2025-04-10,3138.8,UPI,Ref-2025023,Settled on Billing
PAY-002024,INV-002024,SO-002024,CUST-009,2025-05-08,91885.42,RTGS,UTR-18011576,Credit Settlement Net 30
PAY-002025,INV-002025,SO-002025,CUST-012,2025-04-11,1008.9,Credit Card,Ref-2027025,Settled on Billing
PAY-002026,INV-002026,SO-002026,CUST-032,2025-04-23,101775.0,RTGS,UTR-18029374,Credit Settlement Net 30
PAY-002027,INV-002027,SO-002027,CUST-027,2025-04-18,3433.8,RTGS,UTR-18038273,Credit Settlement Net 30
PAY-002028,INV-002028,SO-002028,CUST-033,2025-04-11,129.8,Credit Card,Ref-2030028,Settled on Billing
PAY-002029,INV-002029,SO-002029,CUST-008,2025-05-30,2023.7,Cheque,UTR-18056071,Credit Settlement Net 7
PAY-002030,INV-002030,SO-002030,CUST-008,2025-05-02,8891.3,UPI,UTR-18064970,Credit Settlement Net 7
PAY-002031,INV-002031,SO-002031,CUST-026,2025-05-08,10407.6,RTGS,UTR-18073869,Credit Settlement Net 15
PAY-002032,INV-002032,SO-002032,CUST-022,2025-07-03,15522.9,UPI,UTR-18082768,Credit Settlement Net 30
PAY-002033,INV-002033,SO-002033,CUST-005,2025-04-12,330.4,Cash,Ref-2035033,Settled on Billing
PAY-002034,INV-002034,SO-002034,CUST-030,2025-04-12,1899.8,UPI,Ref-2036034,Settled on Billing
PAY-002035,INV-002035,SO-002035,CUST-015,2025-04-28,78767.12,RTGS,UTR-18109465,Credit Settlement Net 30
PAY-002036,INV-002036,SO-002036,CUST-021,2025-04-14,11546.3,Cash,Ref-2038036,Settled on Billing
PAY-002037,INV-002037,SO-002037,CUST-026,2025-04-23,10448.9,RTGS,UTR-18127263,Credit Settlement Net 15
PAY-002038,INV-002038,SO-002038,CUST-017,2025-06-30,35.4,NEFT / Bank Transfer,UTR-18136162,Credit Settlement Net 30
PAY-002039,INV-002039,SO-002039,CUST-014,2025-04-15,2560.6,Cash,Ref-2041039,Settled on Billing
PAY-002040,INV-002040,SO-002040,CUST-030,2025-04-15,7504.8,UPI,Ref-2042040,Settled on Billing
PAY-002041,INV-002041,SO-002041,CUST-048,2025-04-15,1298.0,UPI,Ref-2043041,Settled on Billing
PAY-002042,INV-002042,SO-002042,CUST-004,2025-04-27,101867.04,RTGS,UTR-18171758,Credit Settlement Net 45
PAY-002043,INV-002043,SO-002043,CUST-035,2025-04-27,8277.7,NEFT / Bank Transfer,UTR-18180657,Credit Settlement Net 7
PAY-002044,INV-002044,SO-002044,CUST-033,2025-04-16,283.2,Credit Card,Ref-2046044,Settled on Billing
PAY-002045,INV-002045,SO-002045,CUST-001,2025-07-18,184373.35,UPI,UTR-18198455,Credit Settlement Net 30
PAY-002046,INV-002046,SO-002046,CUST-043,2025-05-30,3593.1,UPI,UTR-18207354,Credit Settlement Net 30
PAY-002047,INV-002047,SO-002047,CUST-021,2025-04-16,11451.9,Cash,Ref-2049047,Settled on Billing
PAY-002048,INV-002048,SO-002048,CUST-023,2025-05-28,393111.1,NEFT / Bank Transfer,UTR-18225152,Credit Settlement Net 15
PAY-002049,INV-002049,SO-002049,CUST-041,2025-06-06,165773.48,Cheque,UTR-18234051,Credit Settlement Net 45
PAY-002050,INV-002050,SO-002050,CUST-038,2025-05-01,464380.03,NEFT / Bank Transfer,UTR-18242950,Credit Settlement Net 15
PAY-002051,INV-002051,SO-002051,CUST-038,2025-06-03,321862.7,Cheque,UTR-18251849,Credit Settlement Net 15
PAY-002052,INV-002052,SO-002052,CUST-022,2025-05-17,11658.4,UPI,UTR-18260748,Credit Settlement Net 30
PAY-002053,INV-002053,SO-002053,CUST-048,2025-04-17,336.3,UPI,Ref-2055053,Settled on Billing
PAY-002054,INV-002054,SO-002054,CUST-009,2025-05-17,119830.18,UPI,UTR-18278546,Credit Settlement Net 30
PAY-002055,INV-002055,SO-002055,CUST-005,2025-04-18,3663.9,Cash,Ref-2057055,Settled on Billing
PAY-002056,INV-002056,SO-002056,CUST-014,2025-04-18,1711.0,Cash,Ref-2058056,Settled on Billing
PAY-002057,INV-002057,SO-002057,CUST-003,2025-05-14,5015.0,RTGS,UTR-18305243,Credit Settlement Net 15
PAY-002058,INV-002058,SO-002058,CUST-012,2025-04-18,10419.4,Credit Card,Ref-2060058,Settled on Billing
PAY-002059,INV-002059,SO-002059,CUST-035,2025-04-28,10063.04,RTGS,UTR-18323041,Credit Settlement Net 7
PAY-002060,INV-002060,SO-002060,CUST-032,2025-05-26,218459.3,UPI,UTR-18331940,Credit Settlement Net 30
PAY-002061,INV-002061,SO-002061,CUST-041,2025-06-23,7092.98,RTGS,UTR-18340839,Credit Settlement Net 45
PAY-002062,INV-002062,SO-002062,CUST-022,2025-04-26,13804.82,UPI,UTR-18349738,Credit Settlement Net 30
PAY-002063,INV-002063,SO-002063,CUST-025,2025-04-24,3345.3,NEFT / Bank Transfer,UTR-18358637,Credit Settlement Net 30
PAY-002064,INV-002064,SO-002064,CUST-023,2025-05-07,258936.84,RTGS,UTR-18367536,Credit Settlement Net 15
PAY-002065,INV-002065,SO-002065,CUST-025,2025-05-10,5593.2,UPI,UTR-18376435,Credit Settlement Net 30
PAY-002066,INV-002066,SO-002066,CUST-022,2025-05-07,94364.6,Cheque,UTR-18385334,Credit Settlement Net 30
PAY-002067,INV-002067,SO-002067,CUST-007,2025-05-09,15705.8,RTGS,UTR-18394233,Credit Settlement Net 30
PAY-002068,INV-002068,SO-002068,CUST-038,2025-05-09,62071.54,NEFT / Bank Transfer,UTR-18403132,Credit Settlement Net 15
PAY-002069,INV-002069,SO-002069,CUST-028,2025-04-30,525386.5,UPI,UTR-18412031,Credit Settlement Net 30
PAY-002070,INV-002070,SO-002070,CUST-018,2025-04-22,4938.3,UPI,Ref-2072070,Settled on Billing
PAY-002071,INV-002071,SO-002071,CUST-007,2025-05-13,259.6,RTGS,UTR-18429829,Credit Settlement Net 30
PAY-002072,INV-002072,SO-002072,CUST-010,2025-05-07,7906.0,Cheque,UTR-18438728,Credit Settlement Net 30
PAY-002073,INV-002073,SO-002073,CUST-031,2025-04-22,14744.1,Cash,Ref-2075073,Settled on Billing
PAY-002074,INV-002074,SO-002074,CUST-032,2025-05-17,107960.56,NEFT / Bank Transfer,UTR-18456526,Credit Settlement Net 30
PAY-002075,INV-002075,SO-002075,CUST-039,2025-05-14,7383.26,RTGS,UTR-18465425,Credit Settlement Net 15
PAY-002076,INV-002076,SO-002076,CUST-015,2025-06-08,276072.8,Cheque,UTR-18474324,Credit Settlement Net 30
PAY-002077,INV-002077,SO-002077,CUST-030,2025-04-23,9858.9,UPI,Ref-2079077,Settled on Billing
PAY-002078,INV-002078,SO-002078,CUST-006,2025-04-23,1852.6,UPI,Ref-2080078,Settled on Billing
PAY-002079,INV-002079,SO-002079,CUST-046,2025-06-08,7616.9,UPI,UTR-18501021,Credit Settlement Net 30
PAY-002080,INV-002080,SO-002080,CUST-023,2025-06-10,156612.2,Cheque,UTR-18509920,Credit Settlement Net 15
PAY-002081,INV-002081,SO-002081,CUST-021,2025-04-24,10720.3,Cash,Ref-2083081,Settled on Billing
PAY-002082,INV-002082,SO-002082,CUST-023,2025-06-06,128183.4,NEFT / Bank Transfer,UTR-18527718,Credit Settlement Net 15
PAY-002083,INV-002083,SO-002083,CUST-032,2025-05-15,50255.02,NEFT / Bank Transfer,UTR-18536617,Credit Settlement Net 30
PAY-002084,INV-002084,SO-002084,CUST-042,2025-05-05,377115.26,NEFT / Bank Transfer,UTR-18545516,Credit Settlement Net 15
PAY-002085,INV-002085,SO-002085,CUST-014,2025-04-24,283.2,Cash,Ref-2087085,Settled on Billing
PAY-002086,INV-002086,SO-002086,CUST-016,2025-05-17,230.1,NEFT / Bank Transfer,UTR-18563314,Credit Settlement Net 30
PAY-002087,INV-002087,SO-002087,CUST-002,2025-05-07,145329.74,NEFT / Bank Transfer,UTR-18572213,Credit Settlement Net 15
PAY-002088,INV-002088,SO-002088,CUST-009,2025-06-15,134046.82,Cheque,UTR-18581112,Credit Settlement Net 30
PAY-002089,INV-002089,SO-002089,CUST-014,2025-04-25,4194.9,Cash,Ref-2091089,Settled on Billing
PAY-002090,INV-002090,SO-002090,CUST-003,2025-05-29,1125.72,RTGS,UTR-18598910,Credit Settlement Net 15
PAY-002091,INV-002091,SO-002091,CUST-048,2025-04-25,4725.9,UPI,Ref-2093091,Settled on Billing
PAY-002092,INV-002092,SO-002092,CUST-010,2025-05-12,16484.6,UPI,UTR-18616708,Credit Settlement Net 30
PAY-002093,INV-002093,SO-002093,CUST-005,2025-04-25,389.4,Cash,Ref-2095093,Settled on Billing
PAY-002094,INV-002094,SO-002094,CUST-009,2025-05-08,47498.54,RTGS,UTR-18634506,Credit Settlement Net 30
PAY-002095,INV-002095,SO-002095,CUST-048,2025-04-25,4897.0,UPI,Ref-2097095,Settled on Billing
PAY-002096,INV-002096,SO-002096,CUST-035,2025-06-15,5811.5,UPI,UTR-18652304,Credit Settlement Net 7
PAY-002097,INV-002097,SO-002097,CUST-007,2025-05-19,6136.0,UPI,UTR-18661203,Credit Settlement Net 30
PAY-002098,INV-002098,SO-002098,CUST-027,2025-05-08,389.4,RTGS,UTR-18670102,Credit Settlement Net 30
PAY-002099,INV-002099,SO-002099,CUST-036,2025-05-24,15519.12,UPI,UTR-18679001,Credit Settlement Net 30
PAY-002100,INV-002100,SO-002100,CUST-038,2025-05-26,258378.7,RTGS,UTR-18687900,Credit Settlement Net 15
PAY-002101,INV-002101,SO-002101,CUST-045,2025-04-26,10832.4,Cash,Ref-2103101,Settled on Billing
PAY-002102,INV-002102,SO-002102,CUST-018,2025-04-26,177.0,UPI,Ref-2104102,Settled on Billing
PAY-002103,INV-002103,SO-002103,CUST-027,2025-05-07,359.9,RTGS,UTR-18714597,Credit Settlement Net 30
PAY-002104,INV-002104,SO-002104,CUST-001,2025-05-25,14036.1,UPI,UTR-18723496,Credit Settlement Net 30
PAY-002105,INV-002105,SO-002105,CUST-044,2025-06-12,1215.4,UPI,UTR-18732395,Credit Settlement Net 7
PAY-002106,INV-002106,SO-002106,CUST-011,2025-06-02,41508.86,UPI,UTR-18741294,Credit Settlement Net 45
PAY-002107,INV-002107,SO-002107,CUST-039,2025-05-20,731.6,RTGS,UTR-18750193,Credit Settlement Net 15
PAY-002108,INV-002108,SO-002108,CUST-044,2025-06-01,6662.28,NEFT / Bank Transfer,UTR-18759092,Credit Settlement Net 7
PAY-002109,INV-002109,SO-002109,CUST-038,2025-06-19,314918.4,Cheque,UTR-18767991,Credit Settlement Net 15
PAY-002110,INV-002110,SO-002110,CUST-043,2025-06-02,3345.3,RTGS,UTR-18776890,Credit Settlement Net 30
PAY-002111,INV-002111,SO-002111,CUST-022,2025-05-04,127815.24,Cheque,UTR-18785789,Credit Settlement Net 30
PAY-002112,INV-002112,SO-002112,CUST-038,2025-05-09,381545.92,UPI,UTR-18794688,Credit Settlement Net 15
PAY-002113,INV-002113,SO-002113,CUST-017,2025-05-22,8018.1,RTGS,UTR-18803587,Credit Settlement Net 30
PAY-002114,INV-002114,SO-002114,CUST-016,2025-05-15,10991.7,UPI,UTR-18812486,Credit Settlement Net 30
PAY-002115,INV-002115,SO-002115,CUST-028,2025-05-10,559669.28,RTGS,UTR-18821385,Credit Settlement Net 30
PAY-002116,INV-002116,SO-002116,CUST-043,2025-06-24,566.4,NEFT / Bank Transfer,UTR-18830284,Credit Settlement Net 30
PAY-002117,INV-002117,SO-002117,CUST-044,2025-05-23,7021.0,RTGS,UTR-18839183,Credit Settlement Net 7
PAY-002118,INV-002118,SO-002118,CUST-020,2025-05-18,32267.1,UPI,UTR-18848082,Credit Settlement Net 15
PAY-002119,INV-002119,SO-002119,CUST-014,2025-05-01,814.2,Cash,Ref-2121119,Settled on Billing
PAY-002120,INV-002120,SO-002120,CUST-018,2025-05-01,11894.4,UPI,Ref-2122120,Settled on Billing
PAY-002121,INV-002121,SO-002121,CUST-007,2025-05-09,660.8,Cheque,UTR-18874779,Credit Settlement Net 30
PAY-002122,INV-002122,SO-002122,CUST-039,2025-05-20,2666.8,UPI,UTR-18883678,Credit Settlement Net 15
PAY-002123,INV-002123,SO-002123,CUST-018,2025-05-01,2006.0,UPI,Ref-2125123,Settled on Billing
PAY-002124,INV-002124,SO-002124,CUST-017,2025-05-22,2596.0,Cheque,UTR-18901476,Credit Settlement Net 30
PAY-002125,INV-002125,SO-002125,CUST-023,2025-05-24,107252.56,UPI,UTR-18910375,Credit Settlement Net 15
PAY-002126,INV-002126,SO-002126,CUST-005,2025-05-02,2778.9,Cash,Ref-2128126,Settled on Billing
PAY-002127,INV-002127,SO-002127,CUST-001,2025-07-09,171841.04,Cheque,UTR-18928173,Credit Settlement Net 30
PAY-002128,INV-002128,SO-002128,CUST-004,2025-05-17,12431.3,Cheque,UTR-18937072,Credit Settlement Net 45
PAY-002129,INV-002129,SO-002129,CUST-011,2025-05-27,157152.4,Cheque,UTR-18945971,Credit Settlement Net 45
PAY-002130,INV-002130,SO-002130,CUST-040,2025-05-18,7652.3,NEFT / Bank Transfer,UTR-18954870,Credit Settlement Net 30
PAY-002131,INV-002131,SO-002131,CUST-001,2025-06-18,36084.4,RTGS,UTR-18963769,Credit Settlement Net 30
PAY-002132,INV-002132,SO-002132,CUST-003,2025-06-17,18714.8,NEFT / Bank Transfer,UTR-18972668,Credit Settlement Net 15
PAY-002133,INV-002133,SO-002133,CUST-008,2025-05-26,9239.4,Cheque,UTR-18981567,Credit Settlement Net 7
PAY-002134,INV-002134,SO-002134,CUST-025,2025-05-30,5669.9,RTGS,UTR-18990466,Credit Settlement Net 30
PAY-002135,INV-002135,SO-002135,CUST-029,2025-05-31,305159.8,Cheque,UTR-18999365,Credit Settlement Net 45
PAY-002136,INV-002136,SO-002136,CUST-040,2025-05-24,53.1,RTGS,UTR-19008264,Credit Settlement Net 30
PAY-002137,INV-002137,SO-002137,CUST-016,2025-06-25,2371.8,NEFT / Bank Transfer,UTR-19017163,Credit Settlement Net 30
PAY-002138,INV-002138,SO-002138,CUST-029,2025-06-29,69081.92,UPI,UTR-19026062,Credit Settlement Net 45
PAY-002139,INV-002139,SO-002139,CUST-016,2025-05-31,177.0,RTGS,UTR-19034961,Credit Settlement Net 30
PAY-002140,INV-002140,SO-002140,CUST-025,2025-06-04,761.1,NEFT / Bank Transfer,UTR-19043860,Credit Settlement Net 30
PAY-002141,INV-002141,SO-002141,CUST-018,2025-05-05,2596.0,UPI,Ref-2143141,Settled on Billing
PAY-002142,INV-002142,SO-002142,CUST-040,2025-05-17,755.2,RTGS,UTR-19061658,Credit Settlement Net 30
PAY-002143,INV-002143,SO-002143,CUST-004,2025-06-04,126337.88,Cheque,UTR-19070557,Credit Settlement Net 45
PAY-002144,INV-002144,SO-002144,CUST-020,2025-08-08,1021.88,RTGS,UTR-19079456,Credit Settlement Net 15
PAY-002145,INV-002145,SO-002145,CUST-011,2025-05-29,59510.23,Cheque,UTR-19088355,Credit Settlement Net 45
PAY-002146,INV-002146,SO-002146,CUST-034,2025-06-04,283.2,NEFT / Bank Transfer,UTR-19097254,Credit Settlement Net 30
PAY-002147,INV-002147,SO-002147,CUST-026,2025-05-30,13965.3,UPI,UTR-19106153,Credit Settlement Net 15
PAY-002148,INV-002148,SO-002148,CUST-023,2025-08-09,242440.44,Cheque,UTR-19115052,Credit Settlement Net 15
PAY-002149,INV-002149,SO-002149,CUST-033,2025-05-07,566.4,Credit Card,Ref-2151149,Settled on Billing
PAY-002150,INV-002150,SO-002150,CUST-035,2025-05-27,48474.4,NEFT / Bank Transfer,UTR-19132850,Credit Settlement Net 7
PAY-002151,INV-002151,SO-002151,CUST-006,2025-05-08,1427.8,UPI,Ref-2153151,Settled on Billing
PAY-002152,INV-002152,SO-002152,CUST-016,2025-06-29,88.5,RTGS,UTR-19150648,Credit Settlement Net 30
PAY-002153,INV-002153,SO-002153,CUST-032,2025-06-16,85777.74,NEFT / Bank Transfer,UTR-19159547,Credit Settlement Net 30
PAY-002154,INV-002154,SO-002154,CUST-033,2025-05-08,1504.5,Credit Card,Ref-2156154,Settled on Billing
PAY-002155,INV-002155,SO-002155,CUST-040,2025-06-05,4602.0,RTGS,UTR-19177345,Credit Settlement Net 30
PAY-002156,INV-002156,SO-002156,CUST-039,2025-06-01,920.4,UPI,UTR-19186244,Credit Settlement Net 15
PAY-002157,INV-002157,SO-002157,CUST-028,2025-06-11,536068.1,Cheque,UTR-19195143,Credit Settlement Net 30
PAY-002158,INV-002158,SO-002158,CUST-013,2025-06-04,477.9,Cheque,UTR-19204042,Credit Settlement Net 15
PAY-002159,INV-002159,SO-002159,CUST-047,2025-06-03,407.1,RTGS,UTR-19212941,Credit Settlement Net 30
PAY-002160,INV-002160,SO-002160,CUST-010,2025-07-11,1534.0,RTGS,UTR-19221840,Credit Settlement Net 30
PAY-002161,INV-002161,SO-002161,CUST-011,2025-06-02,47034.8,Cheque,UTR-19230739,Credit Settlement Net 45
PAY-002162,INV-002162,SO-002162,CUST-037,2025-05-25,330.4,UPI,UTR-19239638,Credit Settlement Net 30
PAY-002163,INV-002163,SO-002163,CUST-036,2025-06-08,21042.94,NEFT / Bank Transfer,UTR-19248537,Credit Settlement Net 30
PAY-002164,INV-002164,SO-002164,CUST-015,2025-06-28,73700.44,Cheque,UTR-19257436,Credit Settlement Net 30
PAY-002165,INV-002165,SO-002165,CUST-023,2025-06-09,38744.12,RTGS,UTR-19266335,Credit Settlement Net 15
PAY-002166,INV-002166,SO-002166,CUST-048,2025-05-12,230.1,UPI,Ref-2168166,Settled on Billing
PAY-002167,INV-002167,SO-002167,CUST-003,2025-06-18,24518.04,Cheque,UTR-19284133,Credit Settlement Net 15
PAY-002168,INV-002168,SO-002168,CUST-048,2025-05-12,1345.2,UPI,Ref-2170168,Settled on Billing
PAY-002169,INV-002169,SO-002169,CUST-030,2025-05-13,1144.6,UPI,Ref-2171169,Settled on Billing
PAY-002170,INV-002170,SO-002170,CUST-039,2025-05-29,7056.4,RTGS,UTR-19310830,Credit Settlement Net 15
PAY-002171,INV-002171,SO-002171,CUST-028,2025-06-06,254661.7,Cheque,UTR-19319729,Credit Settlement Net 30
PAY-002172,INV-002172,SO-002172,CUST-025,2025-08-01,11068.4,Cheque,UTR-19328628,Credit Settlement Net 30
PAY-002173,INV-002173,SO-002173,CUST-046,2025-07-02,53.1,Cheque,UTR-19337527,Credit Settlement Net 30
PAY-002174,INV-002174,SO-002174,CUST-037,2025-06-06,330.4,UPI,UTR-19346426,Credit Settlement Net 30
PAY-002175,INV-002175,SO-002175,CUST-015,2025-05-31,8555.0,Cheque,UTR-19355325,Credit Settlement Net 30
PAY-002176,INV-002176,SO-002176,CUST-010,2025-06-07,2065.0,Cheque,UTR-19364224,Credit Settlement Net 30
PAY-002177,INV-002177,SO-002177,CUST-039,2025-05-24,2920.5,UPI,UTR-19373123,Credit Settlement Net 15
PAY-002178,INV-002178,SO-002178,CUST-020,2025-06-21,24291.48,NEFT / Bank Transfer,UTR-19382022,Credit Settlement Net 15
PAY-002179,INV-002179,SO-002179,CUST-022,2025-06-13,150431.59,RTGS,UTR-19390921,Credit Settlement Net 30
PAY-002180,INV-002180,SO-002180,CUST-046,2025-07-09,1598.9,RTGS,UTR-19399820,Credit Settlement Net 30
PAY-002181,INV-002181,SO-002181,CUST-003,2025-06-12,27191.92,Cheque,UTR-19408719,Credit Settlement Net 15
PAY-002182,INV-002182,SO-002182,CUST-017,2025-05-22,3734.7,Cheque,UTR-19417618,Credit Settlement Net 30
PAY-002183,INV-002183,SO-002183,CUST-018,2025-05-16,2596.0,UPI,Ref-2185183,Settled on Billing
PAY-002184,INV-002184,SO-002184,CUST-026,2025-05-29,1392.4,NEFT / Bank Transfer,UTR-19435416,Credit Settlement Net 15
PAY-002185,INV-002185,SO-002185,CUST-011,2025-07-07,36332.2,Cheque,UTR-19444315,Credit Settlement Net 45
PAY-002186,INV-002186,SO-002186,CUST-026,2025-05-23,9239.4,UPI,UTR-19453214,Credit Settlement Net 15
PAY-002187,INV-002187,SO-002187,CUST-032,2025-07-13,158563.68,Cheque,UTR-19462113,Credit Settlement Net 30
PAY-002188,INV-002188,SO-002188,CUST-031,2025-05-19,2495.7,Cash,Ref-2190188,Settled on Billing
PAY-002189,INV-002189,SO-002189,CUST-032,2025-05-26,207321.04,Cheque,UTR-19479911,Credit Settlement Net 30
PAY-002190,INV-002190,SO-002190,CUST-041,2025-06-10,70016.48,UPI,UTR-19488810,Credit Settlement Net 45
PAY-002191,INV-002191,SO-002191,CUST-003,2025-06-08,11764.6,UPI,UTR-19497709,Credit Settlement Net 15
PAY-002192,INV-002192,SO-002192,CUST-002,2025-06-16,31653.5,RTGS,UTR-19506608,Credit Settlement Net 15
PAY-002193,INV-002193,SO-002193,CUST-002,2025-06-29,141972.88,Cheque,UTR-19515507,Credit Settlement Net 15
PAY-002194,INV-002194,SO-002194,CUST-034,2025-06-30,542.8,Cheque,UTR-19524406,Credit Settlement Net 30
PAY-002195,INV-002195,SO-002195,CUST-015,2025-07-11,133881.62,Cheque,UTR-19533305,Credit Settlement Net 30
PAY-002196,INV-002196,SO-002196,CUST-011,2025-05-27,230143.66,Cheque,UTR-19542204,Credit Settlement Net 45
PAY-002197,INV-002197,SO-002197,CUST-031,2025-05-21,206.5,Cash,Ref-2199197,Settled on Billing
PAY-002198,INV-002198,SO-002198,CUST-018,2025-05-21,25859.7,UPI,Ref-2200198,Settled on Billing
PAY-002199,INV-002199,SO-002199,CUST-041,2025-05-30,49766.5,NEFT / Bank Transfer,UTR-19568901,Credit Settlement Net 45
PAY-002200,INV-002200,SO-002200,CUST-022,2025-05-26,61320.12,UPI,UTR-19577800,Credit Settlement Net 30
PAY-002201,INV-002201,SO-002201,CUST-031,2025-05-21,1191.8,Cash,Ref-2203201,Settled on Billing
PAY-002202,INV-002202,SO-002202,CUST-029,2025-06-14,114485.96,RTGS,UTR-19595598,Credit Settlement Net 45
PAY-002203,INV-002203,SO-002203,CUST-011,2025-06-15,264976.55,RTGS,UTR-19604497,Credit Settlement Net 45
PAY-002204,INV-002204,SO-002204,CUST-016,2025-06-19,14360.6,UPI,UTR-19613396,Credit Settlement Net 30
PAY-002205,INV-002205,SO-002205,CUST-010,2025-06-09,2413.1,UPI,UTR-19622295,Credit Settlement Net 30
PAY-002206,INV-002206,SO-002206,CUST-045,2025-05-22,206.5,Cash,Ref-2208206,Settled on Billing
PAY-002207,INV-002207,SO-002207,CUST-012,2025-05-23,2277.4,Credit Card,Ref-2209207,Settled on Billing
PAY-002208,INV-002208,SO-002208,CUST-014,2025-05-23,7487.1,Cash,Ref-2210208,Settled on Billing
PAY-002209,INV-002209,SO-002209,CUST-018,2025-05-23,13044.9,UPI,Ref-2211209,Settled on Billing
PAY-002210,INV-002210,SO-002210,CUST-019,2025-07-01,206.5,RTGS,UTR-19666790,Credit Settlement Net 30
PAY-002211,INV-002211,SO-002211,CUST-019,2025-07-05,413.0,NEFT / Bank Transfer,UTR-19675689,Credit Settlement Net 30
PAY-002212,INV-002212,SO-002212,CUST-017,2025-06-16,20006.9,UPI,UTR-19684588,Credit Settlement Net 30
PAY-002213,INV-002213,SO-002213,CUST-042,2025-06-02,284456.7,RTGS,UTR-19693487,Credit Settlement Net 15
PAY-002214,INV-002214,SO-002214,CUST-036,2025-06-15,10920.9,UPI,UTR-19702386,Credit Settlement Net 30
PAY-002215,INV-002215,SO-002215,CUST-041,2025-06-20,8303.19,Cheque,UTR-19711285,Credit Settlement Net 45
PAY-002216,INV-002216,SO-002216,CUST-007,2025-06-28,330.4,NEFT / Bank Transfer,UTR-19720184,Credit Settlement Net 30
PAY-002217,INV-002217,SO-002217,CUST-040,2025-06-22,2489.8,RTGS,UTR-19729083,Credit Settlement Net 30
PAY-002218,INV-002218,SO-002218,CUST-025,2025-07-04,2714.0,UPI,UTR-19737982,Credit Settlement Net 30
PAY-002219,INV-002219,SO-002219,CUST-011,2025-06-26,222996.4,UPI,UTR-19746881,Credit Settlement Net 45
PAY-002220,INV-002220,SO-002220,CUST-014,2025-05-27,171.1,Cash,Ref-2222220,Settled on Billing
PAY-002221,INV-002221,SO-002221,CUST-007,2025-07-20,12478.5,NEFT / Bank Transfer,UTR-19764679,Credit Settlement Net 30
PAY-002222,INV-002222,SO-002222,CUST-016,2025-06-23,253.7,NEFT / Bank Transfer,UTR-19773578,Credit Settlement Net 30
PAY-002223,INV-002223,SO-002223,CUST-027,2025-06-11,7487.1,NEFT / Bank Transfer,UTR-19782477,Credit Settlement Net 30
PAY-002224,INV-002224,SO-002224,CUST-033,2025-05-27,1805.4,Credit Card,Ref-2226224,Settled on Billing
PAY-002225,INV-002225,SO-002225,CUST-015,2025-07-21,29120.04,UPI,UTR-19800275,Credit Settlement Net 30
PAY-002226,INV-002226,SO-002226,CUST-048,2025-05-28,3357.1,UPI,Ref-2228226,Settled on Billing
PAY-002227,INV-002227,SO-002227,CUST-048,2025-05-28,19847.6,UPI,Ref-2229227,Settled on Billing
PAY-002228,INV-002228,SO-002228,CUST-021,2025-05-28,330.4,Cash,Ref-2230228,Settled on Billing
PAY-002229,INV-002229,SO-002229,CUST-037,2025-06-20,1244.9,NEFT / Bank Transfer,UTR-19835871,Credit Settlement Net 30
PAY-002230,INV-002230,SO-002230,CUST-043,2025-06-14,5717.1,RTGS,UTR-19844770,Credit Settlement Net 30
PAY-002231,INV-002231,SO-002231,CUST-021,2025-05-28,1115.1,Cash,Ref-2233231,Settled on Billing
PAY-002232,INV-002232,SO-002232,CUST-039,2025-06-17,16642.72,NEFT / Bank Transfer,UTR-19862568,Credit Settlement Net 15
PAY-002233,INV-002233,SO-002233,CUST-013,2025-07-20,1392.4,NEFT / Bank Transfer,UTR-19871467,Credit Settlement Net 15
PAY-002234,INV-002234,SO-002234,CUST-040,2025-06-03,283.2,RTGS,UTR-19880366,Credit Settlement Net 30
PAY-002235,INV-002235,SO-002235,CUST-016,2025-06-19,359.9,NEFT / Bank Transfer,UTR-19889265,Credit Settlement Net 30
PAY-002236,INV-002236,SO-002236,CUST-016,2025-06-27,719.8,RTGS,UTR-19898164,Credit Settlement Net 30
PAY-002237,INV-002237,SO-002237,CUST-020,2025-06-06,35358.7,NEFT / Bank Transfer,UTR-19907063,Credit Settlement Net 15
PAY-002238,INV-002238,SO-002238,CUST-040,2025-06-14,3345.3,Cheque,UTR-19915962,Credit Settlement Net 30
PAY-002239,INV-002239,SO-002239,CUST-042,2025-07-10,431671.14,RTGS,UTR-19924861,Credit Settlement Net 15
PAY-002240,INV-002240,SO-002240,CUST-031,2025-05-30,613.6,Cash,Ref-2242240,Settled on Billing
PAY-002241,INV-002241,SO-002241,CUST-017,2025-06-24,3593.1,Cheque,UTR-19942659,Credit Settlement Net 30
PAY-002242,INV-002242,SO-002242,CUST-043,2025-06-20,330.4,RTGS,UTR-19951558,Credit Settlement Net 30
PAY-002243,INV-002243,SO-002243,CUST-036,2025-06-23,134260.4,RTGS,UTR-19960457,Credit Settlement Net 30
PAY-002244,INV-002244,SO-002244,CUST-032,2025-06-05,112261.66,Cheque,UTR-19969356,Credit Settlement Net 30
PAY-002245,INV-002245,SO-002245,CUST-048,2025-05-31,584.1,UPI,Ref-2247245,Settled on Billing
PAY-002246,INV-002246,SO-002246,CUST-045,2025-05-31,259.6,Cash,Ref-2248246,Settled on Billing
PAY-002247,INV-002247,SO-002247,CUST-032,2025-06-08,29299.4,UPI,UTR-19996053,Credit Settlement Net 30
PAY-002248,INV-002248,SO-002248,CUST-032,2025-06-06,65066.14,RTGS,UTR-20004952,Credit Settlement Net 30
PAY-002249,INV-002249,SO-002249,CUST-020,2025-07-23,8330.8,NEFT / Bank Transfer,UTR-20013851,Credit Settlement Net 15
PAY-002250,INV-002250,SO-002250,CUST-008,2025-06-10,17700.0,Cheque,UTR-20022750,Credit Settlement Net 7
PAY-002251,INV-002251,SO-002251,CUST-039,2025-07-02,18154.3,Cheque,UTR-20031649,Credit Settlement Net 15
PAY-002252,INV-002252,SO-002252,CUST-028,2025-07-21,207446.36,Cheque,UTR-20040548,Credit Settlement Net 30
PAY-002253,INV-002253,SO-002253,CUST-008,2025-06-19,2198.34,Cheque,UTR-20049447,Credit Settlement Net 7
PAY-002254,INV-002254,SO-002254,CUST-044,2025-06-29,2938.2,Cheque,UTR-20058346,Credit Settlement Net 7
PAY-002255,INV-002255,SO-002255,CUST-031,2025-06-02,5546.0,Cash,Ref-2257255,Settled on Billing
PAY-002256,INV-002256,SO-002256,CUST-034,2025-06-23,295.0,RTGS,UTR-20076144,Credit Settlement Net 30
PAY-002257,INV-002257,SO-002257,CUST-045,2025-06-03,4720.0,Cash,Ref-2259257,Settled on Billing
PAY-002258,INV-002258,SO-002258,CUST-022,2025-07-01,94687.92,NEFT / Bank Transfer,UTR-20093942,Credit Settlement Net 30
PAY-002259,INV-002259,SO-002259,CUST-006,2025-06-03,460.2,UPI,Ref-2261259,Settled on Billing
PAY-002260,INV-002260,SO-002260,CUST-026,2025-07-24,8047.6,RTGS,UTR-20111740,Credit Settlement Net 15
PAY-002261,INV-002261,SO-002261,CUST-013,2025-07-04,566.4,Cheque,UTR-20120639,Credit Settlement Net 15
PAY-002262,INV-002262,SO-002262,CUST-045,2025-06-03,566.4,Cash,Ref-2264262,Settled on Billing
PAY-002263,INV-002263,SO-002263,CUST-026,2025-06-11,13204.2,NEFT / Bank Transfer,UTR-20138437,Credit Settlement Net 15
PAY-002264,INV-002264,SO-002264,CUST-018,2025-06-04,2808.4,UPI,Ref-2266264,Settled on Billing
PAY-002265,INV-002265,SO-002265,CUST-047,2025-06-30,76.7,UPI,UTR-20156235,Credit Settlement Net 30
PAY-002266,INV-002266,SO-002266,CUST-037,2025-06-28,14101.0,RTGS,UTR-20165134,Credit Settlement Net 30
PAY-002267,INV-002267,SO-002267,CUST-021,2025-06-04,359.9,Cash,Ref-2269267,Settled on Billing
PAY-002268,INV-002268,SO-002268,CUST-035,2025-07-21,9414.04,Cheque,UTR-20182932,Credit Settlement Net 7
PAY-002269,INV-002269,SO-002269,CUST-001,2025-07-02,35109.72,UPI,UTR-20191831,Credit Settlement Net 30
PAY-002270,INV-002270,SO-002270,CUST-029,2025-07-02,68841.2,UPI,UTR-20200730,Credit Settlement Net 45
PAY-002271,INV-002271,SO-002271,CUST-027,2025-07-27,194.7,Cheque,UTR-20209629,Credit Settlement Net 30
PAY-002272,INV-002272,SO-002272,CUST-032,2025-06-30,31645.24,NEFT / Bank Transfer,UTR-20218528,Credit Settlement Net 30
PAY-002273,INV-002273,SO-002273,CUST-008,2025-06-25,1482.08,RTGS,UTR-20227427,Credit Settlement Net 7
PAY-002274,INV-002274,SO-002274,CUST-032,2025-06-10,133863.92,UPI,UTR-20236326,Credit Settlement Net 30
PAY-002275,INV-002275,SO-002275,CUST-029,2025-06-21,40946.95,NEFT / Bank Transfer,UTR-20245225,Credit Settlement Net 45
PAY-002276,INV-002276,SO-002276,CUST-019,2025-06-23,7611.0,RTGS,UTR-20254124,Credit Settlement Net 30
PAY-002277,INV-002277,SO-002277,CUST-048,2025-06-06,4071.0,UPI,Ref-2279277,Settled on Billing
PAY-002278,INV-002278,SO-002278,CUST-005,2025-06-06,3717.0,Cash,Ref-2280278,Settled on Billing
PAY-002279,INV-002279,SO-002279,CUST-048,2025-06-06,2277.4,UPI,Ref-2281279,Settled on Billing
PAY-002280,INV-002280,SO-002280,CUST-044,2025-06-30,9776.3,UPI,UTR-20289720,Credit Settlement Net 7
PAY-002281,INV-002281,SO-002281,CUST-034,2025-06-28,194.7,NEFT / Bank Transfer,UTR-20298619,Credit Settlement Net 30
PAY-002282,INV-002282,SO-002282,CUST-011,2025-06-13,25384.63,UPI,UTR-20307518,Credit Settlement Net 45
PAY-002283,INV-002283,SO-002283,CUST-029,2025-06-14,92403.44,RTGS,UTR-20316417,Credit Settlement Net 45
PAY-002284,INV-002284,SO-002284,CUST-020,2025-06-22,6165.5,NEFT / Bank Transfer,UTR-20325316,Credit Settlement Net 15
PAY-002285,INV-002285,SO-002285,CUST-007,2025-06-21,283.2,RTGS,UTR-20334215,Credit Settlement Net 30
PAY-002286,INV-002286,SO-002286,CUST-003,2025-07-12,5516.5,UPI,UTR-20343114,Credit Settlement Net 15
PAY-002287,INV-002287,SO-002287,CUST-004,2025-07-06,68123.76,Cheque,UTR-20352013,Credit Settlement Net 45
PAY-002288,INV-002288,SO-002288,CUST-021,2025-06-09,2607.8,Cash,Ref-2290288,Settled on Billing
PAY-002289,INV-002289,SO-002289,CUST-034,2025-06-28,2194.8,NEFT / Bank Transfer,UTR-20369811,Credit Settlement Net 30
PAY-002290,INV-002290,SO-002290,CUST-025,2025-07-08,389.4,Cheque,UTR-20378710,Credit Settlement Net 30
PAY-002291,INV-002291,SO-002291,CUST-029,2025-07-03,62846.8,Cheque,UTR-20387609,Credit Settlement Net 45
PAY-002292,INV-002292,SO-002292,CUST-026,2025-07-22,14101.0,Cheque,UTR-20396508,Credit Settlement Net 15
PAY-002293,INV-002293,SO-002293,CUST-001,2025-07-24,16354.8,NEFT / Bank Transfer,UTR-20405407,Credit Settlement Net 30
PAY-002294,INV-002294,SO-002294,CUST-035,2025-06-18,6785.0,UPI,UTR-20414306,Credit Settlement Net 7
PAY-002295,INV-002295,SO-002295,CUST-035,2025-07-06,5033.88,Cheque,UTR-20423205,Credit Settlement Net 7
PAY-002296,INV-002296,SO-002296,CUST-042,2025-06-26,54531.34,NEFT / Bank Transfer,UTR-20432104,Credit Settlement Net 15
PAY-002297,INV-002297,SO-002297,CUST-014,2025-06-10,12921.0,Cash,Ref-2299297,Settled on Billing
PAY-002298,INV-002298,SO-002298,CUST-004,2025-06-24,18018.6,RTGS,UTR-20449902,Credit Settlement Net 45
PAY-002299,INV-002299,SO-002299,CUST-025,2025-08-29,660.8,NEFT / Bank Transfer,UTR-20458801,Credit Settlement Net 30
PAY-002300,INV-002300,SO-002300,CUST-047,2025-08-16,324.5,RTGS,UTR-20467700,Credit Settlement Net 30
PAY-002301,INV-002301,SO-002301,CUST-047,2025-08-02,4602.0,UPI,UTR-20476599,Credit Settlement Net 30
PAY-002302,INV-002302,SO-002302,CUST-015,2025-06-27,5386.7,NEFT / Bank Transfer,UTR-20485498,Credit Settlement Net 30
PAY-002303,INV-002303,SO-002303,CUST-011,2025-06-21,41598.54,UPI,UTR-20494397,Credit Settlement Net 45
PAY-002304,INV-002304,SO-002304,CUST-011,2025-09-09,82432.44,NEFT / Bank Transfer,UTR-20503296,Credit Settlement Net 45
PAY-002305,INV-002305,SO-002305,CUST-028,2025-07-21,192699.9,NEFT / Bank Transfer,UTR-20512195,Credit Settlement Net 30
PAY-002306,INV-002306,SO-002306,CUST-011,2025-07-09,200700.3,RTGS,UTR-20521094,Credit Settlement Net 45
PAY-002307,INV-002307,SO-002307,CUST-042,2025-08-05,156839.7,NEFT / Bank Transfer,UTR-20529993,Credit Settlement Net 15
PAY-002308,INV-002308,SO-002308,CUST-014,2025-06-14,613.6,Cash,Ref-2310308,Settled on Billing
PAY-002309,INV-002309,SO-002309,CUST-019,2025-06-26,1864.4,Cheque,UTR-20547791,Credit Settlement Net 30
PAY-002310,INV-002310,SO-002310,CUST-023,2025-06-29,176766.36,Cheque,UTR-20556690,Credit Settlement Net 15
PAY-002311,INV-002311,SO-002311,CUST-025,2025-07-02,8348.5,Cheque,UTR-20565589,Credit Settlement Net 30
PAY-002312,INV-002312,SO-002312,CUST-009,2025-08-06,278925.1,NEFT / Bank Transfer,UTR-20574488,Credit Settlement Net 30
PAY-002313,INV-002313,SO-002313,CUST-015,2025-07-06,156768.9,RTGS,UTR-20583387,Credit Settlement Net 30
PAY-002314,INV-002314,SO-002314,CUST-040,2025-08-17,11021.2,UPI,UTR-20592286,Credit Settlement Net 30
PAY-002315,INV-002315,SO-002315,CUST-025,2025-06-22,318.6,RTGS,UTR-20601185,Credit Settlement Net 30
PAY-002316,INV-002316,SO-002316,CUST-026,2025-07-11,1014.8,NEFT / Bank Transfer,UTR-20610084,Credit Settlement Net 15
PAY-002317,INV-002317,SO-002317,CUST-046,2025-07-03,566.4,NEFT / Bank Transfer,UTR-20618983,Credit Settlement Net 30
PAY-002318,INV-002318,SO-002318,CUST-033,2025-06-16,1628.4,Credit Card,Ref-2320318,Settled on Billing
PAY-002319,INV-002319,SO-002319,CUST-008,2025-07-04,1852.6,NEFT / Bank Transfer,UTR-20636781,Credit Settlement Net 7
PAY-002320,INV-002320,SO-002320,CUST-040,2025-08-06,3180.1,NEFT / Bank Transfer,UTR-20645680,Credit Settlement Net 30
PAY-002321,INV-002321,SO-002321,CUST-013,2025-07-24,2725.8,UPI,UTR-20654579,Credit Settlement Net 15
PAY-002322,INV-002322,SO-002322,CUST-002,2025-06-29,187832.4,NEFT / Bank Transfer,UTR-20663478,Credit Settlement Net 15
PAY-002323,INV-002323,SO-002323,CUST-020,2025-08-03,1970.6,RTGS,UTR-20672377,Credit Settlement Net 15
PAY-002324,INV-002324,SO-002324,CUST-014,2025-06-17,20018.7,Cash,Ref-2326324,Settled on Billing
PAY-002325,INV-002325,SO-002325,CUST-018,2025-06-18,8354.4,UPI,Ref-2327325,Settled on Billing
PAY-002326,INV-002326,SO-002326,CUST-031,2025-06-18,259.6,Cash,Ref-2328326,Settled on Billing
PAY-002327,INV-002327,SO-002327,CUST-038,2025-06-23,188261.92,RTGS,UTR-20707973,Credit Settlement Net 15
PAY-002328,INV-002328,SO-002328,CUST-011,2025-07-03,28825.04,NEFT / Bank Transfer,UTR-20716872,Credit Settlement Net 45
PAY-002329,INV-002329,SO-002329,CUST-048,2025-06-18,2896.9,UPI,Ref-2331329,Settled on Billing
PAY-002330,INV-002330,SO-002330,CUST-045,2025-06-19,1569.4,Cash,Ref-2332330,Settled on Billing
PAY-002331,INV-002331,SO-002331,CUST-009,2025-07-30,224697.96,UPI,UTR-20743569,Credit Settlement Net 30
PAY-002332,INV-002332,SO-002332,CUST-027,2025-08-31,8142.0,NEFT / Bank Transfer,UTR-20752468,Credit Settlement Net 30
PAY-002333,INV-002333,SO-002333,CUST-023,2025-07-06,83850.8,UPI,UTR-20761367,Credit Settlement Net 15
PAY-002334,INV-002334,SO-002334,CUST-026,2025-07-18,10238.86,Cheque,UTR-20770266,Credit Settlement Net 15
PAY-002335,INV-002335,SO-002335,CUST-033,2025-06-20,1864.4,Credit Card,Ref-2337335,Settled on Billing
PAY-002336,INV-002336,SO-002336,CUST-005,2025-06-20,194.7,Cash,Ref-2338336,Settled on Billing
PAY-002337,INV-002337,SO-002337,CUST-012,2025-06-20,1298.0,Credit Card,Ref-2339337,Settled on Billing
PAY-002338,INV-002338,SO-002338,CUST-042,2025-08-01,315088.79,NEFT / Bank Transfer,UTR-20805862,Credit Settlement Net 15
PAY-002339,INV-002339,SO-002339,CUST-035,2025-07-09,9030.54,Cheque,UTR-20814761,Credit Settlement Net 7
PAY-002340,INV-002340,SO-002340,CUST-002,2025-08-08,239476.28,Cheque,UTR-20823660,Credit Settlement Net 15
PAY-002341,INV-002341,SO-002341,CUST-018,2025-06-21,3805.5,UPI,Ref-2343341,Settled on Billing
PAY-002342,INV-002342,SO-002342,CUST-011,2025-07-26,7953.2,Cheque,UTR-20841458,Credit Settlement Net 45
PAY-002343,INV-002343,SO-002343,CUST-017,2025-07-04,413.0,RTGS,UTR-20850357,Credit Settlement Net 30
PAY-002344,INV-002344,SO-002344,CUST-036,2025-06-26,97997.82,RTGS,UTR-20859256,Credit Settlement Net 30
PAY-002345,INV-002345,SO-002345,CUST-015,2025-07-26,63986.68,UPI,UTR-20868155,Credit Settlement Net 30
PAY-002346,INV-002346,SO-002346,CUST-019,2025-07-14,94.4,Cheque,UTR-20877054,Credit Settlement Net 30
PAY-002347,INV-002347,SO-002347,CUST-018,2025-06-23,16142.4,UPI,Ref-2349347,Settled on Billing
PAY-002348,INV-002348,SO-002348,CUST-025,2025-08-16,531.0,UPI,UTR-20894852,Credit Settlement Net 30
PAY-002349,INV-002349,SO-002349,CUST-023,2025-08-02,253748.38,RTGS,UTR-20903751,Credit Settlement Net 15
PAY-002350,INV-002350,SO-002350,CUST-025,2025-07-24,1239.0,UPI,UTR-20912650,Credit Settlement Net 30
PAY-002351,INV-002351,SO-002351,CUST-007,2025-08-17,76.7,UPI,UTR-20921549,Credit Settlement Net 30
PAY-002352,INV-002352,SO-002352,CUST-033,2025-06-23,1298.0,Credit Card,Ref-2354352,Settled on Billing
PAY-002353,INV-002353,SO-002353,CUST-010,2025-07-22,12956.4,Cheque,UTR-20939347,Credit Settlement Net 30
PAY-002354,INV-002354,SO-002354,CUST-010,2025-07-27,407.1,Cheque,UTR-20948246,Credit Settlement Net 30
PAY-002355,INV-002355,SO-002355,CUST-039,2025-07-09,2739.96,Cheque,UTR-20957145,Credit Settlement Net 15
PAY-002356,INV-002356,SO-002356,CUST-002,2025-06-30,52287.92,Cheque,UTR-20966044,Credit Settlement Net 15
PAY-002357,INV-002357,SO-002357,CUST-006,2025-06-25,4507.6,UPI,Ref-2359357,Settled on Billing
PAY-002358,INV-002358,SO-002358,CUST-030,2025-06-25,1357.0,UPI,Ref-2360358,Settled on Billing
PAY-002359,INV-002359,SO-002359,CUST-031,2025-06-25,9900.2,Cash,Ref-2361359,Settled on Billing
PAY-002360,INV-002360,SO-002360,CUST-009,2025-08-01,235787.6,UPI,UTR-21001640,Credit Settlement Net 30
PAY-002361,INV-002361,SO-002361,CUST-015,2025-08-06,190536.96,RTGS,UTR-21010539,Credit Settlement Net 30
PAY-002362,INV-002362,SO-002362,CUST-037,2025-07-13,4165.4,UPI,UTR-21019438,Credit Settlement Net 30
PAY-002363,INV-002363,SO-002363,CUST-019,2025-07-24,424.8,RTGS,UTR-21028337,Credit Settlement Net 30
PAY-002364,INV-002364,SO-002364,CUST-019,2025-07-08,10089.0,NEFT / Bank Transfer,UTR-21037236,Credit Settlement Net 30
PAY-002365,INV-002365,SO-002365,CUST-028,2025-07-14,228233.95,NEFT / Bank Transfer,UTR-21046135,Credit Settlement Net 30
PAY-002366,INV-002366,SO-002366,CUST-046,2025-07-13,1221.3,Cheque,UTR-21055034,Credit Settlement Net 30
PAY-002367,INV-002367,SO-002367,CUST-021,2025-06-27,1433.7,Cash,Ref-2369367,Settled on Billing
PAY-002368,INV-002368,SO-002368,CUST-026,2025-07-17,16720.6,RTGS,UTR-21072832,Credit Settlement Net 15
PAY-002369,INV-002369,SO-002369,CUST-047,2025-07-06,1333.4,UPI,UTR-21081731,Credit Settlement Net 30
PAY-002370,INV-002370,SO-002370,CUST-030,2025-06-27,1239.0,UPI,Ref-2372370,Settled on Billing
PAY-002371,INV-002371,SO-002371,CUST-017,2025-07-27,1298.0,UPI,UTR-21099529,Credit Settlement Net 30
PAY-002372,INV-002372,SO-002372,CUST-025,2025-07-03,1522.2,RTGS,UTR-21108428,Credit Settlement Net 30
PAY-002373,INV-002373,SO-002373,CUST-044,2025-07-25,4531.2,UPI,UTR-21117327,Credit Settlement Net 7
PAY-002374,INV-002374,SO-002374,CUST-032,2025-07-08,65645.76,Cheque,UTR-21126226,Credit Settlement Net 30
PAY-002375,INV-002375,SO-002375,CUST-037,2025-07-13,8850.0,NEFT / Bank Transfer,UTR-21135125,Credit Settlement Net 30
PAY-002376,INV-002376,SO-002376,CUST-025,2025-07-21,489.7,Cheque,UTR-21144024,Credit Settlement Net 30
PAY-002377,INV-002377,SO-002377,CUST-037,2025-08-07,348.1,NEFT / Bank Transfer,UTR-21152923,Credit Settlement Net 30
PAY-002378,INV-002378,SO-002378,CUST-022,2025-07-11,64989.68,RTGS,UTR-21161822,Credit Settlement Net 30
PAY-002379,INV-002379,SO-002379,CUST-013,2025-07-27,5652.2,UPI,UTR-21170721,Credit Settlement Net 15
PAY-002380,INV-002380,SO-002380,CUST-004,2025-07-20,65241.02,NEFT / Bank Transfer,UTR-21179620,Credit Settlement Net 45
PAY-002381,INV-002381,SO-002381,CUST-009,2025-07-07,47609.46,RTGS,UTR-21188519,Credit Settlement Net 30
PAY-002382,INV-002382,SO-002382,CUST-041,2025-08-05,132715.78,Cheque,UTR-21197418,Credit Settlement Net 45
PAY-002383,INV-002383,SO-002383,CUST-002,2025-07-27,232489.5,RTGS,UTR-21206317,Credit Settlement Net 15
PAY-002384,INV-002384,SO-002384,CUST-011,2025-08-04,47487.45,NEFT / Bank Transfer,UTR-21215216,Credit Settlement Net 45
PAY-002385,INV-002385,SO-002385,CUST-032,2025-07-26,131997.4,Cheque,UTR-21224115,Credit Settlement Net 30
PAY-002386,INV-002386,SO-002386,CUST-037,2025-08-07,3304.0,NEFT / Bank Transfer,UTR-21233014,Credit Settlement Net 30
PAY-002387,INV-002387,SO-002387,CUST-032,2025-08-02,92228.32,UPI,UTR-21241913,Credit Settlement Net 30
PAY-002388,INV-002388,SO-002388,CUST-042,2025-08-21,297055.56,UPI,UTR-21250812,Credit Settlement Net 15
PAY-002389,INV-002389,SO-002389,CUST-015,2025-08-05,163734.68,RTGS,UTR-21259711,Credit Settlement Net 30
PAY-002390,INV-002390,SO-002390,CUST-028,2025-08-04,205125.3,UPI,UTR-21268610,Credit Settlement Net 30
PAY-002391,INV-002391,SO-002391,CUST-006,2025-07-03,1138.7,UPI,Ref-2393391,Settled on Billing
PAY-002392,INV-002392,SO-002392,CUST-012,2025-07-03,236.24,Credit Card,Ref-2394392,Settled on Billing
PAY-002393,INV-002393,SO-002393,CUST-023,2025-07-20,36023.04,RTGS,UTR-21295307,Credit Settlement Net 15
PAY-002394,INV-002394,SO-002394,CUST-043,2025-07-31,994.27,RTGS,UTR-21304206,Credit Settlement Net 30
PAY-002395,INV-002395,SO-002395,CUST-038,2025-07-22,192689.51,UPI,UTR-21313105,Credit Settlement Net 15
PAY-002396,INV-002396,SO-002396,CUST-028,2025-08-21,114253.26,RTGS,UTR-21322004,Credit Settlement Net 30
PAY-002397,INV-002397,SO-002397,CUST-004,2025-07-18,10491.14,UPI,UTR-21330903,Credit Settlement Net 45
PAY-002398,INV-002398,SO-002398,CUST-040,2025-08-02,2962.98,RTGS,UTR-21339802,Credit Settlement Net 30
PAY-002399,INV-002399,SO-002399,CUST-038,2025-07-31,145380.72,UPI,UTR-21348701,Credit Settlement Net 15
PAY-002400,INV-002400,SO-002400,CUST-040,2025-08-01,274.23,UPI,UTR-21357600,Credit Settlement Net 30
PAY-002401,INV-002401,SO-002401,CUST-021,2025-07-04,1315.7,Cash,Ref-2403401,Settled on Billing
PAY-002402,INV-002402,SO-002402,CUST-034,2025-07-10,2631.4,Cheque,UTR-21375398,Credit Settlement Net 30
PAY-002403,INV-002403,SO-002403,CUST-017,2025-08-11,2277.4,UPI,UTR-21384297,Credit Settlement Net 30
PAY-002404,INV-002404,SO-002404,CUST-026,2025-08-26,4389.6,NEFT / Bank Transfer,UTR-21393196,Credit Settlement Net 15
PAY-002405,INV-002405,SO-002405,CUST-045,2025-07-05,850.78,Cash,Ref-2407405,Settled on Billing
PAY-002406,INV-002406,SO-002406,CUST-010,2025-07-15,1239.0,Cheque,UTR-21410994,Credit Settlement Net 30
PAY-002407,INV-002407,SO-002407,CUST-006,2025-07-05,256.53,UPI,Ref-2409407,Settled on Billing
PAY-002408,INV-002408,SO-002408,CUST-025,2025-07-31,389.4,UPI,UTR-21428792,Credit Settlement Net 30
PAY-002409,INV-002409,SO-002409,CUST-042,2025-07-20,120597.18,NEFT / Bank Transfer,UTR-21437691,Credit Settlement Net 15
PAY-002410,INV-002410,SO-002410,CUST-021,2025-07-07,1168.91,Cash,Ref-2412410,Settled on Billing
PAY-002411,INV-002411,SO-002411,CUST-019,2025-07-18,6711.84,RTGS,UTR-21455489,Credit Settlement Net 30
PAY-002412,INV-002412,SO-002412,CUST-038,2025-07-12,118789.89,UPI,UTR-21464388,Credit Settlement Net 15
PAY-002413,INV-002413,SO-002413,CUST-035,2025-08-28,6087.62,NEFT / Bank Transfer,UTR-21473287,Credit Settlement Net 7
PAY-002414,INV-002414,SO-002414,CUST-025,2025-07-27,2773.0,UPI,UTR-21482186,Credit Settlement Net 30
PAY-002415,INV-002415,SO-002415,CUST-033,2025-07-08,1085.6,Credit Card,Ref-2417415,Settled on Billing
PAY-002416,INV-002416,SO-002416,CUST-048,2025-07-08,5331.24,UPI,Ref-2418416,Settled on Billing
PAY-002417,INV-002417,SO-002417,CUST-042,2025-07-31,108761.78,NEFT / Bank Transfer,UTR-21508883,Credit Settlement Net 15
PAY-002418,INV-002418,SO-002418,CUST-022,2025-07-27,22927.4,RTGS,UTR-21517782,Credit Settlement Net 30
PAY-002419,INV-002419,SO-002419,CUST-044,2025-08-07,13239.6,UPI,UTR-21526681,Credit Settlement Net 7
PAY-002420,INV-002420,SO-002420,CUST-011,2025-08-06,56939.96,RTGS,UTR-21535580,Credit Settlement Net 45
PAY-002421,INV-002421,SO-002421,CUST-001,2025-07-22,40822.81,UPI,UTR-21544479,Credit Settlement Net 30
PAY-002422,INV-002422,SO-002422,CUST-014,2025-07-09,899.63,Cash,Ref-2424422,Settled on Billing
PAY-002423,INV-002423,SO-002423,CUST-031,2025-07-10,17.7,Cash,Ref-2425423,Settled on Billing
PAY-002424,INV-002424,SO-002424,CUST-027,2025-07-22,17.7,RTGS,UTR-21571176,Credit Settlement Net 30
PAY-002425,INV-002425,SO-002425,CUST-035,2025-08-12,14142.3,UPI,UTR-21580075,Credit Settlement Net 7
PAY-002426,INV-002426,SO-002426,CUST-047,2025-08-01,5227.4,Cheque,UTR-21588974,Credit Settlement Net 30
PAY-002427,INV-002427,SO-002427,CUST-005,2025-07-10,1263.54,Cash,Ref-2429427,Settled on Billing
PAY-002428,INV-002428,SO-002428,CUST-022,2025-10-03,43224.82,RTGS,UTR-21606772,Credit Settlement Net 30
PAY-002429,INV-002429,SO-002429,CUST-048,2025-07-11,3895.42,UPI,Ref-2431429,Settled on Billing
PAY-002430,INV-002430,SO-002430,CUST-037,2025-07-26,3033.54,UPI,UTR-21624570,Credit Settlement Net 30
PAY-002431,INV-002431,SO-002431,CUST-046,2025-08-31,2892.42,UPI,UTR-21633469,Credit Settlement Net 30
PAY-002432,INV-002432,SO-002432,CUST-039,2025-08-02,6877.51,NEFT / Bank Transfer,UTR-21642368,Credit Settlement Net 15
PAY-002433,INV-002433,SO-002433,CUST-019,2025-07-25,189.98,NEFT / Bank Transfer,UTR-21651267,Credit Settlement Net 30
PAY-002434,INV-002434,SO-002434,CUST-040,2025-08-01,3433.8,NEFT / Bank Transfer,UTR-21660166,Credit Settlement Net 30
PAY-002435,INV-002435,SO-002435,CUST-003,2025-07-19,18786.78,NEFT / Bank Transfer,UTR-21669065,Credit Settlement Net 15
PAY-002436,INV-002436,SO-002436,CUST-048,2025-07-11,1758.2,UPI,Ref-2438436,Settled on Billing
PAY-002437,INV-002437,SO-002437,CUST-033,2025-07-12,348.1,Credit Card,Ref-2439437,Settled on Billing
PAY-002438,INV-002438,SO-002438,CUST-035,2025-08-30,3544.72,RTGS,UTR-21695762,Credit Settlement Net 7
PAY-002439,INV-002439,SO-002439,CUST-019,2025-08-04,5563.7,NEFT / Bank Transfer,UTR-21704661,Credit Settlement Net 30
PAY-002440,INV-002440,SO-002440,CUST-041,2025-07-27,35777.6,UPI,UTR-21713560,Credit Settlement Net 45
PAY-002441,INV-002441,SO-002441,CUST-003,2025-08-19,8177.4,Cheque,UTR-21722459,Credit Settlement Net 15
PAY-002442,INV-002442,SO-002442,CUST-025,2025-07-23,1492.7,NEFT / Bank Transfer,UTR-21731358,Credit Settlement Net 30
PAY-002443,INV-002443,SO-002443,CUST-006,2025-07-14,4366.94,UPI,Ref-2445443,Settled on Billing
PAY-002444,INV-002444,SO-002444,CUST-017,2025-07-19,1239.0,RTGS,UTR-21749156,Credit Settlement Net 30
PAY-002445,INV-002445,SO-002445,CUST-029,2025-08-27,60683.62,NEFT / Bank Transfer,UTR-21758055,Credit Settlement Net 45
PAY-002446,INV-002446,SO-002446,CUST-027,2025-07-23,158.12,RTGS,UTR-21766954,Credit Settlement Net 30
PAY-002447,INV-002447,SO-002447,CUST-031,2025-07-15,283.2,Cash,Ref-2449447,Settled on Billing
PAY-002448,INV-002448,SO-002448,CUST-046,2025-08-02,3056.2,Cheque,UTR-21784752,Credit Settlement Net 30
PAY-002449,INV-002449,SO-002449,CUST-007,2025-08-20,450.52,RTGS,UTR-21793651,Credit Settlement Net 30
PAY-002450,INV-002450,SO-002450,CUST-014,2025-07-15,663.16,Cash,Ref-2452450,Settled on Billing
PAY-002451,INV-002451,SO-002451,CUST-020,2025-08-02,8043.12,NEFT / Bank Transfer,UTR-21811449,Credit Settlement Net 15
PAY-002452,INV-002452,SO-002452,CUST-014,2025-07-16,694.07,Cash,Ref-2454452,Settled on Billing
PAY-002453,INV-002453,SO-002453,CUST-006,2025-07-16,1682.68,UPI,Ref-2455453,Settled on Billing
PAY-002454,INV-002454,SO-002454,CUST-025,2025-09-06,2613.7,Cheque,UTR-21838146,Credit Settlement Net 30
PAY-002455,INV-002455,SO-002455,CUST-047,2025-08-02,35.4,RTGS,UTR-21847045,Credit Settlement Net 30
PAY-002456,INV-002456,SO-002456,CUST-010,2025-08-03,683.22,RTGS,UTR-21855944,Credit Settlement Net 30
PAY-002457,INV-002457,SO-002457,CUST-039,2025-08-27,7467.04,UPI,UTR-21864843,Credit Settlement Net 15
PAY-002458,INV-002458,SO-002458,CUST-013,2025-08-17,260.54,NEFT / Bank Transfer,UTR-21873742,Credit Settlement Net 15
PAY-002459,INV-002459,SO-002459,CUST-014,2025-07-17,3117.09,Cash,Ref-2461459,Settled on Billing
PAY-002460,INV-002460,SO-002460,CUST-048,2025-07-17,521.09,UPI,Ref-2462460,Settled on Billing
PAY-002461,INV-002461,SO-002461,CUST-035,2025-08-13,8389.8,NEFT / Bank Transfer,UTR-21900439,Credit Settlement Net 7
PAY-002462,INV-002462,SO-002462,CUST-041,2025-07-26,67038.87,UPI,UTR-21909338,Credit Settlement Net 45
PAY-002463,INV-002463,SO-002463,CUST-016,2025-07-27,283.2,NEFT / Bank Transfer,UTR-21918237,Credit Settlement Net 30
PAY-002464,INV-002464,SO-002464,CUST-040,2025-08-23,2572.4,NEFT / Bank Transfer,UTR-21927136,Credit Settlement Net 30
PAY-002465,INV-002465,SO-002465,CUST-005,2025-07-18,5327.7,Cash,Ref-2467465,Settled on Billing
PAY-002466,INV-002466,SO-002466,CUST-007,2025-07-30,2773.0,UPI,UTR-21944934,Credit Settlement Net 30
PAY-002467,INV-002467,SO-002467,CUST-010,2025-08-07,1105.19,Cheque,UTR-21953833,Credit Settlement Net 30
PAY-002468,INV-002468,SO-002468,CUST-009,2025-08-18,137940.82,Cheque,UTR-21962732,Credit Settlement Net 30
PAY-002469,INV-002469,SO-002469,CUST-021,2025-07-19,4354.2,Cash,Ref-2471469,Settled on Billing
PAY-002470,INV-002470,SO-002470,CUST-020,2025-07-31,3052.66,RTGS,UTR-21980530,Credit Settlement Net 15
PAY-002471,INV-002471,SO-002471,CUST-004,2025-08-10,139130.26,RTGS,UTR-21989429,Credit Settlement Net 45
PAY-002472,INV-002472,SO-002472,CUST-038,2025-07-26,220799.24,Cheque,UTR-21998328,Credit Settlement Net 15
PAY-002473,INV-002473,SO-002473,CUST-004,2025-07-28,22149.54,Cheque,UTR-22007227,Credit Settlement Net 45
PAY-002474,INV-002474,SO-002474,CUST-046,2025-08-16,8261.42,Cheque,UTR-22016126,Credit Settlement Net 30
PAY-002475,INV-002475,SO-002475,CUST-011,2025-08-11,29154.5,NEFT / Bank Transfer,UTR-22025025,Credit Settlement Net 45
PAY-002476,INV-002476,SO-002476,CUST-029,2025-08-11,239754.76,NEFT / Bank Transfer,UTR-22033924,Credit Settlement Net 45
PAY-002477,INV-002477,SO-002477,CUST-020,2025-08-15,1912.78,RTGS,UTR-22042823,Credit Settlement Net 15
PAY-002478,INV-002478,SO-002478,CUST-007,2025-08-22,3080.51,UPI,UTR-22051722,Credit Settlement Net 30
PAY-002479,INV-002479,SO-002479,CUST-023,2025-08-18,306140.38,UPI,UTR-22060621,Credit Settlement Net 15
PAY-002480,INV-002480,SO-002480,CUST-032,2025-07-28,7776.91,RTGS,UTR-22069520,Credit Settlement Net 30
PAY-002481,INV-002481,SO-002481,CUST-032,2025-10-03,31770.32,Cheque,UTR-22078419,Credit Settlement Net 30
PAY-002482,INV-002482,SO-002482,CUST-004,2025-08-27,40534.18,Cheque,UTR-22087318,Credit Settlement Net 45
PAY-002483,INV-002483,SO-002483,CUST-016,2025-08-26,2773.0,Cheque,UTR-22096217,Credit Settlement Net 30
PAY-002484,INV-002484,SO-002484,CUST-029,2025-09-08,27823.22,RTGS,UTR-22105116,Credit Settlement Net 45
PAY-002485,INV-002485,SO-002485,CUST-048,2025-07-22,696.2,UPI,Ref-2487485,Settled on Billing
PAY-002486,INV-002486,SO-002486,CUST-041,2025-09-14,9908.46,Cheque,UTR-22122914,Credit Settlement Net 45
PAY-002487,INV-002487,SO-002487,CUST-023,2025-10-09,53214.22,RTGS,UTR-22131813,Credit Settlement Net 15
PAY-002488,INV-002488,SO-002488,CUST-017,2025-08-12,5516.5,RTGS,UTR-22140712,Credit Settlement Net 30
PAY-002489,INV-002489,SO-002489,CUST-009,2025-08-10,32919.17,RTGS,UTR-22149611,Credit Settlement Net 30
PAY-002490,INV-002490,SO-002490,CUST-002,2025-08-23,102654.34,NEFT / Bank Transfer,UTR-22158510,Credit Settlement Net 15
PAY-002491,INV-002491,SO-002491,CUST-045,2025-07-24,660.8,Cash,Ref-2493491,Settled on Billing
PAY-002492,INV-002492,SO-002492,CUST-030,2025-07-24,402.62,UPI,Ref-2494492,Settled on Billing
PAY-002493,INV-002493,SO-002493,CUST-007,2025-09-02,2731.7,RTGS,UTR-22185207,Credit Settlement Net 30
PAY-002494,INV-002494,SO-002494,CUST-033,2025-07-24,189.98,Credit Card,Ref-2496494,Settled on Billing
PAY-002495,INV-002495,SO-002495,CUST-018,2025-07-24,5675.8,UPI,Ref-2497495,Settled on Billing
PAY-002496,INV-002496,SO-002496,CUST-030,2025-07-24,6974.98,UPI,Ref-2498496,Settled on Billing
PAY-002497,INV-002497,SO-002497,CUST-017,2025-08-24,3573.04,UPI,UTR-22220803,Credit Settlement Net 30
PAY-002498,INV-002498,SO-002498,CUST-041,2025-10-27,142447.95,NEFT / Bank Transfer,UTR-22229702,Credit Settlement Net 45
PAY-002499,INV-002499,SO-002499,CUST-020,2025-09-06,8118.4,Cheque,UTR-22238601,Credit Settlement Net 15
PAY-002500,INV-002500,SO-002500,CUST-028,2025-09-09,179395.4,UPI,UTR-22247500,Credit Settlement Net 30
PAY-002501,INV-002501,SO-002501,CUST-031,2025-07-25,2537.0,Cash,Ref-2503501,Settled on Billing
PAY-002502,INV-002502,SO-002502,CUST-030,2025-07-25,488.52,UPI,Ref-2504502,Settled on Billing
PAY-002503,INV-002503,SO-002503,CUST-019,2025-08-16,1239.0,RTGS,UTR-22274197,Credit Settlement Net 30
PAY-002504,INV-002504,SO-002504,CUST-018,2025-07-26,8507.8,UPI,Ref-2506504,Settled on Billing
PAY-002505,INV-002505,SO-002505,CUST-044,2025-08-16,10009.94,UPI,UTR-22291995,Credit Settlement Net 7
PAY-002506,INV-002506,SO-002506,CUST-031,2025-07-26,389.4,Cash,Ref-2508506,Settled on Billing
PAY-002507,INV-002507,SO-002507,CUST-037,2025-08-23,761.1,NEFT / Bank Transfer,UTR-22309793,Credit Settlement Net 30
PAY-002508,INV-002508,SO-002508,CUST-028,2025-10-24,322992.43,NEFT / Bank Transfer,UTR-22318692,Credit Settlement Net 30
PAY-002509,INV-002509,SO-002509,CUST-015,2025-09-07,56187.82,NEFT / Bank Transfer,UTR-22327591,Credit Settlement Net 30
PAY-002510,INV-002510,SO-002510,CUST-038,2025-08-04,125345.74,UPI,UTR-22336490,Credit Settlement Net 15
PAY-002511,INV-002511,SO-002511,CUST-041,2025-08-03,166423.89,RTGS,UTR-22345389,Credit Settlement Net 45
PAY-002512,INV-002512,SO-002512,CUST-006,2025-07-28,1419.54,UPI,Ref-2514512,Settled on Billing
PAY-002513,INV-002513,SO-002513,CUST-039,2025-08-27,23517.4,RTGS,UTR-22363187,Credit Settlement Net 15
PAY-002514,INV-002514,SO-002514,CUST-031,2025-07-28,4139.44,Cash,Ref-2516514,Settled on Billing
PAY-002515,INV-002515,SO-002515,CUST-016,2025-08-14,330.4,Cheque,UTR-22380985,Credit Settlement Net 30
PAY-002516,INV-002516,SO-002516,CUST-022,2025-08-24,201709.2,UPI,UTR-22389884,Credit Settlement Net 30
PAY-002517,INV-002517,SO-002517,CUST-034,2025-08-04,3341.76,NEFT / Bank Transfer,UTR-22398783,Credit Settlement Net 30
PAY-002518,INV-002518,SO-002518,CUST-040,2025-08-08,2808.4,Cheque,UTR-22407682,Credit Settlement Net 30
PAY-002519,INV-002519,SO-002519,CUST-001,2025-08-22,157639.5,Cheque,UTR-22416581,Credit Settlement Net 30
PAY-002520,INV-002520,SO-002520,CUST-014,2025-07-29,189.98,Cash,Ref-2522520,Settled on Billing
PAY-002521,INV-002521,SO-002521,CUST-033,2025-07-29,3197.8,Credit Card,Ref-2523521,Settled on Billing
PAY-002522,INV-002522,SO-002522,CUST-031,2025-07-29,238.83,Cash,Ref-2524522,Settled on Billing
PAY-002523,INV-002523,SO-002523,CUST-031,2025-07-30,462.8,Cash,Ref-2525523,Settled on Billing
PAY-002524,INV-002524,SO-002524,CUST-027,2025-08-06,379.96,Cheque,UTR-22461076,Credit Settlement Net 30
PAY-002525,INV-002525,SO-002525,CUST-022,2025-08-22,137753.2,NEFT / Bank Transfer,UTR-22469975,Credit Settlement Net 30
PAY-002526,INV-002526,SO-002526,CUST-003,2025-08-18,1706.75,UPI,UTR-22478874,Credit Settlement Net 15
PAY-002527,INV-002527,SO-002527,CUST-013,2025-08-24,6655.2,Cheque,UTR-22487773,Credit Settlement Net 15
PAY-002528,INV-002528,SO-002528,CUST-023,2025-08-10,139625.62,UPI,UTR-22496672,Credit Settlement Net 15
PAY-002529,INV-002529,SO-002529,CUST-017,2025-08-17,194.7,NEFT / Bank Transfer,UTR-22505571,Credit Settlement Net 30
PAY-002530,INV-002530,SO-002530,CUST-022,2025-08-24,85307.39,RTGS,UTR-22514470,Credit Settlement Net 30
PAY-002531,INV-002531,SO-002531,CUST-002,2025-08-11,248837.93,RTGS,UTR-22523369,Credit Settlement Net 15
PAY-002532,INV-002532,SO-002532,CUST-005,2025-07-31,455.24,Cash,Ref-2534532,Settled on Billing
PAY-002533,INV-002533,SO-002533,CUST-025,2025-08-22,1446.68,Cheque,UTR-22541167,Credit Settlement Net 30
PAY-002534,INV-002534,SO-002534,CUST-042,2025-09-02,87167.54,NEFT / Bank Transfer,UTR-22550066,Credit Settlement Net 15
PAY-002535,INV-002535,SO-002535,CUST-035,2025-08-07,2297.46,UPI,UTR-22558965,Credit Settlement Net 7
PAY-002536,INV-002536,SO-002536,CUST-031,2025-07-31,76.7,Cash,Ref-2538536,Settled on Billing
PAY-002537,INV-002537,SO-002537,CUST-006,2025-07-31,5599.1,UPI,Ref-2539537,Settled on Billing
PAY-002538,INV-002538,SO-002538,CUST-048,2025-08-01,2879.2,UPI,Ref-2540538,Settled on Billing
PAY-002539,INV-002539,SO-002539,CUST-018,2025-08-01,998.75,UPI,Ref-2541539,Settled on Billing
PAY-002540,INV-002540,SO-002540,CUST-045,2025-08-01,506.22,Cash,Ref-2542540,Settled on Billing
PAY-002541,INV-002541,SO-002541,CUST-022,2025-08-13,101073.61,UPI,UTR-22612359,Credit Settlement Net 30
PAY-002542,INV-002542,SO-002542,CUST-040,2025-08-29,1239.0,UPI,UTR-22621258,Credit Settlement Net 30
PAY-002543,INV-002543,SO-002543,CUST-048,2025-08-02,424.8,UPI,Ref-2545543,Settled on Billing
PAY-002544,INV-002544,SO-002544,CUST-016,2025-09-07,477.9,NEFT / Bank Transfer,UTR-22639056,Credit Settlement Net 30
PAY-002545,INV-002545,SO-002545,CUST-002,2025-08-30,135790.15,RTGS,UTR-22647955,Credit Settlement Net 15
PAY-002546,INV-002546,SO-002546,CUST-033,2025-08-02,1492.7,Credit Card,Ref-2548546,Settled on Billing
PAY-002547,INV-002547,SO-002547,CUST-025,2025-09-18,3445.6,Cheque,UTR-22665753,Credit Settlement Net 30
PAY-002548,INV-002548,SO-002548,CUST-031,2025-08-04,977.04,Cash,Ref-2550548,Settled on Billing
PAY-002549,INV-002549,SO-002549,CUST-030,2025-08-04,5310.0,UPI,Ref-2551549,Settled on Billing
PAY-002550,INV-002550,SO-002550,CUST-004,2025-09-22,204715.84,NEFT / Bank Transfer,UTR-22692450,Credit Settlement Net 45
PAY-002551,INV-002551,SO-002551,CUST-001,2025-08-28,49024.28,NEFT / Bank Transfer,UTR-22701349,Credit Settlement Net 30
PAY-002552,INV-002552,SO-002552,CUST-044,2025-09-21,4263.34,NEFT / Bank Transfer,UTR-22710248,Credit Settlement Net 7
PAY-002553,INV-002553,SO-002553,CUST-046,2025-09-28,566.4,UPI,UTR-22719147,Credit Settlement Net 30
PAY-002554,INV-002554,SO-002554,CUST-014,2025-08-05,977.04,Cash,Ref-2556554,Settled on Billing
PAY-002555,INV-002555,SO-002555,CUST-010,2025-09-06,2590.1,Cheque,UTR-22736945,Credit Settlement Net 30
PAY-002556,INV-002556,SO-002556,CUST-027,2025-08-24,76.7,UPI,UTR-22745844,Credit Settlement Net 30
PAY-002557,INV-002557,SO-002557,CUST-023,2025-08-31,205551.28,NEFT / Bank Transfer,UTR-22754743,Credit Settlement Net 15
PAY-002558,INV-002558,SO-002558,CUST-040,2025-08-27,1634.3,Cheque,UTR-22763642,Credit Settlement Net 30
PAY-002559,INV-002559,SO-002559,CUST-037,2025-09-06,651.36,Cheque,UTR-22772541,Credit Settlement Net 30
PAY-002560,INV-002560,SO-002560,CUST-035,2025-09-03,5300.56,Cheque,UTR-22781440,Credit Settlement Net 7
PAY-002561,INV-002561,SO-002561,CUST-002,2025-09-25,145212.92,UPI,UTR-22790339,Credit Settlement Net 15
PAY-002562,INV-002562,SO-002562,CUST-041,2025-08-14,74432.04,UPI,UTR-22799238,Credit Settlement Net 45
PAY-002563,INV-002563,SO-002563,CUST-032,2025-08-25,93060.23,UPI,UTR-22808137,Credit Settlement Net 30
PAY-002564,INV-002564,SO-002564,CUST-034,2025-08-21,5074.0,RTGS,UTR-22817036,Credit Settlement Net 30
PAY-002565,INV-002565,SO-002565,CUST-021,2025-08-07,1610.7,Cash,Ref-2567565,Settled on Billing
PAY-002566,INV-002566,SO-002566,CUST-007,2025-08-18,569.94,RTGS,UTR-22834834,Credit Settlement Net 30
PAY-002567,INV-002567,SO-002567,CUST-034,2025-11-02,3171.84,NEFT / Bank Transfer,UTR-22843733,Credit Settlement Net 30
PAY-002568,INV-002568,SO-002568,CUST-021,2025-08-08,4675.63,Cash,Ref-2570568,Settled on Billing
PAY-002569,INV-002569,SO-002569,CUST-005,2025-08-08,1442.43,Cash,Ref-2571569,Settled on Billing
PAY-002570,INV-002570,SO-002570,CUST-008,2025-08-24,19676.5,RTGS,UTR-22870430,Credit Settlement Net 7
PAY-002571,INV-002571,SO-002571,CUST-026,2025-09-28,3097.26,UPI,UTR-22879329,Credit Settlement Net 15
PAY-002572,INV-002572,SO-002572,CUST-009,2025-09-06,173400.29,RTGS,UTR-22888228,Credit Settlement Net 30
PAY-002573,INV-002573,SO-002573,CUST-043,2025-08-31,521.09,Cheque,UTR-22897127,Credit Settlement Net 30
PAY-002574,INV-002574,SO-002574,CUST-046,2025-08-21,483.8,Cheque,UTR-22906026,Credit Settlement Net 30
PAY-002575,INV-002575,SO-002575,CUST-027,2025-08-20,1513.23,NEFT / Bank Transfer,UTR-22914925,Credit Settlement Net 30
PAY-002576,INV-002576,SO-002576,CUST-028,2025-08-18,253897.53,RTGS,UTR-22923824,Credit Settlement Net 30
PAY-002577,INV-002577,SO-002577,CUST-036,2025-08-17,80922.28,NEFT / Bank Transfer,UTR-22932723,Credit Settlement Net 30
PAY-002578,INV-002578,SO-002578,CUST-002,2025-08-22,292958.6,RTGS,UTR-22941622,Credit Settlement Net 15
PAY-002579,INV-002579,SO-002579,CUST-019,2025-09-01,2820.2,UPI,UTR-22950521,Credit Settlement Net 30
PAY-002580,INV-002580,SO-002580,CUST-039,2025-08-30,5447.35,RTGS,UTR-22959420,Credit Settlement Net 15
PAY-002581,INV-002581,SO-002581,CUST-002,2025-09-09,210470.7,RTGS,UTR-22968319,Credit Settlement Net 15
PAY-002582,INV-002582,SO-002582,CUST-004,2025-08-19,120751.52,UPI,UTR-22977218,Credit Settlement Net 45
PAY-002583,INV-002583,SO-002583,CUST-039,2025-10-19,15514.64,RTGS,UTR-22986117,Credit Settlement Net 15
PAY-002584,INV-002584,SO-002584,CUST-039,2025-08-29,3805.03,RTGS,UTR-22995016,Credit Settlement Net 15
PAY-002585,INV-002585,SO-002585,CUST-042,2025-09-07,195024.5,NEFT / Bank Transfer,UTR-23003915,Credit Settlement Net 15
PAY-002586,INV-002586,SO-002586,CUST-011,2025-10-04,44315.14,RTGS,UTR-23012814,Credit Settlement Net 45
PAY-002587,INV-002587,SO-002587,CUST-030,2025-08-13,1554.53,UPI,Ref-2589587,Settled on Billing
PAY-002588,INV-002588,SO-002588,CUST-042,2025-08-21,58507.7,UPI,UTR-23030612,Credit Settlement Net 15
PAY-002589,INV-002589,SO-002589,CUST-004,2025-09-03,230299.18,Cheque,UTR-23039511,Credit Settlement Net 45
PAY-002590,INV-002590,SO-002590,CUST-029,2025-08-21,276710.0,RTGS,UTR-23048410,Credit Settlement Net 45
PAY-002591,INV-002591,SO-002591,CUST-014,2025-08-14,53.1,Cash,Ref-2593591,Settled on Billing
PAY-002592,INV-002592,SO-002592,CUST-043,2025-09-01,4071.0,UPI,UTR-23066208,Credit Settlement Net 30
PAY-002593,INV-002593,SO-002593,CUST-002,2025-08-27,116051.82,Cheque,UTR-23075107,Credit Settlement Net 15
PAY-002594,INV-002594,SO-002594,CUST-015,2025-09-03,137437.9,RTGS,UTR-23084006,Credit Settlement Net 30
PAY-002595,INV-002595,SO-002595,CUST-023,2025-10-08,122894.64,RTGS,UTR-23092905,Credit Settlement Net 15
PAY-002596,INV-002596,SO-002596,CUST-008,2025-09-03,40086.96,UPI,UTR-23101804,Credit Settlement Net 7
PAY-002597,INV-002597,SO-002597,CUST-005,2025-08-15,3947.1,Cash,Ref-2599597,Settled on Billing
PAY-002598,INV-002598,SO-002598,CUST-001,2025-10-15,28931.95,RTGS,UTR-23119602,Credit Settlement Net 30
PAY-002599,INV-002599,SO-002599,CUST-027,2025-09-17,610.06,Cheque,UTR-23128501,Credit Settlement Net 30
PAY-002600,INV-002600,SO-002600,CUST-001,2025-09-29,11651.32,UPI,UTR-23137400,Credit Settlement Net 30
PAY-002601,INV-002601,SO-002601,CUST-031,2025-08-15,499.38,Cash,Ref-2603601,Settled on Billing
PAY-002602,INV-002602,SO-002602,CUST-010,2025-08-27,1298.0,UPI,UTR-23155198,Credit Settlement Net 30
PAY-002603,INV-002603,SO-002603,CUST-030,2025-08-16,162.84,UPI,Ref-2605603,Settled on Billing
PAY-002604,INV-002604,SO-002604,CUST-019,2025-08-27,162.84,RTGS,UTR-23172996,Credit Settlement Net 30
PAY-002605,INV-002605,SO-002605,CUST-031,2025-08-16,238.83,Cash,Ref-2607605,Settled on Billing
PAY-002606,INV-002606,SO-002606,CUST-039,2025-11-13,11894.4,UPI,UTR-23190794,Credit Settlement Net 15
PAY-002607,INV-002607,SO-002607,CUST-044,2025-10-07,22496.46,UPI,UTR-23199693,Credit Settlement Net 7
PAY-002608,INV-002608,SO-002608,CUST-010,2025-09-15,194.7,Cheque,UTR-23208592,Credit Settlement Net 30
PAY-002609,INV-002609,SO-002609,CUST-026,2025-09-08,31588.6,RTGS,UTR-23217491,Credit Settlement Net 15
PAY-002610,INV-002610,SO-002610,CUST-025,2025-09-04,868.48,RTGS,UTR-23226390,Credit Settlement Net 30
PAY-002611,INV-002611,SO-002611,CUST-026,2025-09-12,18602.7,NEFT / Bank Transfer,UTR-23235289,Credit Settlement Net 15
PAY-002612,INV-002612,SO-002612,CUST-037,2025-09-04,4177.2,UPI,UTR-23244188,Credit Settlement Net 30
PAY-002613,INV-002613,SO-002613,CUST-002,2025-10-09,50950.04,NEFT / Bank Transfer,UTR-23253087,Credit Settlement Net 15
PAY-002614,INV-002614,SO-002614,CUST-046,2025-09-02,2564.14,RTGS,UTR-23261986,Credit Settlement Net 30
PAY-002615,INV-002615,SO-002615,CUST-006,2025-08-19,501.5,UPI,Ref-2617615,Settled on Billing
PAY-002616,INV-002616,SO-002616,CUST-044,2025-09-03,3587.2,RTGS,UTR-23279784,Credit Settlement Net 7
PAY-002617,INV-002617,SO-002617,CUST-045,2025-08-20,4401.4,Cash,Ref-2619617,Settled on Billing
PAY-002618,INV-002618,SO-002618,CUST-006,2025-08-20,343.38,UPI,Ref-2620618,Settled on Billing
PAY-002619,INV-002619,SO-002619,CUST-039,2025-09-12,35355.16,Cheque,UTR-23306481,Credit Settlement Net 15
PAY-002620,INV-002620,SO-002620,CUST-005,2025-08-20,580.8,Cash,Ref-2622620,Settled on Billing
PAY-002621,INV-002621,SO-002621,CUST-040,2025-09-05,977.04,UPI,UTR-23324279,Credit Settlement Net 30
PAY-002622,INV-002622,SO-002622,CUST-006,2025-08-21,584.1,UPI,Ref-2624622,Settled on Billing
PAY-002623,INV-002623,SO-002623,CUST-021,2025-08-21,4047.4,Cash,Ref-2625623,Settled on Billing
PAY-002624,INV-002624,SO-002624,CUST-007,2025-09-11,2773.0,Cheque,UTR-23350976,Credit Settlement Net 30
PAY-002625,INV-002625,SO-002625,CUST-010,2025-09-20,3124.64,RTGS,UTR-23359875,Credit Settlement Net 30
PAY-002626,INV-002626,SO-002626,CUST-027,2025-09-07,6289.4,Cheque,UTR-23368774,Credit Settlement Net 30
PAY-002627,INV-002627,SO-002627,CUST-012,2025-08-22,5563.7,Credit Card,Ref-2629627,Settled on Billing
PAY-002628,INV-002628,SO-002628,CUST-048,2025-08-22,311.52,UPI,Ref-2630628,Settled on Billing
PAY-002629,INV-002629,SO-002629,CUST-025,2025-09-11,194.7,NEFT / Bank Transfer,UTR-23395471,Credit Settlement Net 30
PAY-002630,INV-002630,SO-002630,CUST-030,2025-08-23,461.38,UPI,Ref-2632630,Settled on Billing
PAY-002631,INV-002631,SO-002631,CUST-041,2025-09-14,35276.57,UPI,UTR-23413269,Credit Settlement Net 45
PAY-002632,INV-002632,SO-002632,CUST-012,2025-08-23,3954.18,Credit Card,Ref-2634632,Settled on Billing
PAY-002633,INV-002633,SO-002633,CUST-014,2025-08-25,2767.1,Cash,Ref-2635633,Settled on Billing
PAY-002634,INV-002634,SO-002634,CUST-044,2025-09-05,14079.76,NEFT / Bank Transfer,UTR-23439966,Credit Settlement Net 7
PAY-002635,INV-002635,SO-002635,CUST-043,2025-09-14,5562.52,RTGS,UTR-23448865,Credit Settlement Net 30
PAY-002636,INV-002636,SO-002636,CUST-016,2025-10-05,2168.84,NEFT / Bank Transfer,UTR-23457764,Credit Settlement Net 30
PAY-002637,INV-002637,SO-002637,CUST-021,2025-08-25,584.1,Cash,Ref-2639637,Settled on Billing
PAY-002638,INV-002638,SO-002638,CUST-036,2025-09-05,116584.0,RTGS,UTR-23475562,Credit Settlement Net 30
PAY-002639,INV-002639,SO-002639,CUST-018,2025-08-25,283.2,UPI,Ref-2641639,Settled on Billing
PAY-002640,INV-002640,SO-002640,CUST-012,2025-08-25,761.1,Credit Card,Ref-2642640,Settled on Billing
PAY-002641,INV-002641,SO-002641,CUST-015,2025-09-28,110809.08,UPI,UTR-23502259,Credit Settlement Net 30
PAY-002642,INV-002642,SO-002642,CUST-011,2025-10-12,83801.24,Cheque,UTR-23511158,Credit Settlement Net 45
PAY-002643,INV-002643,SO-002643,CUST-021,2025-08-26,3501.06,Cash,Ref-2645643,Settled on Billing
PAY-002644,INV-002644,SO-002644,CUST-002,2025-08-31,285704.9,NEFT / Bank Transfer,UTR-23528956,Credit Settlement Net 15
PAY-002645,INV-002645,SO-002645,CUST-043,2025-09-06,1239.0,Cheque,UTR-23537855,Credit Settlement Net 30
PAY-002646,INV-002646,SO-002646,CUST-039,2025-09-23,3006.64,UPI,UTR-23546754,Credit Settlement Net 15
PAY-002647,INV-002647,SO-002647,CUST-041,2025-09-22,124599.27,UPI,UTR-23555653,Credit Settlement Net 45
PAY-002648,INV-002648,SO-002648,CUST-037,2025-09-13,1110.14,Cheque,UTR-23564552,Credit Settlement Net 30
PAY-002649,INV-002649,SO-002649,CUST-019,2025-09-25,566.4,RTGS,UTR-23573451,Credit Settlement Net 30
PAY-002650,INV-002650,SO-002650,CUST-037,2025-09-10,2596.0,RTGS,UTR-23582350,Credit Settlement Net 30
PAY-002651,INV-002651,SO-002651,CUST-002,2025-09-13,76882.19,NEFT / Bank Transfer,UTR-23591249,Credit Settlement Net 15
PAY-002652,INV-002652,SO-002652,CUST-033,2025-08-29,9221.7,Credit Card,Ref-2654652,Settled on Billing
PAY-002653,INV-002653,SO-002653,CUST-033,2025-08-29,81.42,Credit Card,Ref-2655653,Settled on Billing
PAY-002654,INV-002654,SO-002654,CUST-007,2025-10-18,6327.63,NEFT / Bank Transfer,UTR-23617946,Credit Settlement Net 30
PAY-002655,INV-002655,SO-002655,CUST-048,2025-08-29,1740.5,UPI,Ref-2657655,Settled on Billing
PAY-002656,INV-002656,SO-002656,CUST-042,2025-10-05,87632.7,UPI,UTR-23635744,Credit Settlement Net 15
PAY-002657,INV-002657,SO-002657,CUST-002,2025-10-03,176403.86,RTGS,UTR-23644643,Credit Settlement Net 15
PAY-002658,INV-002658,SO-002658,CUST-019,2025-09-14,3357.1,RTGS,UTR-23653542,Credit Settlement Net 30
PAY-002659,INV-002659,SO-002659,CUST-013,2025-09-13,2613.7,NEFT / Bank Transfer,UTR-23662441,Credit Settlement Net 15
PAY-002660,INV-002660,SO-002660,CUST-011,2025-09-17,50443.58,NEFT / Bank Transfer,UTR-23671340,Credit Settlement Net 45
PAY-002661,INV-002661,SO-002661,CUST-022,2025-10-09,15738.84,RTGS,UTR-23680239,Credit Settlement Net 30
PAY-002662,INV-002662,SO-002662,CUST-002,2025-09-27,382863.27,Cheque,UTR-23689138,Credit Settlement Net 15
PAY-002663,INV-002663,SO-002663,CUST-004,2025-09-21,22150.49,RTGS,UTR-23698037,Credit Settlement Net 45
PAY-002664,INV-002664,SO-002664,CUST-034,2025-09-08,2499.24,NEFT / Bank Transfer,UTR-23706936,Credit Settlement Net 30
PAY-002665,INV-002665,SO-002665,CUST-013,2025-09-07,153.4,NEFT / Bank Transfer,UTR-23715835,Credit Settlement Net 15
PAY-002666,INV-002666,SO-002666,CUST-041,2025-09-28,120545.26,RTGS,UTR-23724734,Credit Settlement Net 45
PAY-002667,INV-002667,SO-002667,CUST-028,2025-09-27,191693.6,Cheque,UTR-23733633,Credit Settlement Net 30
PAY-002668,INV-002668,SO-002668,CUST-012,2025-09-02,3016.08,Credit Card,Ref-2670668,Settled on Billing
PAY-002669,INV-002669,SO-002669,CUST-015,2025-09-25,175984.02,NEFT / Bank Transfer,UTR-23751431,Credit Settlement Net 30
PAY-002670,INV-002670,SO-002670,CUST-016,2025-09-15,2649.1,RTGS,UTR-23760330,Credit Settlement Net 30
PAY-002671,INV-002671,SO-002671,CUST-005,2025-09-03,5546.0,Cash,Ref-2673671,Settled on Billing
PAY-002672,INV-002672,SO-002672,CUST-028,2025-10-13,201474.38,UPI,UTR-23778128,Credit Settlement Net 30
PAY-002673,INV-002673,SO-002673,CUST-029,2025-09-14,24752.39,RTGS,UTR-23787027,Credit Settlement Net 45
PAY-002674,INV-002674,SO-002674,CUST-034,2025-09-28,5246.52,UPI,UTR-23795926,Credit Settlement Net 30
PAY-002675,INV-002675,SO-002675,CUST-003,2025-09-21,9015.2,Cheque,UTR-23804825,Credit Settlement Net 15
PAY-002676,INV-002676,SO-002676,CUST-001,2025-10-01,37521.17,UPI,UTR-23813724,Credit Settlement Net 30
PAY-002677,INV-002677,SO-002677,CUST-041,2025-09-27,110595.26,UPI,UTR-23822623,Credit Settlement Net 45
PAY-002678,INV-002678,SO-002678,CUST-016,2025-09-16,8575.06,UPI,UTR-23831522,Credit Settlement Net 30
PAY-002679,INV-002679,SO-002679,CUST-045,2025-09-05,3188.36,Cash,Ref-2681679,Settled on Billing
PAY-002680,INV-002680,SO-002680,CUST-027,2025-09-27,1561.14,NEFT / Bank Transfer,UTR-23849320,Credit Settlement Net 30
PAY-002681,INV-002681,SO-002681,CUST-029,2025-09-11,175493.85,NEFT / Bank Transfer,UTR-23858219,Credit Settlement Net 45
PAY-002682,INV-002682,SO-002682,CUST-004,2025-09-21,178767.17,NEFT / Bank Transfer,UTR-23867118,Credit Settlement Net 45
PAY-002683,INV-002683,SO-002683,CUST-036,2025-09-14,84115.12,UPI,UTR-23876017,Credit Settlement Net 30
PAY-002684,INV-002684,SO-002684,CUST-046,2025-10-20,230.1,NEFT / Bank Transfer,UTR-23884916,Credit Settlement Net 30
PAY-002685,INV-002685,SO-002685,CUST-009,2025-09-21,187312.02,RTGS,UTR-23893815,Credit Settlement Net 30
PAY-002686,INV-002686,SO-002686,CUST-018,2025-09-08,823.64,UPI,Ref-2688686,Settled on Billing
PAY-002687,INV-002687,SO-002687,CUST-010,2025-09-25,849.6,NEFT / Bank Transfer,UTR-23911613,Credit Settlement Net 30
PAY-002688,INV-002688,SO-002688,CUST-027,2025-10-25,991.2,Cheque,UTR-23920512,Credit Settlement Net 30
PAY-002689,INV-002689,SO-002689,CUST-006,2025-09-08,9209.9,UPI,Ref-2691689,Settled on Billing
PAY-002690,INV-002690,SO-002690,CUST-008,2025-10-08,1805.4,NEFT / Bank Transfer,UTR-23938310,Credit Settlement Net 7
PAY-002691,INV-002691,SO-002691,CUST-040,2025-09-22,1019.05,UPI,UTR-23947209,Credit Settlement Net 30
PAY-002692,INV-002692,SO-002692,CUST-010,2025-10-11,3210.78,UPI,UTR-23956108,Credit Settlement Net 30
PAY-002693,INV-002693,SO-002693,CUST-037,2025-10-07,633.66,NEFT / Bank Transfer,UTR-23965007,Credit Settlement Net 30
PAY-002694,INV-002694,SO-002694,CUST-026,2025-09-19,3681.6,RTGS,UTR-23973906,Credit Settlement Net 15
PAY-002695,INV-002695,SO-002695,CUST-045,2025-09-09,1274.4,Cash,Ref-2697695,Settled on Billing
PAY-002696,INV-002696,SO-002696,CUST-002,2025-09-23,80352.57,UPI,UTR-23991704,Credit Settlement Net 15
PAY-002697,INV-002697,SO-002697,CUST-034,2025-10-19,8575.53,NEFT / Bank Transfer,UTR-24000603,Credit Settlement Net 30
PAY-002698,INV-002698,SO-002698,CUST-037,2025-09-16,53.1,RTGS,UTR-24009502,Credit Settlement Net 30
PAY-002699,INV-002699,SO-002699,CUST-005,2025-09-09,1984.76,Cash,Ref-2701699,Settled on Billing
PAY-002700,INV-002700,SO-002700,CUST-029,2025-10-07,5811.03,RTGS,UTR-24027300,Credit Settlement Net 45
PAY-002701,INV-002701,SO-002701,CUST-047,2025-12-05,5074.0,RTGS,UTR-24036199,Credit Settlement Net 30
PAY-002702,INV-002702,SO-002702,CUST-029,2025-10-09,249289.4,RTGS,UTR-24045098,Credit Settlement Net 45
PAY-002703,INV-002703,SO-002703,CUST-018,2025-09-10,1663.8,UPI,Ref-2705703,Settled on Billing
PAY-002704,INV-002704,SO-002704,CUST-048,2025-09-11,5548.83,UPI,Ref-2706704,Settled on Billing
PAY-002705,INV-002705,SO-002705,CUST-030,2025-09-11,17.7,UPI,Ref-2707705,Settled on Billing
PAY-002706,INV-002706,SO-002706,CUST-022,2025-10-20,112756.55,NEFT / Bank Transfer,UTR-24080694,Credit Settlement Net 30
PAY-002707,INV-002707,SO-002707,CUST-036,2025-09-17,35999.44,UPI,UTR-24089593,Credit Settlement Net 30
PAY-002708,INV-002708,SO-002708,CUST-044,2025-10-12,20815.2,NEFT / Bank Transfer,UTR-24098492,Credit Settlement Net 7
PAY-002709,INV-002709,SO-002709,CUST-031,2025-09-12,1039.58,Cash,Ref-2711709,Settled on Billing
PAY-002710,INV-002710,SO-002710,CUST-048,2025-09-12,3275.68,UPI,Ref-2712710,Settled on Billing
PAY-002711,INV-002711,SO-002711,CUST-010,2025-11-02,2545.26,RTGS,UTR-24125189,Credit Settlement Net 30
PAY-002712,INV-002712,SO-002712,CUST-015,2025-09-24,104852.44,Cheque,UTR-24134088,Credit Settlement Net 30
PAY-002713,INV-002713,SO-002713,CUST-011,2025-09-24,142304.46,NEFT / Bank Transfer,UTR-24142987,Credit Settlement Net 45
PAY-002714,INV-002714,SO-002714,CUST-021,2025-09-13,4071.0,Cash,Ref-2716714,Settled on Billing
PAY-002715,INV-002715,SO-002715,CUST-002,2025-09-26,80768.64,UPI,UTR-24160785,Credit Settlement Net 15
PAY-002716,INV-002716,SO-002716,CUST-001,2025-10-22,93160.06,RTGS,UTR-24169684,Credit Settlement Net 30
PAY-002717,INV-002717,SO-002717,CUST-043,2025-11-06,3894.0,NEFT / Bank Transfer,UTR-24178583,Credit Settlement Net 30
PAY-002718,INV-002718,SO-002718,CUST-046,2025-10-05,5570.54,UPI,UTR-24187482,Credit Settlement Net 30
PAY-002719,INV-002719,SO-002719,CUST-006,2025-09-16,389.4,UPI,Ref-2721719,Settled on Billing
PAY-002720,INV-002720,SO-002720,CUST-005,2025-09-16,2537.0,Cash,Ref-2722720,Settled on Billing
PAY-002721,INV-002721,SO-002721,CUST-040,2025-11-08,584.1,NEFT / Bank Transfer,UTR-24214179,Credit Settlement Net 30
PAY-002722,INV-002722,SO-002722,CUST-027,2025-10-12,4002.56,Cheque,UTR-24223078,Credit Settlement Net 30
PAY-002723,INV-002723,SO-002723,CUST-010,2025-10-29,1379.42,Cheque,UTR-24231977,Credit Settlement Net 30
PAY-002724,INV-002724,SO-002724,CUST-002,2025-10-16,71202.38,NEFT / Bank Transfer,UTR-24240876,Credit Settlement Net 15
PAY-002725,INV-002725,SO-002725,CUST-016,2025-10-17,4000.2,RTGS,UTR-24249775,Credit Settlement Net 30
PAY-002726,INV-002726,SO-002726,CUST-002,2025-10-09,221437.86,Cheque,UTR-24258674,Credit Settlement Net 15
PAY-002727,INV-002727,SO-002727,CUST-041,2025-10-07,76031.18,NEFT / Bank Transfer,UTR-24267573,Credit Settlement Net 45
PAY-002728,INV-002728,SO-002728,CUST-034,2025-09-24,2836.25,RTGS,UTR-24276472,Credit Settlement Net 30
PAY-002729,INV-002729,SO-002729,CUST-041,2025-09-27,89901.37,UPI,UTR-24285371,Credit Settlement Net 45
PAY-002730,INV-002730,SO-002730,CUST-001,2025-10-05,11303.93,UPI,UTR-24294270,Credit Settlement Net 30
PAY-002731,INV-002731,SO-002731,CUST-027,2025-10-08,663.16,NEFT / Bank Transfer,UTR-24303169,Credit Settlement Net 30
PAY-002732,INV-002732,SO-002732,CUST-041,2025-10-16,142167.34,NEFT / Bank Transfer,UTR-24312068,Credit Settlement Net 45
PAY-002733,INV-002733,SO-002733,CUST-020,2025-10-01,2975.49,RTGS,UTR-24320967,Credit Settlement Net 15
PAY-002734,INV-002734,SO-002734,CUST-008,2025-10-02,2672.46,NEFT / Bank Transfer,UTR-24329866,Credit Settlement Net 7
PAY-002735,INV-002735,SO-002735,CUST-030,2025-09-20,4006.1,UPI,Ref-2737735,Settled on Billing
PAY-002736,INV-002736,SO-002736,CUST-002,2025-11-13,183711.84,UPI,UTR-24347664,Credit Settlement Net 15
PAY-002737,INV-002737,SO-002737,CUST-014,2025-09-20,162.84,Cash,Ref-2739737,Settled on Billing
PAY-002738,INV-002738,SO-002738,CUST-013,2025-11-28,2250.26,UPI,UTR-24365462,Credit Settlement Net 15
PAY-002739,INV-002739,SO-002739,CUST-017,2025-11-03,8555.0,NEFT / Bank Transfer,UTR-24374361,Credit Settlement Net 30
PAY-002740,INV-002740,SO-002740,CUST-017,2025-10-02,338.66,UPI,UTR-24383260,Credit Settlement Net 30
PAY-002741,INV-002741,SO-002741,CUST-044,2025-10-20,8147.19,Cheque,UTR-24392159,Credit Settlement Net 7
PAY-002742,INV-002742,SO-002742,CUST-009,2025-10-19,214658.52,UPI,UTR-24401058,Credit Settlement Net 30
PAY-002743,INV-002743,SO-002743,CUST-048,2025-09-22,4592.09,UPI,Ref-2745743,Settled on Billing
PAY-002744,INV-002744,SO-002744,CUST-020,2025-10-22,16522.36,Cheque,UTR-24418856,Credit Settlement Net 15
PAY-002745,INV-002745,SO-002745,CUST-037,2025-09-30,1419.54,NEFT / Bank Transfer,UTR-24427755,Credit Settlement Net 30
PAY-002746,INV-002746,SO-002746,CUST-047,2025-09-27,5546.0,UPI,UTR-24436654,Credit Settlement Net 30
PAY-002747,INV-002747,SO-002747,CUST-041,2025-10-25,43509.43,Cheque,UTR-24445553,Credit Settlement Net 45
PAY-002748,INV-002748,SO-002748,CUST-006,2025-09-23,1351.1,UPI,Ref-2750748,Settled on Billing
PAY-002749,INV-002749,SO-002749,CUST-037,2025-11-11,6098.95,UPI,UTR-24463351,Credit Settlement Net 30
PAY-002750,INV-002750,SO-002750,CUST-045,2025-09-23,4938.3,Cash,Ref-2752750,Settled on Billing
PAY-002751,INV-002751,SO-002751,CUST-045,2025-09-23,674.49,Cash,Ref-2753751,Settled on Billing
PAY-002752,INV-002752,SO-002752,CUST-035,2025-10-17,24546.36,NEFT / Bank Transfer,UTR-24490048,Credit Settlement Net 7
PAY-002753,INV-002753,SO-002753,CUST-041,2025-10-12,151711.18,Cheque,UTR-24498947,Credit Settlement Net 45
PAY-002754,INV-002754,SO-002754,CUST-012,2025-09-23,976.33,Credit Card,Ref-2756754,Settled on Billing
PAY-002755,INV-002755,SO-002755,CUST-012,2025-09-24,566.4,Credit Card,Ref-2757755,Settled on Billing
PAY-002756,INV-002756,SO-002756,CUST-016,2025-10-20,5048.04,RTGS,UTR-24525644,Credit Settlement Net 30
PAY-002757,INV-002757,SO-002757,CUST-046,2025-10-07,3814.23,Cheque,UTR-24534543,Credit Settlement Net 30
PAY-002758,INV-002758,SO-002758,CUST-003,2025-10-12,22366.9,NEFT / Bank Transfer,UTR-24543442,Credit Settlement Net 15
PAY-002759,INV-002759,SO-002759,CUST-016,2025-10-03,1370.69,NEFT / Bank Transfer,UTR-24552341,Credit Settlement Net 30
PAY-002760,INV-002760,SO-002760,CUST-007,2025-10-01,3947.1,NEFT / Bank Transfer,UTR-24561240,Credit Settlement Net 30
PAY-002761,INV-002761,SO-002761,CUST-025,2025-10-07,2604.73,NEFT / Bank Transfer,UTR-24570139,Credit Settlement Net 30
PAY-002762,INV-002762,SO-002762,CUST-002,2025-11-03,113408.38,UPI,UTR-24579038,Credit Settlement Net 15
PAY-002763,INV-002763,SO-002763,CUST-034,2025-10-05,330.4,NEFT / Bank Transfer,UTR-24587937,Credit Settlement Net 30
PAY-002764,INV-002764,SO-002764,CUST-008,2025-10-22,1256.7,Cheque,UTR-24596836,Credit Settlement Net 7
PAY-002765,INV-002765,SO-002765,CUST-042,2025-10-24,58044.91,UPI,UTR-24605735,Credit Settlement Net 15
PAY-002766,INV-002766,SO-002766,CUST-005,2025-09-26,538.79,Cash,Ref-2768766,Settled on Billing
PAY-002767,INV-002767,SO-002767,CUST-011,2025-11-16,145777.2,NEFT / Bank Transfer,UTR-24623533,Credit Settlement Net 45
PAY-002768,INV-002768,SO-002768,CUST-034,2025-10-14,3056.2,NEFT / Bank Transfer,UTR-24632432,Credit Settlement Net 30
PAY-002769,INV-002769,SO-002769,CUST-036,2025-10-20,48185.3,NEFT / Bank Transfer,UTR-24641331,Credit Settlement Net 30
PAY-002770,INV-002770,SO-002770,CUST-047,2025-11-11,5925.49,RTGS,UTR-24650230,Credit Settlement Net 30
PAY-002771,INV-002771,SO-002771,CUST-031,2025-09-26,2895.25,Cash,Ref-2773771,Settled on Billing
PAY-002772,INV-002772,SO-002772,CUST-023,2025-11-07,86166.43,RTGS,UTR-24668028,Credit Settlement Net 15
PAY-002773,INV-002773,SO-002773,CUST-045,2025-09-27,474.36,Cash,Ref-2775773,Settled on Billing
PAY-002774,INV-002774,SO-002774,CUST-039,2025-11-21,4038.43,Cheque,UTR-24685826,Credit Settlement Net 15
PAY-002775,INV-002775,SO-002775,CUST-042,2025-10-04,365431.84,RTGS,UTR-24694725,Credit Settlement Net 15
PAY-002776,INV-002776,SO-002776,CUST-031,2025-09-27,1711.0,Cash,Ref-2778776,Settled on Billing
PAY-002777,INV-002777,SO-002777,CUST-025,2025-10-07,358.25,NEFT / Bank Transfer,UTR-24712523,Credit Settlement Net 30
PAY-002778,INV-002778,SO-002778,CUST-023,2025-11-16,94968.76,NEFT / Bank Transfer,UTR-24721422,Credit Settlement Net 15
PAY-002779,INV-002779,SO-002779,CUST-028,2025-11-10,96512.2,Cheque,UTR-24730321,Credit Settlement Net 30
PAY-002780,INV-002780,SO-002780,CUST-029,2025-10-15,190485.04,Cheque,UTR-24739220,Credit Settlement Net 45
PAY-002781,INV-002781,SO-002781,CUST-042,2025-11-19,40451.58,Cheque,UTR-24748119,Credit Settlement Net 15
PAY-002782,INV-002782,SO-002782,CUST-034,2025-10-28,1003.0,NEFT / Bank Transfer,UTR-24757018,Credit Settlement Net 30
PAY-002783,INV-002783,SO-002783,CUST-025,2025-10-18,4088.7,NEFT / Bank Transfer,UTR-24765917,Credit Settlement Net 30
PAY-002784,INV-002784,SO-002784,CUST-041,2025-10-30,107672.64,UPI,UTR-24774816,Credit Settlement Net 45
PAY-002785,INV-002785,SO-002785,CUST-004,2025-11-04,238102.05,RTGS,UTR-24783715,Credit Settlement Net 45
PAY-002786,INV-002786,SO-002786,CUST-041,2025-10-17,196156.12,UPI,UTR-24792614,Credit Settlement Net 45
PAY-002787,INV-002787,SO-002787,CUST-016,2025-10-25,4852.63,RTGS,UTR-24801513,Credit Settlement Net 30
PAY-002788,INV-002788,SO-002788,CUST-009,2025-10-31,292736.05,Cheque,UTR-24810412,Credit Settlement Net 30
PAY-002789,INV-002789,SO-002789,CUST-018,2025-10-01,2006.0,UPI,Ref-2791789,Settled on Billing
PAY-002790,INV-002790,SO-002790,CUST-047,2025-10-31,5498.8,NEFT / Bank Transfer,UTR-24828210,Credit Settlement Net 30
PAY-002791,INV-002791,SO-002791,CUST-047,2025-10-22,5074.0,RTGS,UTR-24837109,Credit Settlement Net 30
PAY-002792,INV-002792,SO-002792,CUST-047,2025-10-26,7603.92,RTGS,UTR-24846008,Credit Settlement Net 30
PAY-002793,INV-002793,SO-002793,CUST-021,2025-10-01,4152.42,Cash,Ref-2795793,Settled on Billing
PAY-002794,INV-002794,SO-002794,CUST-001,2025-10-31,179722.97,Cheque,UTR-24863806,Credit Settlement Net 30
PAY-002795,INV-002795,SO-002795,CUST-036,2025-10-28,354384.68,NEFT / Bank Transfer,UTR-24872705,Credit Settlement Net 30
PAY-002796,INV-002796,SO-002796,CUST-025,2025-11-13,4071.0,NEFT / Bank Transfer,UTR-24881604,Credit Settlement Net 30
PAY-002797,INV-002797,SO-002797,CUST-044,2025-10-29,30209.18,Cheque,UTR-24890503,Credit Settlement Net 7
PAY-002798,INV-002798,SO-002798,CUST-012,2025-10-02,2537.0,Credit Card,Ref-2800798,Settled on Billing
PAY-002799,INV-002799,SO-002799,CUST-031,2025-10-03,2596.0,Cash,Ref-2801799,Settled on Billing
PAY-002800,INV-002800,SO-002800,CUST-006,2025-10-03,7033.98,UPI,Ref-2802800,Settled on Billing
PAY-002801,INV-002801,SO-002801,CUST-010,2025-11-03,1321.6,RTGS,UTR-24926099,Credit Settlement Net 30
PAY-002802,INV-002802,SO-002802,CUST-010,2025-10-10,4071.0,NEFT / Bank Transfer,UTR-24934998,Credit Settlement Net 30
PAY-002803,INV-002803,SO-002803,CUST-039,2025-11-21,44167.4,Cheque,UTR-24943897,Credit Settlement Net 15
PAY-002804,INV-002804,SO-002804,CUST-039,2025-11-16,15922.92,NEFT / Bank Transfer,UTR-24952796,Credit Settlement Net 15
PAY-002805,INV-002805,SO-002805,CUST-035,2025-10-19,19251.7,UPI,UTR-24961695,Credit Settlement Net 7
PAY-002806,INV-002806,SO-002806,CUST-047,2025-10-25,513.3,Cheque,UTR-24970594,Credit Settlement Net 30
PAY-002807,INV-002807,SO-002807,CUST-019,2025-10-27,584.1,Cheque,UTR-24979493,Credit Settlement Net 30
PAY-002808,INV-002808,SO-002808,CUST-011,2025-10-19,108121.04,Cheque,UTR-24988392,Credit Settlement Net 45
PAY-002809,INV-002809,SO-002809,CUST-020,2025-11-02,3672.16,NEFT / Bank Transfer,UTR-24997291,Credit Settlement Net 15
PAY-002810,INV-002810,SO-002810,CUST-042,2025-10-24,323440.36,Cheque,UTR-25006190,Credit Settlement Net 15
PAY-002811,INV-002811,SO-002811,CUST-029,2025-11-07,321423.03,UPI,UTR-25015089,Credit Settlement Net 45
PAY-002812,INV-002812,SO-002812,CUST-027,2025-10-30,230.1,RTGS,UTR-25023988,Credit Settlement Net 30
PAY-002813,INV-002813,SO-002813,CUST-040,2025-11-02,5074.0,Cheque,UTR-25032887,Credit Settlement Net 30
PAY-002814,INV-002814,SO-002814,CUST-041,2025-11-04,58552.31,UPI,UTR-25041786,Credit Settlement Net 45
PAY-002815,INV-002815,SO-002815,CUST-004,2025-11-29,108163.99,RTGS,UTR-25050685,Credit Settlement Net 45
PAY-002816,INV-002816,SO-002816,CUST-041,2025-10-17,92035.28,NEFT / Bank Transfer,UTR-25059584,Credit Settlement Net 45
PAY-002817,INV-002817,SO-002817,CUST-042,2025-10-16,240105.22,UPI,UTR-25068483,Credit Settlement Net 15
PAY-002818,INV-002818,SO-002818,CUST-041,2025-11-30,51779.34,RTGS,UTR-25077382,Credit Settlement Net 45
PAY-002819,INV-002819,SO-002819,CUST-041,2025-10-23,44932.51,Cheque,UTR-25086281,Credit Settlement Net 45
PAY-002820,INV-002820,SO-002820,CUST-019,2025-10-31,2135.8,NEFT / Bank Transfer,UTR-25095180,Credit Settlement Net 30
PAY-002821,INV-002821,SO-002821,CUST-014,2025-10-08,5546.0,Cash,Ref-2823821,Settled on Billing
PAY-002822,INV-002822,SO-002822,CUST-003,2025-11-02,4416.74,NEFT / Bank Transfer,UTR-25112978,Credit Settlement Net 15
PAY-002823,INV-002823,SO-002823,CUST-008,2025-10-16,9703.14,NEFT / Bank Transfer,UTR-25121877,Credit Settlement Net 7
PAY-002824,INV-002824,SO-002824,CUST-040,2025-10-20,2537.0,RTGS,UTR-25130776,Credit Settlement Net 30
PAY-002825,INV-002825,SO-002825,CUST-023,2025-11-19,76381.4,NEFT / Bank Transfer,UTR-25139675,Credit Settlement Net 15
PAY-002826,INV-002826,SO-002826,CUST-028,2025-11-11,110891.68,NEFT / Bank Transfer,UTR-25148574,Credit Settlement Net 30
PAY-002827,INV-002827,SO-002827,CUST-039,2025-10-29,6903.0,RTGS,UTR-25157473,Credit Settlement Net 15
PAY-002828,INV-002828,SO-002828,CUST-022,2025-11-06,213846.68,UPI,UTR-25166372,Credit Settlement Net 30
PAY-002829,INV-002829,SO-002829,CUST-013,2025-10-22,153.4,NEFT / Bank Transfer,UTR-25175271,Credit Settlement Net 15
PAY-002830,INV-002830,SO-002830,CUST-033,2025-10-10,6865.24,Credit Card,Ref-2832830,Settled on Billing
PAY-002831,INV-002831,SO-002831,CUST-045,2025-10-10,3530.56,Cash,Ref-2833831,Settled on Billing
PAY-002832,INV-002832,SO-002832,CUST-030,2025-10-10,3248.11,UPI,Ref-2834832,Settled on Billing
PAY-002833,INV-002833,SO-002833,CUST-046,2025-12-17,434.05,UPI,UTR-25210867,Credit Settlement Net 30
PAY-002834,INV-002834,SO-002834,CUST-002,2025-10-19,87521.24,UPI,UTR-25219766,Credit Settlement Net 15
PAY-002835,INV-002835,SO-002835,CUST-026,2025-10-21,9790.98,UPI,UTR-25228665,Credit Settlement Net 15
PAY-002836,INV-002836,SO-002836,CUST-012,2025-10-11,599.58,Credit Card,Ref-2838836,Settled on Billing
PAY-002837,INV-002837,SO-002837,CUST-006,2025-10-13,6588.65,UPI,Ref-2839837,Settled on Billing
PAY-002838,INV-002838,SO-002838,CUST-034,2025-10-25,1213.89,UPI,UTR-25255362,Credit Settlement Net 30
PAY-002839,INV-002839,SO-002839,CUST-045,2025-10-13,3664.28,Cash,Ref-2841839,Settled on Billing
PAY-002840,INV-002840,SO-002840,CUST-007,2025-11-04,5599.1,NEFT / Bank Transfer,UTR-25273160,Credit Settlement Net 30
PAY-002841,INV-002841,SO-002841,CUST-032,2025-11-21,117555.14,Cheque,UTR-25282059,Credit Settlement Net 30
PAY-002842,INV-002842,SO-002842,CUST-030,2025-10-13,726.05,UPI,Ref-2844842,Settled on Billing
PAY-002843,INV-002843,SO-002843,CUST-007,2025-10-26,676.0,NEFT / Bank Transfer,UTR-25299857,Credit Settlement Net 30
PAY-002844,INV-002844,SO-002844,CUST-039,2025-10-31,9674.82,Cheque,UTR-25308756,Credit Settlement Net 15
PAY-002845,INV-002845,SO-002845,CUST-045,2025-10-14,506.6,Cash,Ref-2847845,Settled on Billing
PAY-002846,INV-002846,SO-002846,CUST-042,2025-12-02,134526.39,UPI,UTR-25326554,Credit Settlement Net 15
PAY-002847,INV-002847,SO-002847,CUST-026,2025-12-01,66297.12,UPI,UTR-25335453,Credit Settlement Net 15
PAY-002848,INV-002848,SO-002848,CUST-030,2025-10-15,7619.26,UPI,Ref-2850848,Settled on Billing
PAY-002849,INV-002849,SO-002849,CUST-012,2025-10-15,894.58,Credit Card,Ref-2851849,Settled on Billing
PAY-002850,INV-002850,SO-002850,CUST-022,2025-10-26,47686.16,NEFT / Bank Transfer,UTR-25362150,Credit Settlement Net 30
PAY-002851,INV-002851,SO-002851,CUST-033,2025-10-15,5872.15,Credit Card,Ref-2853851,Settled on Billing
PAY-002852,INV-002852,SO-002852,CUST-036,2025-11-09,144332.88,Cheque,UTR-25379948,Credit Settlement Net 30
PAY-002853,INV-002853,SO-002853,CUST-002,2025-10-30,149109.23,NEFT / Bank Transfer,UTR-25388847,Credit Settlement Net 15
PAY-002854,INV-002854,SO-002854,CUST-039,2025-11-12,16339.27,Cheque,UTR-25397746,Credit Settlement Net 15
PAY-002855,INV-002855,SO-002855,CUST-048,2025-10-16,7847.0,UPI,Ref-2857855,Settled on Billing
PAY-002856,INV-002856,SO-002856,CUST-032,2025-10-21,127176.27,UPI,UTR-25415544,Credit Settlement Net 30
PAY-002857,INV-002857,SO-002857,CUST-022,2025-11-07,11124.92,UPI,UTR-25424443,Credit Settlement Net 30
PAY-002858,INV-002858,SO-002858,CUST-006,2025-10-16,745.43,UPI,Ref-2860858,Settled on Billing
PAY-002859,INV-002859,SO-002859,CUST-028,2025-10-26,50959.06,RTGS,UTR-25442241,Credit Settlement Net 30
PAY-002860,INV-002860,SO-002860,CUST-026,2025-10-30,3868.7,Cheque,UTR-25451140,Credit Settlement Net 15
PAY-002861,INV-002861,SO-002861,CUST-044,2025-11-15,51285.16,UPI,UTR-25460039,Credit Settlement Net 7
PAY-002862,INV-002862,SO-002862,CUST-017,2025-11-06,429.9,RTGS,UTR-25468938,Credit Settlement Net 30
PAY-002863,INV-002863,SO-002863,CUST-028,2025-11-08,254653.2,RTGS,UTR-25477837,Credit Settlement Net 30
PAY-002864,INV-002864,SO-002864,CUST-022,2025-11-09,14858.8,UPI,UTR-25486736,Credit Settlement Net 30
PAY-002865,INV-002865,SO-002865,CUST-046,2025-11-06,668.73,NEFT / Bank Transfer,UTR-25495635,Credit Settlement Net 30
PAY-002866,INV-002866,SO-002866,CUST-016,2025-11-08,3414.5,NEFT / Bank Transfer,UTR-25504534,Credit Settlement Net 30
PAY-002867,INV-002867,SO-002867,CUST-038,2025-10-22,329494.0,UPI,UTR-25513433,Credit Settlement Net 15
PAY-002868,INV-002868,SO-002868,CUST-017,2025-11-07,1482.26,NEFT / Bank Transfer,UTR-25522332,Credit Settlement Net 30
PAY-002869,INV-002869,SO-002869,CUST-027,2025-11-07,424.8,UPI,UTR-25531231,Credit Settlement Net 30
PAY-002870,INV-002870,SO-002870,CUST-019,2025-11-04,882.64,Cheque,UTR-25540130,Credit Settlement Net 30
PAY-002871,INV-002871,SO-002871,CUST-035,2025-11-15,7102.23,NEFT / Bank Transfer,UTR-25549029,Credit Settlement Net 7
PAY-002872,INV-002872,SO-002872,CUST-030,2025-10-18,849.6,UPI,Ref-2874872,Settled on Billing
PAY-002873,INV-002873,SO-002873,CUST-034,2025-10-25,6879.4,Cheque,UTR-25566827,Credit Settlement Net 30
PAY-002874,INV-002874,SO-002874,CUST-016,2025-11-04,3776.0,NEFT / Bank Transfer,UTR-25575726,Credit Settlement Net 30
PAY-002875,INV-002875,SO-002875,CUST-037,2025-11-02,220.28,NEFT / Bank Transfer,UTR-25584625,Credit Settlement Net 30
PAY-002876,INV-002876,SO-002876,CUST-026,2025-11-02,18662.88,Cheque,UTR-25593524,Credit Settlement Net 15
PAY-002877,INV-002877,SO-002877,CUST-006,2025-10-18,229.27,UPI,Ref-2879877,Settled on Billing
PAY-002878,INV-002878,SO-002878,CUST-045,2025-10-18,1292.1,Cash,Ref-2880878,Settled on Billing
PAY-002879,INV-002879,SO-002879,CUST-015,2025-11-10,80379.24,RTGS,UTR-25620221,Credit Settlement Net 30
PAY-002880,INV-002880,SO-002880,CUST-031,2025-10-20,3751.22,Cash,Ref-2882880,Settled on Billing
PAY-002881,INV-002881,SO-002881,CUST-020,2025-10-27,7836.38,UPI,UTR-25638019,Credit Settlement Net 15
PAY-002882,INV-002882,SO-002882,CUST-019,2025-11-29,429.9,NEFT / Bank Transfer,UTR-25646918,Credit Settlement Net 30
PAY-002883,INV-002883,SO-002883,CUST-043,2025-11-20,1583.37,NEFT / Bank Transfer,UTR-25655817,Credit Settlement Net 30
PAY-002884,INV-002884,SO-002884,CUST-013,2025-11-04,2185.2,UPI,UTR-25664716,Credit Settlement Net 15
PAY-002885,INV-002885,SO-002885,CUST-004,2025-11-12,56202.58,NEFT / Bank Transfer,UTR-25673615,Credit Settlement Net 45
PAY-002886,INV-002886,SO-002886,CUST-048,2025-10-21,458.55,UPI,Ref-2888886,Settled on Billing
PAY-002887,INV-002887,SO-002887,CUST-040,2025-10-27,3328.35,Cheque,UTR-25691413,Credit Settlement Net 30
PAY-002888,INV-002888,SO-002888,CUST-021,2025-10-21,1181.8,Cash,Ref-2890888,Settled on Billing
PAY-002889,INV-002889,SO-002889,CUST-001,2025-12-11,10208.98,UPI,UTR-25709211,Credit Settlement Net 30
PAY-002890,INV-002890,SO-002890,CUST-027,2025-12-12,458.55,Cheque,UTR-25718110,Credit Settlement Net 30
PAY-002891,INV-002891,SO-002891,CUST-023,2025-11-09,220691.55,RTGS,UTR-25727009,Credit Settlement Net 15
PAY-002892,INV-002892,SO-002892,CUST-022,2025-11-08,89741.29,UPI,UTR-25735908,Credit Settlement Net 30
PAY-002893,INV-002893,SO-002893,CUST-044,2025-11-14,10840.38,NEFT / Bank Transfer,UTR-25744807,Credit Settlement Net 7
PAY-002894,INV-002894,SO-002894,CUST-033,2025-10-22,2885.19,Credit Card,Ref-2896894,Settled on Billing
PAY-002895,INV-002895,SO-002895,CUST-013,2026-01-25,3272.21,RTGS,UTR-25762605,Credit Settlement Net 15
PAY-002896,INV-002896,SO-002896,CUST-017,2025-11-01,5546.0,Cheque,UTR-25771504,Credit Settlement Net 30
PAY-002897,INV-002897,SO-002897,CUST-046,2025-11-18,450.38,Cheque,UTR-25780403,Credit Settlement Net 30
PAY-002898,INV-002898,SO-002898,CUST-033,2025-10-23,286.6,Credit Card,Ref-2900898,Settled on Billing
PAY-002899,INV-002899,SO-002899,CUST-011,2025-11-01,147863.44,NEFT / Bank Transfer,UTR-25798201,Credit Settlement Net 45
PAY-002900,INV-002900,SO-002900,CUST-007,2025-11-12,2479.18,NEFT / Bank Transfer,UTR-25807100,Credit Settlement Net 30
PAY-002901,INV-002901,SO-002901,CUST-037,2025-11-10,1252.83,NEFT / Bank Transfer,UTR-25815999,Credit Settlement Net 30
PAY-002902,INV-002902,SO-002902,CUST-030,2025-10-24,3676.41,UPI,Ref-2904902,Settled on Billing
PAY-002903,INV-002903,SO-002903,CUST-016,2025-12-16,4495.8,Cheque,UTR-25833797,Credit Settlement Net 30
PAY-002904,INV-002904,SO-002904,CUST-047,2025-11-14,4298.6,UPI,UTR-25842696,Credit Settlement Net 30
PAY-002905,INV-002905,SO-002905,CUST-029,2025-12-13,57681.42,RTGS,UTR-25851595,Credit Settlement Net 45
PAY-002906,INV-002906,SO-002906,CUST-046,2025-11-13,658.2,RTGS,UTR-25860494,Credit Settlement Net 30
PAY-002907,INV-002907,SO-002907,CUST-034,2025-11-14,1268.1,RTGS,UTR-25869393,Credit Settlement Net 30
PAY-002908,INV-002908,SO-002908,CUST-047,2025-11-05,1247.33,Cheque,UTR-25878292,Credit Settlement Net 30
PAY-002909,INV-002909,SO-002909,CUST-028,2025-11-21,230545.33,UPI,UTR-25887191,Credit Settlement Net 30
PAY-002910,INV-002910,SO-002910,CUST-002,2025-12-09,167406.84,NEFT / Bank Transfer,UTR-25896090,Credit Settlement Net 15
PAY-002911,INV-002911,SO-002911,CUST-023,2025-11-04,31744.83,UPI,UTR-25904989,Credit Settlement Net 15
PAY-002912,INV-002912,SO-002912,CUST-041,2025-11-23,13584.87,Cheque,UTR-25913888,Credit Settlement Net 45
PAY-002913,INV-002913,SO-002913,CUST-008,2025-11-29,21751.6,NEFT / Bank Transfer,UTR-25922787,Credit Settlement Net 7
PAY-002914,INV-002914,SO-002914,CUST-008,2025-11-03,6637.78,Cheque,UTR-25931686,Credit Settlement Net 7
PAY-002915,INV-002915,SO-002915,CUST-009,2025-12-06,268572.01,NEFT / Bank Transfer,UTR-25940585,Credit Settlement Net 30
PAY-002916,INV-002916,SO-002916,CUST-002,2025-11-19,169330.0,Cheque,UTR-25949484,Credit Settlement Net 15
PAY-002917,INV-002917,SO-002917,CUST-030,2025-10-29,283.2,UPI,Ref-2919917,Settled on Billing
PAY-002918,INV-002918,SO-002918,CUST-009,2025-11-07,159179.64,UPI,UTR-25967282,Credit Settlement Net 30
PAY-002919,INV-002919,SO-002919,CUST-047,2025-11-22,566.4,NEFT / Bank Transfer,UTR-25976181,Credit Settlement Net 30
PAY-002920,INV-002920,SO-002920,CUST-005,2025-10-29,1994.55,Cash,Ref-2922920,Settled on Billing
PAY-002921,INV-002921,SO-002921,CUST-023,2025-11-24,255948.52,RTGS,UTR-25993979,Credit Settlement Net 15
PAY-002922,INV-002922,SO-002922,CUST-042,2026-01-15,192558.68,NEFT / Bank Transfer,UTR-26002878,Credit Settlement Net 15
PAY-002923,INV-002923,SO-002923,CUST-030,2025-10-30,286.88,UPI,Ref-2925923,Settled on Billing
PAY-002924,INV-002924,SO-002924,CUST-003,2025-12-29,6362.56,RTGS,UTR-26020676,Credit Settlement Net 15
PAY-002925,INV-002925,SO-002925,CUST-037,2025-12-04,3395.1,NEFT / Bank Transfer,UTR-26029575,Credit Settlement Net 30
PAY-002926,INV-002926,SO-002926,CUST-048,2025-10-30,420.36,UPI,Ref-2928926,Settled on Billing
PAY-002927,INV-002927,SO-002927,CUST-037,2025-11-04,1274.4,RTGS,UTR-26047373,Credit Settlement Net 30
PAY-002928,INV-002928,SO-002928,CUST-030,2025-10-30,1732.95,UPI,Ref-2930928,Settled on Billing
PAY-002929,INV-002929,SO-002929,CUST-027,2025-12-02,2478.0,Cheque,UTR-26065171,Credit Settlement Net 30
PAY-002930,INV-002930,SO-002930,CUST-014,2025-10-31,210.18,Cash,Ref-2932930,Settled on Billing
PAY-002931,INV-002931,SO-002931,CUST-010,2025-11-11,10732.1,NEFT / Bank Transfer,UTR-26082969,Credit Settlement Net 30
PAY-002932,INV-002932,SO-002932,CUST-034,2025-11-16,987.73,Cheque,UTR-26091868,Credit Settlement Net 30
PAY-002933,INV-002933,SO-002933,CUST-030,2025-10-31,1449.18,UPI,Ref-2935933,Settled on Billing
PAY-002934,INV-002934,SO-002934,CUST-016,2025-11-23,7956.6,UPI,UTR-26109666,Credit Settlement Net 30
PAY-002935,INV-002935,SO-002935,CUST-020,2025-11-25,22735.06,NEFT / Bank Transfer,UTR-26118565,Credit Settlement Net 15
PAY-002936,INV-002936,SO-002936,CUST-040,2025-12-23,5633.6,RTGS,UTR-26127464,Credit Settlement Net 30
PAY-002937,INV-002937,SO-002937,CUST-017,2025-12-16,566.4,NEFT / Bank Transfer,UTR-26136363,Credit Settlement Net 30
PAY-002938,INV-002938,SO-002938,CUST-027,2025-11-26,2284.48,NEFT / Bank Transfer,UTR-26145262,Credit Settlement Net 30
PAY-002939,INV-002939,SO-002939,CUST-023,2025-11-08,68101.01,UPI,UTR-26154161,Credit Settlement Net 15
PAY-002940,INV-002940,SO-002940,CUST-008,2025-11-18,36580.0,Cheque,UTR-26163060,Credit Settlement Net 7
PAY-002941,INV-002941,SO-002941,CUST-039,2025-12-14,7589.76,UPI,UTR-26171959,Credit Settlement Net 15
PAY-002942,INV-002942,SO-002942,CUST-043,2025-11-13,5057.48,Cheque,UTR-26180858,Credit Settlement Net 30
PAY-002943,INV-002943,SO-002943,CUST-001,2025-11-24,39655.32,RTGS,UTR-26189757,Credit Settlement Net 30
PAY-002944,INV-002944,SO-002944,CUST-015,2025-11-25,90488.06,Cheque,UTR-26198656,Credit Settlement Net 30
PAY-002945,INV-002945,SO-002945,CUST-012,2025-11-03,11674.92,Credit Card,Ref-2947945,Settled on Billing
PAY-002946,INV-002946,SO-002946,CUST-043,2025-11-18,9051.78,UPI,UTR-26216454,Credit Settlement Net 30
PAY-002947,INV-002947,SO-002947,CUST-009,2025-12-08,230739.56,Cheque,UTR-26225353,Credit Settlement Net 30
PAY-002948,INV-002948,SO-002948,CUST-037,2025-11-21,5310.0,NEFT / Bank Transfer,UTR-26234252,Credit Settlement Net 30
PAY-002949,INV-002949,SO-002949,CUST-012,2025-11-04,1499.54,Credit Card,Ref-2951949,Settled on Billing
PAY-002950,INV-002950,SO-002950,CUST-047,2025-11-11,1239.0,NEFT / Bank Transfer,UTR-26252050,Credit Settlement Net 30
PAY-002951,INV-002951,SO-002951,CUST-014,2025-11-04,162.84,Cash,Ref-2953951,Settled on Billing
PAY-002952,INV-002952,SO-002952,CUST-025,2025-11-19,5699.4,Cheque,UTR-26269848,Credit Settlement Net 30
PAY-002953,INV-002953,SO-002953,CUST-025,2025-12-04,10915.0,RTGS,UTR-26278747,Credit Settlement Net 30
PAY-002954,INV-002954,SO-002954,CUST-019,2025-12-05,787.77,Cheque,UTR-26287646,Credit Settlement Net 30
PAY-002955,INV-002955,SO-002955,CUST-007,2025-12-21,9369.2,NEFT / Bank Transfer,UTR-26296545,Credit Settlement Net 30
PAY-002956,INV-002956,SO-002956,CUST-035,2025-12-06,2761.2,RTGS,UTR-26305444,Credit Settlement Net 7
PAY-002957,INV-002957,SO-002957,CUST-014,2025-11-06,4242.1,Cash,Ref-2959957,Settled on Billing
PAY-002958,INV-002958,SO-002958,CUST-005,2025-11-06,4884.02,Cash,Ref-2960958,Settled on Billing
PAY-002959,INV-002959,SO-002959,CUST-013,2025-12-14,5091.7,RTGS,UTR-26332141,Credit Settlement Net 15
PAY-002960,INV-002960,SO-002960,CUST-027,2025-12-12,1642.56,UPI,UTR-26341040,Credit Settlement Net 30
PAY-002961,INV-002961,SO-002961,CUST-036,2025-11-27,223633.84,UPI,UTR-26349939,Credit Settlement Net 30
PAY-002962,INV-002962,SO-002962,CUST-028,2025-11-28,44587.48,NEFT / Bank Transfer,UTR-26358838,Credit Settlement Net 30
PAY-002963,INV-002963,SO-002963,CUST-025,2025-11-22,2334.04,NEFT / Bank Transfer,UTR-26367737,Credit Settlement Net 30
PAY-002964,INV-002964,SO-002964,CUST-030,2025-11-07,10782.84,UPI,Ref-2966964,Settled on Billing
PAY-002965,INV-002965,SO-002965,CUST-039,2025-12-06,9129.66,RTGS,UTR-26385535,Credit Settlement Net 15
PAY-002966,INV-002966,SO-002966,CUST-036,2025-11-30,73642.14,NEFT / Bank Transfer,UTR-26394434,Credit Settlement Net 30
PAY-002967,INV-002967,SO-002967,CUST-015,2025-12-13,126063.88,UPI,UTR-26403333,Credit Settlement Net 30
PAY-002968,INV-002968,SO-002968,CUST-022,2025-12-18,76637.7,NEFT / Bank Transfer,UTR-26412232,Credit Settlement Net 30
PAY-002969,INV-002969,SO-002969,CUST-033,2025-11-08,1858.5,Credit Card,Ref-2971969,Settled on Billing
PAY-002970,INV-002970,SO-002970,CUST-013,2025-11-29,6584.4,NEFT / Bank Transfer,UTR-26430030,Credit Settlement Net 15
PAY-002971,INV-002971,SO-002971,CUST-047,2025-11-28,3455.04,NEFT / Bank Transfer,UTR-26438929,Credit Settlement Net 30
PAY-002972,INV-002972,SO-002972,CUST-037,2025-12-25,3177.5,Cheque,UTR-26447828,Credit Settlement Net 30
PAY-002973,INV-002973,SO-002973,CUST-032,2025-11-20,16002.69,UPI,UTR-26456727,Credit Settlement Net 30
PAY-002974,INV-002974,SO-002974,CUST-023,2025-11-22,166806.45,NEFT / Bank Transfer,UTR-26465626,Credit Settlement Net 15
PAY-002975,INV-002975,SO-002975,CUST-033,2025-11-11,488.52,Credit Card,Ref-2977975,Settled on Billing
PAY-002976,INV-002976,SO-002976,CUST-021,2025-11-11,4012.0,Cash,Ref-2978976,Settled on Billing
PAY-002977,INV-002977,SO-002977,CUST-048,2025-11-11,4071.0,UPI,Ref-2979977,Settled on Billing
PAY-002978,INV-002978,SO-002978,CUST-029,2025-12-04,249997.16,RTGS,UTR-26501222,Credit Settlement Net 45
PAY-002979,INV-002979,SO-002979,CUST-035,2025-12-06,5780.82,RTGS,UTR-26510121,Credit Settlement Net 7
PAY-002980,INV-002980,SO-002980,CUST-004,2025-11-29,32998.23,UPI,UTR-26519020,Credit Settlement Net 45
PAY-002981,INV-002981,SO-002981,CUST-046,2025-11-18,5855.63,UPI,UTR-26527919,Credit Settlement Net 30
PAY-002982,INV-002982,SO-002982,CUST-005,2025-11-12,2566.5,Cash,Ref-2984982,Settled on Billing
PAY-002983,INV-002983,SO-002983,CUST-002,2025-12-20,246682.54,RTGS,UTR-26545717,Credit Settlement Net 15
PAY-002984,INV-002984,SO-002984,CUST-005,2025-11-12,8040.52,Cash,Ref-2986984,Settled on Billing
PAY-002985,INV-002985,SO-002985,CUST-037,2025-11-25,2234.92,UPI,UTR-26563515,Credit Settlement Net 30
PAY-002986,INV-002986,SO-002986,CUST-013,2025-11-27,6872.32,UPI,UTR-26572414,Credit Settlement Net 15
PAY-002987,INV-002987,SO-002987,CUST-031,2025-11-13,1298.0,Cash,Ref-2989987,Settled on Billing
PAY-002988,INV-002988,SO-002988,CUST-021,2025-11-13,8142.0,Cash,Ref-2990988,Settled on Billing
PAY-002989,INV-002989,SO-002989,CUST-045,2025-11-13,1858.5,Cash,Ref-2991989,Settled on Billing
PAY-002990,INV-002990,SO-002990,CUST-016,2026-01-04,3640.3,RTGS,UTR-26608010,Credit Settlement Net 30
PAY-002991,INV-002991,SO-002991,CUST-036,2026-01-18,91611.19,UPI,UTR-26616909,Credit Settlement Net 30
PAY-002992,INV-002992,SO-002992,CUST-017,2025-12-05,5563.7,Cheque,UTR-26625808,Credit Settlement Net 30
PAY-002993,INV-002993,SO-002993,CUST-005,2025-11-13,1954.08,Cash,Ref-2995993,Settled on Billing
PAY-002994,INV-002994,SO-002994,CUST-023,2025-12-05,107198.28,RTGS,UTR-26643606,Credit Settlement Net 15
PAY-002995,INV-002995,SO-002995,CUST-025,2025-12-12,407.1,RTGS,UTR-26652505,Credit Settlement Net 30
PAY-002996,INV-002996,SO-002996,CUST-046,2025-11-21,3433.8,RTGS,UTR-26661404,Credit Settlement Net 30
PAY-002997,INV-002997,SO-002997,CUST-005,2025-11-14,3056.2,Cash,Ref-2999997,Settled on Billing
PAY-002998,INV-002998,SO-002998,CUST-029,2025-11-24,85937.04,UPI,UTR-26679202,Credit Settlement Net 45
PAY-002999,INV-002999,SO-002999,CUST-018,2025-11-15,1422.14,UPI,Ref-3001999,Settled on Billing
PAY-003000,INV-003000,SO-003000,CUST-009,2025-12-12,155224.75,NEFT / Bank Transfer,UTR-26697000,Credit Settlement Net 30
PAY-003001,INV-003001,SO-003001,CUST-041,2025-12-05,67537.3,RTGS,UTR-26705899,Credit Settlement Net 45
PAY-003002,INV-003002,SO-003002,CUST-012,2025-11-15,9381.0,Credit Card,Ref-3005002,Settled on Billing
PAY-003003,INV-003003,SO-003003,CUST-047,2025-12-15,8142.0,RTGS,UTR-26723697,Credit Settlement Net 30
PAY-003004,INV-003004,SO-003004,CUST-036,2025-12-11,203668.47,Cheque,UTR-26732596,Credit Settlement Net 30
PAY-003005,INV-003005,SO-003005,CUST-035,2026-01-07,2071.14,NEFT / Bank Transfer,UTR-26741495,Credit Settlement Net 7
PAY-003006,INV-003006,SO-003006,CUST-046,2025-11-26,3622.6,NEFT / Bank Transfer,UTR-26750394,Credit Settlement Net 30
PAY-003007,INV-003007,SO-003007,CUST-011,2026-02-14,58444.22,Cheque,UTR-26759293,Credit Settlement Net 45
PAY-003008,INV-003008,SO-003008,CUST-022,2025-11-29,206049.24,UPI,UTR-26768192,Credit Settlement Net 30
PAY-003009,INV-003009,SO-003009,CUST-008,2025-12-30,2737.6,RTGS,UTR-26777091,Credit Settlement Net 7
PAY-003010,INV-003010,SO-003010,CUST-011,2025-12-10,61456.05,UPI,UTR-26785990,Credit Settlement Net 45
PAY-003011,INV-003011,SO-003011,CUST-015,2025-12-17,47004.12,RTGS,UTR-26794889,Credit Settlement Net 30
PAY-003012,INV-003012,SO-003012,CUST-047,2025-11-30,5951.92,NEFT / Bank Transfer,UTR-26803788,Credit Settlement Net 30
PAY-003013,INV-003013,SO-003013,CUST-015,2025-11-26,151999.1,UPI,UTR-26812687,Credit Settlement Net 30
PAY-003014,INV-003014,SO-003014,CUST-039,2025-12-08,21458.3,Cheque,UTR-26821586,Credit Settlement Net 15
PAY-003015,INV-003015,SO-003015,CUST-020,2025-12-14,13338.72,NEFT / Bank Transfer,UTR-26830485,Credit Settlement Net 15
PAY-003016,INV-003016,SO-003016,CUST-003,2026-01-23,45467.76,NEFT / Bank Transfer,UTR-26839384,Credit Settlement Net 15
PAY-003017,INV-003017,SO-003017,CUST-035,2025-12-20,10277.33,UPI,UTR-26848283,Credit Settlement Net 7
PAY-003018,INV-003018,SO-003018,CUST-022,2026-01-12,54867.88,Cheque,UTR-26857182,Credit Settlement Net 30
PAY-003019,INV-003019,SO-003019,CUST-036,2025-12-01,17604.42,UPI,UTR-26866081,Credit Settlement Net 30
PAY-003020,INV-003020,SO-003020,CUST-037,2025-12-05,1042.18,RTGS,UTR-26874980,Credit Settlement Net 30
PAY-003021,INV-003021,SO-003021,CUST-039,2025-12-12,11899.12,Cheque,UTR-26883879,Credit Settlement Net 15
PAY-003022,INV-003022,SO-003022,CUST-030,2025-11-19,238.83,UPI,Ref-3025022,Settled on Billing
PAY-003023,INV-003023,SO-003023,CUST-020,2025-12-03,25408.94,RTGS,UTR-26901677,Credit Settlement Net 15
PAY-003024,INV-003024,SO-003024,CUST-034,2025-12-25,8142.0,UPI,UTR-26910576,Credit Settlement Net 30
PAY-003025,INV-003025,SO-003025,CUST-002,2025-12-20,126419.3,UPI,UTR-26919475,Credit Settlement Net 15
PAY-003026,INV-003026,SO-003026,CUST-009,2025-12-08,355984.52,Cheque,UTR-26928374,Credit Settlement Net 30
PAY-003027,INV-003027,SO-003027,CUST-030,2025-11-20,238.83,UPI,Ref-3030027,Settled on Billing
PAY-003028,INV-003028,SO-003028,CUST-039,2025-12-20,6780.28,NEFT / Bank Transfer,UTR-26946172,Credit Settlement Net 15
PAY-003029,INV-003029,SO-003029,CUST-041,2025-11-27,136049.28,NEFT / Bank Transfer,UTR-26955071,Credit Settlement Net 45
PAY-003030,INV-003030,SO-003030,CUST-032,2025-11-30,53931.19,UPI,UTR-26963970,Credit Settlement Net 30
PAY-003031,INV-003031,SO-003031,CUST-037,2025-12-06,2152.32,NEFT / Bank Transfer,UTR-26972869,Credit Settlement Net 30
PAY-003032,INV-003032,SO-003032,CUST-015,2025-12-06,47591.05,NEFT / Bank Transfer,UTR-26981768,Credit Settlement Net 30
PAY-003033,INV-003033,SO-003033,CUST-028,2025-12-09,236077.65,NEFT / Bank Transfer,UTR-26990667,Credit Settlement Net 30
PAY-003034,INV-003034,SO-003034,CUST-037,2025-12-02,3056.2,RTGS,UTR-26999566,Credit Settlement Net 30
PAY-003035,INV-003035,SO-003035,CUST-002,2025-11-29,135140.21,NEFT / Bank Transfer,UTR-27008465,Credit Settlement Net 15
PAY-003036,INV-003036,SO-003036,CUST-027,2026-01-06,3286.3,RTGS,UTR-27017364,Credit Settlement Net 30
PAY-003037,INV-003037,SO-003037,CUST-025,2025-12-09,119.42,UPI,UTR-27026263,Credit Settlement Net 30
PAY-003038,INV-003038,SO-003038,CUST-022,2025-11-27,112312.4,RTGS,UTR-27035162,Credit Settlement Net 30
PAY-003039,INV-003039,SO-003039,CUST-036,2025-12-15,59395.3,UPI,UTR-27044061,Credit Settlement Net 30
PAY-003040,INV-003040,SO-003040,CUST-015,2025-12-14,89064.04,UPI,UTR-27052960,Credit Settlement Net 30
PAY-003041,INV-003041,SO-003041,CUST-038,2025-12-20,199903.8,RTGS,UTR-27061859,Credit Settlement Net 15
PAY-003042,INV-003042,SO-003042,CUST-029,2025-12-28,274336.31,UPI,UTR-27070758,Credit Settlement Net 45
PAY-003043,INV-003043,SO-003043,CUST-012,2025-11-24,1042.18,Credit Card,Ref-3046043,Settled on Billing
PAY-003044,INV-003044,SO-003044,CUST-012,2025-11-24,352.82,Credit Card,Ref-3047044,Settled on Billing
PAY-003045,INV-003045,SO-003045,CUST-046,2025-12-17,2848.52,RTGS,UTR-27097455,Credit Settlement Net 30
PAY-003046,INV-003046,SO-003046,CUST-041,2025-12-15,272555.22,RTGS,UTR-27106354,Credit Settlement Net 45
PAY-003047,INV-003047,SO-003047,CUST-044,2025-12-27,10461.41,NEFT / Bank Transfer,UTR-27115253,Credit Settlement Net 7
PAY-003048,INV-003048,SO-003048,CUST-038,2026-01-15,173131.96,NEFT / Bank Transfer,UTR-27124152,Credit Settlement Net 15
PAY-003049,INV-003049,SO-003049,CUST-036,2025-12-02,78079.66,UPI,UTR-27133051,Credit Settlement Net 30
PAY-003050,INV-003050,SO-003050,CUST-004,2026-01-30,65802.94,NEFT / Bank Transfer,UTR-27141950,Credit Settlement Net 45
PAY-003051,INV-003051,SO-003051,CUST-032,2025-12-18,206392.86,Cheque,UTR-27150849,Credit Settlement Net 30
PAY-003052,INV-003052,SO-003052,CUST-010,2026-02-19,3433.8,UPI,UTR-27159748,Credit Settlement Net 30
PAY-003053,INV-003053,SO-003053,CUST-004,2026-01-08,85410.76,Cheque,UTR-27168647,Credit Settlement Net 45
PAY-003054,INV-003054,SO-003054,CUST-002,2025-12-10,193260.4,NEFT / Bank Transfer,UTR-27177546,Credit Settlement Net 15
PAY-003055,INV-003055,SO-003055,CUST-013,2025-12-30,683.93,RTGS,UTR-27186445,Credit Settlement Net 15
PAY-003056,INV-003056,SO-003056,CUST-028,2025-12-10,466005.6,NEFT / Bank Transfer,UTR-27195344,Credit Settlement Net 30
PAY-003057,INV-003057,SO-003057,CUST-032,2025-12-22,93517.36,NEFT / Bank Transfer,UTR-27204243,Credit Settlement Net 30
PAY-003058,INV-003058,SO-003058,CUST-017,2025-12-17,1483.73,UPI,UTR-27213142,Credit Settlement Net 30
PAY-003059,INV-003059,SO-003059,CUST-012,2025-11-27,1042.18,Credit Card,Ref-3062059,Settled on Billing
PAY-003060,INV-003060,SO-003060,CUST-019,2025-12-12,455.72,NEFT / Bank Transfer,UTR-27230940,Credit Settlement Net 30
PAY-003061,INV-003061,SO-003061,CUST-047,2025-12-11,9145.0,NEFT / Bank Transfer,UTR-27239839,Credit Settlement Net 30
PAY-003062,INV-003062,SO-003062,CUST-020,2026-01-20,22717.36,NEFT / Bank Transfer,UTR-27248738,Credit Settlement Net 15
PAY-003063,INV-003063,SO-003063,CUST-041,2026-01-06,24136.9,RTGS,UTR-27257637,Credit Settlement Net 45
PAY-003064,INV-003064,SO-003064,CUST-008,2025-12-18,10850.1,UPI,UTR-27266536,Credit Settlement Net 7
PAY-003065,INV-003065,SO-003065,CUST-010,2025-12-21,35.4,UPI,UTR-27275435,Credit Settlement Net 30
PAY-003066,INV-003066,SO-003066,CUST-045,2025-11-28,5015.0,Cash,Ref-3069066,Settled on Billing
PAY-003067,INV-003067,SO-003067,CUST-025,2025-12-18,5310.0,Cheque,UTR-27293233,Credit Settlement Net 30
PAY-003068,INV-003068,SO-003068,CUST-027,2025-12-09,4550.08,Cheque,UTR-27302132,Credit Settlement Net 30
PAY-003069,INV-003069,SO-003069,CUST-040,2026-02-20,1690.0,UPI,UTR-27311031,Credit Settlement Net 30
PAY-003070,INV-003070,SO-003070,CUST-008,2025-12-20,1722.8,NEFT / Bank Transfer,UTR-27319930,Credit Settlement Net 7
PAY-003071,INV-003071,SO-003071,CUST-003,2026-02-28,2328.61,Cheque,UTR-27328829,Credit Settlement Net 15
PAY-003072,INV-003072,SO-003072,CUST-001,2025-12-30,173255.86,Cheque,UTR-27337728,Credit Settlement Net 30
PAY-003073,INV-003073,SO-003073,CUST-006,2025-12-01,1163.72,UPI,Ref-3076073,Settled on Billing
PAY-003074,INV-003074,SO-003074,CUST-028,2026-01-15,95305.29,RTGS,UTR-27355526,Credit Settlement Net 30
PAY-003075,INV-003075,SO-003075,CUST-023,2025-12-27,180894.0,RTGS,UTR-27364425,Credit Settlement Net 15
PAY-003076,INV-003076,SO-003076,CUST-045,2025-12-02,2618.42,Cash,Ref-3079076,Settled on Billing
PAY-003077,INV-003077,SO-003077,CUST-008,2025-12-29,6528.94,Cheque,UTR-27382223,Credit Settlement Net 7
PAY-003078,INV-003078,SO-003078,CUST-048,2025-12-03,260.54,UPI,Ref-3081078,Settled on Billing
PAY-003079,INV-003079,SO-003079,CUST-034,2026-01-01,986.72,RTGS,UTR-27400021,Credit Settlement Net 30
PAY-003080,INV-003080,SO-003080,CUST-037,2025-12-12,1240.89,UPI,UTR-27408920,Credit Settlement Net 30
PAY-003081,INV-003081,SO-003081,CUST-015,2025-12-23,220429.9,UPI,UTR-27417819,Credit Settlement Net 30
PAY-003082,INV-003082,SO-003082,CUST-028,2026-01-02,110532.96,RTGS,UTR-27426718,Credit Settlement Net 30
PAY-003083,INV-003083,SO-003083,CUST-015,2026-01-26,55028.59,RTGS,UTR-27435617,Credit Settlement Net 30
PAY-003084,INV-003084,SO-003084,CUST-007,2025-12-23,379.96,Cheque,UTR-27444516,Credit Settlement Net 30
PAY-003085,INV-003085,SO-003085,CUST-048,2025-12-04,1239.0,UPI,Ref-3088085,Settled on Billing
PAY-003086,INV-003086,SO-003086,CUST-006,2025-12-04,3197.8,UPI,Ref-3089086,Settled on Billing
PAY-003087,INV-003087,SO-003087,CUST-048,2025-12-04,389.4,UPI,Ref-3090087,Settled on Billing
PAY-003088,INV-003088,SO-003088,CUST-019,2026-01-02,5798.52,UPI,UTR-27480112,Credit Settlement Net 30
PAY-003089,INV-003089,SO-003089,CUST-008,2025-12-26,3510.5,Cheque,UTR-27489011,Credit Settlement Net 7
PAY-003090,INV-003090,SO-003090,CUST-013,2025-12-16,1239.0,Cheque,UTR-27497910,Credit Settlement Net 15
PAY-003091,INV-003091,SO-003091,CUST-022,2025-12-30,8602.2,UPI,UTR-27506809,Credit Settlement Net 30
PAY-003092,INV-003092,SO-003092,CUST-014,2025-12-05,849.6,Cash,Ref-3095092,Settled on Billing
PAY-003093,INV-003093,SO-003093,CUST-007,2026-01-21,5737.16,UPI,UTR-27524607,Credit Settlement Net 30
PAY-003094,INV-003094,SO-003094,CUST-044,2025-12-24,3713.46,NEFT / Bank Transfer,UTR-27533506,Credit Settlement Net 7
PAY-003095,INV-003095,SO-003095,CUST-033,2025-12-05,12557.09,Credit Card,Ref-3098095,Settled on Billing
PAY-003096,INV-003096,SO-003096,CUST-022,2026-01-02,100356.17,RTGS,UTR-27551304,Credit Settlement Net 30
PAY-003097,INV-003097,SO-003097,CUST-039,2026-02-28,5848.08,RTGS,UTR-27560203,Credit Settlement Net 15
PAY-003098,INV-003098,SO-003098,CUST-006,2025-12-05,1286.2,UPI,Ref-3101098,Settled on Billing
PAY-003099,INV-003099,SO-003099,CUST-030,2025-12-05,1819.09,UPI,Ref-3102099,Settled on Billing
PAY-003100,INV-003100,SO-003100,CUST-012,2025-12-06,3835.0,Credit Card,Ref-3103100,Settled on Billing
PAY-003101,INV-003101,SO-003101,CUST-034,2025-12-24,1239.0,Cheque,UTR-27595799,Credit Settlement Net 30
PAY-003102,INV-003102,SO-003102,CUST-045,2025-12-06,76.7,Cash,Ref-3105102,Settled on Billing
PAY-003103,INV-003103,SO-003103,CUST-048,2025-12-06,4071.0,UPI,Ref-3106103,Settled on Billing
PAY-003104,INV-003104,SO-003104,CUST-002,2025-12-30,40730.06,RTGS,UTR-27622496,Credit Settlement Net 15
PAY-003105,INV-003105,SO-003105,CUST-017,2026-01-05,6311.58,RTGS,UTR-27631395,Credit Settlement Net 30
PAY-003106,INV-003106,SO-003106,CUST-035,2025-12-21,3954.18,UPI,UTR-27640294,Credit Settlement Net 7
PAY-003107,INV-003107,SO-003107,CUST-030,2025-12-08,35.4,UPI,Ref-3110107,Settled on Billing
PAY-003108,INV-003108,SO-003108,CUST-011,2026-01-07,29217.74,RTGS,UTR-27658092,Credit Settlement Net 45
PAY-003109,INV-003109,SO-003109,CUST-044,2026-01-09,8698.49,Cheque,UTR-27666991,Credit Settlement Net 7
PAY-003110,INV-003110,SO-003110,CUST-013,2025-12-20,1107.31,RTGS,UTR-27675890,Credit Settlement Net 15
PAY-003111,INV-003111,SO-003111,CUST-033,2025-12-09,8177.4,Credit Card,Ref-3114111,Settled on Billing
PAY-003112,INV-003112,SO-003112,CUST-023,2025-12-20,217373.7,NEFT / Bank Transfer,UTR-27693688,Credit Settlement Net 15
PAY-003113,INV-003113,SO-003113,CUST-042,2026-01-09,159907.7,NEFT / Bank Transfer,UTR-27702587,Credit Settlement Net 15
PAY-003114,INV-003114,SO-003114,CUST-004,2026-01-14,18223.21,UPI,UTR-27711486,Credit Settlement Net 45
PAY-003115,INV-003115,SO-003115,CUST-045,2025-12-09,244.26,Cash,Ref-3118115,Settled on Billing
PAY-003116,INV-003116,SO-003116,CUST-038,2026-01-13,128824.38,RTGS,UTR-27729284,Credit Settlement Net 15
PAY-003117,INV-003117,SO-003117,CUST-026,2025-12-31,436.6,NEFT / Bank Transfer,UTR-27738183,Credit Settlement Net 15
PAY-003118,INV-003118,SO-003118,CUST-004,2025-12-15,62492.8,Cheque,UTR-27747082,Credit Settlement Net 45
PAY-003119,INV-003119,SO-003119,CUST-032,2026-01-09,35519.18,Cheque,UTR-27755981,Credit Settlement Net 30
PAY-003120,INV-003120,SO-003120,CUST-043,2026-01-09,9869.52,NEFT / Bank Transfer,UTR-27764880,Credit Settlement Net 30
PAY-003121,INV-003121,SO-003121,CUST-022,2026-01-02,38068.22,NEFT / Bank Transfer,UTR-27773779,Credit Settlement Net 30
PAY-003122,INV-003122,SO-003122,CUST-026,2025-12-31,6481.74,RTGS,UTR-27782678,Credit Settlement Net 15
PAY-003123,INV-003123,SO-003123,CUST-029,2025-12-25,62314.86,NEFT / Bank Transfer,UTR-27791577,Credit Settlement Net 45
PAY-003124,INV-003124,SO-003124,CUST-013,2026-01-04,81.42,RTGS,UTR-27800476,Credit Settlement Net 15
PAY-003125,INV-003125,SO-003125,CUST-020,2026-01-10,31411.6,NEFT / Bank Transfer,UTR-27809375,Credit Settlement Net 15
PAY-003126,INV-003126,SO-003126,CUST-038,2026-02-03,46335.06,RTGS,UTR-27818274,Credit Settlement Net 15
PAY-003127,INV-003127,SO-003127,CUST-045,2025-12-11,4248.0,Cash,Ref-3130127,Settled on Billing
PAY-003128,INV-003128,SO-003128,CUST-027,2026-01-16,3090.42,NEFT / Bank Transfer,UTR-27836072,Credit Settlement Net 30
PAY-003129,INV-003129,SO-003129,CUST-047,2025-12-31,2537.0,UPI,UTR-27844971,Credit Settlement Net 30
PAY-003130,INV-003130,SO-003130,CUST-043,2025-12-28,584.1,NEFT / Bank Transfer,UTR-27853870,Credit Settlement Net 30
PAY-003131,INV-003131,SO-003131,CUST-046,2026-01-08,3125.35,Cheque,UTR-27862769,Credit Settlement Net 30
PAY-003132,INV-003132,SO-003132,CUST-013,2026-01-28,2289.2,NEFT / Bank Transfer,UTR-27871668,Credit Settlement Net 15
PAY-003133,INV-003133,SO-003133,CUST-014,2025-12-12,692.19,Cash,Ref-3136133,Settled on Billing
PAY-003134,INV-003134,SO-003134,CUST-047,2026-01-05,7369.81,RTGS,UTR-27889466,Credit Settlement Net 30
PAY-003135,INV-003135,SO-003135,CUST-040,2025-12-20,5548.83,NEFT / Bank Transfer,UTR-27898365,Credit Settlement Net 30
PAY-003136,INV-003136,SO-003136,CUST-029,2026-01-10,218170.2,NEFT / Bank Transfer,UTR-27907264,Credit Settlement Net 45
PAY-003137,INV-003137,SO-003137,CUST-043,2026-01-12,2867.4,Cheque,UTR-27916163,Credit Settlement Net 30
PAY-003138,INV-003138,SO-003138,CUST-039,2026-01-13,8448.8,RTGS,UTR-27925062,Credit Settlement Net 15
PAY-003139,INV-003139,SO-003139,CUST-001,2025-12-29,374739.68,RTGS,UTR-27933961,Credit Settlement Net 30
PAY-003140,INV-003140,SO-003140,CUST-033,2025-12-15,9440.0,Credit Card,Ref-3143140,Settled on Billing
PAY-003141,INV-003141,SO-003141,CUST-015,2026-01-13,80027.6,Cheque,UTR-27951759,Credit Settlement Net 30
PAY-003142,INV-003142,SO-003142,CUST-021,2025-12-16,1298.0,Cash,Ref-3145142,Settled on Billing
PAY-003143,INV-003143,SO-003143,CUST-001,2025-12-27,17322.4,RTGS,UTR-27969557,Credit Settlement Net 30
PAY-003144,INV-003144,SO-003144,CUST-039,2025-12-21,2924.04,UPI,UTR-27978456,Credit Settlement Net 15
PAY-003145,INV-003145,SO-003145,CUST-012,2025-12-17,330.4,Credit Card,Ref-3148145,Settled on Billing
PAY-003146,INV-003146,SO-003146,CUST-035,2025-12-29,9759.78,Cheque,UTR-27996254,Credit Settlement Net 7
PAY-003147,INV-003147,SO-003147,CUST-021,2025-12-17,1358.42,Cash,Ref-3150147,Settled on Billing
PAY-003148,INV-003148,SO-003148,CUST-044,2025-12-24,25447.88,NEFT / Bank Transfer,UTR-28014052,Credit Settlement Net 7
PAY-003149,INV-003149,SO-003149,CUST-013,2026-01-05,1274.4,UPI,UTR-28022951,Credit Settlement Net 15
PAY-003150,INV-003150,SO-003150,CUST-019,2026-01-13,2773.0,NEFT / Bank Transfer,UTR-28031850,Credit Settlement Net 30
PAY-003151,INV-003151,SO-003151,CUST-010,2026-01-28,2053.91,RTGS,UTR-28040749,Credit Settlement Net 30
PAY-003152,INV-003152,SO-003152,CUST-028,2026-01-17,289556.42,Cheque,UTR-28049648,Credit Settlement Net 30
PAY-003153,INV-003153,SO-003153,CUST-047,2026-01-26,2773.0,NEFT / Bank Transfer,UTR-28058547,Credit Settlement Net 30
PAY-003154,INV-003154,SO-003154,CUST-009,2026-02-06,253846.79,RTGS,UTR-28067446,Credit Settlement Net 30
PAY-003155,INV-003155,SO-003155,CUST-028,2025-12-25,166718.66,UPI,UTR-28076345,Credit Settlement Net 30
PAY-003156,INV-003156,SO-003156,CUST-002,2026-01-04,225136.92,UPI,UTR-28085244,Credit Settlement Net 15
PAY-003157,INV-003157,SO-003157,CUST-029,2026-01-10,110096.83,NEFT / Bank Transfer,UTR-28094143,Credit Settlement Net 45
PAY-003158,INV-003158,SO-003158,CUST-048,2025-12-19,389.4,UPI,Ref-3161158,Settled on Billing
PAY-003159,INV-003159,SO-003159,CUST-027,2026-01-20,1433.7,Cheque,UTR-28111941,Credit Settlement Net 30
PAY-003160,INV-003160,SO-003160,CUST-021,2025-12-19,3011.83,Cash,Ref-3163160,Settled on Billing
PAY-003161,INV-003161,SO-003161,CUST-035,2026-01-28,14640.5,NEFT / Bank Transfer,UTR-28129739,Credit Settlement Net 7
PAY-003162,INV-003162,SO-003162,CUST-043,2026-01-16,3895.42,UPI,UTR-28138638,Credit Settlement Net 30
PAY-003163,INV-003163,SO-003163,CUST-021,2025-12-20,7221.6,Cash,Ref-3166163,Settled on Billing
PAY-003164,INV-003164,SO-003164,CUST-032,2026-01-16,137352.0,RTGS,UTR-28156436,Credit Settlement Net 30
PAY-003165,INV-003165,SO-003165,CUST-034,2026-02-11,2575.7,Cheque,UTR-28165335,Credit Settlement Net 30
PAY-003166,INV-003166,SO-003166,CUST-013,2026-01-09,2006.0,RTGS,UTR-28174234,Credit Settlement Net 15
PAY-003167,INV-003167,SO-003167,CUST-020,2026-01-06,5593.2,Cheque,UTR-28183133,Credit Settlement Net 15
PAY-003168,INV-003168,SO-003168,CUST-023,2026-01-04,252824.44,Cheque,UTR-28192032,Credit Settlement Net 15
PAY-003169,INV-003169,SO-003169,CUST-017,2026-01-09,3047.94,RTGS,UTR-28200931,Credit Settlement Net 30
PAY-003170,INV-003170,SO-003170,CUST-001,2026-01-09,62846.8,UPI,UTR-28209830,Credit Settlement Net 30
PAY-003171,INV-003171,SO-003171,CUST-025,2026-01-21,5324.63,RTGS,UTR-28218729,Credit Settlement Net 30
PAY-003172,INV-003172,SO-003172,CUST-018,2025-12-22,849.6,UPI,Ref-3175172,Settled on Billing
PAY-003173,INV-003173,SO-003173,CUST-023,2026-01-13,310464.61,NEFT / Bank Transfer,UTR-28236527,Credit Settlement Net 15
PAY-003174,INV-003174,SO-003174,CUST-030,2025-12-23,849.6,UPI,Ref-3177174,Settled on Billing
PAY-003175,INV-003175,SO-003175,CUST-034,2026-01-16,2537.0,Cheque,UTR-28254325,Credit Settlement Net 30
PAY-003176,INV-003176,SO-003176,CUST-030,2025-12-23,8142.0,UPI,Ref-3179176,Settled on Billing
PAY-003177,INV-003177,SO-003177,CUST-022,2026-01-02,8729.64,UPI,UTR-28272123,Credit Settlement Net 30
PAY-003178,INV-003178,SO-003178,CUST-025,2026-01-22,2478.0,Cheque,UTR-28281022,Credit Settlement Net 30
PAY-003179,INV-003179,SO-003179,CUST-043,2026-01-07,4543.0,Cheque,UTR-28289921,Credit Settlement Net 30
PAY-003180,INV-003180,SO-003180,CUST-019,2026-01-08,76.7,UPI,UTR-28298820,Credit Settlement Net 30
PAY-003181,INV-003181,SO-003181,CUST-001,2026-01-21,17357.56,RTGS,UTR-28307719,Credit Settlement Net 30
PAY-003182,INV-003182,SO-003182,CUST-003,2026-02-07,15821.44,RTGS,UTR-28316618,Credit Settlement Net 15
PAY-003183,INV-003183,SO-003183,CUST-036,2026-02-04,68682.61,UPI,UTR-28325517,Credit Settlement Net 30
PAY-003184,INV-003184,SO-003184,CUST-028,2026-01-14,50323.7,NEFT / Bank Transfer,UTR-28334416,Credit Settlement Net 30
PAY-003185,INV-003185,SO-003185,CUST-048,2025-12-24,5225.04,UPI,Ref-3188185,Settled on Billing
PAY-003186,INV-003186,SO-003186,CUST-013,2026-01-15,3940.02,NEFT / Bank Transfer,UTR-28352214,Credit Settlement Net 15
PAY-003187,INV-003187,SO-003187,CUST-032,2026-01-28,54657.6,UPI,UTR-28361113,Credit Settlement Net 30
PAY-003188,INV-003188,SO-003188,CUST-005,2025-12-25,1003.0,Cash,Ref-3191188,Settled on Billing
PAY-003189,INV-003189,SO-003189,CUST-007,2026-01-22,7054.04,Cheque,UTR-28378911,Credit Settlement Net 30
PAY-003190,INV-003190,SO-003190,CUST-009,2026-01-21,91990.44,UPI,UTR-28387810,Credit Settlement Net 30
PAY-003191,INV-003191,SO-003191,CUST-033,2025-12-25,569.94,Credit Card,Ref-3194191,Settled on Billing
PAY-003192,INV-003192,SO-003192,CUST-039,2026-01-15,11328.0,RTGS,UTR-28405608,Credit Settlement Net 15
PAY-003193,INV-003193,SO-003193,CUST-014,2025-12-26,1274.4,Cash,Ref-3196193,Settled on Billing
PAY-003194,INV-003194,SO-003194,CUST-022,2026-01-15,92517.9,NEFT / Bank Transfer,UTR-28423406,Credit Settlement Net 30
PAY-003195,INV-003195,SO-003195,CUST-002,2026-01-09,434994.49,RTGS,UTR-28432305,Credit Settlement Net 15
PAY-003196,INV-003196,SO-003196,CUST-025,2026-01-28,330.4,RTGS,UTR-28441204,Credit Settlement Net 30
PAY-003197,INV-003197,SO-003197,CUST-021,2025-12-27,1888.0,Cash,Ref-3200197,Settled on Billing
PAY-003198,INV-003198,SO-003198,CUST-031,2025-12-27,1465.56,Cash,Ref-3201198,Settled on Billing
PAY-003199,INV-003199,SO-003199,CUST-028,2026-01-20,133841.5,UPI,UTR-28467901,Credit Settlement Net 30
PAY-003200,INV-003200,SO-003200,CUST-044,2026-03-06,10000.5,RTGS,UTR-28476800,Credit Settlement Net 7
PAY-003201,INV-003201,SO-003201,CUST-014,2025-12-29,2336.4,Cash,Ref-3204201,Settled on Billing
PAY-003202,INV-003202,SO-003202,CUST-011,2026-01-05,11103.8,RTGS,UTR-28494598,Credit Settlement Net 45
PAY-003203,INV-003203,SO-003203,CUST-021,2025-12-29,8142.0,Cash,Ref-3206203,Settled on Billing
PAY-003204,INV-003204,SO-003204,CUST-023,2026-01-20,117594.08,RTGS,UTR-28512396,Credit Settlement Net 15
PAY-003205,INV-003205,SO-003205,CUST-012,2025-12-29,153.4,Credit Card,Ref-3208205,Settled on Billing
PAY-003206,INV-003206,SO-003206,CUST-037,2026-01-16,9056.5,RTGS,UTR-28530194,Credit Settlement Net 30
PAY-003207,INV-003207,SO-003207,CUST-018,2025-12-30,5546.0,UPI,Ref-3210207,Settled on Billing
PAY-003208,INV-003208,SO-003208,CUST-045,2025-12-30,2902.8,Cash,Ref-3211208,Settled on Billing
PAY-003209,INV-003209,SO-003209,CUST-012,2025-12-30,781.63,Credit Card,Ref-3212209,Settled on Billing
PAY-003210,INV-003210,SO-003210,CUST-020,2026-01-28,6816.39,RTGS,UTR-28565790,Credit Settlement Net 15
PAY-003211,INV-003211,SO-003211,CUST-007,2026-01-17,1977.21,Cheque,UTR-28574689,Credit Settlement Net 30
PAY-003212,INV-003212,SO-003212,CUST-004,2026-02-14,71223.15,Cheque,UTR-28583588,Credit Settlement Net 45
PAY-003213,INV-003213,SO-003213,CUST-012,2025-12-30,1003.0,Credit Card,Ref-3216213,Settled on Billing
PAY-003214,INV-003214,SO-003214,CUST-002,2026-01-17,156680.4,RTGS,UTR-28601386,Credit Settlement Net 15
PAY-003215,INV-003215,SO-003215,CUST-020,2026-01-25,8720.2,RTGS,UTR-28610285,Credit Settlement Net 15
PAY-003216,INV-003216,SO-003216,CUST-027,2026-01-08,619.5,UPI,UTR-28619184,Credit Settlement Net 30
PAY-003217,INV-003217,SO-003217,CUST-028,2026-01-29,117913.86,Cheque,UTR-28628083,Credit Settlement Net 30
PAY-003218,INV-003218,SO-003218,CUST-041,2026-01-31,22881.38,UPI,UTR-28636982,Credit Settlement Net 45
PAY-003219,INV-003219,SO-003219,CUST-012,2026-01-01,466.1,Credit Card,Ref-3222219,Settled on Billing
PAY-003220,INV-003220,SO-003220,CUST-006,2026-01-01,2822.09,UPI,Ref-3223220,Settled on Billing
PAY-003221,INV-003221,SO-003221,CUST-029,2026-02-20,11575.33,NEFT / Bank Transfer,UTR-28663679,Credit Settlement Net 45
PAY-003222,INV-003222,SO-003222,CUST-008,2026-02-06,7690.06,UPI,UTR-28672578,Credit Settlement Net 7
PAY-003223,INV-003223,SO-003223,CUST-006,2026-01-01,424.8,UPI,Ref-3226223,Settled on Billing
PAY-003224,INV-003224,SO-003224,CUST-011,2026-02-24,180718.65,UPI,UTR-28690376,Credit Settlement Net 45
PAY-003225,INV-003225,SO-003225,CUST-004,2026-01-27,70020.02,Cheque,UTR-28699275,Credit Settlement Net 45
PAY-003226,INV-003226,SO-003226,CUST-014,2026-01-02,5546.0,Cash,Ref-3229226,Settled on Billing
PAY-003227,INV-003227,SO-003227,CUST-037,2026-01-24,5855.4,Cheque,UTR-28717073,Credit Settlement Net 30
PAY-003228,INV-003228,SO-003228,CUST-035,2026-02-27,17517.1,NEFT / Bank Transfer,UTR-28725972,Credit Settlement Net 7
PAY-003229,INV-003229,SO-003229,CUST-044,2026-02-15,4727.08,NEFT / Bank Transfer,UTR-28734871,Credit Settlement Net 7
PAY-003230,INV-003230,SO-003230,CUST-045,2026-01-03,727.35,Cash,Ref-3233230,Settled on Billing
PAY-003231,INV-003231,SO-003231,CUST-014,2026-01-03,162.84,Cash,Ref-3234231,Settled on Billing
PAY-003232,INV-003232,SO-003232,CUST-042,2026-01-18,74439.12,RTGS,UTR-28761568,Credit Settlement Net 15
PAY-003233,INV-003233,SO-003233,CUST-022,2026-02-07,38977.76,NEFT / Bank Transfer,UTR-28770467,Credit Settlement Net 30
PAY-003234,INV-003234,SO-003234,CUST-005,2026-01-05,1298.0,Cash,Ref-3237234,Settled on Billing
PAY-003235,INV-003235,SO-003235,CUST-012,2026-01-05,6313.0,Credit Card,Ref-3238235,Settled on Billing
PAY-003236,INV-003236,SO-003236,CUST-035,2026-01-28,3057.38,UPI,UTR-28797164,Credit Settlement Net 7
PAY-003237,INV-003237,SO-003237,CUST-018,2026-01-05,2266.54,UPI,Ref-3240237,Settled on Billing
PAY-003238,INV-003238,SO-003238,CUST-007,2026-02-26,660.8,NEFT / Bank Transfer,UTR-28814962,Credit Settlement Net 30
PAY-003239,INV-003239,SO-003239,CUST-016,2026-01-29,1510.4,RTGS,UTR-28823861,Credit Settlement Net 30
PAY-003240,INV-003240,SO-003240,CUST-006,2026-01-06,708.0,UPI,Ref-3243240,Settled on Billing
PAY-003241,INV-003241,SO-003241,CUST-026,2026-02-04,8024.0,RTGS,UTR-28841659,Credit Settlement Net 15
PAY-003242,INV-003242,SO-003242,CUST-029,2026-01-11,7219.24,Cheque,UTR-28850558,Credit Settlement Net 45
PAY-003243,INV-003243,SO-003243,CUST-012,2026-01-06,4450.96,Credit Card,Ref-3246243,Settled on Billing
PAY-003244,INV-003244,SO-003244,CUST-019,2026-01-13,885.0,NEFT / Bank Transfer,UTR-28868356,Credit Settlement Net 30
PAY-003245,INV-003245,SO-003245,CUST-038,2026-03-31,115728.5,NEFT / Bank Transfer,UTR-28877255,Credit Settlement Net 15
PAY-003246,INV-003246,SO-003246,CUST-026,2026-01-21,7688.88,UPI,UTR-28886154,Credit Settlement Net 15
PAY-003247,INV-003247,SO-003247,CUST-039,2026-01-31,6661.1,UPI,UTR-28895053,Credit Settlement Net 15
PAY-003248,INV-003248,SO-003248,CUST-015,2026-01-14,81560.42,UPI,UTR-28903952,Credit Settlement Net 30
PAY-003249,INV-003249,SO-003249,CUST-034,2026-01-20,1315.7,RTGS,UTR-28912851,Credit Settlement Net 30
PAY-003250,INV-003250,SO-003250,CUST-006,2026-01-07,76.7,UPI,Ref-3253250,Settled on Billing
PAY-003251,INV-003251,SO-003251,CUST-025,2026-01-18,4036.54,NEFT / Bank Transfer,UTR-28930649,Credit Settlement Net 30
PAY-003252,INV-003252,SO-003252,CUST-032,2026-01-27,41787.58,Cheque,UTR-28939548,Credit Settlement Net 30
PAY-003253,INV-003253,SO-003253,CUST-030,2026-01-07,5735.98,UPI,Ref-3256253,Settled on Billing
PAY-003254,INV-003254,SO-003254,CUST-017,2026-01-31,704.93,UPI,UTR-28957346,Credit Settlement Net 30
PAY-003255,INV-003255,SO-003255,CUST-014,2026-01-08,521.09,Cash,Ref-3258255,Settled on Billing
PAY-003256,INV-003256,SO-003256,CUST-016,2026-02-09,1003.0,RTGS,UTR-28975144,Credit Settlement Net 30
PAY-003257,INV-003257,SO-003257,CUST-043,2026-02-06,359.66,NEFT / Bank Transfer,UTR-28984043,Credit Settlement Net 30
PAY-003258,INV-003258,SO-003258,CUST-021,2026-01-08,3574.46,Cash,Ref-3261258,Settled on Billing
PAY-003259,INV-003259,SO-003259,CUST-013,2026-01-17,640.5,UPI,UTR-29001841,Credit Settlement Net 15
PAY-003260,INV-003260,SO-003260,CUST-025,2026-01-28,663.16,UPI,UTR-29010740,Credit Settlement Net 30
PAY-003261,INV-003261,SO-003261,CUST-023,2026-04-12,66569.7,RTGS,UTR-29019639,Credit Settlement Net 15
PAY-003262,INV-003262,SO-003262,CUST-006,2026-01-09,3422.0,UPI,Ref-3265262,Settled on Billing
PAY-003263,INV-003263,SO-003263,CUST-037,2026-02-17,2006.0,Cheque,UTR-29037437,Credit Settlement Net 30
PAY-003264,INV-003264,SO-003264,CUST-016,2026-01-26,10148.0,RTGS,UTR-29046336,Credit Settlement Net 30
PAY-003265,INV-003265,SO-003265,CUST-028,2026-02-16,244927.88,UPI,UTR-29055235,Credit Settlement Net 30
PAY-003266,INV-003266,SO-003266,CUST-019,2026-02-05,330.4,NEFT / Bank Transfer,UTR-29064134,Credit Settlement Net 30
PAY-003267,INV-003267,SO-003267,CUST-046,2026-02-01,1666.63,UPI,UTR-29073033,Credit Settlement Net 30
PAY-003268,INV-003268,SO-003268,CUST-030,2026-01-09,2773.0,UPI,Ref-3271268,Settled on Billing
PAY-003269,INV-003269,SO-003269,CUST-045,2026-01-10,868.48,Cash,Ref-3272269,Settled on Billing
PAY-003270,INV-003270,SO-003270,CUST-010,2026-02-11,7006.84,NEFT / Bank Transfer,UTR-29099730,Credit Settlement Net 30
PAY-003271,INV-003271,SO-003271,CUST-003,2026-01-28,3427.9,NEFT / Bank Transfer,UTR-29108629,Credit Settlement Net 15
PAY-003272,INV-003272,SO-003272,CUST-030,2026-01-10,521.09,UPI,Ref-3275272,Settled on Billing
PAY-003273,INV-003273,SO-003273,CUST-046,2026-01-29,99.12,Cheque,UTR-29126427,Credit Settlement Net 30
PAY-003274,INV-003274,SO-003274,CUST-031,2026-01-10,643.1,Cash,Ref-3277274,Settled on Billing
PAY-003275,INV-003275,SO-003275,CUST-018,2026-01-12,35.4,UPI,Ref-3278275,Settled on Billing
PAY-003276,INV-003276,SO-003276,CUST-035,2026-01-31,29405.6,RTGS,UTR-29153124,Credit Settlement Net 7
PAY-003277,INV-003277,SO-003277,CUST-036,2026-01-21,81619.18,NEFT / Bank Transfer,UTR-29162023,Credit Settlement Net 30
PAY-003278,INV-003278,SO-003278,CUST-012,2026-01-12,359.9,Credit Card,Ref-3281278,Settled on Billing
PAY-003279,INV-003279,SO-003279,CUST-001,2026-02-19,23378.16,NEFT / Bank Transfer,UTR-29179821,Credit Settlement Net 30
PAY-003280,INV-003280,SO-003280,CUST-023,2026-02-10,72279.72,RTGS,UTR-29188720,Credit Settlement Net 15
PAY-003281,INV-003281,SO-003281,CUST-041,2026-02-14,48349.32,Cheque,UTR-29197619,Credit Settlement Net 45
PAY-003282,INV-003282,SO-003282,CUST-017,2026-01-31,5251.0,Cheque,UTR-29206518,Credit Settlement Net 30
PAY-003283,INV-003283,SO-003283,CUST-003,2026-02-07,22906.16,Cheque,UTR-29215417,Credit Settlement Net 15
PAY-003284,INV-003284,SO-003284,CUST-005,2026-01-14,977.04,Cash,Ref-3287284,Settled on Billing
PAY-003285,INV-003285,SO-003285,CUST-041,2026-01-29,158938.92,Cheque,UTR-29233215,Credit Settlement Net 45
PAY-003286,INV-003286,SO-003286,CUST-007,2026-01-26,2105.12,UPI,UTR-29242114,Credit Settlement Net 30
PAY-003287,INV-003287,SO-003287,CUST-030,2026-01-15,1199.12,UPI,Ref-3290287,Settled on Billing
PAY-003288,INV-003288,SO-003288,CUST-022,2026-03-05,196146.44,Cheque,UTR-29259912,Credit Settlement Net 30
PAY-003289,INV-003289,SO-003289,CUST-006,2026-01-15,873.2,UPI,Ref-3292289,Settled on Billing
PAY-003290,INV-003290,SO-003290,CUST-009,2026-02-13,162853.21,UPI,UTR-29277710,Credit Settlement Net 30
PAY-003291,INV-003291,SO-003291,CUST-040,2026-02-08,119.42,RTGS,UTR-29286609,Credit Settlement Net 30
PAY-003292,INV-003292,SO-003292,CUST-041,2026-02-13,16805.56,Cheque,UTR-29295508,Credit Settlement Net 45
PAY-003293,INV-003293,SO-003293,CUST-012,2026-01-16,153.4,Credit Card,Ref-3296293,Settled on Billing
PAY-003294,INV-003294,SO-003294,CUST-039,2026-01-26,9047.06,UPI,UTR-29313306,Credit Settlement Net 15
PAY-003295,INV-003295,SO-003295,CUST-018,2026-01-16,488.52,UPI,Ref-3298295,Settled on Billing
PAY-003296,INV-003296,SO-003296,CUST-027,2026-02-09,154.82,RTGS,UTR-29331104,Credit Settlement Net 30
PAY-003297,INV-003297,SO-003297,CUST-008,2026-02-22,4708.2,UPI,UTR-29340003,Credit Settlement Net 7
PAY-003298,INV-003298,SO-003298,CUST-037,2026-03-07,8218.7,UPI,UTR-29348902,Credit Settlement Net 30
PAY-003299,INV-003299,SO-003299,CUST-013,2026-01-31,808.3,Cheque,UTR-29357801,Credit Settlement Net 15
PAY-003300,INV-003300,SO-003300,CUST-029,2026-01-26,139329.68,NEFT / Bank Transfer,UTR-29366700,Credit Settlement Net 45
PAY-003301,INV-003301,SO-003301,CUST-004,2026-02-05,47155.16,NEFT / Bank Transfer,UTR-29375599,Credit Settlement Net 45
PAY-003302,INV-003302,SO-003302,CUST-035,2026-02-15,5133.0,RTGS,UTR-29384498,Credit Settlement Net 7
PAY-003303,INV-003303,SO-003303,CUST-026,2026-01-30,2666.8,Cheque,UTR-29393397,Credit Settlement Net 15
PAY-003304,INV-003304,SO-003304,CUST-022,2026-02-21,24131.0,RTGS,UTR-29402296,Credit Settlement Net 30
PAY-003305,INV-003305,SO-003305,CUST-043,2026-02-02,6684.7,Cheque,UTR-29411195,Credit Settlement Net 30
PAY-003306,INV-003306,SO-003306,CUST-032,2026-02-08,26860.34,UPI,UTR-29420094,Credit Settlement Net 30
PAY-003307,INV-003307,SO-003307,CUST-010,2026-02-19,1298.0,UPI,UTR-29428993,Credit Settlement Net 30
PAY-003308,INV-003308,SO-003308,CUST-028,2026-02-12,88629.56,Cheque,UTR-29437892,Credit Settlement Net 30
PAY-003309,INV-003309,SO-003309,CUST-033,2026-01-20,4423.82,Credit Card,Ref-3312309,Settled on Billing
PAY-003310,INV-003310,SO-003310,CUST-015,2026-02-14,7510.7,RTGS,UTR-29455690,Credit Settlement Net 30
PAY-003311,INV-003311,SO-003311,CUST-015,2026-01-28,110583.46,RTGS,UTR-29464589,Credit Settlement Net 30
PAY-003312,INV-003312,SO-003312,CUST-048,2026-01-20,1256.7,UPI,Ref-3315312,Settled on Billing
PAY-003313,INV-003313,SO-003313,CUST-043,2026-04-09,189.98,NEFT / Bank Transfer,UTR-29482387,Credit Settlement Net 30
PAY-003314,INV-003314,SO-003314,CUST-003,2026-02-01,13404.8,UPI,UTR-29491286,Credit Settlement Net 15
PAY-003315,INV-003315,SO-003315,CUST-025,2026-02-07,2773.0,NEFT / Bank Transfer,UTR-29500185,Credit Settlement Net 30
PAY-003316,INV-003316,SO-003316,CUST-031,2026-01-21,271.4,Cash,Ref-3319316,Settled on Billing
PAY-003317,INV-003317,SO-003317,CUST-016,2026-02-17,283.2,UPI,UTR-29517983,Credit Settlement Net 30
PAY-003318,INV-003318,SO-003318,CUST-007,2026-02-27,3163.34,UPI,UTR-29526882,Credit Settlement Net 30
PAY-003319,INV-003319,SO-003319,CUST-043,2026-01-30,1239.0,UPI,UTR-29535781,Credit Settlement Net 30
PAY-003320,INV-003320,SO-003320,CUST-019,2026-02-11,3177.51,Cheque,UTR-29544680,Credit Settlement Net 30
PAY-003321,INV-003321,SO-003321,CUST-029,2026-02-03,212744.08,NEFT / Bank Transfer,UTR-29553579,Credit Settlement Net 45
PAY-003322,INV-003322,SO-003322,CUST-032,2026-02-05,28427.62,NEFT / Bank Transfer,UTR-29562478,Credit Settlement Net 30
PAY-003323,INV-003323,SO-003323,CUST-004,2026-02-08,20734.72,NEFT / Bank Transfer,UTR-29571377,Credit Settlement Net 45
PAY-003324,INV-003324,SO-003324,CUST-005,2026-01-22,931.02,Cash,Ref-3327324,Settled on Billing
PAY-003325,INV-003325,SO-003325,CUST-029,2026-03-04,122305.82,UPI,UTR-29589175,Credit Settlement Net 45
PAY-003326,INV-003326,SO-003326,CUST-008,2026-02-05,38479.8,UPI,UTR-29598074,Credit Settlement Net 7
PAY-003327,INV-003327,SO-003327,CUST-038,2026-02-20,160534.75,RTGS,UTR-29606973,Credit Settlement Net 15
PAY-003328,INV-003328,SO-003328,CUST-019,2026-02-06,3121.1,NEFT / Bank Transfer,UTR-29615872,Credit Settlement Net 30
PAY-003329,INV-003329,SO-003329,CUST-021,2026-01-23,153.4,Cash,Ref-3332329,Settled on Billing
PAY-003330,INV-003330,SO-003330,CUST-047,2026-02-06,283.2,Cheque,UTR-29633670,Credit Settlement Net 30
PAY-003331,INV-003331,SO-003331,CUST-036,2026-02-21,52323.8,NEFT / Bank Transfer,UTR-29642569,Credit Settlement Net 30
PAY-003332,INV-003332,SO-003332,CUST-038,2026-02-13,258304.36,NEFT / Bank Transfer,UTR-29651468,Credit Settlement Net 15
PAY-003333,INV-003333,SO-003333,CUST-047,2026-03-18,2277.4,NEFT / Bank Transfer,UTR-29660367,Credit Settlement Net 30
PAY-003334,INV-003334,SO-003334,CUST-001,2026-03-02,93924.22,NEFT / Bank Transfer,UTR-29669266,Credit Settlement Net 30
PAY-003335,INV-003335,SO-003335,CUST-012,2026-01-24,931.02,Credit Card,Ref-3338335,Settled on Billing
PAY-003336,INV-003336,SO-003336,CUST-046,2026-03-29,488.52,NEFT / Bank Transfer,UTR-29687064,Credit Settlement Net 30
PAY-003337,INV-003337,SO-003337,CUST-001,2026-01-31,269179.24,RTGS,UTR-29695963,Credit Settlement Net 30
PAY-003338,INV-003338,SO-003338,CUST-041,2026-02-02,38070.1,Cheque,UTR-29704862,Credit Settlement Net 45
PAY-003339,INV-003339,SO-003339,CUST-005,2026-01-24,4450.96,Cash,Ref-3342339,Settled on Billing
PAY-003340,INV-003340,SO-003340,CUST-015,2026-02-18,20922.58,RTGS,UTR-29722660,Credit Settlement Net 30
PAY-003341,INV-003341,SO-003341,CUST-038,2026-02-12,253724.07,Cheque,UTR-29731559,Credit Settlement Net 15
PAY-003342,INV-003342,SO-003342,CUST-017,2026-02-11,3317.22,UPI,UTR-29740458,Credit Settlement Net 30
PAY-003343,INV-003343,SO-003343,CUST-018,2026-01-26,194.7,UPI,Ref-3346343,Settled on Billing
PAY-003344,INV-003344,SO-003344,CUST-047,2026-02-22,1829.94,UPI,UTR-29758256,Credit Settlement Net 30
PAY-003345,INV-003345,SO-003345,CUST-028,2026-02-01,149830.5,Cheque,UTR-29767155,Credit Settlement Net 30
PAY-003346,INV-003346,SO-003346,CUST-042,2026-02-13,337469.38,Cheque,UTR-29776054,Credit Settlement Net 15
PAY-003347,INV-003347,SO-003347,CUST-046,2026-02-13,1819.09,UPI,UTR-29784953,Credit Settlement Net 30
PAY-003348,INV-003348,SO-003348,CUST-046,2026-02-25,2935.84,NEFT / Bank Transfer,UTR-29793852,Credit Settlement Net 30
PAY-003349,INV-003349,SO-003349,CUST-028,2026-02-27,218952.54,UPI,UTR-29802751,Credit Settlement Net 30
PAY-003350,INV-003350,SO-003350,CUST-010,2026-02-17,1351.1,NEFT / Bank Transfer,UTR-29811650,Credit Settlement Net 30
PAY-003351,INV-003351,SO-003351,CUST-009,2026-02-05,262160.6,UPI,UTR-29820549,Credit Settlement Net 30
PAY-003352,INV-003352,SO-003352,CUST-029,2026-02-23,57839.59,Cheque,UTR-29829448,Credit Settlement Net 45
PAY-003353,INV-003353,SO-003353,CUST-008,2026-02-08,10647.14,RTGS,UTR-29838347,Credit Settlement Net 7
PAY-003354,INV-003354,SO-003354,CUST-036,2026-02-12,50247.7,NEFT / Bank Transfer,UTR-29847246,Credit Settlement Net 30
PAY-003355,INV-003355,SO-003355,CUST-008,2026-02-23,11328.0,NEFT / Bank Transfer,UTR-29856145,Credit Settlement Net 7
PAY-003356,INV-003356,SO-003356,CUST-032,2026-03-18,52379.02,RTGS,UTR-29865044,Credit Settlement Net 30
PAY-003357,INV-003357,SO-003357,CUST-011,2026-02-09,96706.43,UPI,UTR-29873943,Credit Settlement Net 45
PAY-003358,INV-003358,SO-003358,CUST-033,2026-01-28,4672.8,Credit Card,Ref-3361358,Settled on Billing
PAY-003359,INV-003359,SO-003359,CUST-002,2026-02-06,210721.1,Cheque,UTR-29891741,Credit Settlement Net 15
PAY-003360,INV-003360,SO-003360,CUST-037,2026-04-27,5463.4,UPI,UTR-29900640,Credit Settlement Net 30
PAY-003361,INV-003361,SO-003361,CUST-020,2026-02-10,4843.9,NEFT / Bank Transfer,UTR-29909539,Credit Settlement Net 15
PAY-003362,INV-003362,SO-003362,CUST-015,2026-02-27,121801.49,Cheque,UTR-29918438,Credit Settlement Net 30
PAY-003363,INV-003363,SO-003363,CUST-035,2026-02-22,3433.33,UPI,UTR-29927337,Credit Settlement Net 7
PAY-003364,INV-003364,SO-003364,CUST-038,2026-02-07,56103.57,NEFT / Bank Transfer,UTR-29936236,Credit Settlement Net 15
PAY-003365,INV-003365,SO-003365,CUST-007,2026-03-10,76.7,RTGS,UTR-29945135,Credit Settlement Net 30
PAY-003366,INV-003366,SO-003366,CUST-033,2026-01-30,3127.94,Credit Card,Ref-3369366,Settled on Billing
PAY-003367,INV-003367,SO-003367,CUST-005,2026-01-30,3033.54,Cash,Ref-3370367,Settled on Billing
PAY-003368,INV-003368,SO-003368,CUST-014,2026-01-31,10620.0,Cash,Ref-3371368,Settled on Billing
PAY-003369,INV-003369,SO-003369,CUST-019,2026-02-28,2970.53,Cheque,UTR-29980731,Credit Settlement Net 30
PAY-003370,INV-003370,SO-003370,CUST-013,2026-02-11,424.8,UPI,UTR-29989630,Credit Settlement Net 15
PAY-003371,INV-003371,SO-003371,CUST-022,2026-02-14,157670.89,NEFT / Bank Transfer,UTR-29998529,Credit Settlement Net 30
PAY-003372,INV-003372,SO-003372,CUST-022,2026-02-28,161176.67,RTGS,UTR-30007428,Credit Settlement Net 30
PAY-003373,INV-003373,SO-003373,CUST-030,2026-01-31,2087.18,UPI,Ref-3376373,Settled on Billing
PAY-003374,INV-003374,SO-003374,CUST-041,2026-02-18,105408.22,Cheque,UTR-30025226,Credit Settlement Net 45
PAY-003375,INV-003375,SO-003375,CUST-006,2026-01-31,3363.94,UPI,Ref-3378375,Settled on Billing
PAY-003376,INV-003376,SO-003376,CUST-039,2026-03-07,6364.92,NEFT / Bank Transfer,UTR-30043024,Credit Settlement Net 15
PAY-003377,INV-003377,SO-003377,CUST-005,2026-02-02,7928.42,Cash,Ref-3380377,Settled on Billing
PAY-003378,INV-003378,SO-003378,CUST-020,2026-02-10,11587.6,UPI,UTR-30060822,Credit Settlement Net 15
PAY-003379,INV-003379,SO-003379,CUST-025,2026-04-23,1463.2,UPI,UTR-30069721,Credit Settlement Net 30
PAY-003380,INV-003380,SO-003380,CUST-009,2026-02-21,192696.83,NEFT / Bank Transfer,UTR-30078620,Credit Settlement Net 30
PAY-003381,INV-003381,SO-003381,CUST-042,2026-02-28,241219.14,UPI,UTR-30087519,Credit Settlement Net 15
PAY-003382,INV-003382,SO-003382,CUST-022,2026-02-08,60876.2,RTGS,UTR-30096418,Credit Settlement Net 30
PAY-003383,INV-003383,SO-003383,CUST-030,2026-02-03,2773.0,UPI,Ref-3386383,Settled on Billing
PAY-003384,INV-003384,SO-003384,CUST-005,2026-02-03,8991.6,Cash,Ref-3387384,Settled on Billing
PAY-003385,INV-003385,SO-003385,CUST-027,2026-02-26,17.7,UPI,UTR-30123115,Credit Settlement Net 30
PAY-003386,INV-003386,SO-003386,CUST-010,2026-02-20,2773.0,UPI,UTR-30132014,Credit Settlement Net 30
PAY-003387,INV-003387,SO-003387,CUST-014,2026-02-03,330.4,Cash,Ref-3390387,Settled on Billing
PAY-003388,INV-003388,SO-003388,CUST-007,2026-02-13,1243.72,Cheque,UTR-30149812,Credit Settlement Net 30
PAY-003389,INV-003389,SO-003389,CUST-045,2026-02-04,4071.0,Cash,Ref-3392389,Settled on Billing
PAY-003390,INV-003390,SO-003390,CUST-037,2026-03-06,9010.48,RTGS,UTR-30167610,Credit Settlement Net 30
PAY-003391,INV-003391,SO-003391,CUST-015,2026-03-09,39153.11,Cheque,UTR-30176509,Credit Settlement Net 30
PAY-003392,INV-003392,SO-003392,CUST-025,2026-02-22,4602.0,NEFT / Bank Transfer,UTR-30185408,Credit Settlement Net 30
PAY-003393,INV-003393,SO-003393,CUST-021,2026-02-05,330.4,Cash,Ref-3396393,Settled on Billing
PAY-003394,INV-003394,SO-003394,CUST-014,2026-02-06,1045.72,Cash,Ref-3397394,Settled on Billing
PAY-003395,INV-003395,SO-003395,CUST-041,2026-03-28,10733.28,UPI,UTR-30212105,Credit Settlement Net 45
PAY-003396,INV-003396,SO-003396,CUST-003,2026-02-27,7734.9,UPI,UTR-30221004,Credit Settlement Net 15
PAY-003397,INV-003397,SO-003397,CUST-012,2026-02-06,35.4,Credit Card,Ref-3400397,Settled on Billing
PAY-003398,INV-003398,SO-003398,CUST-012,2026-02-06,695.02,Credit Card,Ref-3401398,Settled on Billing
PAY-003399,INV-003399,SO-003399,CUST-035,2026-03-24,1545.8,Cheque,UTR-30247701,Credit Settlement Net 7
PAY-003400,INV-003400,SO-003400,CUST-039,2026-03-01,5832.98,RTGS,UTR-30256600,Credit Settlement Net 15
PAY-003401,INV-003401,SO-003401,CUST-005,2026-02-07,2775.83,Cash,Ref-3404401,Settled on Billing
PAY-003402,INV-003402,SO-003402,CUST-010,2026-03-18,2006.0,RTGS,UTR-30274398,Credit Settlement Net 30
PAY-003403,INV-003403,SO-003403,CUST-048,2026-02-07,6549.0,UPI,Ref-3406403,Settled on Billing
PAY-003404,INV-003404,SO-003404,CUST-026,2026-03-23,4467.48,NEFT / Bank Transfer,UTR-30292196,Credit Settlement Net 15
PAY-003405,INV-003405,SO-003405,CUST-029,2026-03-29,48890.94,UPI,UTR-30301095,Credit Settlement Net 45
PAY-003406,INV-003406,SO-003406,CUST-022,2026-03-28,172074.21,NEFT / Bank Transfer,UTR-30309994,Credit Settlement Net 30
PAY-003407,INV-003407,SO-003407,CUST-041,2026-03-06,7324.73,UPI,UTR-30318893,Credit Settlement Net 45
PAY-003408,INV-003408,SO-003408,CUST-044,2026-03-04,12694.44,RTGS,UTR-30327792,Credit Settlement Net 7
PAY-003409,INV-003409,SO-003409,CUST-003,2026-02-22,942.82,NEFT / Bank Transfer,UTR-30336691,Credit Settlement Net 15
PAY-003410,INV-003410,SO-003410,CUST-010,2026-03-18,379.96,Cheque,UTR-30345590,Credit Settlement Net 30
PAY-003411,INV-003411,SO-003411,CUST-015,2026-03-09,164468.4,UPI,UTR-30354489,Credit Settlement Net 30
PAY-003412,INV-003412,SO-003412,CUST-029,2026-02-17,177729.95,NEFT / Bank Transfer,UTR-30363388,Credit Settlement Net 45
PAY-003413,INV-003413,SO-003413,CUST-013,2026-04-03,260.54,UPI,UTR-30372287,Credit Settlement Net 15
PAY-003414,INV-003414,SO-003414,CUST-015,2026-03-18,24294.78,UPI,UTR-30381186,Credit Settlement Net 30
PAY-003415,INV-003415,SO-003415,CUST-015,2026-03-25,52625.17,NEFT / Bank Transfer,UTR-30390085,Credit Settlement Net 30
PAY-003416,INV-003416,SO-003416,CUST-004,2026-02-25,288080.48,RTGS,UTR-30398984,Credit Settlement Net 45
PAY-003417,INV-003417,SO-003417,CUST-012,2026-02-10,1199.12,Credit Card,Ref-3420417,Settled on Billing
PAY-003418,INV-003418,SO-003418,CUST-004,2026-03-30,171576.48,NEFT / Bank Transfer,UTR-30416782,Credit Settlement Net 45
PAY-003419,INV-003419,SO-003419,CUST-044,2026-02-18,6938.4,UPI,UTR-30425681,Credit Settlement Net 7
PAY-003420,INV-003420,SO-003420,CUST-019,2026-03-07,9698.42,NEFT / Bank Transfer,UTR-30434580,Credit Settlement Net 30
PAY-003421,INV-003421,SO-003421,CUST-033,2026-02-12,506.22,Credit Card,Ref-3424421,Settled on Billing
PAY-003422,INV-003422,SO-003422,CUST-028,2026-02-18,35447.67,NEFT / Bank Transfer,UTR-30452378,Credit Settlement Net 30
PAY-003423,INV-003423,SO-003423,CUST-034,2026-03-12,3261.52,RTGS,UTR-30461277,Credit Settlement Net 30
PAY-003424,INV-003424,SO-003424,CUST-014,2026-02-12,1239.0,Cash,Ref-3427424,Settled on Billing
PAY-003425,INV-003425,SO-003425,CUST-043,2026-04-19,2537.0,RTGS,UTR-30479075,Credit Settlement Net 30
PAY-003426,INV-003426,SO-003426,CUST-021,2026-02-13,762.52,Cash,Ref-3429426,Settled on Billing
PAY-003427,INV-003427,SO-003427,CUST-004,2026-03-05,9798.72,RTGS,UTR-30496873,Credit Settlement Net 45
PAY-003428,INV-003428,SO-003428,CUST-019,2026-02-22,1239.0,RTGS,UTR-30505772,Credit Settlement Net 30
PAY-003429,INV-003429,SO-003429,CUST-043,2026-03-05,814.2,Cheque,UTR-30514671,Credit Settlement Net 30
PAY-003430,INV-003430,SO-003430,CUST-047,2026-03-27,2717.54,NEFT / Bank Transfer,UTR-30523570,Credit Settlement Net 30
PAY-003431,INV-003431,SO-003431,CUST-037,2026-02-27,3702.84,Cheque,UTR-30532469,Credit Settlement Net 30
PAY-003432,INV-003432,SO-003432,CUST-018,2026-02-14,9641.54,UPI,Ref-3435432,Settled on Billing
PAY-003433,INV-003433,SO-003433,CUST-030,2026-02-14,2962.98,UPI,Ref-3436433,Settled on Billing
PAY-003434,INV-003434,SO-003434,CUST-041,2026-02-27,15871.0,Cheque,UTR-30559166,Credit Settlement Net 45
PAY-003435,INV-003435,SO-003435,CUST-031,2026-02-14,6565.52,Cash,Ref-3438435,Settled on Billing
PAY-003436,INV-003436,SO-003436,CUST-011,2026-03-11,145359.48,Cheque,UTR-30576964,Credit Settlement Net 45
PAY-003437,INV-003437,SO-003437,CUST-009,2026-03-06,33495.72,Cheque,UTR-30585863,Credit Settlement Net 30
PAY-003438,INV-003438,SO-003438,CUST-047,2026-04-21,926.3,Cheque,UTR-30594762,Credit Settlement Net 30
PAY-003439,INV-003439,SO-003439,CUST-008,2026-04-07,20154.4,UPI,UTR-30603661,Credit Settlement Net 7
PAY-003440,INV-003440,SO-003440,CUST-041,2026-04-30,107792.29,RTGS,UTR-30612560,Credit Settlement Net 45
PAY-003441,INV-003441,SO-003441,CUST-004,2026-02-26,98772.37,RTGS,UTR-30621459,Credit Settlement Net 45
PAY-003442,INV-003442,SO-003442,CUST-015,2026-04-27,138330.93,NEFT / Bank Transfer,UTR-30630358,Credit Settlement Net 30
PAY-003443,INV-003443,SO-003443,CUST-041,2026-03-06,274736.1,NEFT / Bank Transfer,UTR-30639257,Credit Settlement Net 45
PAY-003444,INV-003444,SO-003444,CUST-029,2026-04-02,18037.48,NEFT / Bank Transfer,UTR-30648156,Credit Settlement Net 45
PAY-003445,INV-003445,SO-003445,CUST-032,2026-02-21,116873.81,UPI,UTR-30657055,Credit Settlement Net 30
PAY-003446,INV-003446,SO-003446,CUST-002,2026-04-11,18603.88,NEFT / Bank Transfer,UTR-30665954,Credit Settlement Net 15
PAY-003447,INV-003447,SO-003447,CUST-018,2026-02-16,1335.29,UPI,Ref-3450447,Settled on Billing
PAY-003448,INV-003448,SO-003448,CUST-045,2026-02-17,488.52,Cash,Ref-3451448,Settled on Billing
PAY-003449,INV-003449,SO-003449,CUST-038,2026-03-17,16885.8,UPI,UTR-30692651,Credit Settlement Net 15
PAY-003450,INV-003450,SO-003450,CUST-003,2026-05-12,5701.76,RTGS,UTR-30701550,Credit Settlement Net 15
PAY-003451,INV-003451,SO-003451,CUST-018,2026-02-17,2987.52,UPI,Ref-3454451,Settled on Billing
PAY-003452,INV-003452,SO-003452,CUST-009,2026-03-28,535259.8,Cheque,UTR-30719348,Credit Settlement Net 30
PAY-003453,INV-003453,SO-003453,CUST-047,2026-03-19,2147.6,UPI,UTR-30728247,Credit Settlement Net 30
PAY-003454,INV-003454,SO-003454,CUST-008,2026-04-09,12187.04,UPI,UTR-30737146,Credit Settlement Net 7
PAY-003455,INV-003455,SO-003455,CUST-026,2026-03-02,15377.76,NEFT / Bank Transfer,UTR-30746045,Credit Settlement Net 15
PAY-003456,INV-003456,SO-003456,CUST-002,2026-02-27,56374.5,Cheque,UTR-30754944,Credit Settlement Net 15
PAY-003457,INV-003457,SO-003457,CUST-012,2026-02-19,428.81,Credit Card,Ref-3460457,Settled on Billing
PAY-003458,INV-003458,SO-003458,CUST-010,2026-04-12,283.2,UPI,UTR-30772742,Credit Settlement Net 30
PAY-003459,INV-003459,SO-003459,CUST-012,2026-02-19,8177.4,Credit Card,Ref-3462459,Settled on Billing
PAY-003460,INV-003460,SO-003460,CUST-029,2026-03-21,71207.1,RTGS,UTR-30790540,Credit Settlement Net 45
PAY-003461,INV-003461,SO-003461,CUST-035,2026-04-04,7313.64,UPI,UTR-30799439,Credit Settlement Net 7
PAY-003462,INV-003462,SO-003462,CUST-003,2026-04-05,6891.2,RTGS,UTR-30808338,Credit Settlement Net 15
PAY-003463,INV-003463,SO-003463,CUST-044,2026-02-26,4082.8,NEFT / Bank Transfer,UTR-30817237,Credit Settlement Net 7
PAY-003464,INV-003464,SO-003464,CUST-012,2026-02-20,379.96,Credit Card,Ref-3467464,Settled on Billing
PAY-003465,INV-003465,SO-003465,CUST-042,2026-03-10,143240.2,Cheque,UTR-30835035,Credit Settlement Net 15
PAY-003466,INV-003466,SO-003466,CUST-031,2026-02-21,1192.98,Cash,Ref-3469466,Settled on Billing
PAY-003467,INV-003467,SO-003467,CUST-020,2026-03-06,25275.6,RTGS,UTR-30852833,Credit Settlement Net 15
PAY-003468,INV-003468,SO-003468,CUST-048,2026-02-21,6844.0,UPI,Ref-3471468,Settled on Billing
PAY-003469,INV-003469,SO-003469,CUST-017,2026-03-03,2773.0,UPI,UTR-30870631,Credit Settlement Net 30
PAY-003470,INV-003470,SO-003470,CUST-044,2026-03-23,15137.04,UPI,UTR-30879530,Credit Settlement Net 7
PAY-003471,INV-003471,SO-003471,CUST-040,2026-03-24,318.6,NEFT / Bank Transfer,UTR-30888429,Credit Settlement Net 30
PAY-003472,INV-003472,SO-003472,CUST-040,2026-03-13,200.84,UPI,UTR-30897328,Credit Settlement Net 30
PAY-003473,INV-003473,SO-003473,CUST-019,2026-03-09,11892.04,RTGS,UTR-30906227,Credit Settlement Net 30
PAY-003474,INV-003474,SO-003474,CUST-018,2026-02-23,5689.96,UPI,Ref-3477474,Settled on Billing
PAY-003475,INV-003475,SO-003475,CUST-046,2026-03-20,977.04,Cheque,UTR-30924025,Credit Settlement Net 30
PAY-003476,INV-003476,SO-003476,CUST-016,2026-03-14,5429.42,RTGS,UTR-30932924,Credit Settlement Net 30
PAY-003477,INV-003477,SO-003477,CUST-006,2026-02-24,407.1,UPI,Ref-3480477,Settled on Billing
PAY-003478,INV-003478,SO-003478,CUST-013,2026-03-10,663.16,UPI,UTR-30950722,Credit Settlement Net 15
PAY-003479,INV-003479,SO-003479,CUST-020,2026-03-09,17435.68,UPI,UTR-30959621,Credit Settlement Net 15
PAY-003480,INV-003480,SO-003480,CUST-041,2026-03-05,138371.52,NEFT / Bank Transfer,UTR-30968520,Credit Settlement Net 45
PAY-003481,INV-003481,SO-003481,CUST-031,2026-02-25,428.81,Cash,Ref-3484481,Settled on Billing
PAY-003482,INV-003482,SO-003482,CUST-026,2026-03-28,1762.45,UPI,UTR-30986318,Credit Settlement Net 15
PAY-003483,INV-003483,SO-003483,CUST-026,2026-03-11,10384.0,RTGS,UTR-30995217,Credit Settlement Net 15
PAY-003484,INV-003484,SO-003484,CUST-042,2026-03-13,313009.16,RTGS,UTR-31004116,Credit Settlement Net 15
PAY-003485,INV-003485,SO-003485,CUST-029,2026-03-18,54954.72,UPI,UTR-31013015,Credit Settlement Net 45
PAY-003486,INV-003486,SO-003486,CUST-033,2026-02-26,1185.9,Credit Card,Ref-3489486,Settled on Billing
PAY-003487,INV-003487,SO-003487,CUST-010,2026-03-12,359.9,Cheque,UTR-31030813,Credit Settlement Net 30
PAY-003488,INV-003488,SO-003488,CUST-013,2026-03-25,1038.4,NEFT / Bank Transfer,UTR-31039712,Credit Settlement Net 15
PAY-003489,INV-003489,SO-003489,CUST-019,2026-03-04,1003.0,UPI,UTR-31048611,Credit Settlement Net 30
PAY-003490,INV-003490,SO-003490,CUST-019,2026-04-06,931.02,NEFT / Bank Transfer,UTR-31057510,Credit Settlement Net 30
PAY-003491,INV-003491,SO-003491,CUST-009,2026-03-21,138180.36,RTGS,UTR-31066409,Credit Settlement Net 30
PAY-003492,INV-003492,SO-003492,CUST-007,2026-03-28,5150.7,UPI,UTR-31075308,Credit Settlement Net 30
PAY-003493,INV-003493,SO-003493,CUST-019,2026-04-01,1097.4,RTGS,UTR-31084207,Credit Settlement Net 30
PAY-003494,INV-003494,SO-003494,CUST-018,2026-02-28,1016.22,UPI,Ref-3497494,Settled on Billing
PAY-003495,INV-003495,SO-003495,CUST-038,2026-03-12,196958.28,RTGS,UTR-31102005,Credit Settlement Net 15
PAY-003496,INV-003496,SO-003496,CUST-005,2026-02-28,260.54,Cash,Ref-3499496,Settled on Billing
PAY-003497,INV-003497,SO-003497,CUST-035,2026-03-25,10807.62,UPI,UTR-31119803,Credit Settlement Net 7
PAY-003498,INV-003498,SO-003498,CUST-012,2026-02-28,238.83,Credit Card,Ref-3501498,Settled on Billing
PAY-003499,INV-003499,SO-003499,CUST-022,2026-03-31,206868.16,NEFT / Bank Transfer,UTR-31137601,Credit Settlement Net 30
PAY-003500,INV-003500,SO-003500,CUST-016,2026-03-22,5546.0,Cheque,UTR-31146500,Credit Settlement Net 30
PAY-003501,INV-003501,SO-003501,CUST-026,2026-03-24,4417.92,NEFT / Bank Transfer,UTR-31155399,Credit Settlement Net 15
PAY-003502,INV-003502,SO-003502,CUST-027,2026-03-15,436.6,RTGS,UTR-31164298,Credit Settlement Net 30
PAY-003503,INV-003503,SO-003503,CUST-045,2026-03-03,5074.0,Cash,Ref-3506503,Settled on Billing
PAY-003504,INV-003504,SO-003504,CUST-003,2026-06-04,4383.7,UPI,UTR-31182096,Credit Settlement Net 15
PAY-003505,INV-003505,SO-003505,CUST-020,2026-03-23,6808.6,UPI,UTR-31190995,Credit Settlement Net 15
PAY-003506,INV-003506,SO-003506,CUST-018,2026-03-04,330.4,UPI,Ref-3509506,Settled on Billing
PAY-003507,INV-003507,SO-003507,CUST-004,2026-04-03,176827.96,RTGS,UTR-31208793,Credit Settlement Net 45
PAY-003508,INV-003508,SO-003508,CUST-046,2026-04-03,424.8,UPI,UTR-31217692,Credit Settlement Net 30
PAY-003509,INV-003509,SO-003509,CUST-020,2026-03-16,17087.34,RTGS,UTR-31226591,Credit Settlement Net 15
PAY-003510,INV-003510,SO-003510,CUST-041,2026-03-26,87331.8,UPI,UTR-31235490,Credit Settlement Net 45
PAY-003511,INV-003511,SO-003511,CUST-002,2026-03-18,387995.8,NEFT / Bank Transfer,UTR-31244389,Credit Settlement Net 15
PAY-003512,INV-003512,SO-003512,CUST-034,2026-03-25,3057.38,Cheque,UTR-31253288,Credit Settlement Net 30
PAY-003513,INV-003513,SO-003513,CUST-004,2026-03-28,28896.31,NEFT / Bank Transfer,UTR-31262187,Credit Settlement Net 45
PAY-003514,INV-003514,SO-003514,CUST-006,2026-03-06,3047.94,UPI,Ref-3517514,Settled on Billing
PAY-003515,INV-003515,SO-003515,CUST-045,2026-03-06,1786.52,Cash,Ref-3518515,Settled on Billing
PAY-003516,INV-003516,SO-003516,CUST-009,2026-03-16,144240.84,UPI,UTR-31288884,Credit Settlement Net 30
PAY-003517,INV-003517,SO-003517,CUST-006,2026-03-06,2733.12,UPI,Ref-3520517,Settled on Billing
PAY-003518,INV-003518,SO-003518,CUST-025,2026-04-17,5136.54,RTGS,UTR-31306682,Credit Settlement Net 30
PAY-003519,INV-003519,SO-003519,CUST-019,2026-04-27,647.82,RTGS,UTR-31315581,Credit Settlement Net 30
PAY-003520,INV-003520,SO-003520,CUST-029,2026-03-25,116893.16,RTGS,UTR-31324480,Credit Settlement Net 45
PAY-003521,INV-003521,SO-003521,CUST-002,2026-05-09,232274.74,UPI,UTR-31333379,Credit Settlement Net 15
PAY-003522,INV-003522,SO-003522,CUST-009,2026-03-18,115250.6,NEFT / Bank Transfer,UTR-31342278,Credit Settlement Net 30
PAY-003523,INV-003523,SO-003523,CUST-036,2026-04-12,16129.42,Cheque,UTR-31351177,Credit Settlement Net 30
PAY-003524,INV-003524,SO-003524,CUST-034,2026-04-14,1387.68,UPI,UTR-31360076,Credit Settlement Net 30
PAY-003525,INV-003525,SO-003525,CUST-017,2026-04-08,1558.54,Cheque,UTR-31368975,Credit Settlement Net 30
PAY-003526,INV-003526,SO-003526,CUST-006,2026-03-09,861.64,UPI,Ref-3529526,Settled on Billing
PAY-003527,INV-003527,SO-003527,CUST-018,2026-03-09,119.42,UPI,Ref-3530527,Settled on Billing
PAY-003528,INV-003528,SO-003528,CUST-035,2026-04-05,11748.08,UPI,UTR-31395672,Credit Settlement Net 7
PAY-003529,INV-003529,SO-003529,CUST-041,2026-03-23,156003.08,Cheque,UTR-31404571,Credit Settlement Net 45
PAY-003530,INV-003530,SO-003530,CUST-011,2026-04-23,251833.24,Cheque,UTR-31413470,Credit Settlement Net 45
PAY-003531,INV-003531,SO-003531,CUST-022,2026-03-19,69455.74,UPI,UTR-31422369,Credit Settlement Net 30
PAY-003532,INV-003532,SO-003532,CUST-007,2026-04-24,153.4,NEFT / Bank Transfer,UTR-31431268,Credit Settlement Net 30
PAY-003533,INV-003533,SO-003533,CUST-027,2026-04-23,1003.0,Cheque,UTR-31440167,Credit Settlement Net 30
PAY-003534,INV-003534,SO-003534,CUST-014,2026-03-10,8142.0,Cash,Ref-3537534,Settled on Billing
PAY-003535,INV-003535,SO-003535,CUST-037,2026-03-27,206.5,RTGS,UTR-31457965,Credit Settlement Net 30
PAY-003536,INV-003536,SO-003536,CUST-020,2026-04-01,11676.1,Cheque,UTR-31466864,Credit Settlement Net 15
PAY-003537,INV-003537,SO-003537,CUST-041,2026-04-08,141702.9,UPI,UTR-31475763,Credit Settlement Net 45
PAY-003538,INV-003538,SO-003538,CUST-038,2026-03-26,97983.66,RTGS,UTR-31484662,Credit Settlement Net 15
PAY-003539,INV-003539,SO-003539,CUST-033,2026-03-11,2105.12,Credit Card,Ref-3542539,Settled on Billing
PAY-003540,INV-003540,SO-003540,CUST-044,2026-03-31,5877.58,RTGS,UTR-31502460,Credit Settlement Net 7
PAY-003541,INV-003541,SO-003541,CUST-042,2026-03-20,248302.68,Cheque,UTR-31511359,Credit Settlement Net 15
PAY-003542,INV-003542,SO-003542,CUST-043,2026-04-03,849.6,UPI,UTR-31520258,Credit Settlement Net 30
PAY-003543,INV-003543,SO-003543,CUST-027,2026-04-20,4265.7,Cheque,UTR-31529157,Credit Settlement Net 30
PAY-003544,INV-003544,SO-003544,CUST-003,2026-03-24,13533.42,UPI,UTR-31538056,Credit Settlement Net 15
PAY-003545,INV-003545,SO-003545,CUST-048,2026-03-12,153.4,UPI,Ref-3548545,Settled on Billing
PAY-003546,INV-003546,SO-003546,CUST-025,2026-04-06,13593.6,UPI,UTR-31555854,Credit Settlement Net 30
PAY-003547,INV-003547,SO-003547,CUST-029,2026-04-02,252970.76,UPI,UTR-31564753,Credit Settlement Net 45
PAY-003548,INV-003548,SO-003548,CUST-048,2026-03-13,1274.4,UPI,Ref-3551548,Settled on Billing
PAY-003549,INV-003549,SO-003549,CUST-034,2026-03-28,1003.0,RTGS,UTR-31582551,Credit Settlement Net 30
PAY-003550,INV-003550,SO-003550,CUST-027,2026-04-03,10620.0,Cheque,UTR-31591450,Credit Settlement Net 30
PAY-003551,INV-003551,SO-003551,CUST-036,2026-04-02,115505.48,NEFT / Bank Transfer,UTR-31600349,Credit Settlement Net 30
PAY-003552,INV-003552,SO-003552,CUST-003,2026-05-07,9109.6,NEFT / Bank Transfer,UTR-31609248,Credit Settlement Net 15
PAY-003553,INV-003553,SO-003553,CUST-039,2026-04-21,43683.6,RTGS,UTR-31618147,Credit Settlement Net 15
PAY-003554,INV-003554,SO-003554,CUST-018,2026-03-14,3224.94,UPI,Ref-3557554,Settled on Billing
PAY-003555,INV-003555,SO-003555,CUST-006,2026-03-14,2596.0,UPI,Ref-3558555,Settled on Billing
PAY-003556,INV-003556,SO-003556,CUST-013,2026-03-25,4301.1,Cheque,UTR-31644844,Credit Settlement Net 15
PAY-003557,INV-003557,SO-003557,CUST-036,2026-04-29,34526.8,RTGS,UTR-31653743,Credit Settlement Net 30
PAY-003558,INV-003558,SO-003558,CUST-033,2026-03-14,189.98,Credit Card,Ref-3561558,Settled on Billing
PAY-003559,INV-003559,SO-003559,CUST-040,2026-04-13,17197.32,Cheque,UTR-31671541,Credit Settlement Net 30
PAY-003560,INV-003560,SO-003560,CUST-010,2026-05-05,2127.54,NEFT / Bank Transfer,UTR-31680440,Credit Settlement Net 30
PAY-003561,INV-003561,SO-003561,CUST-018,2026-03-16,2966.52,UPI,Ref-3564561,Settled on Billing
PAY-003562,INV-003562,SO-003562,CUST-039,2026-04-01,6768.48,NEFT / Bank Transfer,UTR-31698238,Credit Settlement Net 15
PAY-003563,INV-003563,SO-003563,CUST-005,2026-03-16,243.08,Cash,Ref-3566563,Settled on Billing
PAY-003564,INV-003564,SO-003564,CUST-016,2026-04-05,542.8,NEFT / Bank Transfer,UTR-31716036,Credit Settlement Net 30
PAY-003565,INV-003565,SO-003565,CUST-025,2026-04-15,230.1,UPI,UTR-31724935,Credit Settlement Net 30
PAY-003566,INV-003566,SO-003566,CUST-031,2026-03-17,383.5,Cash,Ref-3569566,Settled on Billing
PAY-003567,INV-003567,SO-003567,CUST-002,2026-04-05,592752.94,NEFT / Bank Transfer,UTR-31742733,Credit Settlement Net 15
PAY-003568,INV-003568,SO-003568,CUST-021,2026-03-18,584.1,Cash,Ref-3571568,Settled on Billing
PAY-003569,INV-003569,SO-003569,CUST-020,2026-04-01,3322.88,RTGS,UTR-31760531,Credit Settlement Net 15
PAY-003570,INV-003570,SO-003570,CUST-004,2026-04-23,125839.68,NEFT / Bank Transfer,UTR-31769430,Credit Settlement Net 45
PAY-003571,INV-003571,SO-003571,CUST-004,2026-04-19,37170.71,NEFT / Bank Transfer,UTR-31778329,Credit Settlement Net 45
PAY-003572,INV-003572,SO-003572,CUST-004,2026-04-10,114339.64,RTGS,UTR-31787228,Credit Settlement Net 45
PAY-003573,INV-003573,SO-003573,CUST-042,2026-05-05,28264.78,Cheque,UTR-31796127,Credit Settlement Net 15
PAY-003574,INV-003574,SO-003574,CUST-010,2026-04-18,2471.39,Cheque,UTR-31805026,Credit Settlement Net 30
PAY-003575,INV-003575,SO-003575,CUST-036,2026-04-08,30855.58,RTGS,UTR-31813925,Credit Settlement Net 30
PAY-003576,INV-003576,SO-003576,CUST-048,2026-03-20,4786.08,UPI,Ref-3579576,Settled on Billing
PAY-003577,INV-003577,SO-003577,CUST-039,2026-04-07,1504.5,RTGS,UTR-31831723,Credit Settlement Net 15
PAY-003578,INV-003578,SO-003578,CUST-029,2026-04-11,109647.02,Cheque,UTR-31840622,Credit Settlement Net 45
PAY-003579,INV-003579,SO-003579,CUST-016,2026-04-23,2458.88,NEFT / Bank Transfer,UTR-31849521,Credit Settlement Net 30
PAY-003580,INV-003580,SO-003580,CUST-042,2026-04-02,187892.58,Cheque,UTR-31858420,Credit Settlement Net 15
PAY-003581,INV-003581,SO-003581,CUST-043,2026-04-09,14688.64,UPI,UTR-31867319,Credit Settlement Net 30
PAY-003582,INV-003582,SO-003582,CUST-035,2026-04-18,13723.4,NEFT / Bank Transfer,UTR-31876218,Credit Settlement Net 7
PAY-003583,INV-003583,SO-003583,CUST-006,2026-03-21,116.82,UPI,Ref-3586583,Settled on Billing
PAY-003584,INV-003584,SO-003584,CUST-004,2026-04-06,243654.42,UPI,UTR-31894016,Credit Settlement Net 45
PAY-003585,INV-003585,SO-003585,CUST-019,2026-05-17,119.42,RTGS,UTR-31902915,Credit Settlement Net 30
PAY-003586,INV-003586,SO-003586,CUST-033,2026-03-23,2596.0,Credit Card,Ref-3589586,Settled on Billing
PAY-003587,INV-003587,SO-003587,CUST-006,2026-03-24,53.1,UPI,Ref-3590587,Settled on Billing
PAY-003588,INV-003588,SO-003588,CUST-021,2026-03-24,1574.12,Cash,Ref-3591588,Settled on Billing
PAY-003589,INV-003589,SO-003589,CUST-015,2026-04-09,123536.56,Cheque,UTR-31938511,Credit Settlement Net 30
PAY-003590,INV-003590,SO-003590,CUST-040,2026-04-13,2275.04,RTGS,UTR-31947410,Credit Settlement Net 30
PAY-003591,INV-003591,SO-003591,CUST-047,2026-05-04,3019.38,Cheque,UTR-31956309,Credit Settlement Net 30
PAY-003592,INV-003592,SO-003592,CUST-034,2026-04-07,1440.54,Cheque,UTR-31965208,Credit Settlement Net 30
PAY-003593,INV-003593,SO-003593,CUST-015,2026-04-20,12797.1,RTGS,UTR-31974107,Credit Settlement Net 30
PAY-003594,INV-003594,SO-003594,CUST-042,2026-04-08,130453.72,RTGS,UTR-31983006,Credit Settlement Net 15
PAY-003595,INV-003595,SO-003595,CUST-001,2026-04-09,95775.88,UPI,UTR-31991905,Credit Settlement Net 30
PAY-003596,INV-003596,SO-003596,CUST-019,2026-05-12,1417.42,Cheque,UTR-32000804,Credit Settlement Net 30
PAY-003597,INV-003597,SO-003597,CUST-035,2026-04-16,16311.85,UPI,UTR-32009703,Credit Settlement Net 7
PAY-003598,INV-003598,SO-003598,CUST-021,2026-03-26,260.54,Cash,Ref-3601598,Settled on Billing
PAY-003599,INV-003599,SO-003599,CUST-038,2026-05-09,82799.42,RTGS,UTR-32027501,Credit Settlement Net 15
PAY-003600,INV-003600,SO-003600,CUST-027,2026-04-09,153.4,Cheque,UTR-32036400,Credit Settlement Net 30
PAY-003601,INV-003601,SO-003601,CUST-038,2026-05-08,25738.63,RTGS,UTR-32045299,Credit Settlement Net 15
PAY-003602,INV-003602,SO-003602,CUST-048,2026-03-27,81.42,UPI,Ref-3605602,Settled on Billing
PAY-003603,INV-003603,SO-003603,CUST-015,2026-04-24,272495.04,NEFT / Bank Transfer,UTR-32063097,Credit Settlement Net 30
PAY-003604,INV-003604,SO-003604,CUST-012,2026-03-27,2006.0,Credit Card,Ref-3607604,Settled on Billing
PAY-003605,INV-003605,SO-003605,CUST-032,2026-04-14,46157.82,Cheque,UTR-32080895,Credit Settlement Net 30
PAY-003606,INV-003606,SO-003606,CUST-008,2026-05-07,39288.1,NEFT / Bank Transfer,UTR-32089794,Credit Settlement Net 7
PAY-003607,INV-003607,SO-003607,CUST-019,2026-04-15,8983.34,UPI,UTR-32098693,Credit Settlement Net 30
PAY-003608,INV-003608,SO-003608,CUST-047,2026-04-25,7337.48,UPI,UTR-32107592,Credit Settlement Net 30
PAY-003609,INV-003609,SO-003609,CUST-015,2026-04-02,81013.61,NEFT / Bank Transfer,UTR-32116491,Credit Settlement Net 30
PAY-003610,INV-003610,SO-003610,CUST-042,2026-05-20,86456.24,NEFT / Bank Transfer,UTR-32125390,Credit Settlement Net 15
PAY-003611,INV-003611,SO-003611,CUST-036,2026-05-11,49839.66,NEFT / Bank Transfer,UTR-32134289,Credit Settlement Net 30
PAY-003612,INV-003612,SO-003612,CUST-026,2026-04-05,6537.2,NEFT / Bank Transfer,UTR-32143188,Credit Settlement Net 15
PAY-003613,INV-003613,SO-003613,CUST-026,2026-05-07,4495.8,RTGS,UTR-32152087,Credit Settlement Net 15
PAY-003614,INV-003614,SO-003614,CUST-008,2026-04-11,4566.6,NEFT / Bank Transfer,UTR-32160986,Credit Settlement Net 7
PAY-003615,INV-003615,SO-003615,CUST-037,2026-06-13,1840.8,RTGS,UTR-32169885,Credit Settlement Net 30
PAY-003616,INV-003616,SO-003616,CUST-014,2026-03-30,1079.46,Cash,Ref-3619616,Settled on Billing
PAY-003617,INV-003617,SO-003617,CUST-020,2026-04-17,2519.3,RTGS,UTR-32187683,Credit Settlement Net 15
PAY-003618,INV-003618,SO-003618,CUST-042,2026-04-09,47725.1,UPI,UTR-32196582,Credit Settlement Net 15
PAY-003619,INV-003619,SO-003619,CUST-021,2026-03-30,1528.1,Cash,Ref-3622619,Settled on Billing
PAY-003620,INV-003620,SO-003620,CUST-010,2026-04-15,4096.96,NEFT / Bank Transfer,UTR-32214380,Credit Settlement Net 30
PAY-003621,INV-003621,SO-003621,CUST-034,2026-04-22,14545.86,NEFT / Bank Transfer,UTR-32223279,Credit Settlement Net 30
PAY-003622,INV-003622,SO-003622,CUST-007,2026-04-29,3739.18,NEFT / Bank Transfer,UTR-32232178,Credit Settlement Net 30
PAY-003623,INV-003623,SO-003623,CUST-031,2026-03-31,5121.2,Cash,Ref-3626623,Settled on Billing
PAY-003624,INV-003624,SO-003624,CUST-047,2026-04-29,3025.28,Cheque,UTR-32249976,Credit Settlement Net 30
PAY-003625,INV-003625,SO-003625,CUST-017,2026-04-19,6697.68,Cheque,UTR-32258875,Credit Settlement Net 30
PAY-003626,INV-003626,SO-003626,CUST-003,2026-04-15,10177.5,RTGS,UTR-32267774,Credit Settlement Net 15
PAY-003627,INV-003627,SO-003627,CUST-019,2026-05-24,1125.72,UPI,UTR-32276673,Credit Settlement Net 30
PAY-003628,INV-003628,SO-003628,CUST-010,2026-04-20,53.1,RTGS,UTR-32285572,Credit Settlement Net 30
PAY-003629,INV-003629,SO-003629,CUST-003,2026-05-21,4670.68,RTGS,UTR-32294471,Credit Settlement Net 15
PAY-003630,INV-003630,SO-003630,CUST-012,2026-04-02,2087.42,Credit Card,Ref-3633630,Settled on Billing
PAY-003631,INV-003631,SO-003631,CUST-036,2026-04-12,173021.51,UPI,UTR-32312269,Credit Settlement Net 30
PAY-003632,INV-003632,SO-003632,CUST-037,2026-04-28,574.19,NEFT / Bank Transfer,UTR-32321168,Credit Settlement Net 30
PAY-003633,INV-003633,SO-003633,CUST-003,2026-04-29,3085.7,NEFT / Bank Transfer,UTR-32330067,Credit Settlement Net 15
PAY-003634,INV-003634,SO-003634,CUST-027,2026-05-10,3955.36,UPI,UTR-32338966,Credit Settlement Net 30
PAY-003635,INV-003635,SO-003635,CUST-031,2026-04-03,1957.62,Cash,Ref-3638635,Settled on Billing
PAY-003636,INV-003636,SO-003636,CUST-041,2026-05-15,100951.36,RTGS,UTR-32356764,Credit Settlement Net 45
PAY-003637,INV-003637,SO-003637,CUST-035,2026-05-21,10354.5,RTGS,UTR-32365663,Credit Settlement Net 7
PAY-003638,INV-003638,SO-003638,CUST-026,2026-04-30,6534.84,NEFT / Bank Transfer,UTR-32374562,Credit Settlement Net 15
PAY-003639,INV-003639,SO-003639,CUST-034,2026-05-22,447.22,Cheque,UTR-32383461,Credit Settlement Net 30
PAY-003640,INV-003640,SO-003640,CUST-042,2026-05-09,113467.86,RTGS,UTR-32392360,Credit Settlement Net 15
PAY-003641,INV-003641,SO-003641,CUST-033,2026-04-06,651.36,Credit Card,Ref-3644641,Settled on Billing
PAY-003642,INV-003642,SO-003642,CUST-002,2026-04-18,17575.63,RTGS,UTR-32410158,Credit Settlement Net 15
PAY-003643,INV-003643,SO-003643,CUST-026,2026-04-15,4655.1,RTGS,UTR-32419057,Credit Settlement Net 15
PAY-003644,INV-003644,SO-003644,CUST-002,2026-05-19,76671.68,NEFT / Bank Transfer,UTR-32427956,Credit Settlement Net 15
PAY-003645,INV-003645,SO-003645,CUST-011,2026-04-25,191947.06,RTGS,UTR-32436855,Credit Settlement Net 45
PAY-003646,INV-003646,SO-003646,CUST-043,2026-04-27,518.02,Cheque,UTR-32445754,Credit Settlement Net 30
PAY-003647,INV-003647,SO-003647,CUST-015,2026-04-27,31392.72,UPI,UTR-32454653,Credit Settlement Net 30
PAY-003648,INV-003648,SO-003648,CUST-016,2026-04-28,9591.04,RTGS,UTR-32463552,Credit Settlement Net 30
PAY-003649,INV-003649,SO-003649,CUST-026,2026-04-27,5699.4,RTGS,UTR-32472451,Credit Settlement Net 15
PAY-003650,INV-003650,SO-003650,CUST-002,2026-05-01,318747.97,RTGS,UTR-32481350,Credit Settlement Net 15
PAY-003651,INV-003651,SO-003651,CUST-004,2026-05-18,91162.08,Cheque,UTR-32490249,Credit Settlement Net 45
PAY-003652,INV-003652,SO-003652,CUST-017,2026-05-06,6178.48,NEFT / Bank Transfer,UTR-32499148,Credit Settlement Net 30
PAY-003653,INV-003653,SO-003653,CUST-023,2026-06-02,128807.62,Cheque,UTR-32508047,Credit Settlement Net 15
PAY-003654,INV-003654,SO-003654,CUST-011,2026-05-08,137390.94,RTGS,UTR-32516946,Credit Settlement Net 45
PAY-003655,INV-003655,SO-003655,CUST-046,2026-05-04,744.34,Cheque,UTR-32525845,Credit Settlement Net 30
PAY-003656,INV-003656,SO-003656,CUST-034,2026-05-19,2816.66,UPI,UTR-32534744,Credit Settlement Net 30
PAY-003657,INV-003657,SO-003657,CUST-021,2026-04-10,330.4,Cash,Ref-3660657,Settled on Billing
PAY-003658,INV-003658,SO-003658,CUST-023,2026-05-07,65423.45,Cheque,UTR-32552542,Credit Settlement Net 15
PAY-003659,INV-003659,SO-003659,CUST-032,2026-05-23,10077.2,RTGS,UTR-32561441,Credit Settlement Net 30
PAY-003660,INV-003660,SO-003660,CUST-002,2026-04-25,222557.44,UPI,UTR-32570340,Credit Settlement Net 15
PAY-003661,INV-003661,SO-003661,CUST-014,2026-04-11,1624.86,Cash,Ref-3664661,Settled on Billing
PAY-003662,INV-003662,SO-003662,CUST-032,2026-05-28,12097.36,UPI,UTR-32588138,Credit Settlement Net 30
PAY-003663,INV-003663,SO-003663,CUST-007,2026-04-28,2101.34,Cheque,UTR-32597037,Credit Settlement Net 30
PAY-003664,INV-003664,SO-003664,CUST-020,2026-05-26,7800.98,UPI,UTR-32605936,Credit Settlement Net 15
PAY-003665,INV-003665,SO-003665,CUST-005,2026-04-13,1355.82,Cash,Ref-3668665,Settled on Billing
PAY-003666,INV-003666,SO-003666,CUST-033,2026-04-13,660.8,Credit Card,Ref-3669666,Settled on Billing
PAY-003667,INV-003667,SO-003667,CUST-035,2026-04-28,27930.6,UPI,UTR-32632633,Credit Settlement Net 7
PAY-003668,INV-003668,SO-003668,CUST-047,2026-04-24,1292.81,UPI,UTR-32641532,Credit Settlement Net 30
PAY-003669,INV-003669,SO-003669,CUST-042,2026-05-09,76212.66,RTGS,UTR-32650431,Credit Settlement Net 15
PAY-003670,INV-003670,SO-003670,CUST-048,2026-04-13,9950.94,UPI,Ref-3673670,Settled on Billing
PAY-003671,INV-003671,SO-003671,CUST-037,2026-04-28,7469.4,UPI,UTR-32668229,Credit Settlement Net 30
PAY-003672,INV-003672,SO-003672,CUST-026,2026-05-08,32892.5,NEFT / Bank Transfer,UTR-32677128,Credit Settlement Net 15
PAY-003673,INV-003673,SO-003673,CUST-006,2026-04-14,3527.73,UPI,Ref-3676673,Settled on Billing
PAY-003674,INV-003674,SO-003674,CUST-041,2026-06-19,254199.61,Cheque,UTR-32694926,Credit Settlement Net 45
PAY-003675,INV-003675,SO-003675,CUST-027,2026-05-21,809.48,UPI,UTR-32703825,Credit Settlement Net 30
PAY-003676,INV-003676,SO-003676,CUST-041,2026-05-02,68311.38,RTGS,UTR-32712724,Credit Settlement Net 45
PAY-003677,INV-003677,SO-003677,CUST-001,2026-06-07,19623.4,Cheque,UTR-32721623,Credit Settlement Net 30
PAY-003678,INV-003678,SO-003678,CUST-004,2026-04-24,69502.0,NEFT / Bank Transfer,UTR-32730522,Credit Settlement Net 45
PAY-003679,INV-003679,SO-003679,CUST-042,2026-05-09,74700.14,RTGS,UTR-32739421,Credit Settlement Net 15
PAY-003680,INV-003680,SO-003680,CUST-026,2026-05-04,35598.24,Cheque,UTR-32748320,Credit Settlement Net 15
PAY-003681,INV-003681,SO-003681,CUST-010,2026-04-23,424.8,UPI,UTR-32757219,Credit Settlement Net 30
PAY-003682,INV-003682,SO-003682,CUST-013,2026-04-21,774.08,UPI,UTR-32766118,Credit Settlement Net 15
PAY-003683,INV-003683,SO-003683,CUST-020,2026-05-13,5308.58,NEFT / Bank Transfer,UTR-32775017,Credit Settlement Net 15
PAY-003684,INV-003684,SO-003684,CUST-016,2026-04-27,10254.2,UPI,UTR-32783916,Credit Settlement Net 30
PAY-003685,INV-003685,SO-003685,CUST-030,2026-04-17,1274.4,UPI,Ref-3688685,Settled on Billing
PAY-003686,INV-003686,SO-003686,CUST-045,2026-04-17,640.5,Cash,Ref-3689686,Settled on Billing
PAY-003687,INV-003687,SO-003687,CUST-044,2026-05-04,15356.52,NEFT / Bank Transfer,UTR-32810613,Credit Settlement Net 7
PAY-003688,INV-003688,SO-003688,CUST-016,2026-05-13,2232.56,UPI,UTR-32819512,Credit Settlement Net 30
PAY-003689,INV-003689,SO-003689,CUST-006,2026-04-17,1215.4,UPI,Ref-3692689,Settled on Billing
PAY-003690,INV-003690,SO-003690,CUST-011,2026-05-26,92829.42,RTGS,UTR-32837310,Credit Settlement Net 45
PAY-003691,INV-003691,SO-003691,CUST-006,2026-04-17,818.92,UPI,Ref-3694691,Settled on Billing
PAY-003692,INV-003692,SO-003692,CUST-025,2026-05-13,2006.0,Cheque,UTR-32855108,Credit Settlement Net 30
PAY-003693,INV-003693,SO-003693,CUST-008,2026-05-01,4448.6,UPI,UTR-32864007,Credit Settlement Net 7
PAY-003694,INV-003694,SO-003694,CUST-013,2026-05-14,4880.48,NEFT / Bank Transfer,UTR-32872906,Credit Settlement Net 15
PAY-003695,INV-003695,SO-003695,CUST-028,2026-05-02,519634.71,NEFT / Bank Transfer,UTR-32881805,Credit Settlement Net 30
PAY-003696,INV-003696,SO-003696,CUST-010,2026-04-25,1298.0,UPI,UTR-32890704,Credit Settlement Net 30
PAY-003697,INV-003697,SO-003697,CUST-010,2026-04-23,3853.88,NEFT / Bank Transfer,UTR-32899603,Credit Settlement Net 30
PAY-003698,INV-003698,SO-003698,CUST-016,2026-05-01,7312.46,Cheque,UTR-32908502,Credit Settlement Net 30
PAY-003699,INV-003699,SO-003699,CUST-028,2026-04-28,428734.12,UPI,UTR-32917401,Credit Settlement Net 30
PAY-003700,INV-003700,SO-003700,CUST-017,2026-06-11,4621.82,NEFT / Bank Transfer,UTR-32926300,Credit Settlement Net 30
PAY-003701,INV-003701,SO-003701,CUST-046,2026-05-03,3254.44,NEFT / Bank Transfer,UTR-32935199,Credit Settlement Net 30
PAY-003702,INV-003702,SO-003702,CUST-043,2026-05-04,3322.88,UPI,UTR-32944098,Credit Settlement Net 30
PAY-003703,INV-003703,SO-003703,CUST-032,2026-04-29,159468.98,NEFT / Bank Transfer,UTR-32952997,Credit Settlement Net 30
PAY-003704,INV-003704,SO-003704,CUST-031,2026-04-20,14406.62,Cash,Ref-3707704,Settled on Billing
PAY-003705,INV-003705,SO-003705,CUST-045,2026-04-20,9760.96,Cash,Ref-3708705,Settled on Billing
PAY-003706,INV-003706,SO-003706,CUST-002,2026-06-10,175820.0,RTGS,UTR-32979694,Credit Settlement Net 15
PAY-003707,INV-003707,SO-003707,CUST-021,2026-04-21,6697.68,Cash,Ref-3710707,Settled on Billing
PAY-003708,INV-003708,SO-003708,CUST-014,2026-04-21,1274.4,Cash,Ref-3711708,Settled on Billing
PAY-003709,INV-003709,SO-003709,CUST-032,2026-05-27,145857.44,RTGS,UTR-33006391,Credit Settlement Net 30
PAY-003710,INV-003710,SO-003710,CUST-046,2026-06-04,4672.8,NEFT / Bank Transfer,UTR-33015290,Credit Settlement Net 30
PAY-003711,INV-003711,SO-003711,CUST-032,2026-05-25,107209.37,UPI,UTR-33024189,Credit Settlement Net 30
PAY-003712,INV-003712,SO-003712,CUST-039,2026-05-31,1784.16,NEFT / Bank Transfer,UTR-33033088,Credit Settlement Net 15
PAY-003713,INV-003713,SO-003713,CUST-035,2026-05-20,9762.38,Cheque,UTR-33041987,Credit Settlement Net 7
PAY-003714,INV-003714,SO-003714,CUST-043,2026-05-14,230.1,RTGS,UTR-33050886,Credit Settlement Net 30
PAY-003715,INV-003715,SO-003715,CUST-035,2026-05-16,2342.3,RTGS,UTR-33059785,Credit Settlement Net 7
PAY-003716,INV-003716,SO-003716,CUST-008,2026-05-17,4150.06,UPI,UTR-33068684,Credit Settlement Net 7
PAY-003717,INV-003717,SO-003717,CUST-043,2026-04-29,330.4,NEFT / Bank Transfer,UTR-33077583,Credit Settlement Net 30
PAY-003718,INV-003718,SO-003718,CUST-016,2026-04-29,1090.32,RTGS,UTR-33086482,Credit Settlement Net 30
PAY-003719,INV-003719,SO-003719,CUST-041,2026-05-19,25013.64,RTGS,UTR-33095381,Credit Settlement Net 45
PAY-003720,INV-003720,SO-003720,CUST-010,2026-05-24,8791.0,UPI,UTR-33104280,Credit Settlement Net 30
PAY-003721,INV-003721,SO-003721,CUST-009,2026-05-21,58502.04,Cheque,UTR-33113179,Credit Settlement Net 30
PAY-003722,INV-003722,SO-003722,CUST-032,2026-05-19,15446.91,RTGS,UTR-33122078,Credit Settlement Net 30
PAY-003723,INV-003723,SO-003723,CUST-009,2026-05-10,109782.48,RTGS,UTR-33130977,Credit Settlement Net 30
PAY-003724,INV-003724,SO-003724,CUST-040,2026-07-09,703.52,RTGS,UTR-33139876,Credit Settlement Net 30
PAY-003725,INV-003725,SO-003725,CUST-025,2026-05-25,755.2,Cheque,UTR-33148775,Credit Settlement Net 30
PAY-003726,INV-003726,SO-003726,CUST-002,2026-05-13,249239.13,NEFT / Bank Transfer,UTR-33157674,Credit Settlement Net 15
PAY-003727,INV-003727,SO-003727,CUST-015,2026-05-16,77128.34,Cheque,UTR-33166573,Credit Settlement Net 30
PAY-003728,INV-003728,SO-003728,CUST-032,2026-05-24,26466.93,RTGS,UTR-33175472,Credit Settlement Net 30
PAY-003729,INV-003729,SO-003729,CUST-021,2026-04-24,3531.5,Cash,Ref-3732729,Settled on Billing
PAY-003730,INV-003730,SO-003730,CUST-016,2026-06-03,389.4,Cheque,UTR-33193270,Credit Settlement Net 30
PAY-003731,INV-003731,SO-003731,CUST-045,2026-04-25,1274.4,Cash,Ref-3734731,Settled on Billing
PAY-003732,INV-003732,SO-003732,CUST-032,2026-06-13,139937.85,RTGS,UTR-33211068,Credit Settlement Net 30
PAY-003733,INV-003733,SO-003733,CUST-043,2026-06-18,1374.7,UPI,UTR-33219967,Credit Settlement Net 30
PAY-003734,INV-003734,SO-003734,CUST-007,2026-05-05,4019.08,RTGS,UTR-33228866,Credit Settlement Net 30
PAY-003735,INV-003735,SO-003735,CUST-028,2026-05-13,113502.07,UPI,UTR-33237765,Credit Settlement Net 30
PAY-003736,INV-003736,SO-003736,CUST-015,2026-05-15,91215.18,UPI,UTR-33246664,Credit Settlement Net 30
PAY-003737,INV-003737,SO-003737,CUST-003,2026-05-25,33258.3,Cheque,UTR-33255563,Credit Settlement Net 15
PAY-003738,INV-003738,SO-003738,CUST-028,2026-05-20,154004.16,RTGS,UTR-33264462,Credit Settlement Net 30
PAY-003739,INV-003739,SO-003739,CUST-040,2026-06-03,5412.66,NEFT / Bank Transfer,UTR-33273361,Credit Settlement Net 30
PAY-003740,INV-003740,SO-003740,CUST-043,2026-05-02,11331.54,Cheque,UTR-33282260,Credit Settlement Net 30
PAY-003741,INV-003741,SO-003741,CUST-043,2026-05-07,620.92,RTGS,UTR-33291159,Credit Settlement Net 30
PAY-003742,INV-003742,SO-003742,CUST-025,2026-05-26,3582.48,UPI,UTR-33300058,Credit Settlement Net 30
PAY-003743,INV-003743,SO-003743,CUST-001,2026-06-04,16911.52,RTGS,UTR-33308957,Credit Settlement Net 30
PAY-003744,INV-003744,SO-003744,CUST-022,2026-05-18,21425.26,Cheque,UTR-33317856,Credit Settlement Net 30
PAY-003745,INV-003745,SO-003745,CUST-020,2026-05-21,5075.42,UPI,UTR-33326755,Credit Settlement Net 15
PAY-003746,INV-003746,SO-003746,CUST-002,2026-05-18,326480.04,RTGS,UTR-33335654,Credit Settlement Net 15
PAY-003747,INV-003747,SO-003747,CUST-041,2026-05-16,202175.3,NEFT / Bank Transfer,UTR-33344553,Credit Settlement Net 45
PAY-003748,INV-003748,SO-003748,CUST-043,2026-06-17,3173.02,RTGS,UTR-33353452,Credit Settlement Net 30
PAY-003749,INV-003749,SO-003749,CUST-014,2026-04-28,238.83,Cash,Ref-3752749,Settled on Billing
PAY-003750,INV-003750,SO-003750,CUST-043,2026-05-10,7547.28,NEFT / Bank Transfer,UTR-33371250,Credit Settlement Net 30
PAY-003751,INV-003751,SO-003751,CUST-011,2026-05-27,91643.05,NEFT / Bank Transfer,UTR-33380149,Credit Settlement Net 45
PAY-003752,INV-003752,SO-003752,CUST-016,2026-06-09,640.5,UPI,UTR-33389048,Credit Settlement Net 30
PAY-003753,INV-003753,SO-003753,CUST-006,2026-04-29,685.34,UPI,Ref-3756753,Settled on Billing
PAY-003754,INV-003754,SO-003754,CUST-006,2026-04-30,1628.4,UPI,Ref-3757754,Settled on Billing
PAY-003755,INV-003755,SO-003755,CUST-046,2026-05-31,11370.48,UPI,UTR-33415745,Credit Settlement Net 30
PAY-003756,INV-003756,SO-003756,CUST-029,2026-05-09,136628.66,NEFT / Bank Transfer,UTR-33424644,Credit Settlement Net 45
PAY-003757,INV-003757,SO-003757,CUST-011,2026-05-10,98253.88,NEFT / Bank Transfer,UTR-33433543,Credit Settlement Net 45
PAY-003758,INV-003758,SO-003758,CUST-021,2026-04-30,6029.8,Cash,Ref-3761758,Settled on Billing
PAY-003759,INV-003759,SO-003759,CUST-026,2026-05-29,9628.8,NEFT / Bank Transfer,UTR-33451341,Credit Settlement Net 15
PAY-003760,INV-003760,SO-003760,CUST-032,2026-05-19,80120.82,UPI,UTR-33460240,Credit Settlement Net 30
PAY-003761,INV-003761,SO-003761,CUST-004,2026-05-08,82050.12,RTGS,UTR-33469139,Credit Settlement Net 45
PAY-003762,INV-003762,SO-003762,CUST-002,2026-05-09,207965.56,RTGS,UTR-33478038,Credit Settlement Net 15
PAY-003763,INV-003763,SO-003763,CUST-026,2026-05-19,26997.22,UPI,UTR-33486937,Credit Settlement Net 15
PAY-003764,INV-003764,SO-003764,CUST-040,2026-07-06,5461.04,RTGS,UTR-33495836,Credit Settlement Net 30
PAY-003765,INV-003765,SO-003765,CUST-018,2026-05-01,1090.32,UPI,Ref-3768765,Settled on Billing
PAY-003766,INV-003766,SO-003766,CUST-030,2026-05-02,11282.22,UPI,Ref-3769766,Settled on Billing
PAY-003767,INV-003767,SO-003767,CUST-012,2026-05-02,736.32,Credit Card,Ref-3770767,Settled on Billing
PAY-003768,INV-003768,SO-003768,CUST-037,2026-05-28,9621.72,UPI,UTR-33531432,Credit Settlement Net 30
PAY-003769,INV-003769,SO-003769,CUST-003,2026-05-24,9204.0,RTGS,UTR-33540331,Credit Settlement Net 15
PAY-003770,INV-003770,SO-003770,CUST-045,2026-05-02,584.1,Cash,Ref-3773770,Settled on Billing
PAY-003771,INV-003771,SO-003771,CUST-046,2026-05-25,3209.6,RTGS,UTR-33558129,Credit Settlement Net 30
PAY-003772,INV-003772,SO-003772,CUST-047,2026-05-17,2585.38,NEFT / Bank Transfer,UTR-33567028,Credit Settlement Net 30
PAY-003773,INV-003773,SO-003773,CUST-047,2026-06-17,13083.84,Cheque,UTR-33575927,Credit Settlement Net 30
PAY-003774,INV-003774,SO-003774,CUST-047,2026-05-17,7186.2,Cheque,UTR-33584826,Credit Settlement Net 30
PAY-003775,INV-003775,SO-003775,CUST-013,2026-06-05,17.7,NEFT / Bank Transfer,UTR-33593725,Credit Settlement Net 15
PAY-003776,INV-003776,SO-003776,CUST-036,2026-06-23,57415.97,UPI,UTR-33602624,Credit Settlement Net 30
PAY-003777,INV-003777,SO-003777,CUST-011,2026-06-18,86659.2,Cheque,UTR-33611523,Credit Settlement Net 45
PAY-003778,INV-003778,SO-003778,CUST-028,2026-05-11,217533.94,NEFT / Bank Transfer,UTR-33620422,Credit Settlement Net 30
PAY-003779,INV-003779,SO-003779,CUST-004,2026-05-28,79638.44,NEFT / Bank Transfer,UTR-33629321,Credit Settlement Net 45
PAY-003780,INV-003780,SO-003780,CUST-003,2026-06-02,8124.3,UPI,UTR-33638220,Credit Settlement Net 15
PAY-003781,INV-003781,SO-003781,CUST-046,2026-05-13,2562.96,UPI,UTR-33647119,Credit Settlement Net 30
PAY-003782,INV-003782,SO-003782,CUST-020,2026-05-22,11416.5,RTGS,UTR-33656018,Credit Settlement Net 15
PAY-003783,INV-003783,SO-003783,CUST-041,2026-06-12,6952.56,Cheque,UTR-33664917,Credit Settlement Net 45
PAY-003784,INV-003784,SO-003784,CUST-008,2026-05-31,1320.42,NEFT / Bank Transfer,UTR-33673816,Credit Settlement Net 7
PAY-003785,INV-003785,SO-003785,CUST-019,2026-06-09,81.42,UPI,UTR-33682715,Credit Settlement Net 30
PAY-003786,INV-003786,SO-003786,CUST-026,2026-06-12,25502.16,UPI,UTR-33691614,Credit Settlement Net 15
PAY-003787,INV-003787,SO-003787,CUST-039,2026-06-04,6983.24,RTGS,UTR-33700513,Credit Settlement Net 15
PAY-003788,INV-003788,SO-003788,CUST-007,2026-06-09,2313.98,Cheque,UTR-33709412,Credit Settlement Net 30
PAY-003789,INV-003789,SO-003789,CUST-019,2026-05-15,943.76,RTGS,UTR-33718311,Credit Settlement Net 30
PAY-003790,INV-003790,SO-003790,CUST-043,2026-05-17,1298.0,RTGS,UTR-33727210,Credit Settlement Net 30
PAY-003791,INV-003791,SO-003791,CUST-006,2026-05-07,119.42,UPI,Ref-3794791,Settled on Billing
PAY-003792,INV-003792,SO-003792,CUST-038,2026-05-21,179548.8,RTGS,UTR-33745008,Credit Settlement Net 15
PAY-003793,INV-003793,SO-003793,CUST-001,2026-05-21,40884.64,UPI,UTR-33753907,Credit Settlement Net 30
PAY-003794,INV-003794,SO-003794,CUST-014,2026-05-07,499.37,Cash,Ref-3797794,Settled on Billing
PAY-003795,INV-003795,SO-003795,CUST-001,2026-05-25,42946.1,Cheque,UTR-33771705,Credit Settlement Net 30
PAY-003796,INV-003796,SO-003796,CUST-035,2026-07-21,2773.71,NEFT / Bank Transfer,UTR-33780604,Credit Settlement Net 7
PAY-003797,INV-003797,SO-003797,CUST-023,2026-05-27,262059.12,RTGS,UTR-33789503,Credit Settlement Net 15
PAY-003798,INV-003798,SO-003798,CUST-046,2026-06-13,13245.5,RTGS,UTR-33798402,Credit Settlement Net 30
PAY-003799,INV-003799,SO-003799,CUST-019,2026-06-01,749.06,Cheque,UTR-33807301,Credit Settlement Net 30
PAY-003800,INV-003800,SO-003800,CUST-004,2026-06-30,41863.1,NEFT / Bank Transfer,UTR-33816200,Credit Settlement Net 45
PAY-003801,INV-003801,SO-003801,CUST-001,2026-07-28,82092.6,NEFT / Bank Transfer,UTR-33825099,Credit Settlement Net 30
PAY-003802,INV-003802,SO-003802,CUST-037,2026-05-30,1479.72,Cheque,UTR-33833998,Credit Settlement Net 30
PAY-003803,INV-003803,SO-003803,CUST-026,2026-06-30,12118.6,Cheque,UTR-33842897,Credit Settlement Net 15
PAY-003804,INV-003804,SO-003804,CUST-023,2026-05-19,103178.02,RTGS,UTR-33851796,Credit Settlement Net 15
PAY-003805,INV-003805,SO-003805,CUST-036,2026-06-28,103672.44,RTGS,UTR-33860695,Credit Settlement Net 30
PAY-003806,INV-003806,SO-003806,CUST-035,2026-06-19,25497.44,UPI,UTR-33869594,Credit Settlement Net 7
PAY-003807,INV-003807,SO-003807,CUST-046,2026-06-27,2006.0,Cheque,UTR-33878493,Credit Settlement Net 30
PAY-003808,INV-003808,SO-003808,CUST-039,2026-05-30,13013.04,UPI,UTR-33887392,Credit Settlement Net 15
PAY-003809,INV-003809,SO-003809,CUST-047,2026-07-04,8271.8,UPI,UTR-33896291,Credit Settlement Net 30
PAY-003810,INV-003810,SO-003810,CUST-019,2026-05-25,379.96,UPI,UTR-33905190,Credit Settlement Net 30
PAY-003811,INV-003811,SO-003811,CUST-023,2026-05-26,168493.38,Cheque,UTR-33914089,Credit Settlement Net 15
PAY-003812,INV-003812,SO-003812,CUST-044,2026-06-05,8933.78,NEFT / Bank Transfer,UTR-33922988,Credit Settlement Net 7
PAY-003813,INV-003813,SO-003813,CUST-013,2026-05-25,590.94,Cheque,UTR-33931887,Credit Settlement Net 15
PAY-003814,INV-003814,SO-003814,CUST-033,2026-05-12,2596.0,Credit Card,Ref-3817814,Settled on Billing
PAY-003815,INV-003815,SO-003815,CUST-040,2026-06-16,23553.98,UPI,UTR-33949685,Credit Settlement Net 30
PAY-003816,INV-003816,SO-003816,CUST-021,2026-05-13,4071.0,Cash,Ref-3819816,Settled on Billing
PAY-003817,INV-003817,SO-003817,CUST-033,2026-05-13,460.2,Credit Card,Ref-3820817,Settled on Billing
PAY-003818,INV-003818,SO-003818,CUST-016,2026-07-16,5602.64,NEFT / Bank Transfer,UTR-33976382,Credit Settlement Net 30
PAY-003819,INV-003819,SO-003819,CUST-048,2026-05-13,7603.92,UPI,Ref-3822819,Settled on Billing
PAY-003820,INV-003820,SO-003820,CUST-042,2026-06-03,141035.96,RTGS,UTR-33994180,Credit Settlement Net 15
PAY-003821,INV-003821,SO-003821,CUST-004,2026-05-31,27705.69,RTGS,UTR-34003079,Credit Settlement Net 45
PAY-003822,INV-003822,SO-003822,CUST-033,2026-05-14,3573.04,Credit Card,Ref-3825822,Settled on Billing
PAY-003823,INV-003823,SO-003823,CUST-027,2026-06-03,81.42,NEFT / Bank Transfer,UTR-34020877,Credit Settlement Net 30
PAY-003824,INV-003824,SO-003824,CUST-006,2026-05-14,11542.76,UPI,Ref-3827824,Settled on Billing
PAY-003825,INV-003825,SO-003825,CUST-017,2026-05-22,849.6,NEFT / Bank Transfer,UTR-34038675,Credit Settlement Net 30
PAY-003826,INV-003826,SO-003826,CUST-022,2026-06-01,24923.96,RTGS,UTR-34047574,Credit Settlement Net 30
PAY-003827,INV-003827,SO-003827,CUST-021,2026-05-15,3125.58,Cash,Ref-3830827,Settled on Billing
PAY-003828,INV-003828,SO-003828,CUST-004,2026-05-31,147399.7,RTGS,UTR-34065372,Credit Settlement Net 45
PAY-003829,INV-003829,SO-003829,CUST-012,2026-05-15,11402.34,Credit Card,Ref-3832829,Settled on Billing
PAY-003830,INV-003830,SO-003830,CUST-003,2026-06-24,32415.78,Cheque,UTR-34083170,Credit Settlement Net 15
PAY-003831,INV-003831,SO-003831,CUST-042,2026-06-03,33248.86,RTGS,UTR-34092069,Credit Settlement Net 15
PAY-003832,INV-003832,SO-003832,CUST-015,2026-07-07,159922.1,UPI,UTR-34100968,Credit Settlement Net 30
PAY-003833,INV-003833,SO-003833,CUST-040,2026-07-05,796.5,Cheque,UTR-34109867,Credit Settlement Net 30
PAY-003834,INV-003834,SO-003834,CUST-030,2026-05-16,15329.38,UPI,Ref-3837834,Settled on Billing
PAY-003835,INV-003835,SO-003835,CUST-015,2026-05-21,51601.87,Cheque,UTR-34127665,Credit Settlement Net 30
PAY-003836,INV-003836,SO-003836,CUST-023,2026-05-29,171135.4,UPI,UTR-34136564,Credit Settlement Net 15
PAY-003837,INV-003837,SO-003837,CUST-006,2026-05-18,560.5,UPI,Ref-3840837,Settled on Billing
PAY-003838,INV-003838,SO-003838,CUST-048,2026-05-18,3582.48,UPI,Ref-3841838,Settled on Billing
PAY-003839,INV-003839,SO-003839,CUST-011,2026-06-01,66350.22,UPI,UTR-34163261,Credit Settlement Net 45
PAY-003840,INV-003840,SO-003840,CUST-044,2026-06-06,12030.1,UPI,UTR-34172160,Credit Settlement Net 7
PAY-003841,INV-003841,SO-003841,CUST-021,2026-05-19,3929.4,Cash,Ref-3844841,Settled on Billing
PAY-003842,INV-003842,SO-003842,CUST-041,2026-06-02,130143.85,Cheque,UTR-34189958,Credit Settlement Net 45
PAY-003843,INV-003843,SO-003843,CUST-044,2026-07-13,22771.64,Cheque,UTR-34198857,Credit Settlement Net 7
PAY-003844,INV-003844,SO-003844,CUST-030,2026-05-19,513.3,UPI,Ref-3847844,Settled on Billing
PAY-003845,INV-003845,SO-003845,CUST-018,2026-05-19,1125.72,UPI,Ref-3848845,Settled on Billing
PAY-003846,INV-003846,SO-003846,CUST-032,2026-06-08,49923.44,UPI,UTR-34225554,Credit Settlement Net 30
PAY-003847,INV-003847,SO-003847,CUST-015,2026-06-15,5809.61,RTGS,UTR-34234453,Credit Settlement Net 30
PAY-003848,INV-003848,SO-003848,CUST-011,2026-06-07,52684.64,NEFT / Bank Transfer,UTR-34243352,Credit Settlement Net 45
PAY-003849,INV-003849,SO-003849,CUST-002,2026-06-14,192296.34,NEFT / Bank Transfer,UTR-34252251,Credit Settlement Net 15
PAY-003850,INV-003850,SO-003850,CUST-047,2026-06-05,1533.53,RTGS,UTR-34261150,Credit Settlement Net 30
PAY-003851,INV-003851,SO-003851,CUST-036,2026-06-02,316366.26,NEFT / Bank Transfer,UTR-34270049,Credit Settlement Net 30
PAY-003852,INV-003852,SO-003852,CUST-018,2026-05-20,13377.66,UPI,Ref-3855852,Settled on Billing
PAY-003853,INV-003853,SO-003853,CUST-038,2026-06-19,197827.0,UPI,UTR-34287847,Credit Settlement Net 15
PAY-003854,INV-003854,SO-003854,CUST-002,2026-06-06,42885.92,Cheque,UTR-34296746,Credit Settlement Net 15
PAY-003855,INV-003855,SO-003855,CUST-025,2026-06-04,12201.2,RTGS,UTR-34305645,Credit Settlement Net 30
PAY-003856,INV-003856,SO-003856,CUST-006,2026-05-21,1181.18,UPI,Ref-3859856,Settled on Billing
PAY-003857,INV-003857,SO-003857,CUST-002,2026-06-09,29157.8,RTGS,UTR-34323443,Credit Settlement Net 15
PAY-003858,INV-003858,SO-003858,CUST-028,2026-07-03,235947.14,NEFT / Bank Transfer,UTR-34332342,Credit Settlement Net 30
PAY-003859,INV-003859,SO-003859,CUST-025,2026-05-29,584.1,Cheque,UTR-34341241,Credit Settlement Net 30
PAY-003860,INV-003860,SO-003860,CUST-042,2026-06-17,320281.26,Cheque,UTR-34350140,Credit Settlement Net 15
PAY-003861,INV-003861,SO-003861,CUST-030,2026-05-22,3812.58,UPI,Ref-3864861,Settled on Billing
PAY-003862,INV-003862,SO-003862,CUST-020,2026-06-18,5187.28,Cheque,UTR-34367938,Credit Settlement Net 15
PAY-003863,INV-003863,SO-003863,CUST-038,2026-08-05,649792.96,Cheque,UTR-34376837,Credit Settlement Net 15
PAY-003864,INV-003864,SO-003864,CUST-021,2026-05-22,880.99,Cash,Ref-3867864,Settled on Billing
PAY-003865,INV-003865,SO-003865,CUST-015,2026-06-19,10657.52,NEFT / Bank Transfer,UTR-34394635,Credit Settlement Net 30
PAY-003866,INV-003866,SO-003866,CUST-012,2026-05-22,755.2,Credit Card,Ref-3869866,Settled on Billing
PAY-003867,INV-003867,SO-003867,CUST-033,2026-05-23,2301.0,Credit Card,Ref-3870867,Settled on Billing
PAY-003868,INV-003868,SO-003868,CUST-042,2026-06-10,91378.02,RTGS,UTR-34421332,Credit Settlement Net 15
PAY-003869,INV-003869,SO-003869,CUST-042,2026-06-05,438910.44,Cheque,UTR-34430231,Credit Settlement Net 15
PAY-003870,INV-003870,SO-003870,CUST-047,2026-06-14,3931.76,NEFT / Bank Transfer,UTR-34439130,Credit Settlement Net 30
PAY-003871,INV-003871,SO-003871,CUST-017,2026-06-10,977.04,UPI,UTR-34448029,Credit Settlement Net 30
PAY-003872,INV-003872,SO-003872,CUST-044,2026-07-16,17987.92,NEFT / Bank Transfer,UTR-34456928,Credit Settlement Net 7
PAY-003873,INV-003873,SO-003873,CUST-018,2026-05-25,8276.52,UPI,Ref-3876873,Settled on Billing
PAY-003874,INV-003874,SO-003874,CUST-013,2026-06-20,744.34,UPI,UTR-34474726,Credit Settlement Net 15
PAY-003875,INV-003875,SO-003875,CUST-046,2026-06-20,10900.84,NEFT / Bank Transfer,UTR-34483625,Credit Settlement Net 30
PAY-003876,INV-003876,SO-003876,CUST-022,2026-06-26,31271.18,UPI,UTR-34492524,Credit Settlement Net 30
PAY-003877,INV-003877,SO-003877,CUST-019,2026-06-06,3306.36,UPI,UTR-34501423,Credit Settlement Net 30
PAY-003878,INV-003878,SO-003878,CUST-015,2026-06-23,31771.5,Cheque,UTR-34510322,Credit Settlement Net 30
PAY-003879,INV-003879,SO-003879,CUST-030,2026-05-26,3270.96,UPI,Ref-3882879,Settled on Billing
PAY-003880,INV-003880,SO-003880,CUST-008,2026-06-25,6041.6,NEFT / Bank Transfer,UTR-34528120,Credit Settlement Net 7
PAY-003881,INV-003881,SO-003881,CUST-033,2026-05-26,3530.56,Credit Card,Ref-3884881,Settled on Billing
PAY-003882,INV-003882,SO-003882,CUST-044,2026-06-06,2906.58,UPI,UTR-34545918,Credit Settlement Net 7
PAY-003883,INV-003883,SO-003883,CUST-034,2026-06-14,8897.2,NEFT / Bank Transfer,UTR-34554817,Credit Settlement Net 30
PAY-003884,INV-003884,SO-003884,CUST-033,2026-05-27,1251.27,Credit Card,Ref-3887884,Settled on Billing
PAY-003885,INV-003885,SO-003885,CUST-008,2026-07-16,5056.3,UPI,UTR-34572615,Credit Settlement Net 7
PAY-003886,INV-003886,SO-003886,CUST-035,2026-06-14,15921.74,UPI,UTR-34581514,Credit Settlement Net 7
PAY-003887,INV-003887,SO-003887,CUST-045,2026-05-28,218.54,Cash,Ref-3890887,Settled on Billing
PAY-003888,INV-003888,SO-003888,CUST-007,2026-06-26,1079.46,NEFT / Bank Transfer,UTR-34599312,Credit Settlement Net 30
PAY-003889,INV-003889,SO-003889,CUST-022,2026-07-12,66868.24,RTGS,UTR-34608211,Credit Settlement Net 30
PAY-003890,INV-003890,SO-003890,CUST-039,2026-06-25,7942.58,UPI,UTR-34617110,Credit Settlement Net 15
PAY-003891,INV-003891,SO-003891,CUST-044,2026-06-14,13522.8,NEFT / Bank Transfer,UTR-34626009,Credit Settlement Net 7
PAY-003892,INV-003892,SO-003892,CUST-047,2026-06-04,5230.94,Cheque,UTR-34634908,Credit Settlement Net 30
PAY-003893,INV-003893,SO-003893,CUST-022,2026-06-19,15363.6,RTGS,UTR-34643807,Credit Settlement Net 30
PAY-003894,INV-003894,SO-003894,CUST-034,2026-06-22,11759.88,Cheque,UTR-34652706,Credit Settlement Net 30
PAY-003895,INV-003895,SO-003895,CUST-007,2026-07-22,18242.8,Cheque,UTR-34661605,Credit Settlement Net 30
PAY-003896,INV-003896,SO-003896,CUST-048,2026-05-29,1587.1,UPI,Ref-3899896,Settled on Billing
PAY-003897,INV-003897,SO-003897,CUST-015,2026-06-25,28044.82,RTGS,UTR-34679403,Credit Settlement Net 30
PAY-003898,INV-003898,SO-003898,CUST-047,2026-07-17,53.1,Cheque,UTR-34688302,Credit Settlement Net 30
PAY-003899,INV-003899,SO-003899,CUST-015,2026-06-22,86531.52,NEFT / Bank Transfer,UTR-34697201,Credit Settlement Net 30
PAY-003900,INV-003900,SO-003900,CUST-032,2026-06-10,81338.11,Cheque,UTR-34706100,Credit Settlement Net 30
PAY-003901,INV-003901,SO-003901,CUST-046,2026-06-04,2440.24,Cheque,UTR-34714999,Credit Settlement Net 30
PAY-003902,INV-003902,SO-003902,CUST-026,2026-07-04,4486.83,Cheque,UTR-34723898,Credit Settlement Net 15
PAY-003903,INV-003903,SO-003903,CUST-043,2026-06-07,4486.36,UPI,UTR-34732797,Credit Settlement Net 30
PAY-003904,INV-003904,SO-003904,CUST-042,2026-06-13,99322.96,RTGS,UTR-34741696,Credit Settlement Net 15
PAY-003905,INV-003905,SO-003905,CUST-002,2026-06-23,205266.67,Cheque,UTR-34750595,Credit Settlement Net 15
PAY-003906,INV-003906,SO-003906,CUST-041,2026-06-30,11198.2,UPI,UTR-34759494,Credit Settlement Net 45
PAY-003907,INV-003907,SO-003907,CUST-007,2026-07-09,81.42,UPI,UTR-34768393,Credit Settlement Net 30
PAY-003908,INV-003908,SO-003908,CUST-036,2026-06-11,129948.68,UPI,UTR-34777292,Credit Settlement Net 30
PAY-003909,INV-003909,SO-003909,CUST-048,2026-06-03,5422.1,UPI,Ref-3912909,Settled on Billing
PAY-003910,INV-003910,SO-003910,CUST-048,2026-06-03,12230.7,UPI,Ref-3913910,Settled on Billing
PAY-003911,INV-003911,SO-003911,CUST-008,2026-06-29,3964.8,NEFT / Bank Transfer,UTR-34803989,Credit Settlement Net 7
PAY-003912,INV-003912,SO-003912,CUST-009,2026-07-24,105057.29,NEFT / Bank Transfer,UTR-34812888,Credit Settlement Net 30
PAY-003913,INV-003913,SO-003913,CUST-017,2026-07-06,2716.83,Cheque,UTR-34821787,Credit Settlement Net 30
PAY-003914,INV-003914,SO-003914,CUST-023,2026-06-17,68485.55,Cheque,UTR-34830686,Credit Settlement Net 15
PAY-003915,INV-003915,SO-003915,CUST-014,2026-06-03,260.54,Cash,Ref-3918915,Settled on Billing
PAY-003916,INV-003916,SO-003916,CUST-038,2026-06-22,347987.9,NEFT / Bank Transfer,UTR-34848484,Credit Settlement Net 15
PAY-003917,INV-003917,SO-003917,CUST-029,2026-06-18,16913.88,RTGS,UTR-34857383,Credit Settlement Net 45
PAY-003918,INV-003918,SO-003918,CUST-028,2026-06-12,106144.78,RTGS,UTR-34866282,Credit Settlement Net 30
PAY-003919,INV-003919,SO-003919,CUST-019,2026-07-23,35.4,UPI,UTR-34875181,Credit Settlement Net 30
PAY-003920,INV-003920,SO-003920,CUST-029,2026-06-22,91752.08,NEFT / Bank Transfer,UTR-34884080,Credit Settlement Net 45
PAY-003921,INV-003921,SO-003921,CUST-026,2026-06-14,3351.2,UPI,UTR-34892979,Credit Settlement Net 15
PAY-003922,INV-003922,SO-003922,CUST-015,2026-06-26,92683.1,RTGS,UTR-34901878,Credit Settlement Net 30
PAY-003923,INV-003923,SO-003923,CUST-048,2026-06-05,2596.0,UPI,Ref-3926923,Settled on Billing
PAY-003924,INV-003924,SO-003924,CUST-004,2026-06-15,84299.2,Cheque,UTR-34919676,Credit Settlement Net 45
PAY-003925,INV-003925,SO-003925,CUST-048,2026-06-05,21098.4,UPI,Ref-3928925,Settled on Billing
PAY-003926,INV-003926,SO-003926,CUST-044,2026-07-02,7970.19,UPI,UTR-34937474,Credit Settlement Net 7
PAY-003927,INV-003927,SO-003927,CUST-013,2026-06-12,8992.78,UPI,UTR-34946373,Credit Settlement Net 15
PAY-003928,INV-003928,SO-003928,CUST-025,2026-07-05,4560.7,Cheque,UTR-34955272,Credit Settlement Net 30
PAY-003929,INV-003929,SO-003929,CUST-029,2026-06-26,12902.12,RTGS,UTR-34964171,Credit Settlement Net 45
PAY-003930,INV-003930,SO-003930,CUST-012,2026-06-06,5263.98,Credit Card,Ref-3933930,Settled on Billing
PAY-003931,INV-003931,SO-003931,CUST-012,2026-06-06,12734.09,Credit Card,Ref-3934931,Settled on Billing
PAY-003932,INV-003932,SO-003932,CUST-039,2026-06-11,5221.5,RTGS,UTR-34990868,Credit Settlement Net 15
PAY-003933,INV-003933,SO-003933,CUST-027,2026-06-27,1320.42,NEFT / Bank Transfer,UTR-34999767,Credit Settlement Net 30
PAY-003934,INV-003934,SO-003934,CUST-026,2026-09-08,17192.6,RTGS,UTR-35008666,Credit Settlement Net 15
PAY-003935,INV-003935,SO-003935,CUST-014,2026-06-06,5350.12,Cash,Ref-3938935,Settled on Billing
PAY-003936,INV-003936,SO-003936,CUST-026,2026-06-16,2985.4,NEFT / Bank Transfer,UTR-35026464,Credit Settlement Net 15
PAY-003937,INV-003937,SO-003937,CUST-038,2026-07-23,355090.79,RTGS,UTR-35035363,Credit Settlement Net 15
PAY-003938,INV-003938,SO-003938,CUST-017,2026-07-15,12177.6,Cheque,UTR-35044262,Credit Settlement Net 30
PAY-003939,INV-003939,SO-003939,CUST-018,2026-06-08,10814.7,UPI,Ref-3942939,Settled on Billing
PAY-003940,INV-003940,SO-003940,CUST-026,2026-07-06,13130.33,Cheque,UTR-35062060,Credit Settlement Net 15
PAY-003941,INV-003941,SO-003941,CUST-013,2026-06-20,13817.8,RTGS,UTR-35070959,Credit Settlement Net 15
PAY-003942,INV-003942,SO-003942,CUST-046,2026-07-03,2537.0,Cheque,UTR-35079858,Credit Settlement Net 30
PAY-003943,INV-003943,SO-003943,CUST-016,2026-06-15,2301.0,Cheque,UTR-35088757,Credit Settlement Net 30
PAY-003944,INV-003944,SO-003944,CUST-028,2026-07-17,140601.48,Cheque,UTR-35097656,Credit Settlement Net 30
PAY-003945,INV-003945,SO-003945,CUST-041,2026-07-28,111057.12,UPI,UTR-35106555,Credit Settlement Net 45
PAY-003946,INV-003946,SO-003946,CUST-042,2026-07-01,30139.8,UPI,UTR-35115454,Credit Settlement Net 15
PAY-003947,INV-003947,SO-003947,CUST-033,2026-06-09,2613.7,Credit Card,Ref-3950947,Settled on Billing
PAY-003948,INV-003948,SO-003948,CUST-003,2026-08-02,1648.46,Cheque,UTR-35133252,Credit Settlement Net 15
PAY-003949,INV-003949,SO-003949,CUST-036,2026-07-06,30923.08,RTGS,UTR-35142151,Credit Settlement Net 30
PAY-003950,INV-003950,SO-003950,CUST-028,2026-06-19,181457.81,Cheque,UTR-35151050,Credit Settlement Net 30
PAY-003951,INV-003951,SO-003951,CUST-029,2026-07-22,4114.66,Cheque,UTR-35159949,Credit Settlement Net 45
PAY-003952,INV-003952,SO-003952,CUST-035,2026-06-24,873.2,NEFT / Bank Transfer,UTR-35168848,Credit Settlement Net 7
PAY-003953,INV-003953,SO-003953,CUST-028,2026-06-24,213401.35,NEFT / Bank Transfer,UTR-35177747,Credit Settlement Net 30
PAY-003954,INV-003954,SO-003954,CUST-046,2026-08-04,896.8,Cheque,UTR-35186646,Credit Settlement Net 30
PAY-003955,INV-003955,SO-003955,CUST-014,2026-06-10,3114.96,Cash,Ref-3958955,Settled on Billing
PAY-003956,INV-003956,SO-003956,CUST-044,2026-07-21,6915.98,RTGS,UTR-35204444,Credit Settlement Net 7
PAY-003957,INV-003957,SO-003957,CUST-007,2026-06-22,1511.82,RTGS,UTR-35213343,Credit Settlement Net 30
PAY-003958,INV-003958,SO-003958,CUST-007,2026-06-30,1168.2,Cheque,UTR-35222242,Credit Settlement Net 30
PAY-003959,INV-003959,SO-003959,CUST-022,2026-06-22,97999.0,Cheque,UTR-35231141,Credit Settlement Net 30
PAY-003960,INV-003960,SO-003960,CUST-018,2026-06-11,12407.7,UPI,Ref-3963960,Settled on Billing
PAY-003961,INV-003961,SO-003961,CUST-023,2026-08-24,83423.64,NEFT / Bank Transfer,UTR-35248939,Credit Settlement Net 15
PAY-003962,INV-003962,SO-003962,CUST-038,2026-07-18,186722.49,NEFT / Bank Transfer,UTR-35257838,Credit Settlement Net 15
PAY-003963,INV-003963,SO-003963,CUST-009,2026-06-29,213811.52,NEFT / Bank Transfer,UTR-35266737,Credit Settlement Net 30
PAY-003964,INV-003964,SO-003964,CUST-033,2026-06-12,901.05,Credit Card,Ref-3967964,Settled on Billing
PAY-003965,INV-003965,SO-003965,CUST-036,2026-07-23,10271.9,Cheque,UTR-35284535,Credit Settlement Net 30
PAY-003966,INV-003966,SO-003966,CUST-033,2026-06-12,4401.4,Credit Card,Ref-3969966,Settled on Billing
PAY-003967,INV-003967,SO-003967,CUST-040,2026-07-04,194.7,UPI,UTR-35302333,Credit Settlement Net 30
PAY-003968,INV-003968,SO-003968,CUST-042,2026-07-29,196811.26,RTGS,UTR-35311232,Credit Settlement Net 15
PAY-003969,INV-003969,SO-003969,CUST-004,2026-07-15,37473.26,RTGS,UTR-35320131,Credit Settlement Net 45
PAY-003970,INV-003970,SO-003970,CUST-021,2026-06-13,194.7,Cash,Ref-3973970,Settled on Billing
PAY-003971,INV-003971,SO-003971,CUST-037,2026-07-09,424.8,Cheque,UTR-35337929,Credit Settlement Net 30
PAY-003972,INV-003972,SO-003972,CUST-010,2026-06-29,9440.0,UPI,UTR-35346828,Credit Settlement Net 30
PAY-003973,INV-003973,SO-003973,CUST-029,2026-08-01,18357.02,UPI,UTR-35355727,Credit Settlement Net 45
PAY-003974,INV-003974,SO-003974,CUST-007,2026-06-29,8698.96,UPI,UTR-35364626,Credit Settlement Net 30
PAY-003975,INV-003975,SO-003975,CUST-041,2026-07-16,195483.52,NEFT / Bank Transfer,UTR-35373525,Credit Settlement Net 45
PAY-003976,INV-003976,SO-003976,CUST-032,2026-07-11,66316.0,UPI,UTR-35382424,Credit Settlement Net 30
PAY-003977,INV-003977,SO-003977,CUST-005,2026-06-16,1156.4,Cash,Ref-3980977,Settled on Billing
PAY-003978,INV-003978,SO-003978,CUST-030,2026-06-16,9063.34,UPI,Ref-3981978,Settled on Billing
PAY-003979,INV-003979,SO-003979,CUST-028,2026-07-06,44776.28,Cheque,UTR-35409121,Credit Settlement Net 30
PAY-003980,INV-003980,SO-003980,CUST-004,2026-09-16,18983.84,Cheque,UTR-35418020,Credit Settlement Net 45
PAY-003981,INV-003981,SO-003981,CUST-008,2026-07-10,10881.96,Cheque,UTR-35426919,Credit Settlement Net 7
PAY-003982,INV-003982,SO-003982,CUST-035,2026-07-06,9333.8,Cheque,UTR-35435818,Credit Settlement Net 7
PAY-003983,INV-003983,SO-003983,CUST-030,2026-06-17,4450.96,UPI,Ref-3986983,Settled on Billing
PAY-003984,INV-003984,SO-003984,CUST-021,2026-06-17,8304.84,Cash,Ref-3987984,Settled on Billing
PAY-003985,INV-003985,SO-003985,CUST-023,2026-08-05,149435.2,NEFT / Bank Transfer,UTR-35462515,Credit Settlement Net 15
PAY-003986,INV-003986,SO-003986,CUST-036,2026-07-11,91304.15,UPI,UTR-35471414,Credit Settlement Net 30
PAY-003987,INV-003987,SO-003987,CUST-045,2026-06-17,5074.0,Cash,Ref-3990987,Settled on Billing
PAY-003988,INV-003988,SO-003988,CUST-025,2026-07-08,4585.48,RTGS,UTR-35489212,Credit Settlement Net 30
PAY-003989,INV-003989,SO-003989,CUST-033,2026-06-18,6667.0,Credit Card,Ref-3992989,Settled on Billing
PAY-003990,INV-003990,SO-003990,CUST-002,2026-07-18,120048.01,Cheque,UTR-35507010,Credit Settlement Net 15
PAY-003991,INV-003991,SO-003991,CUST-005,2026-06-18,3717.0,Cash,Ref-3994991,Settled on Billing
PAY-003992,INV-003992,SO-003992,CUST-032,2026-07-09,49269.96,NEFT / Bank Transfer,UTR-35524808,Credit Settlement Net 30
PAY-003993,INV-003993,SO-003993,CUST-039,2026-08-24,3174.2,UPI,UTR-35533707,Credit Settlement Net 15
PAY-003994,INV-003994,SO-003994,CUST-017,2026-07-03,194.7,RTGS,UTR-35542606,Credit Settlement Net 30
PAY-003995,INV-003995,SO-003995,CUST-019,2026-07-16,266.68,NEFT / Bank Transfer,UTR-35551505,Credit Settlement Net 30
PAY-003996,INV-003996,SO-003996,CUST-030,2026-06-19,597.79,UPI,Ref-3999996,Settled on Billing
PAY-003997,INV-003997,SO-003997,CUST-035,2026-08-10,29216.8,NEFT / Bank Transfer,UTR-35569303,Credit Settlement Net 7
PAY-003998,INV-003998,SO-003998,CUST-013,2026-07-10,238.83,NEFT / Bank Transfer,UTR-35578202,Credit Settlement Net 15
PAY-003999,INV-003999,SO-003999,CUST-028,2026-07-17,248866.01,UPI,UTR-35587101,Credit Settlement Net 30
PAY-004000,INV-004000,SO-004000,CUST-039,2026-06-26,666.7,UPI,UTR-35596000,Credit Settlement Net 15
PAY-004001,INV-004001,SO-004001,CUST-038,2026-07-15,136639.28,UPI,UTR-35604899,Credit Settlement Net 15
PAY-004002,INV-004002,SO-004002,CUST-005,2026-06-20,468.22,Cash,Ref-4006002,Settled on Billing
PAY-004003,INV-004003,SO-004003,CUST-034,2026-08-13,1548.4,Cheque,UTR-35622697,Credit Settlement Net 30
PAY-004004,INV-004004,SO-004004,CUST-041,2026-07-24,24890.92,NEFT / Bank Transfer,UTR-35631596,Credit Settlement Net 45
PAY-004005,INV-004005,SO-004005,CUST-004,2026-07-08,20949.25,Cheque,UTR-35640495,Credit Settlement Net 45
PAY-004006,INV-004006,SO-004006,CUST-019,2026-07-15,1882.1,NEFT / Bank Transfer,UTR-35649394,Credit Settlement Net 30
PAY-004007,INV-004007,SO-004007,CUST-021,2026-06-22,499.38,Cash,Ref-4011007,Settled on Billing
PAY-004008,INV-004008,SO-004008,CUST-019,2026-07-16,3852.7,NEFT / Bank Transfer,UTR-35667192,Credit Settlement Net 30
PAY-004009,INV-004009,SO-004009,CUST-015,2026-07-13,13947.6,RTGS,UTR-35676091,Credit Settlement Net 30
PAY-004010,INV-004010,SO-004010,CUST-035,2026-07-05,4157.14,NEFT / Bank Transfer,UTR-35684990,Credit Settlement Net 7
PAY-004011,INV-004011,SO-004011,CUST-046,2026-07-08,379.96,UPI,UTR-35693889,Credit Settlement Net 30
PAY-004012,INV-004012,SO-004012,CUST-033,2026-06-23,3717.0,Credit Card,Ref-4016012,Settled on Billing
PAY-004013,INV-004013,SO-004013,CUST-004,2026-07-14,67248.2,UPI,UTR-35711687,Credit Settlement Net 45
PAY-004014,INV-004014,SO-004014,CUST-023,2026-07-18,39415.54,Cheque,UTR-35720586,Credit Settlement Net 15
PAY-004015,INV-004015,SO-004015,CUST-031,2026-06-24,918.75,Cash,Ref-4019015,Settled on Billing
PAY-004016,INV-004016,SO-004016,CUST-041,2026-09-21,169394.43,Cheque,UTR-35738384,Credit Settlement Net 45
PAY-004017,INV-004017,SO-004017,CUST-004,2026-07-10,73376.88,UPI,UTR-35747283,Credit Settlement Net 45
PAY-004018,INV-004018,SO-004018,CUST-029,2026-07-13,67202.42,UPI,UTR-35756182,Credit Settlement Net 45
PAY-004019,INV-004019,SO-004019,CUST-001,2026-08-04,57100.2,RTGS,UTR-35765081,Credit Settlement Net 30
PAY-004020,INV-004020,SO-004020,CUST-029,2026-07-01,27091.86,UPI,UTR-35773980,Credit Settlement Net 45
PAY-004021,INV-004021,SO-004021,CUST-010,2026-07-13,607.94,NEFT / Bank Transfer,UTR-35782879,Credit Settlement Net 30
PAY-004022,INV-004022,SO-004022,CUST-037,2026-07-23,3044.4,RTGS,UTR-35791778,Credit Settlement Net 30
PAY-004023,INV-004023,SO-004023,CUST-002,2026-07-03,188653.68,NEFT / Bank Transfer,UTR-35800677,Credit Settlement Net 15
PAY-004024,INV-004024,SO-004024,CUST-022,2026-07-11,249584.63,NEFT / Bank Transfer,UTR-35809576,Credit Settlement Net 30
PAY-004025,INV-004025,SO-004025,CUST-023,2026-08-13,172355.28,RTGS,UTR-35818475,Credit Settlement Net 15
PAY-004026,INV-004026,SO-004026,CUST-004,2026-09-14,53503.56,UPI,UTR-35827374,Credit Settlement Net 45
PAY-004027,INV-004027,SO-004027,CUST-001,2026-07-17,63971.34,RTGS,UTR-35836273,Credit Settlement Net 30
PAY-004028,INV-004028,SO-004028,CUST-009,2026-09-29,76148.23,Cheque,UTR-35845172,Credit Settlement Net 30
PAY-004029,INV-004029,SO-004029,CUST-013,2026-07-16,260.54,UPI,UTR-35854071,Credit Settlement Net 15
PAY-004030,INV-004030,SO-004030,CUST-001,2026-08-17,70682.0,UPI,UTR-35862970,Credit Settlement Net 30
PAY-004031,INV-004031,SO-004031,CUST-005,2026-06-27,379.96,Cash,Ref-4035031,Settled on Billing
PAY-004032,INV-004032,SO-004032,CUST-031,2026-06-29,4466.06,Cash,Ref-4036032,Settled on Billing
PAY-004033,INV-004033,SO-004033,CUST-025,2026-07-14,3095.38,NEFT / Bank Transfer,UTR-35889667,Credit Settlement Net 30
PAY-004034,INV-004034,SO-004034,CUST-042,2026-07-23,168912.28,UPI,UTR-35898566,Credit Settlement Net 15
PAY-004035,INV-004035,SO-004035,CUST-018,2026-06-29,1286.2,UPI,Ref-4039035,Settled on Billing
PAY-004036,INV-004036,SO-004036,CUST-037,2026-07-08,13393.0,RTGS,UTR-35916364,Credit Settlement Net 30
PAY-004037,INV-004037,SO-004037,CUST-031,2026-06-30,543.74,Cash,Ref-4041037,Settled on Billing
PAY-004038,INV-004038,SO-004038,CUST-012,2026-06-30,1688.34,Credit Card,Ref-4042038,Settled on Billing
PAY-004039,INV-004039,SO-004039,CUST-020,2026-07-17,19411.0,NEFT / Bank Transfer,UTR-35943061,Credit Settlement Net 15
PAY-004040,INV-004040,SO-004040,CUST-007,2026-08-17,5876.4,NEFT / Bank Transfer,UTR-35951960,Credit Settlement Net 30
PAY-004041,INV-004041,SO-004041,CUST-029,2026-07-14,4676.34,UPI,UTR-35960859,Credit Settlement Net 45
PAY-004042,INV-004042,SO-004042,CUST-029,2026-09-17,33161.78,RTGS,UTR-35969758,Credit Settlement Net 45
PAY-004043,INV-004043,SO-004043,CUST-040,2026-07-08,260.54,UPI,UTR-35978657,Credit Settlement Net 30
PAY-004044,INV-004044,SO-004044,CUST-016,2026-07-31,278.24,Cheque,UTR-35987556,Credit Settlement Net 30
PAY-004045,INV-004045,SO-004045,CUST-034,2026-07-18,2275.04,RTGS,UTR-35996455,Credit Settlement Net 30
PAY-004046,INV-004046,SO-004046,CUST-017,2026-07-23,488.52,UPI,UTR-36005354,Credit Settlement Net 30
PAY-004047,INV-004047,SO-004047,CUST-009,2026-07-22,205073.38,NEFT / Bank Transfer,UTR-36014253,Credit Settlement Net 30
PAY-004048,INV-004048,SO-004048,CUST-044,2026-07-14,24336.32,UPI,UTR-36023152,Credit Settlement Net 7
PAY-004049,INV-004049,SO-004049,CUST-040,2026-09-10,6315.36,Cheque,UTR-36032051,Credit Settlement Net 30
PAY-004050,INV-004050,SO-004050,CUST-009,2026-07-16,232644.55,RTGS,UTR-36040950,Credit Settlement Net 30
PAY-004051,INV-004051,SO-004051,CUST-022,2026-07-21,172281.18,Cheque,UTR-36049849,Credit Settlement Net 30
PAY-004052,INV-004052,SO-004052,CUST-023,2026-08-05,159724.8,RTGS,UTR-36058748,Credit Settlement Net 15
PAY-004053,INV-004053,SO-004053,CUST-023,2026-08-14,291894.24,NEFT / Bank Transfer,UTR-36067647,Credit Settlement Net 15
PAY-004054,INV-004054,SO-004054,CUST-022,2026-07-22,43724.19,Cheque,UTR-36076546,Credit Settlement Net 30
PAY-004055,INV-004055,SO-004055,CUST-026,2026-08-10,7469.4,UPI,UTR-36085445,Credit Settlement Net 15
PAY-004056,INV-004056,SO-004056,CUST-007,2026-08-21,5640.4,NEFT / Bank Transfer,UTR-36094344,Credit Settlement Net 30
PAY-004057,INV-004057,SO-004057,CUST-009,2026-07-13,178218.47,NEFT / Bank Transfer,UTR-36103243,Credit Settlement Net 30
PAY-004058,INV-004058,SO-004058,CUST-025,2026-07-26,4331.54,RTGS,UTR-36112142,Credit Settlement Net 30
PAY-004059,INV-004059,SO-004059,CUST-031,2026-07-04,8707.22,Cash,Ref-4063059,Settled on Billing
PAY-004060,INV-004060,SO-004060,CUST-012,2026-07-04,76.7,Credit Card,Ref-4064060,Settled on Billing
PAY-004061,INV-004061,SO-004061,CUST-033,2026-07-04,9162.7,Credit Card,Ref-4065061,Settled on Billing
PAY-004062,INV-004062,SO-004062,CUST-016,2026-08-07,81.42,RTGS,UTR-36147738,Credit Settlement Net 30
PAY-004063,INV-004063,SO-004063,CUST-010,2026-07-21,76.7,Cheque,UTR-36156637,Credit Settlement Net 30
PAY-004064,INV-004064,SO-004064,CUST-048,2026-07-04,663.16,UPI,Ref-4068064,Settled on Billing
PAY-004065,INV-004065,SO-004065,CUST-048,2026-07-04,8619.9,UPI,Ref-4069065,Settled on Billing
PAY-004066,INV-004066,SO-004066,CUST-026,2026-09-17,13604.92,RTGS,UTR-36183334,Credit Settlement Net 15
PAY-004067,INV-004067,SO-004067,CUST-016,2026-07-21,283.2,UPI,UTR-36192233,Credit Settlement Net 30
PAY-004068,INV-004068,SO-004068,CUST-013,2026-07-29,488.52,NEFT / Bank Transfer,UTR-36201132,Credit Settlement Net 15
PAY-004069,INV-004069,SO-004069,CUST-043,2026-08-03,1079.7,NEFT / Bank Transfer,UTR-36210031,Credit Settlement Net 30
PAY-004070,INV-004070,SO-004070,CUST-043,2026-07-14,3339.4,NEFT / Bank Transfer,UTR-36218930,Credit Settlement Net 30
PAY-004071,INV-004071,SO-004071,CUST-007,2026-07-25,977.04,RTGS,UTR-36227829,Credit Settlement Net 30
PAY-004072,INV-004072,SO-004072,CUST-010,2026-07-23,1863.22,Cheque,UTR-36236728,Credit Settlement Net 30
PAY-004073,INV-004073,SO-004073,CUST-029,2026-08-11,18375.2,Cheque,UTR-36245627,Credit Settlement Net 45
PAY-004074,INV-004074,SO-004074,CUST-002,2026-07-18,43603.83,NEFT / Bank Transfer,UTR-36254526,Credit Settlement Net 15
PAY-004075,INV-004075,SO-004075,CUST-028,2026-07-27,251123.59,Cheque,UTR-36263425,Credit Settlement Net 30
PAY-004076,INV-004076,SO-004076,CUST-030,2026-07-07,4613.8,UPI,Ref-4080076,Settled on Billing
PAY-004077,INV-004077,SO-004077,CUST-019,2026-09-17,442.5,UPI,UTR-36281223,Credit Settlement Net 30
PAY-004078,INV-004078,SO-004078,CUST-011,2026-07-23,54796.37,UPI,UTR-36290122,Credit Settlement Net 45
PAY-004079,INV-004080,SO-004080,CUST-011,2026-08-22,146639.54,UPI,UTR-36299021,Credit Settlement Net 45
PAY-004080,INV-004081,SO-004081,CUST-046,2026-07-31,1428.98,Cheque,UTR-36307920,Credit Settlement Net 30
PAY-004081,INV-004082,SO-004082,CUST-018,2026-07-08,189.98,UPI,Ref-4085081,Settled on Billing
PAY-004082,INV-004083,SO-004083,CUST-016,2026-07-24,654.9,Cheque,UTR-36325718,Credit Settlement Net 30
PAY-004083,INV-004084,SO-004084,CUST-041,2026-07-16,63013.18,Cheque,UTR-36334617,Credit Settlement Net 45
PAY-004084,INV-004085,SO-004085,CUST-003,2026-08-21,5030.81,UPI,UTR-36343516,Credit Settlement Net 15
PAY-004085,INV-004086,SO-004086,CUST-018,2026-07-09,1159.0,UPI,Ref-4089085,Settled on Billing
PAY-004086,INV-004087,SO-004087,CUST-029,2026-07-25,111619.98,UPI,UTR-36361314,Credit Settlement Net 45
PAY-004087,INV-004088,SO-004088,CUST-038,2026-07-17,17770.09,RTGS,UTR-36370213,Credit Settlement Net 15
PAY-004088,INV-004089,SO-004089,CUST-013,2026-08-25,424.8,UPI,UTR-36379112,Credit Settlement Net 15
PAY-004089,INV-004090,SO-004090,CUST-022,2026-07-24,56230.78,RTGS,UTR-36388011,Credit Settlement Net 30
PAY-004090,INV-004091,SO-004091,CUST-026,2026-07-17,8708.4,RTGS,UTR-36396910,Credit Settlement Net 15
PAY-004091,INV-004092,SO-004092,CUST-027,2026-08-08,3197.8,UPI,UTR-36405809,Credit Settlement Net 30
PAY-004092,INV-004093,SO-004093,CUST-042,2026-07-21,47721.8,UPI,UTR-36414708,Credit Settlement Net 15
PAY-004093,INV-004094,SO-004094,CUST-043,2026-08-14,8425.2,NEFT / Bank Transfer,UTR-36423607,Credit Settlement Net 30
PAY-004094,INV-004095,SO-004095,CUST-022,2026-08-14,85842.17,RTGS,UTR-36432506,Credit Settlement Net 30
PAY-004095,INV-004096,SO-004096,CUST-041,2026-08-08,40469.28,RTGS,UTR-36441405,Credit Settlement Net 45
PAY-004096,INV-004097,SO-004097,CUST-035,2026-08-04,17036.84,UPI,UTR-36450304,Credit Settlement Net 7
PAY-004097,INV-004098,SO-004098,CUST-001,2026-09-01,212808.04,RTGS,UTR-36459203,Credit Settlement Net 30
PAY-004098,INV-004099,SO-004099,CUST-018,2026-07-11,1357.0,UPI,Ref-4102098,Settled on Billing
PAY-004099,INV-004100,SO-004100,CUST-045,2026-07-11,2992.24,Cash,Ref-4103099,Settled on Billing
PAY-004100,INV-004101,SO-004101,CUST-035,2026-07-19,2002.46,UPI,UTR-36485900,Credit Settlement Net 7
PAY-004101,INV-004102,SO-004102,CUST-003,2026-07-25,21515.88,UPI,UTR-36494799,Credit Settlement Net 15
PAY-004102,INV-004103,SO-004103,CUST-023,2026-07-30,326175.6,NEFT / Bank Transfer,UTR-36503698,Credit Settlement Net 15
PAY-004103,INV-004104,SO-004104,CUST-030,2026-07-13,5074.0,UPI,Ref-4107103,Settled on Billing
PAY-004104,INV-004105,SO-004105,CUST-014,2026-07-13,462.8,Cash,Ref-4108104,Settled on Billing
PAY-004105,INV-004106,SO-004106,CUST-046,2026-07-27,521.09,RTGS,UTR-36530395,Credit Settlement Net 30
PAY-004106,INV-004107,SO-004107,CUST-018,2026-07-13,1325.14,UPI,Ref-4110106,Settled on Billing
PAY-004107,INV-004108,SO-004108,CUST-007,2026-07-29,597.79,NEFT / Bank Transfer,UTR-36548193,Credit Settlement Net 30
PAY-004108,INV-004109,SO-004109,CUST-031,2026-07-14,1239.0,Cash,Ref-4112108,Settled on Billing
PAY-004109,INV-004110,SO-004110,CUST-003,2026-08-05,7397.42,Cheque,UTR-36565991,Credit Settlement Net 15
PAY-004110,INV-004111,SO-004111,CUST-011,2026-07-21,96584.18,NEFT / Bank Transfer,UTR-36574890,Credit Settlement Net 45
PAY-004111,INV-004112,SO-004112,CUST-047,2026-07-20,271.4,UPI,UTR-36583789,Credit Settlement Net 30
PAY-004112,INV-004113,SO-004113,CUST-045,2026-07-14,238.83,Cash,Ref-4116112,Settled on Billing
PAY-004113,INV-004114,SO-004114,CUST-044,2026-08-21,28210.26,Cheque,UTR-36601587,Credit Settlement Net 7
PAY-004114,INV-004115,SO-004115,CUST-018,2026-07-14,337.24,UPI,Ref-4118114,Settled on Billing
PAY-004115,INV-004116,SO-004116,CUST-047,2026-07-26,461.38,RTGS,UTR-36619385,Credit Settlement Net 30
PAY-004116,INV-004117,SO-004117,CUST-035,2026-08-27,9823.5,UPI,UTR-36628284,Credit Settlement Net 7
PAY-004117,INV-004118,SO-004118,CUST-015,2026-08-30,14030.67,NEFT / Bank Transfer,UTR-36637183,Credit Settlement Net 30
PAY-004118,INV-004120,SO-004120,CUST-011,2026-08-01,53733.66,UPI,UTR-36646082,Credit Settlement Net 45
PAY-004119,INV-004121,SO-004121,CUST-007,2026-07-29,977.04,NEFT / Bank Transfer,UTR-36654981,Credit Settlement Net 30
PAY-004120,INV-004122,SO-004122,CUST-031,2026-07-15,7129.09,Cash,Ref-4124120,Settled on Billing
PAY-004121,INV-004123,SO-004123,CUST-019,2026-08-14,1428.98,UPI,UTR-36672779,Credit Settlement Net 30
PAY-004122,INV-004124,SO-004124,CUST-031,2026-07-16,867.3,Cash,Ref-4126122,Settled on Billing
PAY-004123,INV-004125,SO-004125,CUST-030,2026-07-16,521.09,UPI,Ref-4127123,Settled on Billing
PAY-004124,INV-004126,SO-004126,CUST-012,2026-07-16,488.52,Credit Card,Ref-4128124,Settled on Billing
PAY-004125,INV-004127,SO-004127,CUST-035,2026-08-19,28092.26,RTGS,UTR-36708375,Credit Settlement Net 7
PAY-004126,INV-004128,SO-004128,CUST-012,2026-07-17,708.0,Credit Card,Ref-4130126,Settled on Billing
PAY-004127,INV-004129,SO-004129,CUST-019,2026-08-13,1558.54,Cheque,UTR-36726173,Credit Settlement Net 30
PAY-004128,INV-004130,SO-004130,CUST-047,2026-08-13,238.83,RTGS,UTR-36735072,Credit Settlement Net 30
PAY-004129,INV-004131,SO-004131,CUST-040,2026-08-07,1229.09,UPI,UTR-36743971,Credit Settlement Net 30
PAY-004130,INV-004132,SO-004132,CUST-011,2026-08-09,19124.02,UPI,UTR-36752870,Credit Settlement Net 45
PAY-004131,INV-004133,SO-004133,CUST-046,2026-08-14,632.48,NEFT / Bank Transfer,UTR-36761769,Credit Settlement Net 30
PAY-004132,INV-004134,SO-004134,CUST-038,2026-07-25,65814.26,NEFT / Bank Transfer,UTR-36770668,Credit Settlement Net 15
PAY-004133,INV-004135,SO-004135,CUST-011,2026-08-16,17395.56,UPI,UTR-36779567,Credit Settlement Net 45
PAY-004134,INV-004136,SO-004136,CUST-017,2026-09-03,3405.48,RTGS,UTR-36788466,Credit Settlement Net 30
PAY-004135,INV-004137,SO-004137,CUST-036,2026-08-10,16263.94,UPI,UTR-36797365,Credit Settlement Net 30
PAY-004136,INV-004138,SO-004138,CUST-047,2026-09-27,424.8,UPI,UTR-36806264,Credit Settlement Net 30
PAY-004137,INV-004139,SO-004139,CUST-043,2026-08-11,1197.7,UPI,UTR-36815163,Credit Settlement Net 30
PAY-004138,INV-004140,SO-004140,CUST-002,2026-07-28,131933.44,UPI,UTR-36824062,Credit Settlement Net 15
PAY-004139,INV-004141,SO-004141,CUST-047,2026-08-20,501.5,NEFT / Bank Transfer,UTR-36832961,Credit Settlement Net 30
PAY-004140,INV-004142,SO-004142,CUST-046,2026-08-08,424.8,RTGS,UTR-36841860,Credit Settlement Net 30
PAY-004141,INV-004143,SO-004143,CUST-043,2026-07-26,357.54,Cheque,UTR-36850759,Credit Settlement Net 30
PAY-004142,INV-004144,SO-004144,CUST-010,2026-08-10,1628.4,NEFT / Bank Transfer,UTR-36859658,Credit Settlement Net 30
PAY-004143,INV-004145,SO-004145,CUST-045,2026-07-21,4071.0,Cash,Ref-4147143,Settled on Billing
PAY-004144,INV-004146,SO-004146,CUST-048,2026-07-22,5829.2,UPI,Ref-4148144,Settled on Billing
PAY-004145,INV-004147,SO-004147,CUST-002,2026-09-21,257959.09,RTGS,UTR-36886355,Credit Settlement Net 15
PAY-004146,INV-004148,SO-004148,CUST-021,2026-07-22,4152.42,Cash,Ref-4150146,Settled on Billing
PAY-004147,INV-004149,SO-004149,CUST-025,2026-08-30,2078.22,Cheque,UTR-36904153,Credit Settlement Net 30
PAY-004148,INV-004150,SO-004150,CUST-019,2026-09-13,5689.96,UPI,UTR-36913052,Credit Settlement Net 30
PAY-004149,INV-004151,SO-004151,CUST-039,2026-09-08,4106.4,NEFT / Bank Transfer,UTR-36921951,Credit Settlement Net 15
PAY-004150,INV-004152,SO-004152,CUST-046,2026-08-05,3197.8,Cheque,UTR-36930850,Credit Settlement Net 30
PAY-004151,INV-004153,SO-004153,CUST-006,2026-07-23,660.8,UPI,Ref-4155151,Settled on Billing
PAY-004152,INV-004154,SO-004154,CUST-001,2026-09-24,61964.4,Cheque,UTR-36948648,Credit Settlement Net 30
PAY-004153,INV-004155,SO-004155,CUST-045,2026-07-23,543.74,Cash,Ref-4157153,Settled on Billing
PAY-004154,INV-004156,SO-004156,CUST-014,2026-07-23,379.96,Cash,Ref-4158154,Settled on Billing
PAY-004155,INV-004157,SO-004157,CUST-005,2026-07-23,2478.0,Cash,Ref-4159155,Settled on Billing
PAY-004156,INV-004158,SO-004158,CUST-019,2026-09-14,330.4,UPI,UTR-36984244,Credit Settlement Net 30
PAY-004157,INV-004159,SO-004159,CUST-003,2026-08-10,8219.88,NEFT / Bank Transfer,UTR-36993143,Credit Settlement Net 15
PAY-004158,INV-004160,SO-004160,CUST-003,2026-08-05,4348.3,NEFT / Bank Transfer,UTR-37002042,Credit Settlement Net 15
PAY-004159,INV-004161,SO-004161,CUST-023,2026-08-08,33222.9,UPI,UTR-37010941,Credit Settlement Net 15
PAY-004160,INV-004162,SO-004162,CUST-046,2026-08-16,194.7,NEFT / Bank Transfer,UTR-37019840,Credit Settlement Net 30
PAY-004161,INV-004163,SO-004163,CUST-011,2026-08-29,58325.04,RTGS,UTR-37028739,Credit Settlement Net 45
PAY-004162,INV-004164,SO-004164,CUST-012,2026-07-24,3056.2,Credit Card,Ref-4166162,Settled on Billing
PAY-004163,INV-004165,SO-004165,CUST-034,2026-09-24,4419.1,Cheque,UTR-37046537,Credit Settlement Net 30
PAY-004164,INV-004166,SO-004166,CUST-028,2026-08-02,81038.86,Cheque,UTR-37055436,Credit Settlement Net 30
PAY-004165,INV-004167,SO-004167,CUST-040,2026-09-15,619.5,RTGS,UTR-37064335,Credit Settlement Net 30
PAY-004166,INV-004168,SO-004168,CUST-019,2026-08-03,8218.7,RTGS,UTR-37073234,Credit Settlement Net 30
PAY-004167,INV-004169,SO-004169,CUST-047,2026-08-15,5472.84,RTGS,UTR-37082133,Credit Settlement Net 30
PAY-004168,INV-004170,SO-004170,CUST-004,2026-08-24,60006.78,UPI,UTR-37091032,Credit Settlement Net 45
PAY-004169,INV-004171,SO-004171,CUST-036,2026-09-09,9628.56,RTGS,UTR-37099931,Credit Settlement Net 30
PAY-004170,INV-004172,SO-004172,CUST-013,2026-08-19,6077.0,NEFT / Bank Transfer,UTR-37108830,Credit Settlement Net 15
PAY-004171,INV-004173,SO-004173,CUST-035,2026-08-18,18998.0,UPI,UTR-37117729,Credit Settlement Net 7
PAY-004172,INV-004174,SO-004174,CUST-026,2026-08-02,9227.6,UPI,UTR-37126628,Credit Settlement Net 15
PAY-004173,INV-004175,SO-004175,CUST-004,2026-08-19,49204.82,UPI,UTR-37135527,Credit Settlement Net 45
PAY-004174,INV-004178,SO-004178,CUST-016,2026-08-10,364.62,Cheque,UTR-37144426,Credit Settlement Net 30
PAY-004175,INV-004179,SO-004179,CUST-037,2026-08-27,726.64,UPI,UTR-37153325,Credit Settlement Net 30
PAY-004176,INV-004180,SO-004180,CUST-020,2026-08-03,4336.5,UPI,UTR-37162224,Credit Settlement Net 15
PAY-004177,INV-004183,SO-004183,CUST-001,2026-08-21,65517.38,NEFT / Bank Transfer,UTR-37171123,Credit Settlement Net 30
PAY-004178,INV-004184,SO-004184,CUST-045,2026-07-28,162.84,Cash,Ref-4182178,Settled on Billing
PAY-004179,INV-004185,SO-004185,CUST-015,2026-08-29,51890.74,Cheque,UTR-37188921,Credit Settlement Net 30
PAY-004180,INV-004186,SO-004186,CUST-031,2026-07-29,5015.0,Cash,Ref-4184180,Settled on Billing
PAY-004181,INV-004187,SO-004187,CUST-021,2026-07-29,283.2,Cash,Ref-4185181,Settled on Billing
PAY-004182,INV-004188,SO-004188,CUST-011,2026-08-17,57896.7,RTGS,UTR-37215618,Credit Settlement Net 45
PAY-004183,INV-004189,SO-004189,CUST-037,2026-09-21,574.66,Cheque,UTR-37224517,Credit Settlement Net 30
PAY-004184,INV-004190,SO-004190,CUST-007,2026-08-19,189.98,NEFT / Bank Transfer,UTR-37233416,Credit Settlement Net 30
PAY-004185,INV-004191,SO-004191,CUST-041,2026-09-01,84964.72,RTGS,UTR-37242315,Credit Settlement Net 45
PAY-004186,INV-004192,SO-004192,CUST-036,2026-08-20,58443.51,Cheque,UTR-37251214,Credit Settlement Net 30
PAY-004187,INV-004193,SO-004193,CUST-025,2026-08-10,5622.7,RTGS,UTR-37260113,Credit Settlement Net 30
PAY-004188,INV-004194,SO-004194,CUST-036,2026-08-19,101685.56,Cheque,UTR-37269012,Credit Settlement Net 30
PAY-004189,INV-004195,SO-004195,CUST-022,2026-08-30,13378.6,Cheque,UTR-37277911,Credit Settlement Net 30
PAY-004190,INV-004196,SO-004196,CUST-038,2026-08-11,160871.76,Cheque,UTR-37286810,Credit Settlement Net 15
PAY-004191,INV-004197,SO-004197,CUST-041,2026-08-23,62443.24,RTGS,UTR-37295709,Credit Settlement Net 45
PAY-004192,INV-004198,SO-004198,CUST-031,2026-07-31,1898.38,Cash,Ref-4196192,Settled on Billing
PAY-004193,INV-004199,SO-004199,CUST-028,2026-08-13,153027.6,Cheque,UTR-37313507,Credit Settlement Net 30
PAY-004194,INV-004200,SO-004200,CUST-047,2026-09-06,584.1,RTGS,UTR-37322406,Credit Settlement Net 30
PAY-004195,INV-004201,SO-004201,CUST-005,2026-08-01,3162.4,Cash,Ref-4199195,Settled on Billing
PAY-004196,INV-004202,SO-004202,CUST-014,2026-08-03,3678.06,Cash,Ref-4200196,Settled on Billing
PAY-004197,INV-004203,SO-004203,CUST-023,2026-09-03,157617.73,UPI,UTR-37349103,Credit Settlement Net 15
PAY-004198,INV-004204,SO-004204,CUST-005,2026-08-03,3224.94,Cash,Ref-4202198,Settled on Billing
PAY-004199,INV-004206,SO-004206,CUST-025,2026-08-16,994.74,UPI,UTR-37366901,Credit Settlement Net 30
PAY-004200,INV-004207,SO-004207,CUST-021,2026-08-03,1593.71,Cash,Ref-4204200,Settled on Billing
PAY-004201,INV-004208,SO-004208,CUST-019,2026-08-10,9641.54,UPI,UTR-37384699,Credit Settlement Net 30
PAY-004202,INV-004209,SO-004209,CUST-009,2026-08-20,188290.33,NEFT / Bank Transfer,UTR-37393598,Credit Settlement Net 30
PAY-004203,INV-004210,SO-004210,CUST-031,2026-08-04,9503.25,Cash,Ref-4207203,Settled on Billing
PAY-004204,INV-004211,SO-004211,CUST-047,2026-09-24,1003.0,Cheque,UTR-37411396,Credit Settlement Net 30
PAY-004205,INV-004212,SO-004212,CUST-018,2026-08-04,2365.43,UPI,Ref-4209205,Settled on Billing
PAY-004206,INV-004213,SO-004213,CUST-035,2026-09-10,3776.0,UPI,UTR-37429194,Credit Settlement Net 7
PAY-004207,INV-004214,SO-004214,CUST-044,2026-09-10,748.12,NEFT / Bank Transfer,UTR-37438093,Credit Settlement Net 7
PAY-004208,INV-004215,SO-004215,CUST-043,2026-08-23,3009.0,Cheque,UTR-37446992,Credit Settlement Net 30
PAY-004209,INV-004216,SO-004216,CUST-042,2026-08-10,182744.52,UPI,UTR-37455891,Credit Settlement Net 15
PAY-004210,INV-004217,SO-004217,CUST-008,2026-08-20,5344.69,RTGS,UTR-37464790,Credit Settlement Net 7
PAY-004211,INV-004218,SO-004218,CUST-033,2026-08-06,4602.0,Credit Card,Ref-4215211,Settled on Billing
PAY-004212,INV-004219,SO-004219,CUST-016,2026-08-23,4371.9,NEFT / Bank Transfer,UTR-37482588,Credit Settlement Net 30
PAY-004213,INV-004220,SO-004220,CUST-046,2026-09-30,774.08,Cheque,UTR-37491487,Credit Settlement Net 30
PAY-004214,INV-004221,SO-004221,CUST-033,2026-08-06,1263.54,Credit Card,Ref-4218214,Settled on Billing
PAY-004215,INV-004222,SO-004222,CUST-036,2026-08-25,41902.04,UPI,UTR-37509285,Credit Settlement Net 30
PAY-004216,INV-004223,SO-004223,CUST-033,2026-08-06,2006.0,Credit Card,Ref-4220216,Settled on Billing
PAY-004217,INV-004224,SO-004224,CUST-015,2026-09-21,86093.89,UPI,UTR-37527083,Credit Settlement Net 30
PAY-004218,INV-004225,SO-004225,CUST-010,2026-09-23,2537.0,UPI,UTR-37535982,Credit Settlement Net 30
PAY-004219,INV-004226,SO-004226,CUST-017,2026-09-07,358.25,NEFT / Bank Transfer,UTR-37544881,Credit Settlement Net 30
PAY-004220,INV-004227,SO-004227,CUST-023,2026-08-31,61645.56,NEFT / Bank Transfer,UTR-37553780,Credit Settlement Net 15
PAY-004221,INV-004228,SO-004228,CUST-011,2026-08-13,338263.53,RTGS,UTR-37562679,Credit Settlement Net 45
PAY-004222,INV-004229,SO-004229,CUST-016,2026-09-04,4083.98,RTGS,UTR-37571578,Credit Settlement Net 30
PAY-004223,INV-004230,SO-004230,CUST-022,2026-08-30,51087.65,NEFT / Bank Transfer,UTR-37580477,Credit Settlement Net 30
PAY-004224,INV-004231,SO-004231,CUST-046,2026-09-07,330.4,RTGS,UTR-37589376,Credit Settlement Net 30
PAY-004225,INV-004232,SO-004232,CUST-017,2026-09-07,1104.48,UPI,UTR-37598275,Credit Settlement Net 30
PAY-004226,INV-004233,SO-004233,CUST-022,2026-08-20,40722.88,UPI,UTR-37607174,Credit Settlement Net 30
PAY-004227,INV-004234,SO-004234,CUST-030,2026-08-10,17.7,UPI,Ref-4231227,Settled on Billing
PAY-004228,INV-004235,SO-004235,CUST-039,2026-09-03,28508.8,Cheque,UTR-37624972,Credit Settlement Net 15
PAY-004229,INV-004236,SO-004236,CUST-001,2026-08-28,27690.47,Cheque,UTR-37633871,Credit Settlement Net 30
PAY-004230,INV-004237,SO-004237,CUST-013,2026-08-17,3327.6,RTGS,UTR-37642770,Credit Settlement Net 15
PAY-004231,INV-004238,SO-004238,CUST-034,2026-08-31,5318.26,Cheque,UTR-37651669,Credit Settlement Net 30
PAY-004232,INV-004239,SO-004239,CUST-047,2026-09-17,2013.79,NEFT / Bank Transfer,UTR-37660568,Credit Settlement Net 30
PAY-004233,INV-004240,SO-004240,CUST-036,2026-08-20,222254.35,RTGS,UTR-37669467,Credit Settlement Net 30
PAY-004234,INV-004241,SO-004241,CUST-009,2026-08-24,52026.44,RTGS,UTR-37678366,Credit Settlement Net 30
PAY-004235,INV-004242,SO-004242,CUST-035,2026-09-09,27711.12,Cheque,UTR-37687265,Credit Settlement Net 7
PAY-004236,INV-004243,SO-004243,CUST-017,2026-08-23,379.96,UPI,UTR-37696164,Credit Settlement Net 30
PAY-004237,INV-004244,SO-004244,CUST-030,2026-08-11,1239.0,UPI,Ref-4241237,Settled on Billing
PAY-004238,INV-004245,SO-004245,CUST-002,2026-08-25,187540.23,NEFT / Bank Transfer,UTR-37713962,Credit Settlement Net 15
PAY-004239,INV-004246,SO-004246,CUST-045,2026-08-11,4885.2,Cash,Ref-4243239,Settled on Billing
PAY-004240,INV-004247,SO-004247,CUST-038,2026-08-20,205222.86,RTGS,UTR-37731760,Credit Settlement Net 15
PAY-004241,INV-004248,SO-004248,CUST-020,2026-08-26,12496.2,NEFT / Bank Transfer,UTR-37740659,Credit Settlement Net 15
PAY-004242,INV-004249,SO-004249,CUST-031,2026-08-12,5463.4,Cash,Ref-4246242,Settled on Billing
PAY-004243,INV-004250,SO-004250,CUST-002,2026-09-01,341464.41,NEFT / Bank Transfer,UTR-37758457,Credit Settlement Net 15
PAY-004244,INV-004251,SO-004251,CUST-009,2026-09-08,166397.7,RTGS,UTR-37767356,Credit Settlement Net 30
PAY-004245,INV-004252,SO-004252,CUST-032,2026-09-05,28554.67,RTGS,UTR-37776255,Credit Settlement Net 30
PAY-004246,INV-004253,SO-004253,CUST-017,2026-09-05,401.67,Cheque,UTR-37785154,Credit Settlement Net 30
PAY-004247,INV-004254,SO-004254,CUST-040,2026-08-28,260.54,RTGS,UTR-37794053,Credit Settlement Net 30
PAY-004248,INV-004256,SO-004256,CUST-001,2026-08-23,27241.38,NEFT / Bank Transfer,UTR-37802952,Credit Settlement Net 30
PAY-004249,INV-004257,SO-004257,CUST-029,2026-08-31,101884.17,NEFT / Bank Transfer,UTR-37811851,Credit Settlement Net 45
PAY-004250,INV-004258,SO-004258,CUST-014,2026-08-13,6634.43,Cash,Ref-4254250,Settled on Billing
PAY-004251,INV-004259,SO-004259,CUST-038,2026-09-17,137632.84,UPI,UTR-37829649,Credit Settlement Net 15
PAY-004252,INV-004260,SO-004260,CUST-003,2026-08-29,12342.8,NEFT / Bank Transfer,UTR-37838548,Credit Settlement Net 15
PAY-004253,INV-004261,SO-004261,CUST-002,2026-09-28,14556.01,RTGS,UTR-37847447,Credit Settlement Net 15
PAY-004254,INV-004262,SO-004262,CUST-036,2026-08-27,99978.67,RTGS,UTR-37856346,Credit Settlement Net 30
PAY-004255,INV-004263,SO-004263,CUST-036,2026-08-25,38676.62,RTGS,UTR-37865245,Credit Settlement Net 30
PAY-004256,INV-004265,SO-004265,CUST-012,2026-08-15,330.4,Credit Card,Ref-4260256,Settled on Billing
PAY-004257,INV-004266,SO-004266,CUST-048,2026-08-15,3975.42,UPI,Ref-4261257,Settled on Billing
PAY-004258,INV-004267,SO-004267,CUST-034,2026-08-31,3119.45,NEFT / Bank Transfer,UTR-37891942,Credit Settlement Net 30
PAY-004259,INV-004268,SO-004268,CUST-008,2026-09-13,39738.86,Cheque,UTR-37900841,Credit Settlement Net 7
PAY-004260,INV-004269,SO-004269,CUST-004,2026-08-29,320778.18,RTGS,UTR-37909740,Credit Settlement Net 45
PAY-004261,INV-004270,SO-004270,CUST-015,2026-09-08,91038.27,RTGS,UTR-37918639,Credit Settlement Net 30
PAY-004262,INV-004271,SO-004271,CUST-021,2026-08-17,800.04,Cash,Ref-4266262,Settled on Billing
PAY-004263,INV-004272,SO-004272,CUST-005,2026-08-18,569.94,Cash,Ref-4267263,Settled on Billing
PAY-004264,INV-004273,SO-004273,CUST-018,2026-08-18,2773.0,UPI,Ref-4268264,Settled on Billing
PAY-004265,INV-004274,SO-004274,CUST-032,2026-09-02,56031.54,Cheque,UTR-37954235,Credit Settlement Net 30
PAY-004266,INV-004275,SO-004275,CUST-025,2026-09-06,4675.63,Cheque,UTR-37963134,Credit Settlement Net 30
PAY-004267,INV-004276,SO-004276,CUST-039,2026-09-11,17263.4,RTGS,UTR-37972033,Credit Settlement Net 15
PAY-004268,INV-004277,SO-004277,CUST-038,2026-08-29,44421.34,NEFT / Bank Transfer,UTR-37980932,Credit Settlement Net 15
PAY-004269,INV-004278,SO-004278,CUST-041,2026-08-27,156106.1,NEFT / Bank Transfer,UTR-37989831,Credit Settlement Net 45
PAY-004270,INV-004279,SO-004279,CUST-009,2026-09-16,95413.62,RTGS,UTR-37998730,Credit Settlement Net 30
PAY-004271,INV-004280,SO-004280,CUST-045,2026-08-20,4071.0,Cash,Ref-4275271,Settled on Billing
PAY-004272,INV-004281,SO-004281,CUST-030,2026-08-20,1085.6,UPI,Ref-4276272,Settled on Billing
PAY-004273,INV-004283,SO-004283,CUST-026,2026-09-16,4399.04,UPI,UTR-38025427,Credit Settlement Net 15
PAY-004274,INV-004284,SO-004284,CUST-008,2026-09-20,8366.2,Cheque,UTR-38034326,Credit Settlement Net 7
PAY-004275,INV-004285,SO-004285,CUST-047,2026-09-17,1465.56,NEFT / Bank Transfer,UTR-38043225,Credit Settlement Net 30
PAY-004276,INV-004286,SO-004286,CUST-034,2026-09-18,4260.98,UPI,UTR-38052124,Credit Settlement Net 30
PAY-004277,INV-004287,SO-004287,CUST-044,2026-09-15,7699.5,Cheque,UTR-38061023,Credit Settlement Net 7
PAY-004278,INV-004288,SO-004288,CUST-020,2026-09-06,598.26,UPI,UTR-38069922,Credit Settlement Net 15
PAY-004279,INV-004289,SO-004289,CUST-031,2026-08-22,5866.49,Cash,Ref-4283279,Settled on Billing
PAY-004280,INV-004290,SO-004290,CUST-016,2026-08-31,1281.24,NEFT / Bank Transfer,UTR-38087720,Credit Settlement Net 30
PAY-004281,INV-004291,SO-004291,CUST-030,2026-08-22,2773.0,UPI,Ref-4285281,Settled on Billing
PAY-004282,INV-004292,SO-004292,CUST-005,2026-08-24,244.26,Cash,Ref-4286282,Settled on Billing
PAY-004283,INV-004294,SO-004294,CUST-008,2026-09-12,5460.33,NEFT / Bank Transfer,UTR-38114417,Credit Settlement Net 7
PAY-004284,INV-004295,SO-004295,CUST-047,2026-09-17,588.35,RTGS,UTR-38123316,Credit Settlement Net 30
PAY-004285,INV-004296,SO-004296,CUST-039,2026-09-15,4013.18,RTGS,UTR-38132215,Credit Settlement Net 15
PAY-004286,INV-004297,SO-004297,CUST-013,2026-09-20,4590.2,NEFT / Bank Transfer,UTR-38141114,Credit Settlement Net 15
PAY-004287,INV-004298,SO-004298,CUST-038,2026-09-20,354420.55,NEFT / Bank Transfer,UTR-38150013,Credit Settlement Net 15
PAY-004288,INV-004299,SO-004299,CUST-034,2026-09-18,348.1,UPI,UTR-38158912,Credit Settlement Net 30
PAY-004289,INV-004301,SO-004301,CUST-045,2026-08-25,5938.94,Cash,Ref-4293289,Settled on Billing
PAY-004290,INV-004302,SO-004302,CUST-002,2026-09-29,370476.34,UPI,UTR-38176710,Credit Settlement Net 15
PAY-004291,INV-004303,SO-004303,CUST-025,2026-09-07,2549.74,NEFT / Bank Transfer,UTR-38185609,Credit Settlement Net 30
PAY-004292,INV-004304,SO-004304,CUST-047,2026-09-13,1263.54,Cheque,UTR-38194508,Credit Settlement Net 30
PAY-004293,INV-004305,SO-004305,CUST-032,2026-09-20,139673.06,Cheque,UTR-38203407,Credit Settlement Net 30
PAY-004294,INV-004306,SO-004306,CUST-009,2026-09-23,197343.44,Cheque,UTR-38212306,Credit Settlement Net 30
PAY-004295,INV-004307,SO-004307,CUST-002,2026-09-16,109692.8,Cheque,UTR-38221205,Credit Settlement Net 15
PAY-004296,INV-004309,SO-004309,CUST-046,2026-09-07,293.82,RTGS,UTR-38230104,Credit Settlement Net 30
PAY-004297,INV-004310,SO-004310,CUST-015,2026-09-30,134685.2,Cheque,UTR-38239003,Credit Settlement Net 30
PAY-004298,INV-004311,SO-004311,CUST-004,2026-09-12,30057.9,NEFT / Bank Transfer,UTR-38247902,Credit Settlement Net 45
PAY-004299,INV-004312,SO-004312,CUST-044,2026-09-25,5948.38,UPI,UTR-38256801,Credit Settlement Net 7
PAY-004300,INV-004313,SO-004313,CUST-039,2026-09-17,9669.39,UPI,UTR-38265700,Credit Settlement Net 15
PAY-004301,INV-004315,SO-004315,CUST-040,2026-09-02,3277.8,RTGS,UTR-38274599,Credit Settlement Net 30
PAY-004302,INV-004317,SO-004317,CUST-032,2026-09-22,107907.22,RTGS,UTR-38283498,Credit Settlement Net 30
PAY-004303,INV-004318,SO-004318,CUST-019,2026-09-20,4047.4,RTGS,UTR-38292397,Credit Settlement Net 30
PAY-004304,INV-004319,SO-004319,CUST-015,2026-09-17,69526.78,NEFT / Bank Transfer,UTR-38301296,Credit Settlement Net 30
PAY-004305,INV-004321,SO-004321,CUST-005,2026-08-29,781.63,Cash,Ref-4309305,Settled on Billing
PAY-004306,INV-004322,SO-004322,CUST-030,2026-08-29,2780.08,UPI,Ref-4310306,Settled on Billing
PAY-004307,INV-004323,SO-004323,CUST-040,2026-09-11,3245.0,NEFT / Bank Transfer,UTR-38327993,Credit Settlement Net 30
PAY-004308,INV-004324,SO-004324,CUST-047,2026-09-03,243.08,RTGS,UTR-38336892,Credit Settlement Net 30
PAY-004309,INV-004325,SO-004325,CUST-026,2026-09-05,1210.44,UPI,UTR-38345791,Credit Settlement Net 15
PAY-004310,INV-004326,SO-004326,CUST-019,2026-09-26,1173.16,UPI,UTR-38354690,Credit Settlement Net 30
PAY-004311,INV-004327,SO-004327,CUST-009,2026-09-25,186683.08,RTGS,UTR-38363589,Credit Settlement Net 30
PAY-004312,INV-004328,SO-004328,CUST-040,2026-09-21,1298.0,NEFT / Bank Transfer,UTR-38372488,Credit Settlement Net 30
PAY-004313,INV-004329,SO-004329,CUST-028,2026-09-18,263423.91,UPI,UTR-38381387,Credit Settlement Net 30
PAY-004314,INV-004330,SO-004330,CUST-028,2026-09-30,138926.12,RTGS,UTR-38390286,Credit Settlement Net 30
PAY-004315,INV-004331,SO-004331,CUST-043,2026-09-25,1132.8,Cheque,UTR-38399185,Credit Settlement Net 30
PAY-004316,INV-004333,SO-004333,CUST-045,2026-09-01,1971.78,Cash,Ref-4320316,Settled on Billing
PAY-004317,INV-004337,SO-004337,CUST-023,2026-09-22,37958.95,NEFT / Bank Transfer,UTR-38416983,Credit Settlement Net 15
PAY-004318,INV-004338,SO-004338,CUST-037,2026-09-19,696.2,Cheque,UTR-38425882,Credit Settlement Net 30
PAY-004319,INV-004339,SO-004339,CUST-030,2026-09-03,8802.8,UPI,Ref-4323319,Settled on Billing
PAY-004320,INV-004340,SO-004340,CUST-035,2026-09-28,8140.82,NEFT / Bank Transfer,UTR-38443680,Credit Settlement Net 7
PAY-004321,INV-004342,SO-004342,CUST-033,2026-09-04,4952.46,Credit Card,Ref-4325321,Settled on Billing
PAY-004322,INV-004345,SO-004345,CUST-045,2026-09-04,5176.19,Cash,Ref-4326322,Settled on Billing
PAY-004323,INV-004346,SO-004346,CUST-018,2026-09-04,3835.0,UPI,Ref-4327323,Settled on Billing
PAY-004324,INV-004349,SO-004349,CUST-047,2026-09-16,991.2,RTGS,UTR-38479276,Credit Settlement Net 30
PAY-004325,INV-004350,SO-004350,CUST-010,2026-09-18,2165.3,RTGS,UTR-38488175,Credit Settlement Net 30
PAY-004326,INV-004351,SO-004351,CUST-045,2026-09-05,593.07,Cash,Ref-4330326,Settled on Billing
PAY-004327,INV-004354,SO-004354,CUST-027,2026-09-19,4592.09,UPI,UTR-38505973,Credit Settlement Net 30
PAY-004328,INV-004357,SO-004357,CUST-012,2026-09-07,8279.12,Credit Card,Ref-4332328,Settled on Billing
PAY-004329,INV-004358,SO-004358,CUST-019,2026-09-20,1691.65,NEFT / Bank Transfer,UTR-38523771,Credit Settlement Net 30
PAY-004330,INV-004359,SO-004359,CUST-030,2026-09-08,1149.32,UPI,Ref-4334330,Settled on Billing
PAY-004331,INV-004361,SO-004361,CUST-007,2026-09-18,1239.0,RTGS,UTR-38541569,Credit Settlement Net 30
PAY-004332,INV-004363,SO-004363,CUST-028,2026-09-30,181769.56,NEFT / Bank Transfer,UTR-38550468,Credit Settlement Net 30
PAY-004333,INV-004364,SO-004364,CUST-043,2026-09-25,53.1,NEFT / Bank Transfer,UTR-38559367,Credit Settlement Net 30
PAY-004334,INV-004366,SO-004366,CUST-007,2026-09-29,643.1,RTGS,UTR-38568266,Credit Settlement Net 30
PAY-004335,INV-004367,SO-004367,CUST-003,2026-09-28,11292.6,RTGS,UTR-38577165,Credit Settlement Net 15
PAY-004336,INV-004368,SO-004368,CUST-018,2026-09-09,4944.2,UPI,Ref-4340336,Settled on Billing
PAY-004337,INV-004369,SO-004369,CUST-006,2026-09-10,4753.04,UPI,Ref-4341337,Settled on Billing
PAY-004338,INV-004370,SO-004370,CUST-040,2026-09-24,2634.23,UPI,UTR-38603862,Credit Settlement Net 30
PAY-004339,INV-004372,SO-004372,CUST-030,2026-09-11,2537.0,UPI,Ref-4343339,Settled on Billing
PAY-004340,INV-004375,SO-004375,CUST-006,2026-09-11,2758.84,UPI,Ref-4344340,Settled on Billing
PAY-004341,INV-004377,SO-004377,CUST-012,2026-09-11,2113.14,Credit Card,Ref-4345341,Settled on Billing
PAY-004342,INV-004378,SO-004378,CUST-014,2026-09-11,538.79,Cash,Ref-4346342,Settled on Billing
PAY-004343,INV-004380,SO-004380,CUST-031,2026-09-12,521.09,Cash,Ref-4347343,Settled on Billing
PAY-004344,INV-004385,SO-004385,CUST-032,2026-09-24,109152.36,NEFT / Bank Transfer,UTR-38657256,Credit Settlement Net 30
PAY-004345,INV-004386,SO-004386,CUST-048,2026-09-14,1382.96,UPI,Ref-4349345,Settled on Billing
PAY-004346,INV-004387,SO-004387,CUST-021,2026-09-14,76.7,Cash,Ref-4350346,Settled on Billing
PAY-004347,INV-004390,SO-004390,CUST-012,2026-09-14,8952.66,Credit Card,Ref-4351347,Settled on Billing
PAY-004348,INV-004391,SO-004391,CUST-005,2026-09-14,991.2,Cash,Ref-4352348,Settled on Billing
PAY-004349,INV-004395,SO-004395,CUST-002,2026-09-27,278588.09,UPI,UTR-38701751,Credit Settlement Net 15
PAY-004350,INV-004398,SO-004398,CUST-007,2026-09-27,651.36,RTGS,UTR-38710650,Credit Settlement Net 30
PAY-004351,INV-004400,SO-004400,CUST-033,2026-09-17,991.2,Credit Card,Ref-4355351,Settled on Billing
PAY-004352,INV-004401,SO-004401,CUST-010,2026-09-28,238.83,RTGS,UTR-38728448,Credit Settlement Net 30
PAY-004353,INV-004402,SO-004402,CUST-031,2026-09-17,1003.0,Cash,Ref-4357353,Settled on Billing
PAY-004354,INV-004403,SO-004403,CUST-001,2026-09-24,216906.18,Cheque,UTR-38746246,Credit Settlement Net 30
PAY-004355,INV-004404,SO-004404,CUST-045,2026-09-17,230.1,Cash,Ref-4359355,Settled on Billing
PAY-004356,INV-004405,SO-004405,CUST-025,2026-09-29,977.04,RTGS,UTR-38764044,Credit Settlement Net 30
PAY-004357,INV-004407,SO-004407,CUST-023,2026-09-23,135865.2,NEFT / Bank Transfer,UTR-38772943,Credit Settlement Net 15
PAY-004358,INV-004408,SO-004408,CUST-025,2026-09-23,1465.56,NEFT / Bank Transfer,UTR-38781842,Credit Settlement Net 30
PAY-004359,INV-004411,SO-004411,CUST-006,2026-09-18,991.2,UPI,Ref-4363359,Settled on Billing
PAY-004360,INV-004415,SO-004415,CUST-045,2026-09-19,1633.12,Cash,Ref-4364360,Settled on Billing
PAY-004361,INV-004416,SO-004416,CUST-038,2026-09-26,117823.0,RTGS,UTR-38808539,Credit Settlement Net 15
PAY-004362,INV-004418,SO-004418,CUST-005,2026-09-19,9607.56,Cash,Ref-4366362,Settled on Billing
PAY-004363,INV-004421,SO-004421,CUST-048,2026-09-21,521.09,UPI,Ref-4367363,Settled on Billing
PAY-004364,INV-004426,SO-004426,CUST-015,2026-09-30,18134.71,RTGS,UTR-38835236,Credit Settlement Net 30
PAY-004365,INV-004428,SO-004428,CUST-028,2026-09-26,106489.34,NEFT / Bank Transfer,UTR-38844135,Credit Settlement Net 30
PAY-004366,INV-004435,SO-004435,CUST-033,2026-09-23,3269.54,Credit Card,Ref-4370366,Settled on Billing
PAY-004367,INV-004436,SO-004436,CUST-033,2026-09-23,283.2,Credit Card,Ref-4371367,Settled on Billing
PAY-004368,INV-004441,SO-004441,CUST-038,2026-09-29,94415.58,RTGS,UTR-38870832,Credit Settlement Net 15
PAY-004369,INV-004442,SO-004442,CUST-012,2026-09-24,9617.0,Credit Card,Ref-4373369,Settled on Billing
PAY-004370,INV-004445,SO-004445,CUST-006,2026-09-25,1171.74,UPI,Ref-4374370,Settled on Billing
PAY-004371,INV-004449,SO-004449,CUST-018,2026-09-25,857.86,UPI,Ref-4375371,Settled on Billing
PAY-004372,INV-004459,SO-004459,CUST-006,2026-09-29,283.2,UPI,Ref-4376372,Settled on Billing
PAY-004373,INV-004460,SO-004460,CUST-021,2026-09-30,521.09,Cash,Ref-4377373,Settled on Billing
PAY-004374,INV-004462,SO-004462,CUST-033,2026-09-30,1961.63,Credit Card,Ref-4378374,Settled on Billing
PAY-004375,INV-004464,SO-004464,CUST-030,2026-09-30,1539.9,UPI,Ref-4379375,Settled on Billing
PAY-004376,INV-004465,SO-004465,CUST-006,2026-09-30,3009.0,UPI,Ref-4380376,Settled on Billing
