invoice_id,order_id,invoice_date,due_date,customer_id,customer_name,branch_id,subtotal,tax_amount,grand_total,payment_terms,payment_status
INV-000001,SO-000001,2024-01-01,2024-01-16,CUST-026,Manjunatha Electrical Works,BR-02,3385.0,609.3,3994.3,Net 15,Paid
INV-000002,SO-000002,2024-01-01,2024-01-08,CUST-008,Anbu Electricals (Anbazhagan),BR-01,7727.0,1390.86,9117.86,Net 7,Paid
INV-000003,SO-000003,2024-01-01,2024-02-15,CUST-011,Victory Housing Projects Phase 2,BR-01,171583.0,30884.94,202467.94,Net 45,Paid
INV-000004,SO-000004,2024-01-01,2024-01-31,CUST-028,Sri Venkateshwara Hardware & Electricals,BR-02,123670.0,22260.6,145930.6,Net 30,Paid
INV-000005,SO-000005,2024-01-01,2024-01-16,CUST-003,Saravana Electric Works (Govindaraj),BR-01,7875.0,1417.5,9292.5,Net 15,Paid
INV-000006,SO-000006,2024-01-01,2024-01-31,CUST-028,Sri Venkateshwara Hardware & Electricals,BR-02,86400.0,15552.0,101952.0,Net 30,Paid
INV-000007,SO-000007,2024-01-01,2024-01-01,CUST-005,Murugan Auto Garage & Works,BR-01,700.0,126.0,826.0,Immediate Cash,Paid
INV-000008,SO-000008,2024-01-02,2024-02-01,CUST-027,InnoTech Coworking Hub,BR-02,1090.0,196.2,1286.2,Net 30,Paid
INV-000009,SO-000009,2024-01-03,2024-02-17,CUST-011,Victory Housing Projects Phase 2,BR-01,77850.0,14013.0,91863.0,Net 45,Paid
INV-000010,SO-000010,2024-01-03,2024-02-02,CUST-017,Apex Manufacturing Solutions,BR-01,1050.0,189.0,1239.0,Net 30,Paid
INV-000011,SO-000011,2024-01-03,2024-01-03,CUST-014,Siva Shankaran (Individual Home),BR-01,2615.0,470.7,3085.7,Immediate Cash,Paid
INV-000012,SO-000012,2024-01-03,2024-02-17,CUST-029,Raghavendra Infrastructure Developers,BR-02,84022.0,15123.96,99145.96,Net 45,Paid
INV-000013,SO-000013,2024-01-03,2024-02-02,CUST-028,Sri Venkateshwara Hardware & Electricals,BR-02,162145.0,29186.1,191331.1,Net 30,Paid
INV-000014,SO-000014,2024-01-03,2024-01-18,CUST-003,Saravana Electric Works (Govindaraj),BR-01,5250.0,945.0,6195.0,Net 15,Paid
INV-000015,SO-000015,2024-01-03,2024-01-18,CUST-002,Kalaivani Hardware & Paints,BR-01,136075.0,24493.5,160568.5,Net 15,Paid
INV-000016,SO-000016,2024-01-04,2024-01-04,CUST-018,Lakshmi Vilas Sweets & Bakery,BR-01,1050.0,189.0,1239.0,Immediate UPI,Paid
INV-000017,SO-000017,2024-01-04,2024-01-11,CUST-008,Anbu Electricals (Anbazhagan),BR-01,5300.0,954.0,6254.0,Net 7,Paid
INV-000018,SO-000018,2024-01-04,2024-02-03,CUST-001,Balaji Electrical Contractors,BR-01,137460.0,24742.8,162202.8,Net 30,Paid
INV-000019,SO-000019,2024-01-05,2024-01-20,CUST-026,Manjunatha Electrical Works,BR-02,9124.0,1642.32,10766.32,Net 15,Paid
INV-000020,SO-000020,2024-01-05,2024-02-19,CUST-041,Kongu Builders & Real Estate,BR-03,58523.0,10534.14,69057.14,Net 45,Paid
INV-000021,SO-000021,2024-01-05,2024-02-04,CUST-007,TechPark Facility Maintenance Team,BR-01,2760.0,496.8,3256.8,Net 30,Paid
INV-000022,SO-000022,2024-01-06,2024-02-20,CUST-029,Raghavendra Infrastructure Developers,BR-02,49635.0,8934.3,58569.3,Net 45,Paid
INV-000023,SO-000023,2024-01-06,2024-01-06,CUST-005,Murugan Auto Garage & Works,BR-01,1180.0,212.4,1392.4,Immediate Cash,Paid
INV-000024,SO-000024,2024-01-06,2024-02-05,CUST-027,InnoTech Coworking Hub,BR-02,435.0,78.3,513.3,Net 30,Paid
INV-000025,SO-000025,2024-01-06,2024-02-05,CUST-032,Cauvery Engineering Contractors,BR-02,7370.0,1326.6,8696.6,Net 30,Paid
INV-000026,SO-000026,2024-01-06,2024-02-05,CUST-025,Brigade Vista Apartment Owners Assn,BR-02,865.0,155.7,1020.7,Net 30,Paid
INV-000027,SO-000027,2024-01-06,2024-01-21,CUST-023,Kalam Brothers Electrical Store,BR-01,22050.0,3969.0,26019.0,Net 15,Paid
INV-000028,SO-000028,2024-01-08,2024-02-07,CUST-022,Global Smart Solutions (P) Ltd,BR-01,64330.0,11579.4,75909.4,Net 30,Paid
INV-000029,SO-000029,2024-01-08,2024-02-07,CUST-016,Royal Comfort Residency Hotel,BR-01,2150.0,387.0,2537.0,Net 30,Paid
INV-000030,SO-000030,2024-01-08,2024-02-07,CUST-017,Apex Manufacturing Solutions,BR-01,4465.0,803.7,5268.7,Net 30,Paid
INV-000031,SO-000031,2024-01-08,2024-01-23,CUST-002,Kalaivani Hardware & Paints,BR-01,11238.0,2022.84,13260.84,Net 15,Paid
INV-000032,SO-000032,2024-01-08,2024-02-07,CUST-017,Apex Manufacturing Solutions,BR-01,480.0,86.4,566.4,Net 30,Paid
INV-000033,SO-000033,2024-01-08,2024-01-08,CUST-018,Lakshmi Vilas Sweets & Bakery,BR-01,3725.0,670.5,4395.5,Immediate UPI,Paid
INV-000034,SO-000034,2024-01-08,2024-02-07,CUST-001,Balaji Electrical Contractors,BR-01,137212.0,24698.16,161910.16,Net 30,Paid
INV-000035,SO-000035,2024-01-09,2024-02-08,CUST-027,InnoTech Coworking Hub,BR-02,1790.0,322.2,2112.2,Net 30,Paid
INV-000036,SO-000036,2024-01-09,2024-01-09,CUST-006,Dr. Priya Sundaram (Home Clinic),BR-01,1100.0,198.0,1298.0,Immediate UPI,Paid
INV-000037,SO-000037,2024-01-09,2024-02-08,CUST-027,InnoTech Coworking Hub,BR-02,3690.0,664.2,4354.2,Net 30,Paid
INV-000038,SO-000038,2024-01-09,2024-02-08,CUST-015,Srinivasan & Sons Contractor,BR-01,16930.0,3047.4,19977.4,Net 30,Paid
INV-000039,SO-000039,2024-01-09,2024-01-09,CUST-021,Mohammed Riyaz (Home Renovation),BR-01,2520.0,453.6,2973.6,Immediate Cash,Paid
INV-000040,SO-000040,2024-01-10,2024-01-25,CUST-026,Manjunatha Electrical Works,BR-02,1960.0,352.8,2312.8,Net 15,Paid
INV-000041,SO-000041,2024-01-10,2024-02-09,CUST-024,Vivek Enterprises (Old Partner),BR-01,228600.0,41148.0,269748.0,Net 30,Paid
INV-000042,SO-000042,2024-01-10,2024-01-17,CUST-008,Anbu Electricals (Anbazhagan),BR-01,13355.0,2403.9,15758.9,Net 7,Paid
INV-000043,SO-000043,2024-01-11,2024-01-26,CUST-038,Marutham Electrical & Power Agency,BR-03,362880.0,65318.4,428198.4,Net 15,Paid
INV-000044,SO-000044,2024-01-11,2024-02-10,CUST-025,Brigade Vista Apartment Owners Assn,BR-02,690.0,124.2,814.2,Net 30,Paid
INV-000045,SO-000045,2024-01-11,2024-01-26,CUST-042,Velan Pump & Motor Spares Store,BR-03,92135.0,16584.3,108719.3,Net 15,Paid
INV-000046,SO-000046,2024-01-12,2024-01-12,CUST-006,Dr. Priya Sundaram (Home Clinic),BR-01,405.0,72.9,477.9,Immediate UPI,Paid
INV-000047,SO-000047,2024-01-12,2024-01-27,CUST-003,Saravana Electric Works (Govindaraj),BR-01,3097.0,557.46,3654.46,Net 15,Paid
INV-000048,SO-000048,2024-01-12,2024-02-11,CUST-010,Vels Vidyashram School Campus,BR-01,30.0,5.4,35.4,Net 30,Paid
INV-000049,SO-000049,2024-01-12,2024-01-27,CUST-020,Selvam Electrician Services,BR-01,9640.0,1735.2,11375.2,Net 15,Paid
INV-000050,SO-000050,2024-01-12,2024-02-26,CUST-004,Sri Ramakrishna Builders & Infra,BR-01,118663.0,21359.34,140022.34,Net 45,Paid
INV-000051,SO-000051,2024-01-12,2024-02-11,CUST-009,Devi Agency & Lighting Store,BR-01,377295.0,67913.1,445208.1,Net 30,Paid
INV-000052,SO-000052,2024-01-13,2024-01-13,CUST-030,Dr. Arvind Rao Dental Clinic,BR-02,4660.0,838.8,5498.8,Immediate UPI,Paid
INV-000053,SO-000053,2024-01-13,2024-01-13,CUST-031,Nandini Milk Parlour & Mart,BR-02,2100.0,378.0,2478.0,Immediate Cash,Paid
INV-000054,SO-000054,2024-01-13,2024-02-27,CUST-041,Kongu Builders & Real Estate,BR-03,11488.0,2067.84,13555.84,Net 45,Paid
INV-000055,SO-000055,2024-01-15,2024-01-30,CUST-039,Rangasamy Electrician Workshop,BR-03,1620.0,291.6,1911.6,Net 15,Paid
INV-000056,SO-000056,2024-01-15,2024-02-14,CUST-010,Vels Vidyashram School Campus,BR-01,2355.0,423.9,2778.9,Net 30,Paid
INV-000057,SO-000057,2024-01-15,2024-02-29,CUST-004,Sri Ramakrishna Builders & Infra,BR-01,41570.0,7482.6,49052.6,Net 45,Paid
INV-000058,SO-000058,2024-01-15,2024-01-30,CUST-026,Manjunatha Electrical Works,BR-02,10870.0,1956.6,12826.6,Net 15,Paid
INV-000059,SO-000059,2024-01-15,2024-01-30,CUST-039,Rangasamy Electrician Workshop,BR-03,11940.0,2149.2,14089.2,Net 15,Paid
INV-000060,SO-000060,2024-01-15,2024-02-14,CUST-017,Apex Manufacturing Solutions,BR-01,690.0,124.2,814.2,Net 30,Paid
INV-000061,SO-000061,2024-01-16,2024-02-15,CUST-028,Sri Venkateshwara Hardware & Electricals,BR-02,120910.0,21763.8,142673.8,Net 30,Paid
INV-000062,SO-000062,2024-01-16,2024-02-15,CUST-028,Sri Venkateshwara Hardware & Electricals,BR-02,198275.0,35689.5,233964.5,Net 30,Paid
INV-000063,SO-000063,2024-01-16,2024-01-16,CUST-030,Dr. Arvind Rao Dental Clinic,BR-02,4980.0,896.4,5876.4,Immediate UPI,Paid
INV-000064,SO-000064,2024-01-16,2024-02-15,CUST-037,Kovai Textile Mills Facility Team,BR-03,560.0,100.8,660.8,Net 30,Paid
INV-000065,SO-000065,2024-01-17,2024-02-16,CUST-019,Poompuhar Handicrafts Store,BR-01,390.0,70.2,460.2,Net 30,Paid
INV-000066,SO-000066,2024-01-17,2024-02-01,CUST-003,Saravana Electric Works (Govindaraj),BR-01,6931.0,1247.58,8178.58,Net 15,Paid
INV-000067,SO-000067,2024-01-17,2024-02-16,CUST-007,TechPark Facility Maintenance Team,BR-01,130.0,23.4,153.4,Net 30,Paid
INV-000068,SO-000068,2024-01-17,2024-02-01,CUST-013,Metro Supermarket Tambaram,BR-01,2800.0,504.0,3304.0,Net 15,Paid
INV-000069,SO-000069,2024-01-18,2024-02-02,CUST-042,Velan Pump & Motor Spares Store,BR-03,119053.0,21429.54,140482.54,Net 15,Paid
INV-000070,SO-000070,2024-01-18,2024-01-18,CUST-033,Suresh Babu (Villa Construction),BR-02,235.0,42.3,277.3,Immediate Card,Paid
INV-000071,SO-000071,2024-01-18,2024-01-18,CUST-031,Nandini Milk Parlour & Mart,BR-02,2760.0,496.8,3256.8,Immediate Cash,Paid
INV-000072,SO-000072,2024-01-18,2024-01-18,CUST-012,Karthik Residential Apartment Owner,BR-01,2200.0,396.0,2596.0,Immediate Card,Paid
INV-000073,SO-000073,2024-01-18,2024-02-17,CUST-040,Sri Krishna Engineering College Hostel,BR-03,2350.0,423.0,2773.0,Net 30,Paid
INV-000074,SO-000074,2024-01-19,2024-02-18,CUST-010,Vels Vidyashram School Campus,BR-01,625.0,112.5,737.5,Net 30,Paid
INV-000075,SO-000075,2024-01-19,2024-02-18,CUST-024,Vivek Enterprises (Old Partner),BR-01,110167.0,19830.06,129997.06,Net 30,Paid
INV-000076,SO-000076,2024-01-19,2024-02-18,CUST-040,Sri Krishna Engineering College Hostel,BR-03,15.0,2.7,17.7,Net 30,Paid
INV-000077,SO-000077,2024-01-19,2024-02-03,CUST-013,Metro Supermarket Tambaram,BR-01,180.0,32.4,212.4,Net 15,Paid
INV-000078,SO-000078,2024-01-19,2024-02-18,CUST-007,TechPark Facility Maintenance Team,BR-01,855.0,153.9,1008.9,Net 30,Paid
INV-000079,SO-000079,2024-01-20,2024-02-04,CUST-042,Velan Pump & Motor Spares Store,BR-03,168815.0,30386.7,199201.7,Net 15,Paid
INV-000080,SO-000080,2024-01-20,2024-01-27,CUST-008,Anbu Electricals (Anbazhagan),BR-01,13090.0,2356.2,15446.2,Net 7,Paid
INV-000081,SO-000081,2024-01-22,2024-02-06,CUST-023,Kalam Brothers Electrical Store,BR-01,207950.0,37431.0,245381.0,Net 15,Paid
INV-000082,SO-000082,2024-01-22,2024-02-06,CUST-013,Metro Supermarket Tambaram,BR-01,1050.0,189.0,1239.0,Net 15,Paid
INV-000083,SO-000083,2024-01-22,2024-03-07,CUST-004,Sri Ramakrishna Builders & Infra,BR-01,41140.0,7405.2,48545.2,Net 45,Paid
INV-000084,SO-000084,2024-01-23,2024-02-22,CUST-019,Poompuhar Handicrafts Store,BR-01,145.0,26.1,171.1,Net 30,Paid
INV-000085,SO-000085,2024-01-23,2024-03-08,CUST-004,Sri Ramakrishna Builders & Infra,BR-01,10035.0,1806.3,11841.3,Net 45,Paid
INV-000086,SO-000086,2024-01-23,2024-03-08,CUST-029,Raghavendra Infrastructure Developers,BR-02,79540.0,14317.2,93857.2,Net 45,Paid
INV-000087,SO-000087,2024-01-23,2024-02-22,CUST-040,Sri Krishna Engineering College Hostel,BR-03,1090.0,196.2,1286.2,Net 30,Paid
INV-000088,SO-000088,2024-01-23,2024-02-07,CUST-020,Selvam Electrician Services,BR-01,10300.0,1854.0,12154.0,Net 15,Paid
INV-000089,SO-000089,2024-01-23,2024-02-22,CUST-009,Devi Agency & Lighting Store,BR-01,62957.0,11332.26,74289.26,Net 30,Paid
INV-000090,SO-000090,2024-01-24,2024-03-09,CUST-011,Victory Housing Projects Phase 2,BR-01,11473.0,2065.14,13538.14,Net 45,Paid
INV-000091,SO-000091,2024-01-24,2024-02-23,CUST-037,Kovai Textile Mills Facility Team,BR-03,75.0,13.5,88.5,Net 30,Paid
INV-000092,SO-000092,2024-01-24,2024-02-23,CUST-019,Poompuhar Handicrafts Store,BR-01,7380.0,1328.4,8708.4,Net 30,Paid
INV-000093,SO-000093,2024-01-24,2024-02-23,CUST-010,Vels Vidyashram School Campus,BR-01,3400.0,612.0,4012.0,Net 30,Paid
INV-000094,SO-000094,2024-01-25,2024-01-25,CUST-021,Mohammed Riyaz (Home Renovation),BR-01,2620.0,471.6,3091.6,Immediate Cash,Paid
INV-000095,SO-000095,2024-01-25,2024-02-09,CUST-020,Selvam Electrician Services,BR-01,4850.0,873.0,5723.0,Net 15,Paid
INV-000096,SO-000096,2024-01-25,2024-02-24,CUST-028,Sri Venkateshwara Hardware & Electricals,BR-02,193720.0,34869.6,228589.6,Net 30,Paid
INV-000097,SO-000097,2024-01-25,2024-02-09,CUST-026,Manjunatha Electrical Works,BR-02,3910.0,703.8,4613.8,Net 15,Paid
INV-000098,SO-000098,2024-01-26,2024-01-26,CUST-021,Mohammed Riyaz (Home Renovation),BR-01,720.0,129.6,849.6,Immediate Cash,Paid
INV-000099,SO-000099,2024-01-26,2024-01-26,CUST-033,Suresh Babu (Villa Construction),BR-02,4790.0,862.2,5652.2,Immediate Card,Paid
INV-000100,SO-000100,2024-01-26,2024-02-10,CUST-038,Marutham Electrical & Power Agency,BR-03,43864.0,7895.52,51759.52,Net 15,Paid
INV-000101,SO-000101,2024-01-26,2024-02-25,CUST-027,InnoTech Coworking Hub,BR-02,130.0,23.4,153.4,Net 30,Paid
INV-000102,SO-000102,2024-01-26,2024-01-26,CUST-031,Nandini Milk Parlour & Mart,BR-02,2635.0,474.3,3109.3,Immediate Cash,Paid
INV-000103,SO-000103,2024-01-27,2024-01-27,CUST-031,Nandini Milk Parlour & Mart,BR-02,1100.0,198.0,1298.0,Immediate Cash,Paid
INV-000104,SO-000104,2024-01-27,2024-02-11,CUST-020,Selvam Electrician Services,BR-01,9693.0,1744.74,11437.74,Net 15,Paid
INV-000105,SO-000105,2024-01-27,2024-01-27,CUST-006,Dr. Priya Sundaram (Home Clinic),BR-01,2180.0,392.4,2572.4,Immediate UPI,Paid
INV-000106,SO-000106,2024-01-27,2024-01-27,CUST-018,Lakshmi Vilas Sweets & Bakery,BR-01,5420.0,975.6,6395.6,Immediate UPI,Paid
INV-000107,SO-000107,2024-01-29,2024-02-28,CUST-015,Srinivasan & Sons Contractor,BR-01,87060.0,15670.8,102730.8,Net 30,Paid
INV-000108,SO-000108,2024-01-29,2024-01-29,CUST-030,Dr. Arvind Rao Dental Clinic,BR-02,4655.0,837.9,5492.9,Immediate UPI,Paid
INV-000109,SO-000109,2024-01-29,2024-03-14,CUST-041,Kongu Builders & Real Estate,BR-03,29700.0,5346.0,35046.0,Net 45,Paid
INV-000110,SO-000110,2024-01-29,2024-02-28,CUST-024,Vivek Enterprises (Old Partner),BR-01,167980.0,30236.4,198216.4,Net 30,Paid
INV-000111,SO-000111,2024-01-29,2024-02-13,CUST-039,Rangasamy Electrician Workshop,BR-03,6120.0,1101.6,7221.6,Net 15,Paid
INV-000112,SO-000112,2024-01-30,2024-02-29,CUST-010,Vels Vidyashram School Campus,BR-01,2100.0,378.0,2478.0,Net 30,Paid
INV-000113,SO-000113,2024-01-30,2024-03-15,CUST-004,Sri Ramakrishna Builders & Infra,BR-01,31104.0,5598.72,36702.72,Net 45,Paid
INV-000114,SO-000114,2024-01-30,2024-02-14,CUST-042,Velan Pump & Motor Spares Store,BR-03,401495.0,72269.1,473764.1,Net 15,Paid
INV-000115,SO-000115,2024-01-30,2024-02-14,CUST-020,Selvam Electrician Services,BR-01,13810.0,2485.8,16295.8,Net 15,Paid
INV-000116,SO-000116,2024-01-30,2024-02-29,CUST-007,TechPark Facility Maintenance Team,BR-01,3700.0,666.0,4366.0,Net 30,Paid
INV-000117,SO-000117,2024-01-31,2024-03-01,CUST-032,Cauvery Engineering Contractors,BR-02,9445.0,1700.1,11145.1,Net 30,Paid
INV-000118,SO-000118,2024-01-31,2024-03-16,CUST-004,Sri Ramakrishna Builders & Infra,BR-01,140430.0,25277.4,165707.4,Net 45,Paid
INV-000119,SO-000119,2024-01-31,2024-01-31,CUST-014,Siva Shankaran (Individual Home),BR-01,3525.0,634.5,4159.5,Immediate Cash,Paid
INV-000120,SO-000120,2024-01-31,2024-01-31,CUST-031,Nandini Milk Parlour & Mart,BR-02,850.0,153.0,1003.0,Immediate Cash,Paid
INV-000121,SO-000121,2024-01-31,2024-03-01,CUST-019,Poompuhar Handicrafts Store,BR-01,2365.0,425.7,2790.7,Net 30,Paid
INV-000122,SO-000122,2024-02-01,2024-02-16,CUST-002,Kalaivani Hardware & Paints,BR-01,199730.0,35951.4,235681.4,Net 15,Paid
INV-000123,SO-000123,2024-02-01,2024-02-16,CUST-023,Kalam Brothers Electrical Store,BR-01,227600.0,40968.0,268568.0,Net 15,Paid
INV-000124,SO-000124,2024-02-01,2024-03-17,CUST-004,Sri Ramakrishna Builders & Infra,BR-01,192865.0,34715.7,227580.7,Net 45,Paid
INV-000125,SO-000125,2024-02-02,2024-02-02,CUST-006,Dr. Priya Sundaram (Home Clinic),BR-01,735.0,132.3,867.3,Immediate UPI,Paid
INV-000126,SO-000126,2024-02-02,2024-02-02,CUST-006,Dr. Priya Sundaram (Home Clinic),BR-01,1985.0,357.3,2342.3,Immediate UPI,Paid
INV-000127,SO-000127,2024-02-02,2024-03-03,CUST-001,Balaji Electrical Contractors,BR-01,89290.0,16072.2,105362.2,Net 30,Paid
INV-000128,SO-000128,2024-02-02,2024-03-03,CUST-037,Kovai Textile Mills Facility Team,BR-03,405.0,72.9,477.9,Net 30,Paid
INV-000129,SO-000129,2024-02-02,2024-03-03,CUST-009,Devi Agency & Lighting Store,BR-01,103840.0,18691.2,122531.2,Net 30,Paid
INV-000130,SO-000130,2024-02-03,2024-02-18,CUST-038,Marutham Electrical & Power Agency,BR-03,33230.0,5981.4,39211.4,Net 15,Paid
INV-000131,SO-000131,2024-02-03,2024-03-04,CUST-007,TechPark Facility Maintenance Team,BR-01,175.0,31.5,206.5,Net 30,Paid
INV-000132,SO-000132,2024-02-03,2024-02-03,CUST-006,Dr. Priya Sundaram (Home Clinic),BR-01,2430.0,437.4,2867.4,Immediate UPI,Paid
INV-000133,SO-000133,2024-02-05,2024-03-21,CUST-029,Raghavendra Infrastructure Developers,BR-02,136240.0,24523.2,160763.2,Net 45,Paid
INV-000134,SO-000134,2024-02-05,2024-03-06,CUST-037,Kovai Textile Mills Facility Team,BR-03,560.0,100.8,660.8,Net 30,Paid
INV-000135,SO-000135,2024-02-05,2024-03-06,CUST-009,Devi Agency & Lighting Store,BR-01,107945.0,19430.1,127375.1,Net 30,Paid
INV-000136,SO-000136,2024-02-05,2024-02-20,CUST-023,Kalam Brothers Electrical Store,BR-01,62335.0,11220.3,73555.3,Net 15,Paid
INV-000137,SO-000137,2024-02-05,2024-03-06,CUST-019,Poompuhar Handicrafts Store,BR-01,590.0,106.2,696.2,Net 30,Paid
INV-000138,SO-000138,2024-02-06,2024-02-21,CUST-020,Selvam Electrician Services,BR-01,840.0,151.2,991.2,Net 15,Paid
INV-000139,SO-000139,2024-02-06,2024-02-06,CUST-030,Dr. Arvind Rao Dental Clinic,BR-02,720.0,129.6,849.6,Immediate UPI,Paid
INV-000140,SO-000140,2024-02-07,2024-03-23,CUST-041,Kongu Builders & Real Estate,BR-03,234530.0,42215.4,276745.4,Net 45,Paid
INV-000141,SO-000141,2024-02-07,2024-03-08,CUST-027,InnoTech Coworking Hub,BR-02,2510.0,451.8,2961.8,Net 30,Paid
INV-000142,SO-000142,2024-02-07,2024-02-22,CUST-023,Kalam Brothers Electrical Store,BR-01,172425.0,31036.5,203461.5,Net 15,Paid
INV-000143,SO-000143,2024-02-07,2024-02-22,CUST-002,Kalaivani Hardware & Paints,BR-01,10460.0,1882.8,12342.8,Net 15,Paid
INV-000144,SO-000144,2024-02-07,2024-03-23,CUST-029,Raghavendra Infrastructure Developers,BR-02,32464.0,5843.52,38307.52,Net 45,Paid
INV-000145,SO-000145,2024-02-08,2024-03-09,CUST-019,Poompuhar Handicrafts Store,BR-01,2390.0,430.2,2820.2,Net 30,Paid
INV-000146,SO-000146,2024-02-08,2024-02-23,CUST-026,Manjunatha Electrical Works,BR-02,9600.0,1728.0,11328.0,Net 15,Paid
INV-000147,SO-000147,2024-02-08,2024-03-09,CUST-001,Balaji Electrical Contractors,BR-01,10045.0,1808.1,11853.1,Net 30,Paid
INV-000148,SO-000148,2024-02-08,2024-03-09,CUST-022,Global Smart Solutions (P) Ltd,BR-01,4910.0,883.8,5793.8,Net 30,Paid
INV-000149,SO-000149,2024-02-08,2024-03-09,CUST-024,Vivek Enterprises (Old Partner),BR-01,317760.0,57196.8,374956.8,Net 30,Paid
INV-000150,SO-000150,2024-02-08,2024-03-09,CUST-028,Sri Venkateshwara Hardware & Electricals,BR-02,50034.0,9006.12,59040.12,Net 30,Paid
INV-000151,SO-000151,2024-02-08,2024-03-09,CUST-001,Balaji Electrical Contractors,BR-01,41050.0,7389.0,48439.0,Net 30,Paid
INV-000152,SO-000152,2024-02-09,2024-02-24,CUST-002,Kalaivani Hardware & Paints,BR-01,28043.0,5047.74,33090.74,Net 15,Paid
INV-000153,SO-000153,2024-02-09,2024-03-10,CUST-009,Devi Agency & Lighting Store,BR-01,134345.0,24182.1,158527.1,Net 30,Paid
INV-000154,SO-000154,2024-02-09,2024-03-10,CUST-040,Sri Krishna Engineering College Hostel,BR-03,2150.0,387.0,2537.0,Net 30,Paid
INV-000155,SO-000155,2024-02-09,2024-02-09,CUST-006,Dr. Priya Sundaram (Home Clinic),BR-01,510.0,91.8,601.8,Immediate UPI,Paid
INV-000156,SO-000156,2024-02-10,2024-03-11,CUST-009,Devi Agency & Lighting Store,BR-01,295115.0,53120.7,348235.7,Net 30,Paid
INV-000157,SO-000157,2024-02-10,2024-03-11,CUST-028,Sri Venkateshwara Hardware & Electricals,BR-02,179420.0,32295.6,211715.6,Net 30,Paid
INV-000158,SO-000158,2024-02-10,2024-03-11,CUST-001,Balaji Electrical Contractors,BR-01,21610.0,3889.8,25499.8,Net 30,Paid
INV-000159,SO-000159,2024-02-10,2024-03-26,CUST-004,Sri Ramakrishna Builders & Infra,BR-01,69520.0,12513.6,82033.6,Net 45,Paid
INV-000160,SO-000160,2024-02-10,2024-03-11,CUST-024,Vivek Enterprises (Old Partner),BR-01,197892.0,35620.56,233512.56,Net 30,Paid
INV-000161,SO-000161,2024-02-10,2024-03-11,CUST-016,Royal Comfort Residency Hotel,BR-01,460.0,82.8,542.8,Net 30,Paid
INV-000162,SO-000162,2024-02-10,2024-02-10,CUST-006,Dr. Priya Sundaram (Home Clinic),BR-01,2790.0,502.2,3292.2,Immediate UPI,Paid
INV-000163,SO-000163,2024-02-10,2024-03-11,CUST-009,Devi Agency & Lighting Store,BR-01,43090.0,7756.2,50846.2,Net 30,Paid
INV-000164,SO-000164,2024-02-12,2024-03-13,CUST-010,Vels Vidyashram School Campus,BR-01,1100.0,198.0,1298.0,Net 30,Paid
INV-000165,SO-000165,2024-02-12,2024-02-12,CUST-030,Dr. Arvind Rao Dental Clinic,BR-02,450.0,81.0,531.0,Immediate UPI,Paid
INV-000166,SO-000166,2024-02-12,2024-03-13,CUST-015,Srinivasan & Sons Contractor,BR-01,43420.0,7815.6,51235.6,Net 30,Paid
INV-000167,SO-000167,2024-02-12,2024-03-13,CUST-037,Kovai Textile Mills Facility Team,BR-03,600.0,108.0,708.0,Net 30,Paid
INV-000168,SO-000168,2024-02-12,2024-03-13,CUST-010,Vels Vidyashram School Campus,BR-01,2200.0,396.0,2596.0,Net 30,Paid
INV-000169,SO-000169,2024-02-13,2024-03-14,CUST-025,Brigade Vista Apartment Owners Assn,BR-02,6890.0,1240.2,8130.2,Net 30,Paid
INV-000170,SO-000170,2024-02-13,2024-02-13,CUST-031,Nandini Milk Parlour & Mart,BR-02,3800.0,684.0,4484.0,Immediate Cash,Paid
INV-000171,SO-000171,2024-02-14,2024-03-15,CUST-016,Royal Comfort Residency Hotel,BR-01,4480.0,806.4,5286.4,Net 30,Paid
INV-000172,SO-000172,2024-02-14,2024-02-14,CUST-006,Dr. Priya Sundaram (Home Clinic),BR-01,2200.0,396.0,2596.0,Immediate UPI,Paid
INV-000173,SO-000173,2024-02-14,2024-02-14,CUST-031,Nandini Milk Parlour & Mart,BR-02,2100.0,378.0,2478.0,Immediate Cash,Paid
INV-000174,SO-000174,2024-02-14,2024-03-15,CUST-022,Global Smart Solutions (P) Ltd,BR-01,36862.0,6635.16,43497.16,Net 30,Paid
INV-000175,SO-000175,2024-02-15,2024-02-15,CUST-012,Karthik Residential Apartment Owner,BR-01,6850.0,1233.0,8083.0,Immediate Card,Paid
INV-000176,SO-000176,2024-02-15,2024-03-16,CUST-019,Poompuhar Handicrafts Store,BR-01,560.0,100.8,660.8,Net 30,Paid
INV-000177,SO-000177,2024-02-15,2024-03-16,CUST-040,Sri Krishna Engineering College Hostel,BR-03,240.0,43.2,283.2,Net 30,Paid
INV-000178,SO-000178,2024-02-15,2024-03-16,CUST-017,Apex Manufacturing Solutions,BR-01,2200.0,396.0,2596.0,Net 30,Paid
INV-000179,SO-000179,2024-02-15,2024-03-31,CUST-011,Victory Housing Projects Phase 2,BR-01,86720.0,15609.6,102329.6,Net 45,Paid
INV-000180,SO-000180,2024-02-16,2024-03-17,CUST-022,Global Smart Solutions (P) Ltd,BR-01,203355.0,36603.9,239958.9,Net 30,Paid
INV-000181,SO-000181,2024-02-16,2024-03-17,CUST-024,Vivek Enterprises (Old Partner),BR-01,19830.0,3569.4,23399.4,Net 30,Paid
INV-000182,SO-000182,2024-02-17,2024-02-17,CUST-012,Karthik Residential Apartment Owner,BR-01,2710.0,487.8,3197.8,Immediate Card,Paid
INV-000183,SO-000183,2024-02-17,2024-02-17,CUST-030,Dr. Arvind Rao Dental Clinic,BR-02,4350.0,783.0,5133.0,Immediate UPI,Paid
INV-000184,SO-000184,2024-02-17,2024-03-18,CUST-007,TechPark Facility Maintenance Team,BR-01,4700.0,846.0,5546.0,Net 30,Paid
INV-000185,SO-000185,2024-02-17,2024-03-03,CUST-026,Manjunatha Electrical Works,BR-02,5680.0,1022.4,6702.4,Net 15,Paid
INV-000186,SO-000186,2024-02-17,2024-03-18,CUST-028,Sri Venkateshwara Hardware & Electricals,BR-02,114620.0,20631.6,135251.6,Net 30,Paid
INV-000187,SO-000187,2024-02-19,2024-02-19,CUST-012,Karthik Residential Apartment Owner,BR-01,1620.0,291.6,1911.6,Immediate Card,Paid
INV-000188,SO-000188,2024-02-19,2024-03-20,CUST-022,Global Smart Solutions (P) Ltd,BR-01,24000.0,4320.0,28320.0,Net 30,Paid
INV-000189,SO-000189,2024-02-19,2024-03-20,CUST-027,InnoTech Coworking Hub,BR-02,3225.0,580.5,3805.5,Net 30,Paid
INV-000190,SO-000190,2024-02-20,2024-03-21,CUST-037,Kovai Textile Mills Facility Team,BR-03,280.0,50.4,330.4,Net 30,Paid
INV-000191,SO-000191,2024-02-20,2024-02-20,CUST-030,Dr. Arvind Rao Dental Clinic,BR-02,1650.0,297.0,1947.0,Immediate UPI,Paid
INV-000192,SO-000192,2024-02-20,2024-02-20,CUST-012,Karthik Residential Apartment Owner,BR-01,2515.0,452.7,2967.7,Immediate Card,Paid
INV-000193,SO-000193,2024-02-20,2024-03-21,CUST-025,Brigade Vista Apartment Owners Assn,BR-02,560.0,100.8,660.8,Net 30,Paid
INV-000194,SO-000194,2024-02-20,2024-03-21,CUST-009,Devi Agency & Lighting Store,BR-01,64452.0,11601.36,76053.36,Net 30,Paid
INV-000195,SO-000195,2024-02-20,2024-03-21,CUST-043,Sundaram Hospital Maintenance,BR-03,7065.0,1271.7,8336.7,Net 30,Paid
INV-000196,SO-000196,2024-02-20,2024-03-06,CUST-039,Rangasamy Electrician Workshop,BR-03,35512.0,6392.16,41904.16,Net 15,Paid
INV-000197,SO-000197,2024-02-21,2024-03-22,CUST-022,Global Smart Solutions (P) Ltd,BR-01,17820.0,3207.6,21027.6,Net 30,Paid
INV-000198,SO-000198,2024-02-21,2024-03-22,CUST-025,Brigade Vista Apartment Owners Assn,BR-02,3590.0,646.2,4236.2,Net 30,Paid
INV-000199,SO-000199,2024-02-21,2024-02-21,CUST-012,Karthik Residential Apartment Owner,BR-01,185.0,33.3,218.3,Immediate Card,Paid
INV-000200,SO-000200,2024-02-21,2024-04-06,CUST-011,Victory Housing Projects Phase 2,BR-01,211030.0,37985.4,249015.4,Net 45,Paid
INV-000201,SO-000201,2024-02-21,2024-03-07,CUST-023,Kalam Brothers Electrical Store,BR-01,134230.0,24161.4,158391.4,Net 15,Paid
INV-000202,SO-000202,2024-02-21,2024-03-07,CUST-013,Metro Supermarket Tambaram,BR-01,360.0,64.8,424.8,Net 15,Paid
INV-000203,SO-000203,2024-02-21,2024-03-07,CUST-003,Saravana Electric Works (Govindaraj),BR-01,10300.0,1854.0,12154.0,Net 15,Paid
INV-000204,SO-000204,2024-02-22,2024-03-23,CUST-040,Sri Krishna Engineering College Hostel,BR-03,1060.0,190.8,1250.8,Net 30,Paid
INV-000205,SO-000205,2024-02-22,2024-03-23,CUST-027,InnoTech Coworking Hub,BR-02,670.0,120.6,790.6,Net 30,Paid
INV-000206,SO-000206,2024-02-22,2024-02-22,CUST-006,Dr. Priya Sundaram (Home Clinic),BR-01,670.0,120.6,790.6,Immediate UPI,Paid
INV-000207,SO-000207,2024-02-22,2024-03-23,CUST-019,Poompuhar Handicrafts Store,BR-01,125.0,22.5,147.5,Net 30,Paid
INV-000208,SO-000208,2024-02-22,2024-03-08,CUST-023,Kalam Brothers Electrical Store,BR-01,332555.0,59859.9,392414.9,Net 15,Paid
INV-000209,SO-000209,2024-02-23,2024-04-08,CUST-029,Raghavendra Infrastructure Developers,BR-02,176035.0,31686.3,207721.3,Net 45,Paid
INV-000210,SO-000210,2024-02-23,2024-03-24,CUST-037,Kovai Textile Mills Facility Team,BR-03,8600.0,1548.0,10148.0,Net 30,Paid
INV-000211,SO-000211,2024-02-23,2024-03-24,CUST-040,Sri Krishna Engineering College Hostel,BR-03,150.0,27.0,177.0,Net 30,Paid
INV-000212,SO-000212,2024-02-23,2024-03-24,CUST-015,Srinivasan & Sons Contractor,BR-01,42820.0,7707.6,50527.6,Net 30,Paid
INV-000213,SO-000213,2024-02-23,2024-03-24,CUST-024,Vivek Enterprises (Old Partner),BR-01,159250.0,28665.0,187915.0,Net 30,Paid
INV-000214,SO-000214,2024-02-23,2024-04-08,CUST-041,Kongu Builders & Real Estate,BR-03,45055.0,8109.9,53164.9,Net 45,Paid
INV-000215,SO-000215,2024-02-23,2024-03-09,CUST-003,Saravana Electric Works (Govindaraj),BR-01,1980.0,356.4,2336.4,Net 15,Paid
INV-000216,SO-000216,2024-02-24,2024-02-24,CUST-033,Suresh Babu (Villa Construction),BR-02,1165.0,209.7,1374.7,Immediate Card,Paid
INV-000217,SO-000217,2024-02-24,2024-04-09,CUST-029,Raghavendra Infrastructure Developers,BR-02,167610.0,30169.8,197779.8,Net 45,Paid
INV-000218,SO-000218,2024-02-24,2024-03-10,CUST-023,Kalam Brothers Electrical Store,BR-01,26945.0,4850.1,31795.1,Net 15,Paid
INV-000219,SO-000219,2024-02-24,2024-04-09,CUST-029,Raghavendra Infrastructure Developers,BR-02,191570.0,34482.6,226052.6,Net 45,Paid
INV-000220,SO-000220,2024-02-26,2024-03-12,CUST-042,Velan Pump & Motor Spares Store,BR-03,84575.0,15223.5,99798.5,Net 15,Paid
INV-000221,SO-000221,2024-02-26,2024-03-27,CUST-017,Apex Manufacturing Solutions,BR-01,1050.0,189.0,1239.0,Net 30,Paid
INV-000222,SO-000222,2024-02-26,2024-02-26,CUST-021,Mohammed Riyaz (Home Renovation),BR-01,3810.0,685.8,4495.8,Immediate Cash,Paid
INV-000223,SO-000223,2024-02-26,2024-03-12,CUST-026,Manjunatha Electrical Works,BR-02,11575.0,2083.5,13658.5,Net 15,Paid
INV-000224,SO-000224,2024-02-26,2024-04-11,CUST-029,Raghavendra Infrastructure Developers,BR-02,130510.0,23491.8,154001.8,Net 45,Paid
INV-000225,SO-000225,2024-02-27,2024-03-28,CUST-001,Balaji Electrical Contractors,BR-01,12340.0,2221.2,14561.2,Net 30,Paid
INV-000226,SO-000226,2024-02-27,2024-04-12,CUST-004,Sri Ramakrishna Builders & Infra,BR-01,93520.0,16833.6,110353.6,Net 45,Paid
INV-000227,SO-000227,2024-02-27,2024-03-13,CUST-038,Marutham Electrical & Power Agency,BR-03,201640.0,36295.2,237935.2,Net 15,Paid
INV-000228,SO-000228,2024-02-27,2024-03-28,CUST-015,Srinivasan & Sons Contractor,BR-01,85720.0,15429.6,101149.6,Net 30,Paid
INV-000229,SO-000229,2024-02-27,2024-02-27,CUST-006,Dr. Priya Sundaram (Home Clinic),BR-01,3200.0,576.0,3776.0,Immediate UPI,Paid
INV-000230,SO-000230,2024-02-27,2024-03-28,CUST-015,Srinivasan & Sons Contractor,BR-01,98300.0,17694.0,115994.0,Net 30,Paid
INV-000231,SO-000231,2024-02-28,2024-03-29,CUST-022,Global Smart Solutions (P) Ltd,BR-01,87840.0,15811.2,103651.2,Net 30,Paid
INV-000232,SO-000232,2024-02-28,2024-03-29,CUST-007,TechPark Facility Maintenance Team,BR-01,175.0,31.5,206.5,Net 30,Paid
INV-000233,SO-000233,2024-02-28,2024-03-14,CUST-038,Marutham Electrical & Power Agency,BR-03,33990.0,6118.2,40108.2,Net 15,Paid
INV-000234,SO-000234,2024-02-28,2024-03-29,CUST-043,Sundaram Hospital Maintenance,BR-03,560.0,100.8,660.8,Net 30,Paid
INV-000235,SO-000235,2024-02-28,2024-03-29,CUST-017,Apex Manufacturing Solutions,BR-01,2310.0,415.8,2725.8,Net 30,Paid
INV-000236,SO-000236,2024-02-28,2024-03-29,CUST-034,Silicon Valley PG Hostel Chain,BR-02,8080.0,1454.4,9534.4,Net 30,Paid
INV-000237,SO-000237,2024-02-29,2024-02-29,CUST-033,Suresh Babu (Villa Construction),BR-02,15.0,2.7,17.7,Immediate Card,Paid
INV-000238,SO-000238,2024-02-29,2024-03-15,CUST-042,Velan Pump & Motor Spares Store,BR-03,308696.0,55565.28,364261.28,Net 15,Paid
INV-000239,SO-000239,2024-02-29,2024-03-30,CUST-009,Devi Agency & Lighting Store,BR-01,165150.0,29727.0,194877.0,Net 30,Paid
INV-000240,SO-000240,2024-03-01,2024-03-01,CUST-012,Karthik Residential Apartment Owner,BR-01,9270.0,1668.6,10938.6,Immediate Card,Paid
INV-000241,SO-000241,2024-03-01,2024-03-01,CUST-005,Murugan Auto Garage & Works,BR-01,720.0,129.6,849.6,Immediate Cash,Paid
INV-000242,SO-000242,2024-03-01,2024-03-16,CUST-013,Metro Supermarket Tambaram,BR-01,600.0,108.0,708.0,Net 15,Paid
INV-000243,SO-000243,2024-03-01,2024-03-16,CUST-039,Rangasamy Electrician Workshop,BR-03,24030.0,4325.4,28355.4,Net 15,Paid
INV-000244,SO-000244,2024-03-01,2024-03-31,CUST-025,Brigade Vista Apartment Owners Assn,BR-02,370.0,66.6,436.6,Net 30,Paid
INV-000245,SO-000245,2024-03-01,2024-03-31,CUST-001,Balaji Electrical Contractors,BR-01,17836.0,3210.48,21046.48,Net 30,Paid
INV-000246,SO-000246,2024-03-01,2024-03-31,CUST-024,Vivek Enterprises (Old Partner),BR-01,442095.0,79577.1,521672.1,Net 30,Paid
INV-000247,SO-000247,2024-03-02,2024-03-02,CUST-031,Nandini Milk Parlour & Mart,BR-02,415.0,74.7,489.7,Immediate Cash,Paid
INV-000248,SO-000248,2024-03-02,2024-04-01,CUST-025,Brigade Vista Apartment Owners Assn,BR-02,14295.0,2573.1,16868.1,Net 30,Paid
INV-000249,SO-000249,2024-03-02,2024-03-17,CUST-039,Rangasamy Electrician Workshop,BR-03,19130.0,3443.4,22573.4,Net 15,Paid
INV-000250,SO-000250,2024-03-04,2024-03-11,CUST-008,Anbu Electricals (Anbazhagan),BR-01,8985.0,1617.3,10602.3,Net 7,Paid
INV-000251,SO-000251,2024-03-04,2024-03-04,CUST-005,Murugan Auto Garage & Works,BR-01,1430.0,257.4,1687.4,Immediate Cash,Paid
INV-000252,SO-000252,2024-03-04,2024-04-03,CUST-001,Balaji Electrical Contractors,BR-01,24146.0,4346.28,28492.28,Net 30,Paid
INV-000253,SO-000253,2024-03-04,2024-03-19,CUST-013,Metro Supermarket Tambaram,BR-01,2350.0,423.0,2773.0,Net 15,Paid
INV-000254,SO-000254,2024-03-04,2024-04-03,CUST-024,Vivek Enterprises (Old Partner),BR-01,270655.0,48717.9,319372.9,Net 30,Paid
INV-000255,SO-000255,2024-03-05,2024-03-05,CUST-014,Siva Shankaran (Individual Home),BR-01,4440.0,799.2,5239.2,Immediate Cash,Paid
INV-000256,SO-000256,2024-03-05,2024-04-04,CUST-017,Apex Manufacturing Solutions,BR-01,4300.0,774.0,5074.0,Net 30,Paid
INV-000257,SO-000257,2024-03-06,2024-04-05,CUST-027,InnoTech Coworking Hub,BR-02,2550.0,459.0,3009.0,Net 30,Paid
INV-000258,SO-000258,2024-03-06,2024-03-06,CUST-031,Nandini Milk Parlour & Mart,BR-02,4970.0,894.6,5864.6,Immediate Cash,Paid
INV-000259,SO-000259,2024-03-06,2024-04-05,CUST-017,Apex Manufacturing Solutions,BR-01,205.0,36.9,241.9,Net 30,Paid
INV-000260,SO-000260,2024-03-06,2024-04-05,CUST-025,Brigade Vista Apartment Owners Assn,BR-02,7665.0,1379.7,9044.7,Net 30,Paid
INV-000261,SO-000261,2024-03-07,2024-03-22,CUST-038,Marutham Electrical & Power Agency,BR-03,380480.0,68486.4,448966.4,Net 15,Paid
INV-000262,SO-000262,2024-03-07,2024-04-06,CUST-034,Silicon Valley PG Hostel Chain,BR-02,240.0,43.2,283.2,Net 30,Paid
INV-000263,SO-000263,2024-03-07,2024-04-06,CUST-043,Sundaram Hospital Maintenance,BR-03,2820.0,507.6,3327.6,Net 30,Paid
INV-000264,SO-000264,2024-03-07,2024-03-22,CUST-023,Kalam Brothers Electrical Store,BR-01,230612.0,41510.16,272122.16,Net 15,Paid
INV-000265,SO-000265,2024-03-08,2024-03-23,CUST-026,Manjunatha Electrical Works,BR-02,6200.0,1116.0,7316.0,Net 15,Paid
INV-000266,SO-000266,2024-03-08,2024-03-08,CUST-005,Murugan Auto Garage & Works,BR-01,450.0,81.0,531.0,Immediate Cash,Paid
INV-000267,SO-000267,2024-03-08,2024-04-07,CUST-040,Sri Krishna Engineering College Hostel,BR-03,2630.0,473.4,3103.4,Net 30,Paid
INV-000268,SO-000268,2024-03-08,2024-04-07,CUST-010,Vels Vidyashram School Campus,BR-01,240.0,43.2,283.2,Net 30,Paid
INV-000269,SO-000269,2024-03-08,2024-03-23,CUST-026,Manjunatha Electrical Works,BR-02,1405.0,252.9,1657.9,Net 15,Paid
INV-000270,SO-000270,2024-03-08,2024-03-23,CUST-003,Saravana Electric Works (Govindaraj),BR-01,1295.0,233.1,1528.1,Net 15,Paid
INV-000271,SO-000271,2024-03-09,2024-04-23,CUST-041,Kongu Builders & Real Estate,BR-03,86770.0,15618.6,102388.6,Net 45,Paid
INV-000272,SO-000272,2024-03-09,2024-04-08,CUST-010,Vels Vidyashram School Campus,BR-01,1275.0,229.5,1504.5,Net 30,Paid
INV-000273,SO-000273,2024-03-09,2024-04-08,CUST-015,Srinivasan & Sons Contractor,BR-01,98635.0,17754.3,116389.3,Net 30,Paid
INV-000274,SO-000274,2024-03-09,2024-03-09,CUST-030,Dr. Arvind Rao Dental Clinic,BR-02,735.0,132.3,867.3,Immediate UPI,Paid
INV-000275,SO-000275,2024-03-09,2024-04-08,CUST-017,Apex Manufacturing Solutions,BR-01,9520.0,1713.6,11233.6,Net 30,Paid
INV-000276,SO-000276,2024-03-11,2024-03-26,CUST-013,Metro Supermarket Tambaram,BR-01,240.0,43.2,283.2,Net 15,Paid
INV-000277,SO-000277,2024-03-11,2024-03-11,CUST-005,Murugan Auto Garage & Works,BR-01,1700.0,306.0,2006.0,Immediate Cash,Paid
INV-000278,SO-000278,2024-03-12,2024-04-26,CUST-004,Sri Ramakrishna Builders & Infra,BR-01,45210.0,8137.8,53347.8,Net 45,Paid
INV-000279,SO-000279,2024-03-12,2024-04-11,CUST-016,Royal Comfort Residency Hotel,BR-01,9875.0,1777.5,11652.5,Net 30,Paid
INV-000280,SO-000280,2024-03-12,2024-03-27,CUST-039,Rangasamy Electrician Workshop,BR-03,4554.0,819.72,5373.72,Net 15,Paid
INV-000281,SO-000281,2024-03-12,2024-03-27,CUST-026,Manjunatha Electrical Works,BR-02,1380.0,248.4,1628.4,Net 15,Paid
INV-000282,SO-000282,2024-03-12,2024-03-12,CUST-018,Lakshmi Vilas Sweets & Bakery,BR-01,725.0,130.5,855.5,Immediate UPI,Paid
INV-000283,SO-000283,2024-03-12,2024-04-11,CUST-024,Vivek Enterprises (Old Partner),BR-01,109728.0,19751.04,129479.04,Net 30,Paid
INV-000284,SO-000284,2024-03-13,2024-04-12,CUST-010,Vels Vidyashram School Campus,BR-01,1265.0,227.7,1492.7,Net 30,Paid
INV-000285,SO-000285,2024-03-13,2024-03-28,CUST-026,Manjunatha Electrical Works,BR-02,3975.0,715.5,4690.5,Net 15,Paid
INV-000286,SO-000286,2024-03-13,2024-04-12,CUST-028,Sri Venkateshwara Hardware & Electricals,BR-02,270560.0,48700.8,319260.8,Net 30,Paid
INV-000287,SO-000287,2024-03-13,2024-04-12,CUST-015,Srinivasan & Sons Contractor,BR-01,9270.0,1668.6,10938.6,Net 30,Paid
INV-000288,SO-000288,2024-03-13,2024-03-13,CUST-014,Siva Shankaran (Individual Home),BR-01,330.0,59.4,389.4,Immediate Cash,Paid
INV-000289,SO-000289,2024-03-13,2024-04-12,CUST-010,Vels Vidyashram School Campus,BR-01,4680.0,842.4,5522.4,Net 30,Paid
INV-000290,SO-000290,2024-03-14,2024-03-29,CUST-002,Kalaivani Hardware & Paints,BR-01,67350.0,12123.0,79473.0,Net 15,Paid
INV-000291,SO-000291,2024-03-14,2024-03-29,CUST-020,Selvam Electrician Services,BR-01,4430.0,797.4,5227.4,Net 15,Paid
INV-000292,SO-000292,2024-03-14,2024-03-29,CUST-002,Kalaivani Hardware & Paints,BR-01,651174.0,117211.32,768385.32,Net 15,Paid
INV-000293,SO-000293,2024-03-15,2024-04-14,CUST-034,Silicon Valley PG Hostel Chain,BR-02,65.0,11.7,76.7,Net 30,Paid
INV-000294,SO-000294,2024-03-15,2024-04-14,CUST-027,InnoTech Coworking Hub,BR-02,13845.0,2492.1,16337.1,Net 30,Paid
INV-000295,SO-000295,2024-03-15,2024-04-14,CUST-015,Srinivasan & Sons Contractor,BR-01,7530.0,1355.4,8885.4,Net 30,Paid
INV-000296,SO-000296,2024-03-15,2024-04-14,CUST-027,InnoTech Coworking Hub,BR-02,850.0,153.0,1003.0,Net 30,Paid
INV-000297,SO-000297,2024-03-15,2024-03-30,CUST-003,Saravana Electric Works (Govindaraj),BR-01,32163.0,5789.34,37952.34,Net 15,Paid
INV-000298,SO-000298,2024-03-15,2024-04-14,CUST-034,Silicon Valley PG Hostel Chain,BR-02,1410.0,253.8,1663.8,Net 30,Paid
INV-000299,SO-000299,2024-03-15,2024-03-30,CUST-038,Marutham Electrical & Power Agency,BR-03,191779.0,34520.22,226299.22,Net 15,Paid
INV-000300,SO-000300,2024-03-15,2024-03-15,CUST-006,Dr. Priya Sundaram (Home Clinic),BR-01,2210.0,397.8,2607.8,Immediate UPI,Paid
INV-000301,SO-000301,2024-03-16,2024-04-30,CUST-011,Victory Housing Projects Phase 2,BR-01,14830.0,2669.4,17499.4,Net 45,Paid
INV-000302,SO-000302,2024-03-16,2024-04-15,CUST-001,Balaji Electrical Contractors,BR-01,195300.0,35154.0,230454.0,Net 30,Paid
INV-000303,SO-000303,2024-03-16,2024-03-31,CUST-020,Selvam Electrician Services,BR-01,3795.0,683.1,4478.1,Net 15,Paid
INV-000304,SO-000304,2024-03-16,2024-03-16,CUST-005,Murugan Auto Garage & Works,BR-01,3625.0,652.5,4277.5,Immediate Cash,Paid
INV-000305,SO-000305,2024-03-18,2024-04-17,CUST-037,Kovai Textile Mills Facility Team,BR-03,3045.0,548.1,3593.1,Net 30,Paid
INV-000306,SO-000306,2024-03-18,2024-04-17,CUST-032,Cauvery Engineering Contractors,BR-02,201240.0,36223.2,237463.2,Net 30,Paid
INV-000307,SO-000307,2024-03-18,2024-03-18,CUST-005,Murugan Auto Garage & Works,BR-01,4500.0,810.0,5310.0,Immediate Cash,Paid
INV-000308,SO-000308,2024-03-19,2024-03-19,CUST-012,Karthik Residential Apartment Owner,BR-01,2100.0,378.0,2478.0,Immediate Card,Paid
INV-000309,SO-000309,2024-03-19,2024-04-03,CUST-003,Saravana Electric Works (Govindaraj),BR-01,11740.0,2113.2,13853.2,Net 15,Paid
INV-000310,SO-000310,2024-03-19,2024-04-18,CUST-022,Global Smart Solutions (P) Ltd,BR-01,30145.0,5426.1,35571.1,Net 30,Paid
INV-000311,SO-000311,2024-03-20,2024-04-04,CUST-013,Metro Supermarket Tambaram,BR-01,3930.0,707.4,4637.4,Net 15,Paid
INV-000312,SO-000312,2024-03-20,2024-03-20,CUST-030,Dr. Arvind Rao Dental Clinic,BR-02,480.0,86.4,566.4,Immediate UPI,Paid
INV-000313,SO-000313,2024-03-20,2024-04-04,CUST-020,Selvam Electrician Services,BR-01,8604.0,1548.72,10152.72,Net 15,Paid
INV-000314,SO-000314,2024-03-20,2024-04-04,CUST-023,Kalam Brothers Electrical Store,BR-01,184175.0,33151.5,217326.5,Net 15,Paid
INV-000315,SO-000315,2024-03-21,2024-04-20,CUST-040,Sri Krishna Engineering College Hostel,BR-03,7650.0,1377.0,9027.0,Net 30,Paid
INV-000316,SO-000316,2024-03-21,2024-04-20,CUST-015,Srinivasan & Sons Contractor,BR-01,130750.0,23535.0,154285.0,Net 30,Paid
INV-000317,SO-000317,2024-03-21,2024-04-20,CUST-009,Devi Agency & Lighting Store,BR-01,103548.0,18638.64,122186.64,Net 30,Paid
INV-000318,SO-000318,2024-03-21,2024-04-20,CUST-016,Royal Comfort Residency Hotel,BR-01,350.0,63.0,413.0,Net 30,Paid
INV-000319,SO-000319,2024-03-21,2024-03-21,CUST-005,Murugan Auto Garage & Works,BR-01,1880.0,338.4,2218.4,Immediate Cash,Paid
INV-000320,SO-000320,2024-03-21,2024-04-20,CUST-009,Devi Agency & Lighting Store,BR-01,143240.0,25783.2,169023.2,Net 30,Paid
INV-000321,SO-000321,2024-03-22,2024-04-06,CUST-023,Kalam Brothers Electrical Store,BR-01,16715.0,3008.7,19723.7,Net 15,Paid
INV-000322,SO-000322,2024-03-23,2024-04-22,CUST-027,InnoTech Coworking Hub,BR-02,13800.0,2484.0,16284.0,Net 30,Paid
INV-000323,SO-000323,2024-03-23,2024-04-22,CUST-009,Devi Agency & Lighting Store,BR-01,148030.0,26645.4,174675.4,Net 30,Paid
INV-000324,SO-000324,2024-03-23,2024-04-22,CUST-016,Royal Comfort Residency Hotel,BR-01,9945.0,1790.1,11735.1,Net 30,Paid
INV-000325,SO-000325,2024-03-23,2024-04-22,CUST-034,Silicon Valley PG Hostel Chain,BR-02,395.0,71.1,466.1,Net 30,Paid
INV-000326,SO-000326,2024-03-25,2024-04-24,CUST-040,Sri Krishna Engineering College Hostel,BR-03,6900.0,1242.0,8142.0,Net 30,Paid
INV-000327,SO-000327,2024-03-25,2024-04-09,CUST-038,Marutham Electrical & Power Agency,BR-03,249410.0,44893.8,294303.8,Net 15,Paid
INV-000328,SO-000328,2024-03-25,2024-04-24,CUST-016,Royal Comfort Residency Hotel,BR-01,845.0,152.1,997.1,Net 30,Paid
INV-000329,SO-000329,2024-03-25,2024-04-24,CUST-015,Srinivasan & Sons Contractor,BR-01,36250.0,6525.0,42775.0,Net 30,Paid
INV-000330,SO-000330,2024-03-25,2024-04-09,CUST-038,Marutham Electrical & Power Agency,BR-03,242005.0,43560.9,285565.9,Net 15,Paid
INV-000331,SO-000331,2024-03-25,2024-04-09,CUST-002,Kalaivani Hardware & Paints,BR-01,112102.0,20178.36,132280.36,Net 15,Paid
INV-000332,SO-000332,2024-03-26,2024-04-25,CUST-017,Apex Manufacturing Solutions,BR-01,175.0,31.5,206.5,Net 30,Paid
INV-000333,SO-000333,2024-03-26,2024-04-25,CUST-032,Cauvery Engineering Contractors,BR-02,166920.0,30045.6,196965.6,Net 30,Paid
INV-000334,SO-000334,2024-03-26,2024-04-10,CUST-002,Kalaivani Hardware & Paints,BR-01,282150.0,50787.0,332937.0,Net 15,Paid
INV-000335,SO-000335,2024-03-26,2024-03-26,CUST-031,Nandini Milk Parlour & Mart,BR-02,4700.0,846.0,5546.0,Immediate Cash,Paid
INV-000336,SO-000336,2024-03-27,2024-04-26,CUST-022,Global Smart Solutions (P) Ltd,BR-01,21225.0,3820.5,25045.5,Net 30,Paid
INV-000337,SO-000337,2024-03-27,2024-05-11,CUST-041,Kongu Builders & Real Estate,BR-03,30335.0,5460.3,35795.3,Net 45,Paid
INV-000338,SO-000338,2024-03-27,2024-03-27,CUST-014,Siva Shankaran (Individual Home),BR-01,4710.0,847.8,5557.8,Immediate Cash,Paid
INV-000339,SO-000339,2024-03-27,2024-04-11,CUST-003,Saravana Electric Works (Govindaraj),BR-01,10885.0,1959.3,12844.3,Net 15,Paid
INV-000340,SO-000340,2024-03-27,2024-04-11,CUST-038,Marutham Electrical & Power Agency,BR-03,92000.0,16560.0,108560.0,Net 15,Paid
INV-000341,SO-000341,2024-03-27,2024-04-11,CUST-038,Marutham Electrical & Power Agency,BR-03,237050.0,42669.0,279719.0,Net 15,Paid
INV-000342,SO-000342,2024-03-27,2024-05-11,CUST-041,Kongu Builders & Real Estate,BR-03,62050.0,11169.0,73219.0,Net 45,Paid
INV-000343,SO-000343,2024-03-28,2024-05-12,CUST-041,Kongu Builders & Real Estate,BR-03,52200.0,9396.0,61596.0,Net 45,Paid
INV-000344,SO-000344,2024-03-28,2024-03-28,CUST-031,Nandini Milk Parlour & Mart,BR-02,725.0,130.5,855.5,Immediate Cash,Paid
INV-000345,SO-000345,2024-03-28,2024-04-27,CUST-019,Poompuhar Handicrafts Store,BR-01,130.0,23.4,153.4,Net 30,Paid
INV-000346,SO-000346,2024-03-29,2024-05-13,CUST-029,Raghavendra Infrastructure Developers,BR-02,91799.0,16523.82,108322.82,Net 45,Paid
INV-000347,SO-000347,2024-03-29,2024-04-28,CUST-025,Brigade Vista Apartment Owners Assn,BR-02,915.0,164.7,1079.7,Net 30,Paid
INV-000348,SO-000348,2024-03-29,2024-03-29,CUST-030,Dr. Arvind Rao Dental Clinic,BR-02,410.0,73.8,483.8,Immediate UPI,Paid
INV-000349,SO-000349,2024-03-30,2024-05-14,CUST-011,Victory Housing Projects Phase 2,BR-01,148305.0,26694.9,174999.9,Net 45,Paid
INV-000350,SO-000350,2024-03-30,2024-03-30,CUST-033,Suresh Babu (Villa Construction),BR-02,195.0,35.1,230.1,Immediate Card,Paid
INV-000351,SO-000351,2024-03-30,2024-04-29,CUST-007,TechPark Facility Maintenance Team,BR-01,2440.0,439.2,2879.2,Net 30,Paid
INV-000352,SO-000352,2024-03-30,2024-04-29,CUST-037,Kovai Textile Mills Facility Team,BR-03,1220.0,219.6,1439.6,Net 30,Paid
INV-000353,SO-000353,2024-03-30,2024-04-29,CUST-019,Poompuhar Handicrafts Store,BR-01,9450.0,1701.0,11151.0,Net 30,Paid
INV-000354,SO-000354,2024-03-30,2024-03-30,CUST-012,Karthik Residential Apartment Owner,BR-01,1520.0,273.6,1793.6,Immediate Card,Paid
INV-000355,SO-000355,2024-04-01,2024-04-01,CUST-021,Mohammed Riyaz (Home Renovation),BR-01,5999.0,1079.82,7078.82,Immediate Cash,Paid
INV-000356,SO-000356,2024-04-01,2024-05-16,CUST-029,Raghavendra Infrastructure Developers,BR-02,151070.0,27192.6,178262.6,Net 45,Paid
INV-000357,SO-000357,2024-04-01,2024-05-01,CUST-032,Cauvery Engineering Contractors,BR-02,66950.0,12051.0,79001.0,Net 30,Paid
INV-000358,SO-000358,2024-04-01,2024-05-01,CUST-034,Silicon Valley PG Hostel Chain,BR-02,15789.0,2842.02,18631.02,Net 30,Paid
INV-000359,SO-000359,2024-04-02,2024-05-02,CUST-019,Poompuhar Handicrafts Store,BR-01,1055.0,189.9,1244.9,Net 30,Paid
INV-000360,SO-000360,2024-04-02,2024-04-02,CUST-021,Mohammed Riyaz (Home Renovation),BR-01,630.0,113.4,743.4,Immediate Cash,Paid
INV-000361,SO-000361,2024-04-02,2024-04-17,CUST-023,Kalam Brothers Electrical Store,BR-01,199966.0,35993.88,235959.88,Net 15,Paid
INV-000362,SO-000362,2024-04-02,2024-05-02,CUST-037,Kovai Textile Mills Facility Team,BR-03,1475.0,265.5,1740.5,Net 30,Paid
INV-000363,SO-000363,2024-04-02,2024-05-02,CUST-015,Srinivasan & Sons Contractor,BR-01,101664.0,18299.52,119963.52,Net 30,Paid
INV-000364,SO-000364,2024-04-03,2024-05-03,CUST-001,Balaji Electrical Contractors,BR-01,115041.0,20707.38,135748.38,Net 30,Paid
INV-000365,SO-000365,2024-04-03,2024-04-03,CUST-005,Murugan Auto Garage & Works,BR-01,1145.0,206.1,1351.1,Immediate Cash,Paid
INV-000366,SO-000366,2024-04-03,2024-04-03,CUST-030,Dr. Arvind Rao Dental Clinic,BR-02,1650.0,297.0,1947.0,Immediate UPI,Paid
INV-000367,SO-000367,2024-04-03,2024-04-18,CUST-020,Selvam Electrician Services,BR-01,1815.0,326.7,2141.7,Net 15,Paid
INV-000368,SO-000368,2024-04-04,2024-04-19,CUST-039,Rangasamy Electrician Workshop,BR-03,7740.0,1393.2,9133.2,Net 15,Paid
INV-000369,SO-000369,2024-04-04,2024-05-04,CUST-009,Devi Agency & Lighting Store,BR-01,412518.0,74253.24,486771.24,Net 30,Paid
INV-000370,SO-000370,2024-04-05,2024-04-05,CUST-018,Lakshmi Vilas Sweets & Bakery,BR-01,10866.0,1955.88,12821.88,Immediate UPI,Paid
INV-000371,SO-000371,2024-04-05,2024-05-05,CUST-019,Poompuhar Handicrafts Store,BR-01,545.0,98.1,643.1,Net 30,Paid
INV-000372,SO-000372,2024-04-05,2024-04-05,CUST-005,Murugan Auto Garage & Works,BR-01,450.0,81.0,531.0,Immediate Cash,Paid
INV-000373,SO-000373,2024-04-06,2024-04-13,CUST-008,Anbu Electricals (Anbazhagan),BR-01,8090.0,1456.2,9546.2,Net 7,Paid
INV-000374,SO-000374,2024-04-06,2024-05-06,CUST-028,Sri Venkateshwara Hardware & Electricals,BR-02,17230.0,3101.4,20331.4,Net 30,Paid
INV-000375,SO-000375,2024-04-06,2024-04-21,CUST-013,Metro Supermarket Tambaram,BR-01,2162.0,389.16,2551.16,Net 15,Paid
INV-000376,SO-000376,2024-04-06,2024-04-21,CUST-038,Marutham Electrical & Power Agency,BR-03,9963.0,1793.34,11756.34,Net 15,Paid
INV-000377,SO-000377,2024-04-06,2024-05-06,CUST-007,TechPark Facility Maintenance Team,BR-01,6486.0,1167.48,7653.48,Net 30,Paid
INV-000378,SO-000378,2024-04-06,2024-05-06,CUST-019,Poompuhar Handicrafts Store,BR-01,565.0,101.7,666.7,Net 30,Paid
INV-000379,SO-000379,2024-04-06,2024-05-06,CUST-028,Sri Venkateshwara Hardware & Electricals,BR-02,307537.0,55356.66,362893.66,Net 30,Paid
INV-000380,SO-000380,2024-04-08,2024-05-08,CUST-032,Cauvery Engineering Contractors,BR-02,148430.0,26717.4,175147.4,Net 30,Paid
INV-000381,SO-000381,2024-04-08,2024-05-23,CUST-004,Sri Ramakrishna Builders & Infra,BR-01,18705.0,3366.9,22071.9,Net 45,Paid
INV-000382,SO-000382,2024-04-08,2024-05-08,CUST-017,Apex Manufacturing Solutions,BR-01,1401.0,252.18,1653.18,Net 30,Paid
INV-000383,SO-000383,2024-04-08,2024-04-23,CUST-020,Selvam Electrician Services,BR-01,5190.0,934.2,6124.2,Net 15,Paid
INV-000384,SO-000384,2024-04-09,2024-05-09,CUST-040,Sri Krishna Engineering College Hostel,BR-03,5896.0,1061.28,6957.28,Net 30,Paid
INV-000385,SO-000385,2024-04-09,2024-05-24,CUST-004,Sri Ramakrishna Builders & Infra,BR-01,49900.0,8982.0,58882.0,Net 45,Paid
INV-000386,SO-000386,2024-04-09,2024-04-09,CUST-021,Mohammed Riyaz (Home Renovation),BR-01,2046.0,368.28,2414.28,Immediate Cash,Paid
INV-000387,SO-000387,2024-04-09,2024-04-16,CUST-044,Mani Bros Electricals (Mani),BR-03,2499.0,449.82,2948.82,Net 7,Paid
INV-000388,SO-000388,2024-04-09,2024-04-24,CUST-020,Selvam Electrician Services,BR-01,31370.0,5646.6,37016.6,Net 15,Paid
INV-000389,SO-000389,2024-04-09,2024-04-16,CUST-035,Gowda Electrical Repairs,BR-02,11255.0,2025.9,13280.9,Net 7,Paid
INV-000390,SO-000390,2024-04-10,2024-05-10,CUST-016,Royal Comfort Residency Hotel,BR-01,1340.0,241.2,1581.2,Net 30,Paid
INV-000391,SO-000391,2024-04-10,2024-04-10,CUST-018,Lakshmi Vilas Sweets & Bakery,BR-01,75.0,13.5,88.5,Immediate UPI,Paid
INV-000392,SO-000392,2024-04-10,2024-04-10,CUST-012,Karthik Residential Apartment Owner,BR-01,710.0,127.8,837.8,Immediate Card,Paid
INV-000393,SO-000393,2024-04-10,2024-04-10,CUST-005,Murugan Auto Garage & Works,BR-01,6836.0,1230.48,8066.48,Immediate Cash,Paid
INV-000394,SO-000394,2024-04-10,2024-05-10,CUST-037,Kovai Textile Mills Facility Team,BR-03,8887.0,1599.66,10486.66,Net 30,Paid
INV-000395,SO-000395,2024-04-10,2024-05-10,CUST-016,Royal Comfort Residency Hotel,BR-01,1300.0,234.0,1534.0,Net 30,Paid
INV-000396,SO-000396,2024-04-11,2024-04-26,CUST-042,Velan Pump & Motor Spares Store,BR-03,230650.0,41517.0,272167.0,Net 15,Paid
INV-000397,SO-000397,2024-04-11,2024-05-11,CUST-016,Royal Comfort Residency Hotel,BR-01,1410.0,253.8,1663.8,Net 30,Paid
INV-000398,SO-000398,2024-04-11,2024-05-11,CUST-022,Global Smart Solutions (P) Ltd,BR-01,49490.0,8908.2,58398.2,Net 30,Paid
INV-000399,SO-000399,2024-04-12,2024-05-12,CUST-009,Devi Agency & Lighting Store,BR-01,260648.0,46916.64,307564.64,Net 30,Paid
INV-000400,SO-000400,2024-04-12,2024-04-27,CUST-042,Velan Pump & Motor Spares Store,BR-03,100817.0,18147.06,118964.06,Net 15,Paid
INV-000401,SO-000401,2024-04-12,2024-04-12,CUST-014,Siva Shankaran (Individual Home),BR-01,5934.0,1068.12,7002.12,Immediate Cash,Paid
INV-000402,SO-000402,2024-04-12,2024-05-12,CUST-028,Sri Venkateshwara Hardware & Electricals,BR-02,77037.0,13866.66,90903.66,Net 30,Paid
INV-000403,SO-000403,2024-04-12,2024-04-12,CUST-021,Mohammed Riyaz (Home Renovation),BR-01,8906.0,1603.08,10509.08,Immediate Cash,Paid
INV-000404,SO-000404,2024-04-12,2024-05-27,CUST-004,Sri Ramakrishna Builders & Infra,BR-01,59896.0,10781.28,70677.28,Net 45,Paid
INV-000405,SO-000405,2024-04-13,2024-04-13,CUST-006,Dr. Priya Sundaram (Home Clinic),BR-01,295.0,53.1,348.1,Immediate UPI,Paid
INV-000406,SO-000406,2024-04-13,2024-05-13,CUST-009,Devi Agency & Lighting Store,BR-01,269500.0,48510.0,318010.0,Net 30,Paid
INV-000407,SO-000407,2024-04-13,2024-05-13,CUST-017,Apex Manufacturing Solutions,BR-01,30.0,5.4,35.4,Net 30,Paid
INV-000408,SO-000408,2024-04-15,2024-05-15,CUST-043,Sundaram Hospital Maintenance,BR-03,7709.0,1387.62,9096.62,Net 30,Paid
INV-000409,SO-000409,2024-04-15,2024-04-30,CUST-038,Marutham Electrical & Power Agency,BR-03,247856.0,44614.08,292470.08,Net 15,Paid
INV-000410,SO-000410,2024-04-15,2024-05-15,CUST-037,Kovai Textile Mills Facility Team,BR-03,850.0,153.0,1003.0,Net 30,Paid
INV-000411,SO-000411,2024-04-15,2024-05-15,CUST-016,Royal Comfort Residency Hotel,BR-01,250.0,45.0,295.0,Net 30,Paid
INV-000412,SO-000412,2024-04-15,2024-05-15,CUST-028,Sri Venkateshwara Hardware & Electricals,BR-02,402673.0,72481.14,475154.14,Net 30,Paid
INV-000413,SO-000413,2024-04-16,2024-05-01,CUST-042,Velan Pump & Motor Spares Store,BR-03,139420.0,25095.6,164515.6,Net 15,Paid
INV-000414,SO-000414,2024-04-16,2024-04-16,CUST-005,Murugan Auto Garage & Works,BR-01,165.0,29.7,194.7,Immediate Cash,Paid
INV-000415,SO-000415,2024-04-16,2024-04-16,CUST-030,Dr. Arvind Rao Dental Clinic,BR-02,10974.0,1975.32,12949.32,Immediate UPI,Paid
INV-000416,SO-000416,2024-04-17,2024-05-17,CUST-040,Sri Krishna Engineering College Hostel,BR-03,1246.0,224.28,1470.28,Net 30,Paid
INV-000417,SO-000417,2024-04-17,2024-04-17,CUST-030,Dr. Arvind Rao Dental Clinic,BR-02,2250.0,405.0,2655.0,Immediate UPI,Paid
INV-000418,SO-000418,2024-04-17,2024-04-17,CUST-006,Dr. Priya Sundaram (Home Clinic),BR-01,450.0,81.0,531.0,Immediate UPI,Paid
INV-000419,SO-000419,2024-04-17,2024-05-02,CUST-002,Kalaivani Hardware & Paints,BR-01,228966.0,41213.88,270179.88,Net 15,Paid
INV-000420,SO-000420,2024-04-17,2024-05-17,CUST-010,Vels Vidyashram School Campus,BR-01,2695.0,485.1,3180.1,Net 30,Paid
INV-000421,SO-000421,2024-04-17,2024-05-17,CUST-032,Cauvery Engineering Contractors,BR-02,250118.0,45021.24,295139.24,Net 30,Paid
INV-000422,SO-000422,2024-04-18,2024-04-18,CUST-033,Suresh Babu (Villa Construction),BR-02,3864.0,695.52,4559.52,Immediate Card,Paid
INV-000423,SO-000423,2024-04-18,2024-05-18,CUST-019,Poompuhar Handicrafts Store,BR-01,1995.0,359.1,2354.1,Net 30,Paid
INV-000424,SO-000424,2024-04-18,2024-06-02,CUST-011,Victory Housing Projects Phase 2,BR-01,94992.0,17098.56,112090.56,Net 45,Paid
INV-000425,SO-000425,2024-04-18,2024-05-03,CUST-023,Kalam Brothers Electrical Store,BR-01,88794.0,15982.92,104776.92,Net 15,Paid
INV-000426,SO-000426,2024-04-19,2024-06-03,CUST-029,Raghavendra Infrastructure Developers,BR-02,31029.0,5585.22,36614.22,Net 45,Paid
INV-000427,SO-000427,2024-04-19,2024-05-19,CUST-034,Silicon Valley PG Hostel Chain,BR-02,1550.0,279.0,1829.0,Net 30,Paid
INV-000428,SO-000428,2024-04-19,2024-05-04,CUST-026,Manjunatha Electrical Works,BR-02,19960.0,3592.8,23552.8,Net 15,Paid
INV-000429,SO-000429,2024-04-19,2024-05-04,CUST-026,Manjunatha Electrical Works,BR-02,36970.0,6654.6,43624.6,Net 15,Paid
INV-000430,SO-000430,2024-04-20,2024-05-05,CUST-020,Selvam Electrician Services,BR-01,11505.0,2070.9,13575.9,Net 15,Paid
INV-000431,SO-000431,2024-04-20,2024-05-05,CUST-023,Kalam Brothers Electrical Store,BR-01,77720.0,13989.6,91709.6,Net 15,Paid
INV-000432,SO-000432,2024-04-20,2024-05-20,CUST-034,Silicon Valley PG Hostel Chain,BR-02,5212.0,938.16,6150.16,Net 30,Paid
INV-000433,SO-000433,2024-04-20,2024-05-20,CUST-034,Silicon Valley PG Hostel Chain,BR-02,8392.0,1510.56,9902.56,Net 30,Paid
INV-000434,SO-000434,2024-04-20,2024-04-27,CUST-008,Anbu Electricals (Anbazhagan),BR-01,2875.0,517.5,3392.5,Net 7,Paid
INV-000435,SO-000435,2024-04-22,2024-06-06,CUST-029,Raghavendra Infrastructure Developers,BR-02,92490.0,16648.2,109138.2,Net 45,Paid
INV-000436,SO-000436,2024-04-22,2024-05-07,CUST-003,Saravana Electric Works (Govindaraj),BR-01,14085.0,2535.3,16620.3,Net 15,Paid
INV-000437,SO-000437,2024-04-22,2024-05-07,CUST-002,Kalaivani Hardware & Paints,BR-01,61912.0,11144.16,73056.16,Net 15,Paid
INV-000438,SO-000438,2024-04-22,2024-05-22,CUST-027,InnoTech Coworking Hub,BR-02,330.0,59.4,389.4,Net 30,Paid
INV-000439,SO-000439,2024-04-22,2024-04-22,CUST-006,Dr. Priya Sundaram (Home Clinic),BR-01,9522.0,1713.96,11235.96,Immediate UPI,Paid
INV-000440,SO-000440,2024-04-22,2024-04-22,CUST-021,Mohammed Riyaz (Home Renovation),BR-01,150.0,27.0,177.0,Immediate Cash,Paid
INV-000441,SO-000441,2024-04-22,2024-05-22,CUST-007,TechPark Facility Maintenance Team,BR-01,580.0,104.4,684.4,Net 30,Paid
INV-000442,SO-000442,2024-04-23,2024-06-07,CUST-041,Kongu Builders & Real Estate,BR-03,196830.0,35429.4,232259.4,Net 45,Paid
INV-000443,SO-000443,2024-04-23,2024-04-30,CUST-035,Gowda Electrical Repairs,BR-02,5350.0,963.0,6313.0,Net 7,Paid
INV-000444,SO-000444,2024-04-23,2024-04-23,CUST-033,Suresh Babu (Villa Construction),BR-02,780.0,140.4,920.4,Immediate Card,Paid
INV-000445,SO-000445,2024-04-23,2024-05-08,CUST-026,Manjunatha Electrical Works,BR-02,3900.0,702.0,4602.0,Net 15,Paid
INV-000446,SO-000446,2024-04-23,2024-04-23,CUST-021,Mohammed Riyaz (Home Renovation),BR-01,1730.0,311.4,2041.4,Immediate Cash,Paid
INV-000447,SO-000447,2024-04-23,2024-05-23,CUST-009,Devi Agency & Lighting Store,BR-01,142844.0,25711.92,168555.92,Net 30,Paid
INV-000448,SO-000448,2024-04-24,2024-05-24,CUST-001,Balaji Electrical Contractors,BR-01,12175.0,2191.5,14366.5,Net 30,Paid
INV-000449,SO-000449,2024-04-25,2024-04-25,CUST-033,Suresh Babu (Villa Construction),BR-02,2260.0,406.8,2666.8,Immediate Card,Paid
INV-000450,SO-000450,2024-04-25,2024-05-25,CUST-009,Devi Agency & Lighting Store,BR-01,137550.0,24759.0,162309.0,Net 30,Paid
INV-000451,SO-000451,2024-04-25,2024-05-10,CUST-042,Velan Pump & Motor Spares Store,BR-03,38220.0,6879.6,45099.6,Net 15,Paid
INV-000452,SO-000452,2024-04-25,2024-05-10,CUST-026,Manjunatha Electrical Works,BR-02,3876.0,697.68,4573.68,Net 15,Paid
INV-000453,SO-000453,2024-04-25,2024-05-10,CUST-002,Kalaivani Hardware & Paints,BR-01,231771.0,41718.78,273489.78,Net 15,Paid
INV-000454,SO-000454,2024-04-25,2024-05-10,CUST-003,Saravana Electric Works (Govindaraj),BR-01,9041.0,1627.38,10668.38,Net 15,Paid
INV-000455,SO-000455,2024-04-25,2024-05-25,CUST-040,Sri Krishna Engineering College Hostel,BR-03,1175.0,211.5,1386.5,Net 30,Paid
INV-000456,SO-000456,2024-04-26,2024-06-10,CUST-029,Raghavendra Infrastructure Developers,BR-02,42800.0,7704.0,50504.0,Net 45,Paid
INV-000457,SO-000457,2024-04-26,2024-05-26,CUST-001,Balaji Electrical Contractors,BR-01,195930.0,35267.4,231197.4,Net 30,Paid
INV-000458,SO-000458,2024-04-26,2024-04-26,CUST-030,Dr. Arvind Rao Dental Clinic,BR-02,240.0,43.2,283.2,Immediate UPI,Paid
INV-000459,SO-000459,2024-04-26,2024-05-26,CUST-015,Srinivasan & Sons Contractor,BR-01,164176.0,29551.68,193727.68,Net 30,Paid
INV-000460,SO-000460,2024-04-26,2024-05-11,CUST-002,Kalaivani Hardware & Paints,BR-01,84766.0,15257.88,100023.88,Net 15,Paid
INV-000461,SO-000461,2024-04-26,2024-05-26,CUST-009,Devi Agency & Lighting Store,BR-01,346446.0,62360.28,408806.28,Net 30,Paid
INV-000462,SO-000462,2024-04-27,2024-06-11,CUST-041,Kongu Builders & Real Estate,BR-03,158610.0,28549.8,187159.8,Net 45,Paid
INV-000463,SO-000463,2024-04-27,2024-05-27,CUST-040,Sri Krishna Engineering College Hostel,BR-03,560.0,100.8,660.8,Net 30,Paid
INV-000464,SO-000464,2024-04-27,2024-05-12,CUST-038,Marutham Electrical & Power Agency,BR-03,20690.0,3724.2,24414.2,Net 15,Paid
INV-000465,SO-000465,2024-04-27,2024-05-12,CUST-003,Saravana Electric Works (Govindaraj),BR-01,20719.0,3729.42,24448.42,Net 15,Paid
INV-000466,SO-000466,2024-04-27,2024-04-27,CUST-006,Dr. Priya Sundaram (Home Clinic),BR-01,505.0,90.9,595.9,Immediate UPI,Paid
INV-000467,SO-000467,2024-04-29,2024-05-14,CUST-013,Metro Supermarket Tambaram,BR-01,6459.0,1162.62,7621.62,Net 15,Paid
INV-000468,SO-000468,2024-04-29,2024-04-29,CUST-014,Siva Shankaran (Individual Home),BR-01,2230.0,401.4,2631.4,Immediate Cash,Paid
INV-000469,SO-000469,2024-04-29,2024-04-29,CUST-021,Mohammed Riyaz (Home Renovation),BR-01,195.0,35.1,230.1,Immediate Cash,Paid
INV-000470,SO-000470,2024-04-29,2024-06-13,CUST-029,Raghavendra Infrastructure Developers,BR-02,156087.0,28095.66,184182.66,Net 45,Paid
INV-000471,SO-000471,2024-04-30,2024-04-30,CUST-014,Siva Shankaran (Individual Home),BR-01,895.0,161.1,1056.1,Immediate Cash,Paid
INV-000472,SO-000472,2024-04-30,2024-06-14,CUST-029,Raghavendra Infrastructure Developers,BR-02,25455.0,4581.9,30036.9,Net 45,Paid
INV-000473,SO-000473,2024-04-30,2024-06-14,CUST-011,Victory Housing Projects Phase 2,BR-01,32520.0,5853.6,38373.6,Net 45,Paid
INV-000474,SO-000474,2024-04-30,2024-05-30,CUST-001,Balaji Electrical Contractors,BR-01,27560.0,4960.8,32520.8,Net 30,Paid
INV-000475,SO-000475,2024-04-30,2024-04-30,CUST-012,Karthik Residential Apartment Owner,BR-01,2760.0,496.8,3256.8,Immediate Card,Paid
INV-000476,SO-000476,2024-04-30,2024-05-30,CUST-043,Sundaram Hospital Maintenance,BR-03,240.0,43.2,283.2,Net 30,Paid
INV-000477,SO-000477,2024-05-01,2024-05-31,CUST-027,InnoTech Coworking Hub,BR-02,10170.0,1830.6,12000.6,Net 30,Paid
INV-000478,SO-000478,2024-05-01,2024-05-16,CUST-013,Metro Supermarket Tambaram,BR-01,185.0,33.3,218.3,Net 15,Paid
INV-000479,SO-000479,2024-05-01,2024-05-01,CUST-018,Lakshmi Vilas Sweets & Bakery,BR-01,280.0,50.4,330.4,Immediate UPI,Paid
INV-000480,SO-000480,2024-05-01,2024-05-08,CUST-008,Anbu Electricals (Anbazhagan),BR-01,15140.0,2725.2,17865.2,Net 7,Paid
INV-000481,SO-000481,2024-05-01,2024-05-16,CUST-020,Selvam Electrician Services,BR-01,12665.0,2279.7,14944.7,Net 15,Paid
INV-000482,SO-000482,2024-05-02,2024-06-16,CUST-011,Victory Housing Projects Phase 2,BR-01,33900.0,6102.0,40002.0,Net 45,Paid
INV-000483,SO-000483,2024-05-02,2024-05-17,CUST-026,Manjunatha Electrical Works,BR-02,11300.0,2034.0,13334.0,Net 15,Paid
INV-000484,SO-000484,2024-05-02,2024-06-01,CUST-007,TechPark Facility Maintenance Team,BR-01,5520.0,993.6,6513.6,Net 30,Paid
INV-000485,SO-000485,2024-05-03,2024-06-02,CUST-016,Royal Comfort Residency Hotel,BR-01,4339.0,781.02,5120.02,Net 30,Paid
INV-000486,SO-000486,2024-05-03,2024-05-18,CUST-039,Rangasamy Electrician Workshop,BR-03,9060.0,1630.8,10690.8,Net 15,Paid
INV-000487,SO-000487,2024-05-03,2024-06-02,CUST-025,Brigade Vista Apartment Owners Assn,BR-02,6210.0,1117.8,7327.8,Net 30,Paid
INV-000488,SO-000488,2024-05-03,2024-05-18,CUST-038,Marutham Electrical & Power Agency,BR-03,170049.0,30608.82,200657.82,Net 15,Paid
INV-000489,SO-000489,2024-05-03,2024-06-17,CUST-011,Victory Housing Projects Phase 2,BR-01,131555.0,23679.9,155234.9,Net 45,Paid
INV-000490,SO-000490,2024-05-04,2024-05-04,CUST-031,Nandini Milk Parlour & Mart,BR-02,450.0,81.0,531.0,Immediate Cash,Paid
INV-000491,SO-000491,2024-05-04,2024-06-03,CUST-027,InnoTech Coworking Hub,BR-02,7206.0,1297.08,8503.08,Net 30,Paid
INV-000492,SO-000492,2024-05-04,2024-05-19,CUST-023,Kalam Brothers Electrical Store,BR-01,345475.0,62185.5,407660.5,Net 15,Paid
INV-000493,SO-000493,2024-05-04,2024-05-04,CUST-006,Dr. Priya Sundaram (Home Clinic),BR-01,12055.0,2169.9,14224.9,Immediate UPI,Paid
INV-000494,SO-000494,2024-05-04,2024-06-18,CUST-011,Victory Housing Projects Phase 2,BR-01,59547.0,10718.46,70265.46,Net 45,Paid
INV-000495,SO-000495,2024-05-04,2024-05-04,CUST-045,Karthika Departmental Store,BR-03,625.0,112.5,737.5,Immediate Cash,Paid
INV-000496,SO-000496,2024-05-04,2024-05-04,CUST-012,Karthik Residential Apartment Owner,BR-01,730.0,131.4,861.4,Immediate Card,Paid
INV-000497,SO-000497,2024-05-06,2024-06-05,CUST-007,TechPark Facility Maintenance Team,BR-01,905.0,162.9,1067.9,Net 30,Paid
INV-000498,SO-000498,2024-05-06,2024-05-21,CUST-003,Saravana Electric Works (Govindaraj),BR-01,2050.0,369.0,2419.0,Net 15,Paid
INV-000499,SO-000499,2024-05-06,2024-06-05,CUST-022,Global Smart Solutions (P) Ltd,BR-01,44070.0,7932.6,52002.6,Net 30,Paid
INV-000500,SO-000500,2024-05-06,2024-06-05,CUST-040,Sri Krishna Engineering College Hostel,BR-03,5135.0,924.3,6059.3,Net 30,Paid
INV-000501,SO-000501,2024-05-06,2024-05-21,CUST-023,Kalam Brothers Electrical Store,BR-01,241146.0,43406.28,284552.28,Net 15,Paid
INV-000502,SO-000502,2024-05-06,2024-05-06,CUST-031,Nandini Milk Parlour & Mart,BR-02,2075.0,373.5,2448.5,Immediate Cash,Paid
INV-000503,SO-000503,2024-05-07,2024-06-06,CUST-043,Sundaram Hospital Maintenance,BR-03,1380.0,248.4,1628.4,Net 30,Paid
INV-000504,SO-000504,2024-05-07,2024-06-06,CUST-028,Sri Venkateshwara Hardware & Electricals,BR-02,37214.0,6698.52,43912.52,Net 30,Paid
INV-000505,SO-000505,2024-05-07,2024-05-14,CUST-035,Gowda Electrical Repairs,BR-02,3032.0,545.76,3577.76,Net 7,Paid
INV-000506,SO-000506,2024-05-07,2024-06-06,CUST-019,Poompuhar Handicrafts Store,BR-01,720.0,129.6,849.6,Net 30,Paid
INV-000507,SO-000507,2024-05-08,2024-06-07,CUST-043,Sundaram Hospital Maintenance,BR-03,150.0,27.0,177.0,Net 30,Paid
INV-000508,SO-000508,2024-05-08,2024-05-23,CUST-013,Metro Supermarket Tambaram,BR-01,1375.0,247.5,1622.5,Net 15,Paid
INV-000509,SO-000509,2024-05-08,2024-05-23,CUST-013,Metro Supermarket Tambaram,BR-01,3032.0,545.76,3577.76,Net 15,Paid
INV-000510,SO-000510,2024-05-08,2024-05-08,CUST-012,Karthik Residential Apartment Owner,BR-01,480.0,86.4,566.4,Immediate Card,Paid
INV-000511,SO-000511,2024-05-09,2024-05-16,CUST-008,Anbu Electricals (Anbazhagan),BR-01,4156.0,748.08,4904.08,Net 7,Paid
INV-000512,SO-000512,2024-05-09,2024-05-09,CUST-006,Dr. Priya Sundaram (Home Clinic),BR-01,720.0,129.6,849.6,Immediate UPI,Paid
INV-000513,SO-000513,2024-05-09,2024-06-08,CUST-037,Kovai Textile Mills Facility Team,BR-03,13508.0,2431.44,15939.44,Net 30,Paid
INV-000514,SO-000514,2024-05-10,2024-05-10,CUST-012,Karthik Residential Apartment Owner,BR-01,1230.0,221.4,1451.4,Immediate Card,Paid
INV-000515,SO-000515,2024-05-10,2024-05-25,CUST-038,Marutham Electrical & Power Agency,BR-03,85407.0,15373.26,100780.26,Net 15,Paid
INV-000516,SO-000516,2024-05-10,2024-06-24,CUST-011,Victory Housing Projects Phase 2,BR-01,65192.0,11734.56,76926.56,Net 45,Paid
INV-000517,SO-000517,2024-05-10,2024-05-10,CUST-014,Siva Shankaran (Individual Home),BR-01,1700.0,306.0,2006.0,Immediate Cash,Paid
INV-000518,SO-000518,2024-05-10,2024-06-09,CUST-040,Sri Krishna Engineering College Hostel,BR-03,6109.0,1099.62,7208.62,Net 30,Paid
INV-000519,SO-000519,2024-05-10,2024-05-10,CUST-045,Karthika Departmental Store,BR-03,28380.0,5108.4,33488.4,Immediate Cash,Paid
INV-000520,SO-000520,2024-05-11,2024-05-11,CUST-005,Murugan Auto Garage & Works,BR-01,975.0,175.5,1150.5,Immediate Cash,Paid
INV-000521,SO-000521,2024-05-11,2024-06-25,CUST-041,Kongu Builders & Real Estate,BR-03,6667.0,1200.06,7867.06,Net 45,Paid
INV-000522,SO-000522,2024-05-11,2024-06-10,CUST-032,Cauvery Engineering Contractors,BR-02,49310.0,8875.8,58185.8,Net 30,Paid
INV-000523,SO-000523,2024-05-11,2024-05-26,CUST-026,Manjunatha Electrical Works,BR-02,16395.0,2951.1,19346.1,Net 15,Paid
INV-000524,SO-000524,2024-05-13,2024-05-28,CUST-020,Selvam Electrician Services,BR-01,816.0,146.88,962.88,Net 15,Paid
INV-000525,SO-000525,2024-05-13,2024-06-12,CUST-032,Cauvery Engineering Contractors,BR-02,42560.0,7660.8,50220.8,Net 30,Paid
INV-000526,SO-000526,2024-05-13,2024-05-28,CUST-003,Saravana Electric Works (Govindaraj),BR-01,19395.0,3491.1,22886.1,Net 15,Paid
INV-000527,SO-000527,2024-05-13,2024-06-12,CUST-016,Royal Comfort Residency Hotel,BR-01,10212.0,1838.16,12050.16,Net 30,Paid
INV-000528,SO-000528,2024-05-14,2024-05-14,CUST-012,Karthik Residential Apartment Owner,BR-01,2237.0,402.66,2639.66,Immediate Card,Paid
INV-000529,SO-000529,2024-05-14,2024-06-13,CUST-034,Silicon Valley PG Hostel Chain,BR-02,625.0,112.5,737.5,Net 30,Paid
INV-000530,SO-000530,2024-05-14,2024-06-13,CUST-043,Sundaram Hospital Maintenance,BR-03,1180.0,212.4,1392.4,Net 30,Paid
INV-000531,SO-000531,2024-05-14,2024-06-28,CUST-011,Victory Housing Projects Phase 2,BR-01,32025.0,5764.5,37789.5,Net 45,Paid
INV-000532,SO-000532,2024-05-15,2024-06-14,CUST-022,Global Smart Solutions (P) Ltd,BR-01,114260.0,20566.8,134826.8,Net 30,Paid
INV-000533,SO-000533,2024-05-15,2024-06-14,CUST-007,TechPark Facility Maintenance Team,BR-01,1535.0,276.3,1811.3,Net 30,Paid
INV-000534,SO-000534,2024-05-15,2024-06-29,CUST-004,Sri Ramakrishna Builders & Infra,BR-01,55694.0,10024.92,65718.92,Net 45,Paid
INV-000535,SO-000535,2024-05-15,2024-06-14,CUST-001,Balaji Electrical Contractors,BR-01,5403.0,972.54,6375.54,Net 30,Paid
INV-000536,SO-000536,2024-05-15,2024-06-14,CUST-009,Devi Agency & Lighting Store,BR-01,118585.0,21345.3,139930.3,Net 30,Paid
INV-000537,SO-000537,2024-05-15,2024-05-15,CUST-005,Murugan Auto Garage & Works,BR-01,16882.0,3038.76,19920.76,Immediate Cash,Paid
INV-000538,SO-000538,2024-05-15,2024-05-30,CUST-013,Metro Supermarket Tambaram,BR-01,12420.0,2235.6,14655.6,Net 15,Paid
INV-000539,SO-000539,2024-05-15,2024-06-14,CUST-009,Devi Agency & Lighting Store,BR-01,82275.0,14809.5,97084.5,Net 30,Paid
INV-000540,SO-000540,2024-05-16,2024-06-15,CUST-017,Apex Manufacturing Solutions,BR-01,11722.0,2109.96,13831.96,Net 30,Paid
INV-000541,SO-000541,2024-05-16,2024-05-16,CUST-018,Lakshmi Vilas Sweets & Bakery,BR-01,1978.0,356.04,2334.04,Immediate UPI,Paid
INV-000542,SO-000542,2024-05-16,2024-05-16,CUST-014,Siva Shankaran (Individual Home),BR-01,5220.0,939.6,6159.6,Immediate Cash,Paid
INV-000543,SO-000543,2024-05-16,2024-06-15,CUST-017,Apex Manufacturing Solutions,BR-01,1060.0,190.8,1250.8,Net 30,Paid
INV-000544,SO-000544,2024-05-16,2024-05-23,CUST-035,Gowda Electrical Repairs,BR-02,4840.0,871.2,5711.2,Net 7,Paid
INV-000545,SO-000545,2024-05-17,2024-06-16,CUST-032,Cauvery Engineering Contractors,BR-02,75290.0,13552.2,88842.2,Net 30,Paid
INV-000546,SO-000546,2024-05-17,2024-06-01,CUST-042,Velan Pump & Motor Spares Store,BR-03,146143.0,26305.74,172448.74,Net 15,Paid
INV-000547,SO-000547,2024-05-17,2024-06-16,CUST-007,TechPark Facility Maintenance Team,BR-01,1621.0,291.78,1912.78,Net 30,Paid
INV-000548,SO-000548,2024-05-18,2024-06-17,CUST-001,Balaji Electrical Contractors,BR-01,22800.0,4104.0,26904.0,Net 30,Paid
INV-000549,SO-000549,2024-05-18,2024-05-18,CUST-006,Dr. Priya Sundaram (Home Clinic),BR-01,450.0,81.0,531.0,Immediate UPI,Paid
INV-000550,SO-000550,2024-05-18,2024-06-02,CUST-039,Rangasamy Electrician Workshop,BR-03,35130.0,6323.4,41453.4,Net 15,Paid
INV-000551,SO-000551,2024-05-20,2024-06-04,CUST-023,Kalam Brothers Electrical Store,BR-01,250436.0,45078.48,295514.48,Net 15,Paid
INV-000552,SO-000552,2024-05-20,2024-06-19,CUST-027,InnoTech Coworking Hub,BR-02,1515.0,272.7,1787.7,Net 30,Paid
INV-000553,SO-000553,2024-05-20,2024-06-19,CUST-009,Devi Agency & Lighting Store,BR-01,209959.0,37792.62,247751.62,Net 30,Paid
INV-000554,SO-000554,2024-05-20,2024-05-20,CUST-005,Murugan Auto Garage & Works,BR-01,355.0,63.9,418.9,Immediate Cash,Paid
INV-000555,SO-000555,2024-05-20,2024-05-20,CUST-005,Murugan Auto Garage & Works,BR-01,65.0,11.7,76.7,Immediate Cash,Paid
INV-000556,SO-000556,2024-05-20,2024-06-19,CUST-009,Devi Agency & Lighting Store,BR-01,311593.0,56086.74,367679.74,Net 30,Paid
INV-000557,SO-000557,2024-05-21,2024-06-20,CUST-034,Silicon Valley PG Hostel Chain,BR-02,2150.0,387.0,2537.0,Net 30,Paid
INV-000558,SO-000558,2024-05-21,2024-07-05,CUST-011,Victory Housing Projects Phase 2,BR-01,42445.0,7640.1,50085.1,Net 45,Paid
INV-000559,SO-000559,2024-05-21,2024-06-05,CUST-039,Rangasamy Electrician Workshop,BR-03,855.0,153.9,1008.9,Net 15,Paid
INV-000560,SO-000560,2024-05-22,2024-06-06,CUST-013,Metro Supermarket Tambaram,BR-01,11170.0,2010.6,13180.6,Net 15,Paid
INV-000561,SO-000561,2024-05-22,2024-06-06,CUST-003,Saravana Electric Works (Govindaraj),BR-01,14235.0,2562.3,16797.3,Net 15,Paid
INV-000562,SO-000562,2024-05-22,2024-06-21,CUST-040,Sri Krishna Engineering College Hostel,BR-03,470.0,84.6,554.6,Net 30,Paid
INV-000563,SO-000563,2024-05-22,2024-05-22,CUST-006,Dr. Priya Sundaram (Home Clinic),BR-01,255.0,45.9,300.9,Immediate UPI,Paid
INV-000564,SO-000564,2024-05-22,2024-05-22,CUST-018,Lakshmi Vilas Sweets & Bakery,BR-01,2547.0,458.46,3005.46,Immediate UPI,Paid
INV-000565,SO-000565,2024-05-22,2024-05-22,CUST-031,Nandini Milk Parlour & Mart,BR-02,915.0,164.7,1079.7,Immediate Cash,Paid
INV-000566,SO-000566,2024-05-23,2024-06-22,CUST-009,Devi Agency & Lighting Store,BR-01,264370.0,47586.6,311956.6,Net 30,Paid
INV-000567,SO-000567,2024-05-23,2024-05-23,CUST-005,Murugan Auto Garage & Works,BR-01,720.0,129.6,849.6,Immediate Cash,Paid
INV-000568,SO-000568,2024-05-23,2024-05-23,CUST-030,Dr. Arvind Rao Dental Clinic,BR-02,605.0,108.9,713.9,Immediate UPI,Paid
INV-000569,SO-000569,2024-05-23,2024-06-07,CUST-013,Metro Supermarket Tambaram,BR-01,3073.0,553.14,3626.14,Net 15,Paid
INV-000570,SO-000570,2024-05-23,2024-05-23,CUST-014,Siva Shankaran (Individual Home),BR-01,830.0,149.4,979.4,Immediate Cash,Paid
INV-000571,SO-000571,2024-05-23,2024-05-23,CUST-014,Siva Shankaran (Individual Home),BR-01,850.0,153.0,1003.0,Immediate Cash,Paid
INV-000572,SO-000572,2024-05-23,2024-07-07,CUST-041,Kongu Builders & Real Estate,BR-03,11885.0,2139.3,14024.3,Net 45,Paid
INV-000573,SO-000573,2024-05-23,2024-05-23,CUST-031,Nandini Milk Parlour & Mart,BR-02,475.0,85.5,560.5,Immediate Cash,Paid
INV-000574,SO-000574,2024-05-24,2024-05-24,CUST-005,Murugan Auto Garage & Works,BR-01,6450.0,1161.0,7611.0,Immediate Cash,Paid
INV-000575,SO-000575,2024-05-24,2024-05-24,CUST-021,Mohammed Riyaz (Home Renovation),BR-01,130.0,23.4,153.4,Immediate Cash,Paid
INV-000576,SO-000576,2024-05-24,2024-06-23,CUST-009,Devi Agency & Lighting Store,BR-01,96223.0,17320.14,113543.14,Net 30,Paid
INV-000577,SO-000577,2024-05-24,2024-05-24,CUST-030,Dr. Arvind Rao Dental Clinic,BR-02,10940.0,1969.2,12909.2,Immediate UPI,Paid
INV-000578,SO-000578,2024-05-25,2024-05-25,CUST-030,Dr. Arvind Rao Dental Clinic,BR-02,11370.0,2046.6,13416.6,Immediate UPI,Paid
INV-000579,SO-000579,2024-05-25,2024-06-24,CUST-025,Brigade Vista Apartment Owners Assn,BR-02,16065.0,2891.7,18956.7,Net 30,Paid
INV-000580,SO-000580,2024-05-25,2024-06-24,CUST-040,Sri Krishna Engineering College Hostel,BR-03,10385.0,1869.3,12254.3,Net 30,Paid
INV-000581,SO-000581,2024-05-25,2024-05-25,CUST-030,Dr. Arvind Rao Dental Clinic,BR-02,795.0,143.1,938.1,Immediate UPI,Paid
INV-000582,SO-000582,2024-05-27,2024-06-26,CUST-027,InnoTech Coworking Hub,BR-02,75.0,13.5,88.5,Net 30,Paid
INV-000583,SO-000583,2024-05-27,2024-06-11,CUST-042,Velan Pump & Motor Spares Store,BR-03,139251.0,25065.18,164316.18,Net 15,Paid
INV-000584,SO-000584,2024-05-27,2024-05-27,CUST-014,Siva Shankaran (Individual Home),BR-01,175.0,31.5,206.5,Immediate Cash,Paid
INV-000585,SO-000585,2024-05-28,2024-06-27,CUST-037,Kovai Textile Mills Facility Team,BR-03,975.0,175.5,1150.5,Net 30,Paid
INV-000586,SO-000586,2024-05-28,2024-06-27,CUST-016,Royal Comfort Residency Hotel,BR-01,7260.0,1306.8,8566.8,Net 30,Paid
INV-000587,SO-000587,2024-05-28,2024-05-28,CUST-012,Karthik Residential Apartment Owner,BR-01,175.0,31.5,206.5,Immediate Card,Paid
INV-000588,SO-000588,2024-05-29,2024-06-05,CUST-008,Anbu Electricals (Anbazhagan),BR-01,22830.0,4109.4,26939.4,Net 7,Paid
INV-000589,SO-000589,2024-05-29,2024-06-05,CUST-008,Anbu Electricals (Anbazhagan),BR-01,1854.0,333.72,2187.72,Net 7,Paid
INV-000590,SO-000590,2024-05-29,2024-06-28,CUST-032,Cauvery Engineering Contractors,BR-02,70200.0,12636.0,82836.0,Net 30,Paid
INV-000591,SO-000591,2024-05-30,2024-05-30,CUST-033,Suresh Babu (Villa Construction),BR-02,16065.0,2891.7,18956.7,Immediate Card,Paid
INV-000592,SO-000592,2024-05-30,2024-06-06,CUST-008,Anbu Electricals (Anbazhagan),BR-01,1886.0,339.48,2225.48,Net 7,Paid
INV-000593,SO-000593,2024-05-30,2024-06-29,CUST-001,Balaji Electrical Contractors,BR-01,80717.0,14529.06,95246.06,Net 30,Paid
INV-000594,SO-000594,2024-05-31,2024-06-30,CUST-027,InnoTech Coworking Hub,BR-02,240.0,43.2,283.2,Net 30,Paid
INV-000595,SO-000595,2024-05-31,2024-06-30,CUST-037,Kovai Textile Mills Facility Team,BR-03,30.0,5.4,35.4,Net 30,Paid
INV-000596,SO-000596,2024-05-31,2024-06-30,CUST-007,TechPark Facility Maintenance Team,BR-01,15456.0,2782.08,18238.08,Net 30,Paid
INV-000597,SO-000597,2024-05-31,2024-06-30,CUST-040,Sri Krishna Engineering College Hostel,BR-03,75.0,13.5,88.5,Net 30,Paid
INV-000598,SO-000598,2024-05-31,2024-06-07,CUST-035,Gowda Electrical Repairs,BR-02,2270.0,408.6,2678.6,Net 7,Paid
INV-000599,SO-000599,2024-06-01,2024-07-01,CUST-010,Vels Vidyashram School Campus,BR-01,3245.0,584.1,3829.1,Net 30,Paid
INV-000600,SO-000600,2024-06-01,2024-06-16,CUST-023,Kalam Brothers Electrical Store,BR-01,87700.0,15786.0,103486.0,Net 15,Paid
INV-000601,SO-000601,2024-06-01,2024-07-01,CUST-015,Srinivasan & Sons Contractor,BR-01,81580.0,14684.4,96264.4,Net 30,Paid
INV-000602,SO-000602,2024-06-01,2024-06-01,CUST-012,Karthik Residential Apartment Owner,BR-01,630.0,113.4,743.4,Immediate Card,Paid
INV-000603,SO-000603,2024-06-01,2024-06-08,CUST-008,Anbu Electricals (Anbazhagan),BR-01,730.0,131.4,861.4,Net 7,Paid
INV-000604,SO-000604,2024-06-03,2024-06-03,CUST-005,Murugan Auto Garage & Works,BR-01,7260.0,1306.8,8566.8,Immediate Cash,Paid
INV-000605,SO-000605,2024-06-03,2024-07-03,CUST-007,TechPark Facility Maintenance Team,BR-01,4300.0,774.0,5074.0,Net 30,Paid
INV-000606,SO-000606,2024-06-03,2024-06-18,CUST-020,Selvam Electrician Services,BR-01,8714.0,1568.52,10282.52,Net 15,Paid
INV-000607,SO-000607,2024-06-03,2024-07-03,CUST-017,Apex Manufacturing Solutions,BR-01,560.0,100.8,660.8,Net 30,Paid
INV-000608,SO-000608,2024-06-04,2024-07-04,CUST-015,Srinivasan & Sons Contractor,BR-01,48012.0,8642.16,56654.16,Net 30,Paid
INV-000609,SO-000609,2024-06-04,2024-06-19,CUST-002,Kalaivani Hardware & Paints,BR-01,325438.0,58578.84,384016.84,Net 15,Paid
INV-000610,SO-000610,2024-06-04,2024-06-11,CUST-044,Mani Bros Electricals (Mani),BR-03,22335.0,4020.3,26355.3,Net 7,Paid
INV-000611,SO-000611,2024-06-04,2024-07-04,CUST-037,Kovai Textile Mills Facility Team,BR-03,3690.0,664.2,4354.2,Net 30,Paid
INV-000612,SO-000612,2024-06-04,2024-06-04,CUST-005,Murugan Auto Garage & Works,BR-01,90.0,16.2,106.2,Immediate Cash,Paid
INV-000613,SO-000613,2024-06-05,2024-07-05,CUST-019,Poompuhar Handicrafts Store,BR-01,110.0,19.8,129.8,Net 30,Paid
INV-000614,SO-000614,2024-06-05,2024-06-05,CUST-012,Karthik Residential Apartment Owner,BR-01,1900.0,342.0,2242.0,Immediate Card,Paid
INV-000615,SO-000615,2024-06-05,2024-07-05,CUST-027,InnoTech Coworking Hub,BR-02,8650.0,1557.0,10207.0,Net 30,Paid
INV-000616,SO-000616,2024-06-06,2024-06-06,CUST-030,Dr. Arvind Rao Dental Clinic,BR-02,80.0,14.4,94.4,Immediate UPI,Paid
INV-000617,SO-000617,2024-06-06,2024-06-21,CUST-002,Kalaivani Hardware & Paints,BR-01,248770.0,44778.6,293548.6,Net 15,Paid
INV-000618,SO-000618,2024-06-06,2024-06-06,CUST-018,Lakshmi Vilas Sweets & Bakery,BR-01,12690.0,2284.2,14974.2,Immediate UPI,Paid
INV-000619,SO-000619,2024-06-06,2024-07-21,CUST-004,Sri Ramakrishna Builders & Infra,BR-01,26615.0,4790.7,31405.7,Net 45,Paid
INV-000620,SO-000620,2024-06-07,2024-07-07,CUST-001,Balaji Electrical Contractors,BR-01,96030.0,17285.4,113315.4,Net 30,Paid
INV-000621,SO-000621,2024-06-07,2024-07-07,CUST-043,Sundaram Hospital Maintenance,BR-03,720.0,129.6,849.6,Net 30,Paid
INV-000622,SO-000622,2024-06-07,2024-07-07,CUST-032,Cauvery Engineering Contractors,BR-02,24925.0,4486.5,29411.5,Net 30,Paid
INV-000623,SO-000623,2024-06-08,2024-06-08,CUST-030,Dr. Arvind Rao Dental Clinic,BR-02,4465.0,803.7,5268.7,Immediate UPI,Paid
INV-000624,SO-000624,2024-06-08,2024-07-08,CUST-034,Silicon Valley PG Hostel Chain,BR-02,515.0,92.7,607.7,Net 30,Paid
INV-000625,SO-000625,2024-06-08,2024-06-08,CUST-031,Nandini Milk Parlour & Mart,BR-02,5210.0,937.8,6147.8,Immediate Cash,Paid
INV-000626,SO-000626,2024-06-10,2024-06-10,CUST-031,Nandini Milk Parlour & Mart,BR-02,1265.0,227.7,1492.7,Immediate Cash,Paid
INV-000627,SO-000627,2024-06-10,2024-07-10,CUST-027,InnoTech Coworking Hub,BR-02,220.0,39.6,259.6,Net 30,Paid
INV-000628,SO-000628,2024-06-10,2024-06-10,CUST-045,Karthika Departmental Store,BR-03,1620.0,291.6,1911.6,Immediate Cash,Paid
INV-000629,SO-000629,2024-06-10,2024-07-10,CUST-017,Apex Manufacturing Solutions,BR-01,3465.0,623.7,4088.7,Net 30,Paid
INV-000630,SO-000630,2024-06-10,2024-07-10,CUST-001,Balaji Electrical Contractors,BR-01,146690.0,26404.2,173094.2,Net 30,Paid
INV-000631,SO-000631,2024-06-10,2024-07-10,CUST-037,Kovai Textile Mills Facility Team,BR-03,900.0,162.0,1062.0,Net 30,Paid
INV-000632,SO-000632,2024-06-10,2024-07-10,CUST-019,Poompuhar Handicrafts Store,BR-01,2710.0,487.8,3197.8,Net 30,Paid
INV-000633,SO-000633,2024-06-10,2024-06-17,CUST-008,Anbu Electricals (Anbazhagan),BR-01,5173.0,931.14,6104.14,Net 7,Paid
INV-000634,SO-000634,2024-06-11,2024-07-11,CUST-027,InnoTech Coworking Hub,BR-02,820.0,147.6,967.6,Net 30,Paid
INV-000635,SO-000635,2024-06-11,2024-07-11,CUST-015,Srinivasan & Sons Contractor,BR-01,10395.0,1871.1,12266.1,Net 30,Paid
INV-000636,SO-000636,2024-06-11,2024-06-18,CUST-008,Anbu Electricals (Anbazhagan),BR-01,3967.0,714.06,4681.06,Net 7,Paid
INV-000637,SO-000637,2024-06-12,2024-07-12,CUST-015,Srinivasan & Sons Contractor,BR-01,59543.0,10717.74,70260.74,Net 30,Paid
INV-000638,SO-000638,2024-06-12,2024-07-12,CUST-036,Urban Spaces Interior Studio,BR-02,17455.0,3141.9,20596.9,Net 30,Paid
INV-000639,SO-000639,2024-06-12,2024-07-12,CUST-040,Sri Krishna Engineering College Hostel,BR-03,315.0,56.7,371.7,Net 30,Paid
INV-000640,SO-000640,2024-06-12,2024-06-27,CUST-039,Rangasamy Electrician Workshop,BR-03,2120.0,381.6,2501.6,Net 15,Paid
INV-000641,SO-000641,2024-06-13,2024-07-13,CUST-017,Apex Manufacturing Solutions,BR-01,360.0,64.8,424.8,Net 30,Paid
INV-000642,SO-000642,2024-06-13,2024-07-13,CUST-019,Poompuhar Handicrafts Store,BR-01,830.0,149.4,979.4,Net 30,Paid
INV-000643,SO-000643,2024-06-13,2024-06-13,CUST-021,Mohammed Riyaz (Home Renovation),BR-01,295.0,53.1,348.1,Immediate Cash,Paid
INV-000644,SO-000644,2024-06-13,2024-07-28,CUST-041,Kongu Builders & Real Estate,BR-03,162765.0,29297.7,192062.7,Net 45,Paid
INV-000645,SO-000645,2024-06-13,2024-07-28,CUST-029,Raghavendra Infrastructure Developers,BR-02,63421.0,11415.78,74836.78,Net 45,Paid
INV-000646,SO-000646,2024-06-13,2024-07-13,CUST-028,Sri Venkateshwara Hardware & Electricals,BR-02,439420.0,79095.6,518515.6,Net 30,Paid
INV-000647,SO-000647,2024-06-13,2024-06-13,CUST-021,Mohammed Riyaz (Home Renovation),BR-01,7455.0,1341.9,8796.9,Immediate Cash,Paid
INV-000648,SO-000648,2024-06-14,2024-07-14,CUST-015,Srinivasan & Sons Contractor,BR-01,156660.0,28198.8,184858.8,Net 30,Paid
INV-000649,SO-000649,2024-06-14,2024-06-14,CUST-021,Mohammed Riyaz (Home Renovation),BR-01,1820.0,327.6,2147.6,Immediate Cash,Paid
INV-000650,SO-000650,2024-06-14,2024-06-14,CUST-033,Suresh Babu (Villa Construction),BR-02,7050.0,1269.0,8319.0,Immediate Card,Paid
INV-000651,SO-000651,2024-06-15,2024-07-15,CUST-009,Devi Agency & Lighting Store,BR-01,180020.0,32403.6,212423.6,Net 30,Paid
INV-000652,SO-000652,2024-06-15,2024-07-15,CUST-009,Devi Agency & Lighting Store,BR-01,65320.0,11757.6,77077.6,Net 30,Paid
INV-000653,SO-000653,2024-06-15,2024-07-15,CUST-022,Global Smart Solutions (P) Ltd,BR-01,160615.0,28910.7,189525.7,Net 30,Paid
INV-000654,SO-000654,2024-06-15,2024-06-15,CUST-018,Lakshmi Vilas Sweets & Bakery,BR-01,1100.0,198.0,1298.0,Immediate UPI,Paid
INV-000655,SO-000655,2024-06-15,2024-07-15,CUST-037,Kovai Textile Mills Facility Team,BR-03,680.0,122.4,802.4,Net 30,Paid
INV-000656,SO-000656,2024-06-15,2024-07-15,CUST-040,Sri Krishna Engineering College Hostel,BR-03,2590.0,466.2,3056.2,Net 30,Paid
INV-000657,SO-000657,2024-06-15,2024-07-15,CUST-010,Vels Vidyashram School Campus,BR-01,1700.0,306.0,2006.0,Net 30,Paid
INV-000658,SO-000658,2024-06-17,2024-07-17,CUST-046,Annamalai Agro Processing Unit,BR-03,495.0,89.1,584.1,Net 30,Paid
INV-000659,SO-000659,2024-06-17,2024-06-17,CUST-021,Mohammed Riyaz (Home Renovation),BR-01,165.0,29.7,194.7,Immediate Cash,Paid
INV-000660,SO-000660,2024-06-18,2024-06-18,CUST-045,Karthika Departmental Store,BR-03,240.0,43.2,283.2,Immediate Cash,Paid
INV-000661,SO-000661,2024-06-18,2024-07-18,CUST-036,Urban Spaces Interior Studio,BR-02,19820.0,3567.6,23387.6,Net 30,Paid
INV-000662,SO-000662,2024-06-18,2024-06-18,CUST-014,Siva Shankaran (Individual Home),BR-01,65.0,11.7,76.7,Immediate Cash,Paid
INV-000663,SO-000663,2024-06-18,2024-06-18,CUST-014,Siva Shankaran (Individual Home),BR-01,2370.0,426.6,2796.6,Immediate Cash,Paid
INV-000664,SO-000664,2024-06-18,2024-07-18,CUST-016,Royal Comfort Residency Hotel,BR-01,11590.0,2086.2,13676.2,Net 30,Paid
INV-000665,SO-000665,2024-06-18,2024-07-18,CUST-015,Srinivasan & Sons Contractor,BR-01,8542.0,1537.56,10079.56,Net 30,Paid
INV-000666,SO-000666,2024-06-19,2024-07-19,CUST-017,Apex Manufacturing Solutions,BR-01,4300.0,774.0,5074.0,Net 30,Paid
INV-000667,SO-000667,2024-06-19,2024-06-26,CUST-008,Anbu Electricals (Anbazhagan),BR-01,15940.0,2869.2,18809.2,Net 7,Paid
INV-000668,SO-000668,2024-06-19,2024-06-26,CUST-035,Gowda Electrical Repairs,BR-02,12786.0,2301.48,15087.48,Net 7,Paid
INV-000669,SO-000669,2024-06-19,2024-07-19,CUST-019,Poompuhar Handicrafts Store,BR-01,2350.0,423.0,2773.0,Net 30,Paid
INV-000670,SO-000670,2024-06-19,2024-06-19,CUST-018,Lakshmi Vilas Sweets & Bakery,BR-01,175.0,31.5,206.5,Immediate UPI,Paid
INV-000671,SO-000671,2024-06-20,2024-07-05,CUST-038,Marutham Electrical & Power Agency,BR-03,186205.0,33516.9,219721.9,Net 15,Paid
INV-000672,SO-000672,2024-06-20,2024-06-20,CUST-045,Karthika Departmental Store,BR-03,2965.0,533.7,3498.7,Immediate Cash,Paid
INV-000673,SO-000673,2024-06-20,2024-06-27,CUST-035,Gowda Electrical Repairs,BR-02,2650.0,477.0,3127.0,Net 7,Paid
INV-000674,SO-000674,2024-06-20,2024-08-04,CUST-041,Kongu Builders & Real Estate,BR-03,56210.0,10117.8,66327.8,Net 45,Paid
INV-000675,SO-000675,2024-06-20,2024-07-20,CUST-010,Vels Vidyashram School Campus,BR-01,3150.0,567.0,3717.0,Net 30,Paid
INV-000676,SO-000676,2024-06-20,2024-06-20,CUST-033,Suresh Babu (Villa Construction),BR-02,1440.0,259.2,1699.2,Immediate Card,Paid
INV-000677,SO-000677,2024-06-20,2024-08-04,CUST-011,Victory Housing Projects Phase 2,BR-01,46125.0,8302.5,54427.5,Net 45,Paid
INV-000678,SO-000678,2024-06-20,2024-07-20,CUST-010,Vels Vidyashram School Campus,BR-01,2030.0,365.4,2395.4,Net 30,Paid
INV-000679,SO-000679,2024-06-21,2024-07-06,CUST-020,Selvam Electrician Services,BR-01,11970.0,2154.6,14124.6,Net 15,Paid
INV-000680,SO-000680,2024-06-21,2024-07-06,CUST-013,Metro Supermarket Tambaram,BR-01,10480.0,1886.4,12366.4,Net 15,Paid
INV-000681,SO-000681,2024-06-21,2024-06-21,CUST-014,Siva Shankaran (Individual Home),BR-01,2710.0,487.8,3197.8,Immediate Cash,Paid
INV-000682,SO-000682,2024-06-22,2024-07-22,CUST-037,Kovai Textile Mills Facility Team,BR-03,2630.0,473.4,3103.4,Net 30,Paid
INV-000683,SO-000683,2024-06-22,2024-08-06,CUST-004,Sri Ramakrishna Builders & Infra,BR-01,62475.0,11245.5,73720.5,Net 45,Paid
INV-000684,SO-000684,2024-06-22,2024-06-22,CUST-014,Siva Shankaran (Individual Home),BR-01,6450.0,1161.0,7611.0,Immediate Cash,Paid
INV-000685,SO-000685,2024-06-22,2024-07-22,CUST-036,Urban Spaces Interior Studio,BR-02,75150.0,13527.0,88677.0,Net 30,Paid
INV-000686,SO-000686,2024-06-24,2024-06-24,CUST-030,Dr. Arvind Rao Dental Clinic,BR-02,1040.0,187.2,1227.2,Immediate UPI,Paid
INV-000687,SO-000687,2024-06-24,2024-07-09,CUST-002,Kalaivani Hardware & Paints,BR-01,307786.0,55401.48,363187.48,Net 15,Paid
INV-000688,SO-000688,2024-06-24,2024-07-24,CUST-043,Sundaram Hospital Maintenance,BR-03,175.0,31.5,206.5,Net 30,Paid
INV-000689,SO-000689,2024-06-24,2024-07-24,CUST-001,Balaji Electrical Contractors,BR-01,61494.0,11068.92,72562.92,Net 30,Paid
INV-000690,SO-000690,2024-06-24,2024-06-24,CUST-030,Dr. Arvind Rao Dental Clinic,BR-02,1100.0,198.0,1298.0,Immediate UPI,Paid
INV-000691,SO-000691,2024-06-24,2024-07-24,CUST-009,Devi Agency & Lighting Store,BR-01,111435.0,20058.3,131493.3,Net 30,Paid
INV-000692,SO-000692,2024-06-24,2024-07-09,CUST-038,Marutham Electrical & Power Agency,BR-03,90915.0,16364.7,107279.7,Net 15,Paid
INV-000693,SO-000693,2024-06-25,2024-07-25,CUST-034,Silicon Valley PG Hostel Chain,BR-02,935.0,168.3,1103.3,Net 30,Paid
INV-000694,SO-000694,2024-06-25,2024-06-25,CUST-031,Nandini Milk Parlour & Mart,BR-02,1290.0,232.2,1522.2,Immediate Cash,Paid
INV-000695,SO-000695,2024-06-25,2024-07-02,CUST-035,Gowda Electrical Repairs,BR-02,2300.0,414.0,2714.0,Net 7,Paid
INV-000696,SO-000696,2024-06-26,2024-07-26,CUST-007,TechPark Facility Maintenance Team,BR-01,4430.0,797.4,5227.4,Net 30,Paid
INV-000697,SO-000697,2024-06-26,2024-07-11,CUST-020,Selvam Electrician Services,BR-01,3265.0,587.7,3852.7,Net 15,Paid
INV-000698,SO-000698,2024-06-26,2024-07-26,CUST-028,Sri Venkateshwara Hardware & Electricals,BR-02,225295.0,40553.1,265848.1,Net 30,Paid
INV-000699,SO-000699,2024-06-26,2024-07-26,CUST-007,TechPark Facility Maintenance Team,BR-01,2550.0,459.0,3009.0,Net 30,Paid
INV-000700,SO-000700,2024-06-26,2024-07-11,CUST-039,Rangasamy Electrician Workshop,BR-03,7725.0,1390.5,9115.5,Net 15,Paid
INV-000701,SO-000701,2024-06-26,2024-07-11,CUST-020,Selvam Electrician Services,BR-01,8489.0,1528.02,10017.02,Net 15,Paid
INV-000702,SO-000702,2024-06-26,2024-07-11,CUST-023,Kalam Brothers Electrical Store,BR-01,71565.0,12881.7,84446.7,Net 15,Paid
INV-000703,SO-000703,2024-06-27,2024-06-27,CUST-033,Suresh Babu (Villa Construction),BR-02,2580.0,464.4,3044.4,Immediate Card,Paid
INV-000704,SO-000704,2024-06-27,2024-07-27,CUST-028,Sri Venkateshwara Hardware & Electricals,BR-02,287795.0,51803.1,339598.1,Net 30,Paid
INV-000705,SO-000705,2024-06-27,2024-07-04,CUST-044,Mani Bros Electricals (Mani),BR-03,1965.0,353.7,2318.7,Net 7,Paid
INV-000706,SO-000706,2024-06-27,2024-07-04,CUST-035,Gowda Electrical Repairs,BR-02,8930.0,1607.4,10537.4,Net 7,Paid
INV-000707,SO-000707,2024-06-27,2024-07-12,CUST-003,Saravana Electric Works (Govindaraj),BR-01,11675.0,2101.5,13776.5,Net 15,Paid
INV-000708,SO-000708,2024-06-27,2024-07-27,CUST-028,Sri Venkateshwara Hardware & Electricals,BR-02,51825.0,9328.5,61153.5,Net 30,Paid
INV-000709,SO-000709,2024-06-28,2024-07-05,CUST-044,Mani Bros Electricals (Mani),BR-03,4100.0,738.0,4838.0,Net 7,Paid
INV-000710,SO-000710,2024-06-28,2024-07-28,CUST-046,Annamalai Agro Processing Unit,BR-03,2375.0,427.5,2802.5,Net 30,Paid
INV-000711,SO-000711,2024-06-28,2024-07-28,CUST-001,Balaji Electrical Contractors,BR-01,17579.0,3164.22,20743.22,Net 30,Paid
INV-000712,SO-000712,2024-06-28,2024-07-28,CUST-019,Poompuhar Handicrafts Store,BR-01,180.0,32.4,212.4,Net 30,Paid
INV-000713,SO-000713,2024-06-29,2024-07-14,CUST-039,Rangasamy Electrician Workshop,BR-03,1920.0,345.6,2265.6,Net 15,Paid
INV-000714,SO-000714,2024-06-29,2024-07-29,CUST-027,InnoTech Coworking Hub,BR-02,7810.0,1405.8,9215.8,Net 30,Paid
INV-000715,SO-000715,2024-06-29,2024-08-13,CUST-029,Raghavendra Infrastructure Developers,BR-02,20684.0,3723.12,24407.12,Net 45,Paid
INV-000716,SO-000716,2024-06-29,2024-07-29,CUST-040,Sri Krishna Engineering College Hostel,BR-03,380.0,68.4,448.4,Net 30,Paid
INV-000717,SO-000717,2024-06-29,2024-08-13,CUST-011,Victory Housing Projects Phase 2,BR-01,22720.0,4089.6,26809.6,Net 45,Paid
INV-000718,SO-000718,2024-06-29,2024-07-29,CUST-022,Global Smart Solutions (P) Ltd,BR-01,11045.0,1988.1,13033.1,Net 30,Paid
INV-000719,SO-000719,2024-07-01,2024-07-31,CUST-022,Global Smart Solutions (P) Ltd,BR-01,60398.0,10871.64,71269.64,Net 30,Paid
INV-000720,SO-000720,2024-07-01,2024-07-31,CUST-037,Kovai Textile Mills Facility Team,BR-03,1010.0,181.8,1191.8,Net 30,Paid
INV-000721,SO-000721,2024-07-01,2024-07-16,CUST-020,Selvam Electrician Services,BR-01,28935.0,5208.3,34143.3,Net 15,Paid
INV-000722,SO-000722,2024-07-01,2024-07-01,CUST-033,Suresh Babu (Villa Construction),BR-02,1790.0,322.2,2112.2,Immediate Card,Paid
INV-000723,SO-000723,2024-07-01,2024-07-01,CUST-033,Suresh Babu (Villa Construction),BR-02,2515.0,452.7,2967.7,Immediate Card,Paid
INV-000724,SO-000724,2024-07-01,2024-07-01,CUST-031,Nandini Milk Parlour & Mart,BR-02,240.0,43.2,283.2,Immediate Cash,Paid
INV-000725,SO-000725,2024-07-01,2024-07-01,CUST-005,Murugan Auto Garage & Works,BR-01,4550.0,819.0,5369.0,Immediate Cash,Paid
INV-000726,SO-000726,2024-07-02,2024-08-01,CUST-032,Cauvery Engineering Contractors,BR-02,82389.0,14830.02,97219.02,Net 30,Paid
INV-000727,SO-000727,2024-07-02,2024-07-02,CUST-012,Karthik Residential Apartment Owner,BR-01,4715.0,848.7,5563.7,Immediate Card,Paid
INV-000728,SO-000728,2024-07-02,2024-07-02,CUST-018,Lakshmi Vilas Sweets & Bakery,BR-01,4850.0,873.0,5723.0,Immediate UPI,Paid
INV-000729,SO-000729,2024-07-02,2024-08-16,CUST-004,Sri Ramakrishna Builders & Infra,BR-01,57021.0,10263.78,67284.78,Net 45,Paid
INV-000730,SO-000730,2024-07-03,2024-08-02,CUST-017,Apex Manufacturing Solutions,BR-01,5200.0,936.0,6136.0,Net 30,Paid
INV-000731,SO-000731,2024-07-03,2024-07-03,CUST-033,Suresh Babu (Villa Construction),BR-02,520.0,93.6,613.6,Immediate Card,Paid
INV-000732,SO-000732,2024-07-03,2024-08-02,CUST-007,TechPark Facility Maintenance Team,BR-01,1330.0,239.4,1569.4,Net 30,Paid
INV-000733,SO-000733,2024-07-03,2024-07-18,CUST-013,Metro Supermarket Tambaram,BR-01,890.0,160.2,1050.2,Net 15,Paid
INV-000734,SO-000734,2024-07-03,2024-07-03,CUST-031,Nandini Milk Parlour & Mart,BR-02,2800.0,504.0,3304.0,Immediate Cash,Paid
INV-000735,SO-000735,2024-07-04,2024-08-18,CUST-004,Sri Ramakrishna Builders & Infra,BR-01,29086.0,5235.48,34321.48,Net 45,Paid
INV-000736,SO-000736,2024-07-04,2024-07-04,CUST-031,Nandini Milk Parlour & Mart,BR-02,1310.0,235.8,1545.8,Immediate Cash,Paid
INV-000737,SO-000737,2024-07-04,2024-07-19,CUST-039,Rangasamy Electrician Workshop,BR-03,8300.0,1494.0,9794.0,Net 15,Paid
INV-000738,SO-000738,2024-07-04,2024-08-03,CUST-037,Kovai Textile Mills Facility Team,BR-03,175.0,31.5,206.5,Net 30,Paid
INV-000739,SO-000739,2024-07-04,2024-07-04,CUST-005,Murugan Auto Garage & Works,BR-01,5765.0,1037.7,6802.7,Immediate Cash,Paid
INV-000740,SO-000740,2024-07-05,2024-08-04,CUST-017,Apex Manufacturing Solutions,BR-01,710.0,127.8,837.8,Net 30,Paid
INV-000741,SO-000741,2024-07-05,2024-07-20,CUST-003,Saravana Electric Works (Govindaraj),BR-01,4856.0,874.08,5730.08,Net 15,Paid
INV-000742,SO-000742,2024-07-05,2024-07-20,CUST-013,Metro Supermarket Tambaram,BR-01,65.0,11.7,76.7,Net 15,Paid
INV-000743,SO-000743,2024-07-05,2024-07-05,CUST-045,Karthika Departmental Store,BR-03,1055.0,189.9,1244.9,Immediate Cash,Paid
INV-000744,SO-000744,2024-07-05,2024-07-20,CUST-002,Kalaivani Hardware & Paints,BR-01,144135.5,25944.39,170079.89,Net 15,Paid
INV-000745,SO-000745,2024-07-06,2024-08-05,CUST-009,Devi Agency & Lighting Store,BR-01,213285.0,38391.3,251676.3,Net 30,Paid
INV-000746,SO-000746,2024-07-06,2024-07-06,CUST-014,Siva Shankaran (Individual Home),BR-01,125.0,22.5,147.5,Immediate Cash,Paid
INV-000747,SO-000747,2024-07-08,2024-08-07,CUST-007,TechPark Facility Maintenance Team,BR-01,5800.0,1044.0,6844.0,Net 30,Paid
INV-000748,SO-000748,2024-07-08,2024-08-07,CUST-016,Royal Comfort Residency Hotel,BR-01,75.0,13.5,88.5,Net 30,Paid
INV-000749,SO-000749,2024-07-08,2024-08-22,CUST-011,Victory Housing Projects Phase 2,BR-01,54710.0,9847.8,64557.8,Net 45,Paid
INV-000750,SO-000750,2024-07-08,2024-08-07,CUST-010,Vels Vidyashram School Campus,BR-01,940.0,169.2,1109.2,Net 30,Paid
INV-000751,SO-000751,2024-07-08,2024-08-07,CUST-027,InnoTech Coworking Hub,BR-02,995.0,179.1,1174.1,Net 30,Paid
INV-000752,SO-000752,2024-07-09,2024-08-08,CUST-015,Srinivasan & Sons Contractor,BR-01,97255.0,17505.9,114760.9,Net 30,Paid
INV-000753,SO-000753,2024-07-09,2024-07-24,CUST-003,Saravana Electric Works (Govindaraj),BR-01,5720.0,1029.6,6749.6,Net 15,Paid
INV-000754,SO-000754,2024-07-09,2024-08-08,CUST-037,Kovai Textile Mills Facility Team,BR-03,1715.0,308.7,2023.7,Net 30,Paid
INV-000755,SO-000755,2024-07-09,2024-08-08,CUST-032,Cauvery Engineering Contractors,BR-02,53704.5,9666.81,63371.31,Net 30,Paid
INV-000756,SO-000756,2024-07-10,2024-08-09,CUST-010,Vels Vidyashram School Campus,BR-01,2590.0,466.2,3056.2,Net 30,Paid
INV-000757,SO-000757,2024-07-10,2024-08-09,CUST-040,Sri Krishna Engineering College Hostel,BR-03,900.0,162.0,1062.0,Net 30,Paid
INV-000758,SO-000758,2024-07-10,2024-08-09,CUST-009,Devi Agency & Lighting Store,BR-01,40200.0,7236.0,47436.0,Net 30,Paid
INV-000759,SO-000759,2024-07-10,2024-07-10,CUST-005,Murugan Auto Garage & Works,BR-01,2150.0,387.0,2537.0,Immediate Cash,Paid
INV-000760,SO-000760,2024-07-11,2024-08-25,CUST-041,Kongu Builders & Real Estate,BR-03,41348.0,7442.64,48790.64,Net 45,Paid
INV-000761,SO-000761,2024-07-11,2024-07-26,CUST-003,Saravana Electric Works (Govindaraj),BR-01,8425.0,1516.5,9941.5,Net 15,Paid
INV-000762,SO-000762,2024-07-11,2024-08-10,CUST-028,Sri Venkateshwara Hardware & Electricals,BR-02,62503.0,11250.54,73753.54,Net 30,Paid
INV-000763,SO-000763,2024-07-12,2024-08-11,CUST-043,Sundaram Hospital Maintenance,BR-03,700.0,126.0,826.0,Net 30,Paid
INV-000764,SO-000764,2024-07-12,2024-08-26,CUST-029,Raghavendra Infrastructure Developers,BR-02,38408.0,6913.44,45321.44,Net 45,Paid
INV-000765,SO-000765,2024-07-12,2024-08-26,CUST-004,Sri Ramakrishna Builders & Infra,BR-01,15589.0,2806.02,18395.02,Net 45,Paid
INV-000766,SO-000766,2024-07-12,2024-07-27,CUST-020,Selvam Electrician Services,BR-01,1940.0,349.2,2289.2,Net 15,Paid
INV-000767,SO-000767,2024-07-12,2024-08-11,CUST-032,Cauvery Engineering Contractors,BR-02,22167.0,3990.06,26157.06,Net 30,Paid
INV-000768,SO-000768,2024-07-12,2024-08-11,CUST-046,Annamalai Agro Processing Unit,BR-03,3220.0,579.6,3799.6,Net 30,Paid
INV-000769,SO-000769,2024-07-12,2024-08-26,CUST-029,Raghavendra Infrastructure Developers,BR-02,32580.0,5864.4,38444.4,Net 45,Paid
INV-000770,SO-000770,2024-07-13,2024-08-12,CUST-036,Urban Spaces Interior Studio,BR-02,92729.0,16691.22,109420.22,Net 30,Paid
INV-000771,SO-000771,2024-07-13,2024-07-13,CUST-033,Suresh Babu (Villa Construction),BR-02,1750.0,315.0,2065.0,Immediate Card,Paid
INV-000772,SO-000772,2024-07-13,2024-07-28,CUST-042,Velan Pump & Motor Spares Store,BR-03,45615.0,8210.7,53825.7,Net 15,Paid
INV-000773,SO-000773,2024-07-13,2024-08-12,CUST-047,Kovai Elite Residency Hotel,BR-03,4450.0,801.0,5251.0,Net 30,Paid
INV-000774,SO-000774,2024-07-13,2024-08-12,CUST-037,Kovai Textile Mills Facility Team,BR-03,1750.0,315.0,2065.0,Net 30,Paid
INV-000775,SO-000775,2024-07-13,2024-08-12,CUST-047,Kovai Elite Residency Hotel,BR-03,850.0,153.0,1003.0,Net 30,Paid
INV-000776,SO-000776,2024-07-13,2024-07-28,CUST-026,Manjunatha Electrical Works,BR-02,3425.0,616.5,4041.5,Net 15,Paid
INV-000777,SO-000777,2024-07-15,2024-07-30,CUST-002,Kalaivani Hardware & Paints,BR-01,283300.0,50994.0,334294.0,Net 15,Paid
INV-000778,SO-000778,2024-07-15,2024-07-30,CUST-003,Saravana Electric Works (Govindaraj),BR-01,1356.0,244.08,1600.08,Net 15,Paid
INV-000779,SO-000779,2024-07-15,2024-08-14,CUST-036,Urban Spaces Interior Studio,BR-02,59057.5,10630.35,69687.85,Net 30,Paid
INV-000780,SO-000780,2024-07-15,2024-07-15,CUST-045,Karthika Departmental Store,BR-03,1290.0,232.2,1522.2,Immediate Cash,Paid
INV-000781,SO-000781,2024-07-15,2024-08-29,CUST-029,Raghavendra Infrastructure Developers,BR-02,9319.0,1677.42,10996.42,Net 45,Paid
INV-000782,SO-000782,2024-07-16,2024-07-23,CUST-035,Gowda Electrical Repairs,BR-02,1457.0,262.26,1719.26,Net 7,Paid
INV-000783,SO-000783,2024-07-16,2024-07-23,CUST-044,Mani Bros Electricals (Mani),BR-03,7520.0,1353.6,8873.6,Net 7,Paid
INV-000784,SO-000784,2024-07-16,2024-07-16,CUST-014,Siva Shankaran (Individual Home),BR-01,7215.0,1298.7,8513.7,Immediate Cash,Paid
INV-000785,SO-000785,2024-07-16,2024-08-15,CUST-015,Srinivasan & Sons Contractor,BR-01,132960.0,23932.8,156892.8,Net 30,Paid
INV-000786,SO-000786,2024-07-16,2024-08-15,CUST-032,Cauvery Engineering Contractors,BR-02,30719.0,5529.42,36248.42,Net 30,Paid
INV-000787,SO-000787,2024-07-16,2024-08-15,CUST-019,Poompuhar Handicrafts Store,BR-01,2390.0,430.2,2820.2,Net 30,Paid
INV-000788,SO-000788,2024-07-16,2024-08-15,CUST-015,Srinivasan & Sons Contractor,BR-01,8420.0,1515.6,9935.6,Net 30,Paid
INV-000789,SO-000789,2024-07-17,2024-08-31,CUST-029,Raghavendra Infrastructure Developers,BR-02,33080.0,5954.4,39034.4,Net 45,Paid
INV-000790,SO-000790,2024-07-17,2024-08-16,CUST-040,Sri Krishna Engineering College Hostel,BR-03,1495.0,269.1,1764.1,Net 30,Paid
INV-000791,SO-000791,2024-07-17,2024-07-17,CUST-005,Murugan Auto Garage & Works,BR-01,480.0,86.4,566.4,Immediate Cash,Paid
INV-000792,SO-000792,2024-07-17,2024-08-16,CUST-040,Sri Krishna Engineering College Hostel,BR-03,1130.0,203.4,1333.4,Net 30,Paid
INV-000793,SO-000793,2024-07-17,2024-08-16,CUST-025,Brigade Vista Apartment Owners Assn,BR-02,2910.0,523.8,3433.8,Net 30,Paid
INV-000794,SO-000794,2024-07-17,2024-08-01,CUST-023,Kalam Brothers Electrical Store,BR-01,53538.0,9636.84,63174.84,Net 15,Paid
INV-000795,SO-000795,2024-07-17,2024-08-16,CUST-036,Urban Spaces Interior Studio,BR-02,34514.0,6212.52,40726.52,Net 30,Paid
INV-000796,SO-000796,2024-07-17,2024-08-16,CUST-025,Brigade Vista Apartment Owners Assn,BR-02,7210.0,1297.8,8507.8,Net 30,Paid
INV-000797,SO-000797,2024-07-18,2024-09-01,CUST-041,Kongu Builders & Real Estate,BR-03,10565.0,1901.7,12466.7,Net 45,Paid
INV-000798,SO-000798,2024-07-18,2024-07-18,CUST-021,Mohammed Riyaz (Home Renovation),BR-01,550.0,99.0,649.0,Immediate Cash,Paid
INV-000799,SO-000799,2024-07-18,2024-08-17,CUST-036,Urban Spaces Interior Studio,BR-02,18760.0,3376.8,22136.8,Net 30,Paid
INV-000800,SO-000800,2024-07-18,2024-07-18,CUST-031,Nandini Milk Parlour & Mart,BR-02,150.0,27.0,177.0,Immediate Cash,Paid
INV-000801,SO-000801,2024-07-18,2024-08-02,CUST-038,Marutham Electrical & Power Agency,BR-03,226860.0,40834.8,267694.8,Net 15,Paid
INV-000802,SO-000802,2024-07-18,2024-08-02,CUST-038,Marutham Electrical & Power Agency,BR-03,242265.0,43607.7,285872.7,Net 15,Paid
INV-000803,SO-000803,2024-07-19,2024-07-19,CUST-006,Dr. Priya Sundaram (Home Clinic),BR-01,670.0,120.6,790.6,Immediate UPI,Paid
INV-000804,SO-000804,2024-07-19,2024-08-03,CUST-013,Metro Supermarket Tambaram,BR-01,690.0,124.2,814.2,Net 15,Paid
INV-000805,SO-000805,2024-07-19,2024-08-03,CUST-023,Kalam Brothers Electrical Store,BR-01,111390.0,20050.2,131440.2,Net 15,Paid
INV-000806,SO-000806,2024-07-19,2024-07-19,CUST-005,Murugan Auto Garage & Works,BR-01,1100.0,198.0,1298.0,Immediate Cash,Paid
INV-000807,SO-000807,2024-07-19,2024-07-19,CUST-005,Murugan Auto Garage & Works,BR-01,30.0,5.4,35.4,Immediate Cash,Paid
INV-000808,SO-000808,2024-07-19,2024-08-18,CUST-007,TechPark Facility Maintenance Team,BR-01,5050.0,909.0,5959.0,Net 30,Paid
INV-000809,SO-000809,2024-07-19,2024-09-02,CUST-041,Kongu Builders & Real Estate,BR-03,148244.0,26683.92,174927.92,Net 45,Paid
INV-000810,SO-000810,2024-07-19,2024-08-18,CUST-015,Srinivasan & Sons Contractor,BR-01,86913.0,15644.34,102557.34,Net 30,Paid
INV-000811,SO-000811,2024-07-20,2024-08-19,CUST-040,Sri Krishna Engineering College Hostel,BR-03,205.0,36.9,241.9,Net 30,Paid
INV-000812,SO-000812,2024-07-20,2024-07-20,CUST-031,Nandini Milk Parlour & Mart,BR-02,3690.0,664.2,4354.2,Immediate Cash,Paid
INV-000813,SO-000813,2024-07-20,2024-09-03,CUST-011,Victory Housing Projects Phase 2,BR-01,5525.0,994.5,6519.5,Net 45,Paid
INV-000814,SO-000814,2024-07-22,2024-08-06,CUST-026,Manjunatha Electrical Works,BR-02,8974.0,1615.32,10589.32,Net 15,Paid
INV-000815,SO-000815,2024-07-22,2024-09-05,CUST-011,Victory Housing Projects Phase 2,BR-01,11334.0,2040.12,13374.12,Net 45,Paid
INV-000816,SO-000816,2024-07-22,2024-07-29,CUST-008,Anbu Electricals (Anbazhagan),BR-01,1392.0,250.56,1642.56,Net 7,Paid
INV-000817,SO-000817,2024-07-23,2024-07-23,CUST-031,Nandini Milk Parlour & Mart,BR-02,2265.0,407.7,2672.7,Immediate Cash,Paid
INV-000818,SO-000818,2024-07-23,2024-09-06,CUST-041,Kongu Builders & Real Estate,BR-03,179032.0,32225.76,211257.76,Net 45,Paid
INV-000819,SO-000819,2024-07-23,2024-07-23,CUST-018,Lakshmi Vilas Sweets & Bakery,BR-01,2865.0,515.7,3380.7,Immediate UPI,Paid
INV-000820,SO-000820,2024-07-23,2024-07-23,CUST-021,Mohammed Riyaz (Home Renovation),BR-01,690.0,124.2,814.2,Immediate Cash,Paid
INV-000821,SO-000821,2024-07-23,2024-08-07,CUST-039,Rangasamy Electrician Workshop,BR-03,10080.0,1814.4,11894.4,Net 15,Paid
INV-000822,SO-000822,2024-07-23,2024-08-22,CUST-001,Balaji Electrical Contractors,BR-01,31738.0,5712.84,37450.84,Net 30,Paid
INV-000823,SO-000823,2024-07-23,2024-08-22,CUST-046,Annamalai Agro Processing Unit,BR-03,3655.0,657.9,4312.9,Net 30,Paid
INV-000824,SO-000824,2024-07-23,2024-08-22,CUST-025,Brigade Vista Apartment Owners Assn,BR-02,1190.0,214.2,1404.2,Net 30,Paid
INV-000825,SO-000825,2024-07-24,2024-08-23,CUST-027,InnoTech Coworking Hub,BR-02,2960.0,532.8,3492.8,Net 30,Paid
INV-000826,SO-000826,2024-07-24,2024-08-08,CUST-003,Saravana Electric Works (Govindaraj),BR-01,12645.0,2276.1,14921.1,Net 15,Paid
INV-000827,SO-000827,2024-07-24,2024-07-24,CUST-045,Karthika Departmental Store,BR-03,395.0,71.1,466.1,Immediate Cash,Paid
INV-000828,SO-000828,2024-07-24,2024-08-08,CUST-038,Marutham Electrical & Power Agency,BR-03,147762.5,26597.25,174359.75,Net 15,Paid
INV-000829,SO-000829,2024-07-24,2024-08-23,CUST-017,Apex Manufacturing Solutions,BR-01,1900.0,342.0,2242.0,Net 30,Paid
INV-000830,SO-000830,2024-07-24,2024-08-23,CUST-025,Brigade Vista Apartment Owners Assn,BR-02,850.0,153.0,1003.0,Net 30,Paid
INV-000831,SO-000831,2024-07-24,2024-08-08,CUST-020,Selvam Electrician Services,BR-01,3540.0,637.2,4177.2,Net 15,Paid
INV-000832,SO-000832,2024-07-25,2024-07-25,CUST-005,Murugan Auto Garage & Works,BR-01,455.0,81.9,536.9,Immediate Cash,Paid
INV-000833,SO-000833,2024-07-25,2024-08-24,CUST-001,Balaji Electrical Contractors,BR-01,44755.0,8055.9,52810.9,Net 30,Paid
INV-000834,SO-000834,2024-07-25,2024-07-25,CUST-014,Siva Shankaran (Individual Home),BR-01,75.0,13.5,88.5,Immediate Cash,Paid
INV-000835,SO-000835,2024-07-25,2024-08-09,CUST-038,Marutham Electrical & Power Agency,BR-03,122585.0,22065.3,144650.3,Net 15,Paid
INV-000836,SO-000836,2024-07-26,2024-08-10,CUST-002,Kalaivani Hardware & Paints,BR-01,25120.0,4521.6,29641.6,Net 15,Paid
INV-000837,SO-000837,2024-07-26,2024-08-25,CUST-047,Kovai Elite Residency Hotel,BR-03,4300.0,774.0,5074.0,Net 30,Paid
INV-000838,SO-000838,2024-07-26,2024-08-25,CUST-032,Cauvery Engineering Contractors,BR-02,158920.0,28605.6,187525.6,Net 30,Paid
INV-000839,SO-000839,2024-07-26,2024-07-26,CUST-033,Suresh Babu (Villa Construction),BR-02,7250.0,1305.0,8555.0,Immediate Card,Paid
INV-000840,SO-000840,2024-07-27,2024-08-03,CUST-008,Anbu Electricals (Anbazhagan),BR-01,5050.0,909.0,5959.0,Net 7,Paid
INV-000841,SO-000841,2024-07-27,2024-07-27,CUST-045,Karthika Departmental Store,BR-03,150.0,27.0,177.0,Immediate Cash,Paid
INV-000842,SO-000842,2024-07-27,2024-07-27,CUST-005,Murugan Auto Garage & Works,BR-01,4910.0,883.8,5793.8,Immediate Cash,Paid
INV-000843,SO-000843,2024-07-27,2024-08-11,CUST-013,Metro Supermarket Tambaram,BR-01,75.0,13.5,88.5,Net 15,Paid
INV-000844,SO-000844,2024-07-27,2024-08-03,CUST-008,Anbu Electricals (Anbazhagan),BR-01,18410.0,3313.8,21723.8,Net 7,Paid
INV-000845,SO-000845,2024-07-27,2024-08-26,CUST-032,Cauvery Engineering Contractors,BR-02,28292.0,5092.56,33384.56,Net 30,Paid
INV-000846,SO-000846,2024-07-29,2024-08-28,CUST-036,Urban Spaces Interior Studio,BR-02,124945.0,22490.1,147435.1,Net 30,Paid
INV-000847,SO-000847,2024-07-29,2024-08-28,CUST-019,Poompuhar Handicrafts Store,BR-01,110.0,19.8,129.8,Net 30,Paid
INV-000848,SO-000848,2024-07-29,2024-08-28,CUST-001,Balaji Electrical Contractors,BR-01,31513.0,5672.34,37185.34,Net 30,Paid
INV-000849,SO-000849,2024-07-29,2024-09-12,CUST-029,Raghavendra Infrastructure Developers,BR-02,46455.0,8361.9,54816.9,Net 45,Paid
INV-000850,SO-000850,2024-07-29,2024-07-29,CUST-033,Suresh Babu (Villa Construction),BR-02,450.0,81.0,531.0,Immediate Card,Paid
INV-000851,SO-000851,2024-07-30,2024-08-29,CUST-043,Sundaram Hospital Maintenance,BR-03,7750.0,1395.0,9145.0,Net 30,Paid
INV-000852,SO-000852,2024-07-30,2024-08-29,CUST-034,Silicon Valley PG Hostel Chain,BR-02,2675.0,481.5,3156.5,Net 30,Paid
INV-000853,SO-000853,2024-07-30,2024-07-30,CUST-005,Murugan Auto Garage & Works,BR-01,900.0,162.0,1062.0,Immediate Cash,Paid
INV-000854,SO-000854,2024-07-30,2024-07-30,CUST-005,Murugan Auto Garage & Works,BR-01,505.0,90.9,595.9,Immediate Cash,Paid
INV-000855,SO-000855,2024-07-30,2024-08-29,CUST-027,InnoTech Coworking Hub,BR-02,3515.0,632.7,4147.7,Net 30,Paid
INV-000856,SO-000856,2024-07-30,2024-08-29,CUST-015,Srinivasan & Sons Contractor,BR-01,199216.0,35858.88,235074.88,Net 30,Paid
INV-000857,SO-000857,2024-07-31,2024-08-15,CUST-020,Selvam Electrician Services,BR-01,5522.0,993.96,6515.96,Net 15,Paid
INV-000858,SO-000858,2024-07-31,2024-07-31,CUST-018,Lakshmi Vilas Sweets & Bakery,BR-01,1265.0,227.7,1492.7,Immediate UPI,Paid
INV-000859,SO-000859,2024-07-31,2024-08-15,CUST-023,Kalam Brothers Electrical Store,BR-01,63890.0,11500.2,75390.2,Net 15,Paid
INV-000860,SO-000860,2024-07-31,2024-07-31,CUST-012,Karthik Residential Apartment Owner,BR-01,6900.0,1242.0,8142.0,Immediate Card,Paid
INV-000861,SO-000861,2024-07-31,2024-09-14,CUST-041,Kongu Builders & Real Estate,BR-03,56831.0,10229.58,67060.58,Net 45,Paid
INV-000862,SO-000862,2024-08-01,2024-08-01,CUST-033,Suresh Babu (Villa Construction),BR-02,3115.0,560.7,3675.7,Immediate Card,Paid
INV-000863,SO-000863,2024-08-01,2024-08-01,CUST-031,Nandini Milk Parlour & Mart,BR-02,1410.0,253.8,1663.8,Immediate Cash,Paid
INV-000864,SO-000864,2024-08-01,2024-09-15,CUST-004,Sri Ramakrishna Builders & Infra,BR-01,23345.0,4202.1,27547.1,Net 45,Paid
INV-000865,SO-000865,2024-08-01,2024-08-31,CUST-019,Poompuhar Handicrafts Store,BR-01,1595.0,287.1,1882.1,Net 30,Paid
INV-000866,SO-000866,2024-08-01,2024-08-31,CUST-025,Brigade Vista Apartment Owners Assn,BR-02,75.0,13.5,88.5,Net 30,Paid
INV-000867,SO-000867,2024-08-02,2024-08-02,CUST-018,Lakshmi Vilas Sweets & Bakery,BR-01,75.0,13.5,88.5,Immediate UPI,Paid
INV-000868,SO-000868,2024-08-02,2024-08-17,CUST-039,Rangasamy Electrician Workshop,BR-03,21150.0,3807.0,24957.0,Net 15,Paid
INV-000869,SO-000869,2024-08-02,2024-09-01,CUST-034,Silicon Valley PG Hostel Chain,BR-02,1275.0,229.5,1504.5,Net 30,Paid
INV-000870,SO-000870,2024-08-02,2024-08-02,CUST-018,Lakshmi Vilas Sweets & Bakery,BR-01,3450.0,621.0,4071.0,Immediate UPI,Paid
INV-000871,SO-000871,2024-08-03,2024-08-03,CUST-045,Karthika Departmental Store,BR-03,45.0,8.1,53.1,Immediate Cash,Paid
INV-000872,SO-000872,2024-08-03,2024-08-18,CUST-023,Kalam Brothers Electrical Store,BR-01,60640.0,10915.2,71555.2,Net 15,Paid
INV-000873,SO-000873,2024-08-03,2024-09-02,CUST-015,Srinivasan & Sons Contractor,BR-01,10790.0,1942.2,12732.2,Net 30,Paid
INV-000874,SO-000874,2024-08-03,2024-08-03,CUST-005,Murugan Auto Garage & Works,BR-01,525.0,94.5,619.5,Immediate Cash,Paid
INV-000875,SO-000875,2024-08-03,2024-08-03,CUST-048,Ramachandran (Individual House Owner),BR-03,6900.0,1242.0,8142.0,Immediate UPI,Paid
INV-000876,SO-000876,2024-08-03,2024-09-17,CUST-011,Victory Housing Projects Phase 2,BR-01,87850.0,15813.0,103663.0,Net 45,Paid
INV-000877,SO-000877,2024-08-03,2024-08-03,CUST-021,Mohammed Riyaz (Home Renovation),BR-01,4300.0,774.0,5074.0,Immediate Cash,Paid
INV-000878,SO-000878,2024-08-03,2024-09-17,CUST-004,Sri Ramakrishna Builders & Infra,BR-01,74100.0,13338.0,87438.0,Net 45,Paid
INV-000879,SO-000879,2024-08-05,2024-09-04,CUST-034,Silicon Valley PG Hostel Chain,BR-02,3230.0,581.4,3811.4,Net 30,Paid
INV-000880,SO-000880,2024-08-05,2024-08-20,CUST-020,Selvam Electrician Services,BR-01,11705.0,2106.9,13811.9,Net 15,Paid
INV-000881,SO-000881,2024-08-05,2024-09-04,CUST-015,Srinivasan & Sons Contractor,BR-01,22251.0,4005.18,26256.18,Net 30,Paid
INV-000882,SO-000882,2024-08-05,2024-08-20,CUST-023,Kalam Brothers Electrical Store,BR-01,132072.5,23773.05,155845.55,Net 15,Paid
INV-000883,SO-000883,2024-08-05,2024-09-04,CUST-040,Sri Krishna Engineering College Hostel,BR-03,3400.0,612.0,4012.0,Net 30,Paid
INV-000884,SO-000884,2024-08-05,2024-09-04,CUST-046,Annamalai Agro Processing Unit,BR-03,2600.0,468.0,3068.0,Net 30,Paid
INV-000885,SO-000885,2024-08-05,2024-09-04,CUST-037,Kovai Textile Mills Facility Team,BR-03,65.0,11.7,76.7,Net 30,Paid
INV-000886,SO-000886,2024-08-05,2024-08-05,CUST-031,Nandini Milk Parlour & Mart,BR-02,2200.0,396.0,2596.0,Immediate Cash,Paid
INV-000887,SO-000887,2024-08-06,2024-09-05,CUST-022,Global Smart Solutions (P) Ltd,BR-01,113112.0,20360.16,133472.16,Net 30,Paid
INV-000888,SO-000888,2024-08-06,2024-09-05,CUST-047,Kovai Elite Residency Hotel,BR-03,3670.0,660.6,4330.6,Net 30,Paid
INV-000889,SO-000889,2024-08-06,2024-08-06,CUST-045,Karthika Departmental Store,BR-03,4545.0,818.1,5363.1,Immediate Cash,Paid
INV-000890,SO-000890,2024-08-06,2024-08-06,CUST-006,Dr. Priya Sundaram (Home Clinic),BR-01,840.0,151.2,991.2,Immediate UPI,Paid
INV-000891,SO-000891,2024-08-06,2024-09-05,CUST-043,Sundaram Hospital Maintenance,BR-03,1050.0,189.0,1239.0,Net 30,Paid
INV-000892,SO-000892,2024-08-06,2024-09-05,CUST-032,Cauvery Engineering Contractors,BR-02,80147.0,14426.46,94573.46,Net 30,Paid
INV-000893,SO-000893,2024-08-07,2024-09-06,CUST-001,Balaji Electrical Contractors,BR-01,13773.0,2479.14,16252.14,Net 30,Paid
INV-000894,SO-000894,2024-08-07,2024-08-22,CUST-038,Marutham Electrical & Power Agency,BR-03,121975.0,21955.5,143930.5,Net 15,Paid
INV-000895,SO-000895,2024-08-07,2024-09-06,CUST-043,Sundaram Hospital Maintenance,BR-03,480.0,86.4,566.4,Net 30,Paid
INV-000896,SO-000896,2024-08-08,2024-09-22,CUST-029,Raghavendra Infrastructure Developers,BR-02,14266.0,2567.88,16833.88,Net 45,Paid
INV-000897,SO-000897,2024-08-08,2024-08-23,CUST-023,Kalam Brothers Electrical Store,BR-01,21262.0,3827.16,25089.16,Net 15,Paid
INV-000898,SO-000898,2024-08-08,2024-08-08,CUST-006,Dr. Priya Sundaram (Home Clinic),BR-01,1500.0,270.0,1770.0,Immediate UPI,Paid
INV-000899,SO-000899,2024-08-09,2024-09-08,CUST-047,Kovai Elite Residency Hotel,BR-03,65.0,11.7,76.7,Net 30,Paid
INV-000900,SO-000900,2024-08-09,2024-08-09,CUST-033,Suresh Babu (Villa Construction),BR-02,850.0,153.0,1003.0,Immediate Card,Paid
INV-000901,SO-000901,2024-08-09,2024-08-09,CUST-048,Ramachandran (Individual House Owner),BR-03,5350.0,963.0,6313.0,Immediate UPI,Paid
INV-000902,SO-000902,2024-08-09,2024-08-24,CUST-013,Metro Supermarket Tambaram,BR-01,375.0,67.5,442.5,Net 15,Paid
INV-000903,SO-000903,2024-08-10,2024-09-09,CUST-037,Kovai Textile Mills Facility Team,BR-03,2100.0,378.0,2478.0,Net 30,Paid
INV-000904,SO-000904,2024-08-10,2024-09-09,CUST-001,Balaji Electrical Contractors,BR-01,87005.0,15660.9,102665.9,Net 30,Paid
INV-000905,SO-000905,2024-08-10,2024-09-09,CUST-016,Royal Comfort Residency Hotel,BR-01,2940.0,529.2,3469.2,Net 30,Paid
INV-000906,SO-000906,2024-08-10,2024-08-10,CUST-048,Ramachandran (Individual House Owner),BR-03,4040.0,727.2,4767.2,Immediate UPI,Paid
INV-000907,SO-000907,2024-08-10,2024-09-09,CUST-028,Sri Venkateshwara Hardware & Electricals,BR-02,235940.0,42469.2,278409.2,Net 30,Paid
INV-000908,SO-000908,2024-08-10,2024-09-24,CUST-029,Raghavendra Infrastructure Developers,BR-02,110532.5,19895.85,130428.35,Net 45,Paid
INV-000909,SO-000909,2024-08-10,2024-08-10,CUST-006,Dr. Priya Sundaram (Home Clinic),BR-01,280.0,50.4,330.4,Immediate UPI,Paid
INV-000910,SO-000910,2024-08-12,2024-08-27,CUST-003,Saravana Electric Works (Govindaraj),BR-01,12700.0,2286.0,14986.0,Net 15,Paid
INV-000911,SO-000911,2024-08-12,2024-09-11,CUST-036,Urban Spaces Interior Studio,BR-02,126755.0,22815.9,149570.9,Net 30,Paid
INV-000912,SO-000912,2024-08-12,2024-09-11,CUST-027,InnoTech Coworking Hub,BR-02,330.0,59.4,389.4,Net 30,Paid
INV-000913,SO-000913,2024-08-13,2024-08-28,CUST-039,Rangasamy Electrician Workshop,BR-03,1785.0,321.3,2106.3,Net 15,Paid
INV-000914,SO-000914,2024-08-13,2024-09-12,CUST-036,Urban Spaces Interior Studio,BR-02,130785.0,23541.3,154326.3,Net 30,Paid
INV-000915,SO-000915,2024-08-13,2024-08-28,CUST-026,Manjunatha Electrical Works,BR-02,3185.0,573.3,3758.3,Net 15,Paid
INV-000916,SO-000916,2024-08-13,2024-09-12,CUST-046,Annamalai Agro Processing Unit,BR-03,840.0,151.2,991.2,Net 30,Paid
INV-000917,SO-000917,2024-08-13,2024-09-12,CUST-016,Royal Comfort Residency Hotel,BR-01,65.0,11.7,76.7,Net 30,Paid
INV-000918,SO-000918,2024-08-13,2024-08-20,CUST-008,Anbu Electricals (Anbazhagan),BR-01,27595.0,4967.1,32562.1,Net 7,Paid
INV-000919,SO-000919,2024-08-14,2024-09-13,CUST-010,Vels Vidyashram School Campus,BR-01,480.0,86.4,566.4,Net 30,Paid
INV-000920,SO-000920,2024-08-14,2024-09-13,CUST-043,Sundaram Hospital Maintenance,BR-03,2845.0,512.1,3357.1,Net 30,Paid
INV-000921,SO-000921,2024-08-14,2024-08-14,CUST-018,Lakshmi Vilas Sweets & Bakery,BR-01,65.0,11.7,76.7,Immediate UPI,Paid
INV-000922,SO-000922,2024-08-14,2024-09-13,CUST-034,Silicon Valley PG Hostel Chain,BR-02,30.0,5.4,35.4,Net 30,Paid
INV-000923,SO-000923,2024-08-14,2024-09-13,CUST-009,Devi Agency & Lighting Store,BR-01,78571.0,14142.78,92713.78,Net 30,Paid
INV-000924,SO-000924,2024-08-14,2024-09-13,CUST-034,Silicon Valley PG Hostel Chain,BR-02,585.0,105.3,690.3,Net 30,Paid
INV-000925,SO-000925,2024-08-15,2024-08-30,CUST-013,Metro Supermarket Tambaram,BR-01,720.0,129.6,849.6,Net 15,Paid
INV-000926,SO-000926,2024-08-15,2024-08-15,CUST-031,Nandini Milk Parlour & Mart,BR-02,3610.0,649.8,4259.8,Immediate Cash,Paid
INV-000927,SO-000927,2024-08-15,2024-08-22,CUST-035,Gowda Electrical Repairs,BR-02,5415.0,974.7,6389.7,Net 7,Paid
INV-000928,SO-000928,2024-08-15,2024-09-14,CUST-036,Urban Spaces Interior Studio,BR-02,26720.0,4809.6,31529.6,Net 30,Paid
INV-000929,SO-000929,2024-08-15,2024-09-14,CUST-017,Apex Manufacturing Solutions,BR-01,4015.0,722.7,4737.7,Net 30,Paid
INV-000930,SO-000930,2024-08-15,2024-09-14,CUST-015,Srinivasan & Sons Contractor,BR-01,10240.0,1843.2,12083.2,Net 30,Paid
INV-000931,SO-000931,2024-08-16,2024-08-31,CUST-003,Saravana Electric Works (Govindaraj),BR-01,10655.0,1917.9,12572.9,Net 15,Paid
INV-000932,SO-000932,2024-08-16,2024-08-16,CUST-012,Karthik Residential Apartment Owner,BR-01,415.0,74.7,489.7,Immediate Card,Paid
INV-000933,SO-000933,2024-08-16,2024-09-15,CUST-028,Sri Venkateshwara Hardware & Electricals,BR-02,117375.0,21127.5,138502.5,Net 30,Paid
INV-000934,SO-000934,2024-08-16,2024-08-16,CUST-014,Siva Shankaran (Individual Home),BR-01,2570.0,462.6,3032.6,Immediate Cash,Paid
INV-000935,SO-000935,2024-08-17,2024-09-16,CUST-009,Devi Agency & Lighting Store,BR-01,53230.0,9581.4,62811.4,Net 30,Paid
INV-000936,SO-000936,2024-08-17,2024-09-01,CUST-039,Rangasamy Electrician Workshop,BR-03,11340.0,2041.2,13381.2,Net 15,Paid
INV-000937,SO-000937,2024-08-17,2024-08-17,CUST-014,Siva Shankaran (Individual Home),BR-01,3300.0,594.0,3894.0,Immediate Cash,Paid
INV-000938,SO-000938,2024-08-17,2024-09-16,CUST-040,Sri Krishna Engineering College Hostel,BR-03,720.0,129.6,849.6,Net 30,Paid
INV-000939,SO-000939,2024-08-17,2024-08-17,CUST-045,Karthika Departmental Store,BR-03,75.0,13.5,88.5,Immediate Cash,Paid
INV-000940,SO-000940,2024-08-17,2024-08-17,CUST-048,Ramachandran (Individual House Owner),BR-03,2855.0,513.9,3368.9,Immediate UPI,Paid
INV-000941,SO-000941,2024-08-17,2024-08-24,CUST-035,Gowda Electrical Repairs,BR-02,4485.0,807.3,5292.3,Net 7,Paid
INV-000942,SO-000942,2024-08-17,2024-09-16,CUST-010,Vels Vidyashram School Campus,BR-01,5270.0,948.6,6218.6,Net 30,Paid
INV-000943,SO-000943,2024-08-19,2024-09-18,CUST-025,Brigade Vista Apartment Owners Assn,BR-02,1435.0,258.3,1693.3,Net 30,Paid
INV-000944,SO-000944,2024-08-19,2024-10-03,CUST-041,Kongu Builders & Real Estate,BR-03,24530.0,4415.4,28945.4,Net 45,Paid
INV-000945,SO-000945,2024-08-19,2024-08-19,CUST-005,Murugan Auto Garage & Works,BR-01,5450.0,981.0,6431.0,Immediate Cash,Paid
INV-000946,SO-000946,2024-08-19,2024-09-03,CUST-026,Manjunatha Electrical Works,BR-02,7690.0,1384.2,9074.2,Net 15,Paid
INV-000947,SO-000947,2024-08-19,2024-09-18,CUST-034,Silicon Valley PG Hostel Chain,BR-02,2180.0,392.4,2572.4,Net 30,Paid
INV-000948,SO-000948,2024-08-19,2024-09-18,CUST-015,Srinivasan & Sons Contractor,BR-01,20224.0,3640.32,23864.32,Net 30,Paid
INV-000949,SO-000949,2024-08-19,2024-08-19,CUST-018,Lakshmi Vilas Sweets & Bakery,BR-01,1395.0,251.1,1646.1,Immediate UPI,Paid
INV-000950,SO-000950,2024-08-20,2024-10-04,CUST-004,Sri Ramakrishna Builders & Infra,BR-01,53465.0,9623.7,63088.7,Net 45,Paid
INV-000951,SO-000951,2024-08-20,2024-09-04,CUST-039,Rangasamy Electrician Workshop,BR-03,18255.0,3285.9,21540.9,Net 15,Paid
INV-000952,SO-000952,2024-08-20,2024-09-19,CUST-047,Kovai Elite Residency Hotel,BR-03,525.0,94.5,619.5,Net 30,Paid
INV-000953,SO-000953,2024-08-20,2024-09-04,CUST-002,Kalaivani Hardware & Paints,BR-01,294320.0,52977.6,347297.6,Net 15,Paid
INV-000954,SO-000954,2024-08-20,2024-09-04,CUST-023,Kalam Brothers Electrical Store,BR-01,77935.0,14028.3,91963.3,Net 15,Paid
INV-000955,SO-000955,2024-08-20,2024-09-19,CUST-027,InnoTech Coworking Hub,BR-02,840.0,151.2,991.2,Net 30,Paid
INV-000956,SO-000956,2024-08-20,2024-08-20,CUST-006,Dr. Priya Sundaram (Home Clinic),BR-01,7010.0,1261.8,8271.8,Immediate UPI,Paid
INV-000957,SO-000957,2024-08-20,2024-09-04,CUST-003,Saravana Electric Works (Govindaraj),BR-01,7110.0,1279.8,8389.8,Net 15,Paid
INV-000958,SO-000958,2024-08-21,2024-09-05,CUST-023,Kalam Brothers Electrical Store,BR-01,63770.0,11478.6,75248.6,Net 15,Paid
INV-000959,SO-000959,2024-08-21,2024-09-05,CUST-020,Selvam Electrician Services,BR-01,2760.0,496.8,3256.8,Net 15,Paid
INV-000960,SO-000960,2024-08-21,2024-09-05,CUST-042,Velan Pump & Motor Spares Store,BR-03,211140.0,38005.2,249145.2,Net 15,Paid
INV-000961,SO-000961,2024-08-21,2024-10-05,CUST-011,Victory Housing Projects Phase 2,BR-01,227940.0,41029.2,268969.2,Net 45,Paid
INV-000962,SO-000962,2024-08-21,2024-08-21,CUST-033,Suresh Babu (Villa Construction),BR-02,1130.0,203.4,1333.4,Immediate Card,Paid
INV-000963,SO-000963,2024-08-22,2024-09-21,CUST-027,InnoTech Coworking Hub,BR-02,1045.0,188.1,1233.1,Net 30,Paid
INV-000964,SO-000964,2024-08-22,2024-09-21,CUST-015,Srinivasan & Sons Contractor,BR-01,73725.0,13270.5,86995.5,Net 30,Paid
INV-000965,SO-000965,2024-08-22,2024-09-06,CUST-023,Kalam Brothers Electrical Store,BR-01,157080.0,28274.4,185354.4,Net 15,Paid
INV-000966,SO-000966,2024-08-23,2024-08-23,CUST-033,Suresh Babu (Villa Construction),BR-02,260.0,46.8,306.8,Immediate Card,Paid
INV-000967,SO-000967,2024-08-23,2024-08-23,CUST-005,Murugan Auto Garage & Works,BR-01,480.0,86.4,566.4,Immediate Cash,Paid
INV-000968,SO-000968,2024-08-23,2024-09-22,CUST-043,Sundaram Hospital Maintenance,BR-03,1050.0,189.0,1239.0,Net 30,Paid
INV-000969,SO-000969,2024-08-23,2024-09-22,CUST-027,InnoTech Coworking Hub,BR-02,165.0,29.7,194.7,Net 30,Paid
INV-000970,SO-000970,2024-08-23,2024-09-22,CUST-032,Cauvery Engineering Contractors,BR-02,65861.0,11854.98,77715.98,Net 30,Paid
INV-000971,SO-000971,2024-08-24,2024-09-08,CUST-002,Kalaivani Hardware & Paints,BR-01,71585.0,12885.3,84470.3,Net 15,Paid
INV-000972,SO-000972,2024-08-24,2024-08-24,CUST-006,Dr. Priya Sundaram (Home Clinic),BR-01,2625.0,472.5,3097.5,Immediate UPI,Paid
INV-000973,SO-000973,2024-08-24,2024-10-08,CUST-011,Victory Housing Projects Phase 2,BR-01,31400.0,5652.0,37052.0,Net 45,Paid
INV-000974,SO-000974,2024-08-24,2024-08-31,CUST-035,Gowda Electrical Repairs,BR-02,3197.0,575.46,3772.46,Net 7,Paid
INV-000975,SO-000975,2024-08-24,2024-10-08,CUST-004,Sri Ramakrishna Builders & Infra,BR-01,19215.0,3458.7,22673.7,Net 45,Paid
INV-000976,SO-000976,2024-08-26,2024-08-26,CUST-012,Karthik Residential Apartment Owner,BR-01,1340.0,241.2,1581.2,Immediate Card,Paid
INV-000977,SO-000977,2024-08-26,2024-09-10,CUST-002,Kalaivani Hardware & Paints,BR-01,266920.0,48045.6,314965.6,Net 15,Paid
INV-000978,SO-000978,2024-08-26,2024-10-10,CUST-011,Victory Housing Projects Phase 2,BR-01,15603.0,2808.54,18411.54,Net 45,Paid
INV-000979,SO-000979,2024-08-26,2024-09-25,CUST-037,Kovai Textile Mills Facility Team,BR-03,2100.0,378.0,2478.0,Net 30,Paid
INV-000980,SO-000980,2024-08-26,2024-09-02,CUST-035,Gowda Electrical Repairs,BR-02,2215.0,398.7,2613.7,Net 7,Paid
INV-000981,SO-000981,2024-08-26,2024-09-10,CUST-039,Rangasamy Electrician Workshop,BR-03,6970.0,1254.6,8224.6,Net 15,Paid
INV-000982,SO-000982,2024-08-26,2024-08-26,CUST-012,Karthik Residential Apartment Owner,BR-01,720.0,129.6,849.6,Immediate Card,Paid
INV-000983,SO-000983,2024-08-27,2024-09-11,CUST-002,Kalaivani Hardware & Paints,BR-01,140035.0,25206.3,165241.3,Net 15,Paid
INV-000984,SO-000984,2024-08-27,2024-08-27,CUST-048,Ramachandran (Individual House Owner),BR-03,2100.0,378.0,2478.0,Immediate UPI,Paid
INV-000985,SO-000985,2024-08-27,2024-10-11,CUST-004,Sri Ramakrishna Builders & Infra,BR-01,70460.0,12682.8,83142.8,Net 45,Paid
INV-000986,SO-000986,2024-08-27,2024-09-11,CUST-038,Marutham Electrical & Power Agency,BR-03,274755.0,49455.9,324210.9,Net 15,Paid
INV-000987,SO-000987,2024-08-28,2024-08-28,CUST-012,Karthik Residential Apartment Owner,BR-01,1360.0,244.8,1604.8,Immediate Card,Paid
INV-000988,SO-000988,2024-08-28,2024-09-27,CUST-015,Srinivasan & Sons Contractor,BR-01,118938.0,21408.84,140346.84,Net 30,Paid
INV-000989,SO-000989,2024-08-28,2024-09-27,CUST-032,Cauvery Engineering Contractors,BR-02,57815.0,10406.7,68221.7,Net 30,Paid
INV-000990,SO-000990,2024-08-28,2024-08-28,CUST-014,Siva Shankaran (Individual Home),BR-01,3800.0,684.0,4484.0,Immediate Cash,Paid
INV-000991,SO-000991,2024-08-28,2024-08-28,CUST-021,Mohammed Riyaz (Home Renovation),BR-01,240.0,43.2,283.2,Immediate Cash,Paid
INV-000992,SO-000992,2024-08-29,2024-09-28,CUST-007,TechPark Facility Maintenance Team,BR-01,130.0,23.4,153.4,Net 30,Paid
INV-000993,SO-000993,2024-08-29,2024-09-28,CUST-025,Brigade Vista Apartment Owners Assn,BR-02,3565.0,641.7,4206.7,Net 30,Paid
INV-000994,SO-000994,2024-08-29,2024-08-29,CUST-033,Suresh Babu (Villa Construction),BR-02,3595.0,647.1,4242.1,Immediate Card,Paid
INV-000995,SO-000995,2024-08-29,2024-08-29,CUST-021,Mohammed Riyaz (Home Renovation),BR-01,1245.0,224.1,1469.1,Immediate Cash,Paid
INV-000996,SO-000996,2024-08-29,2024-10-13,CUST-011,Victory Housing Projects Phase 2,BR-01,61156.0,11008.08,72164.08,Net 45,Paid
INV-000997,SO-000997,2024-08-29,2024-08-29,CUST-006,Dr. Priya Sundaram (Home Clinic),BR-01,1190.0,214.2,1404.2,Immediate UPI,Paid
INV-000998,SO-000998,2024-08-29,2024-09-13,CUST-020,Selvam Electrician Services,BR-01,12225.0,2200.5,14425.5,Net 15,Paid
INV-000999,SO-000999,2024-08-30,2024-08-30,CUST-012,Karthik Residential Apartment Owner,BR-01,8730.0,1571.4,10301.4,Immediate Card,Paid
INV-001000,SO-001000,2024-08-30,2024-09-29,CUST-040,Sri Krishna Engineering College Hostel,BR-03,3370.0,606.6,3976.6,Net 30,Paid
INV-001001,SO-001001,2024-08-30,2024-09-29,CUST-019,Poompuhar Handicrafts Store,BR-01,525.0,94.5,619.5,Net 30,Paid
INV-001002,SO-001002,2024-08-30,2024-09-14,CUST-042,Velan Pump & Motor Spares Store,BR-03,53040.0,9547.2,62587.2,Net 15,Paid
INV-001003,SO-001003,2024-08-30,2024-10-14,CUST-011,Victory Housing Projects Phase 2,BR-01,29910.0,5383.8,35293.8,Net 45,Paid
INV-001004,SO-001004,2024-08-30,2024-09-29,CUST-043,Sundaram Hospital Maintenance,BR-03,1290.0,232.2,1522.2,Net 30,Paid
INV-001005,SO-001005,2024-08-30,2024-08-30,CUST-014,Siva Shankaran (Individual Home),BR-01,45.0,8.1,53.1,Immediate Cash,Paid
INV-001006,SO-001006,2024-08-30,2024-09-14,CUST-042,Velan Pump & Motor Spares Store,BR-03,244455.0,44001.9,288456.9,Net 15,Paid
INV-001007,SO-001007,2024-08-31,2024-09-30,CUST-037,Kovai Textile Mills Facility Team,BR-03,4900.0,882.0,5782.0,Net 30,Paid
INV-001008,SO-001008,2024-08-31,2024-09-30,CUST-019,Poompuhar Handicrafts Store,BR-01,225.0,40.5,265.5,Net 30,Paid
INV-001009,SO-001009,2024-08-31,2024-09-15,CUST-039,Rangasamy Electrician Workshop,BR-03,6015.0,1082.7,7097.7,Net 15,Paid
INV-001010,SO-001010,2024-08-31,2024-09-30,CUST-036,Urban Spaces Interior Studio,BR-02,45225.0,8140.5,53365.5,Net 30,Paid
INV-001011,SO-001011,2024-09-02,2024-09-17,CUST-013,Metro Supermarket Tambaram,BR-01,2150.0,387.0,2537.0,Net 15,Paid
INV-001012,SO-001012,2024-09-02,2024-10-17,CUST-011,Victory Housing Projects Phase 2,BR-01,139480.0,25106.4,164586.4,Net 45,Paid
INV-001013,SO-001013,2024-09-02,2024-10-02,CUST-040,Sri Krishna Engineering College Hostel,BR-03,225.0,40.5,265.5,Net 30,Paid
INV-001014,SO-001014,2024-09-03,2024-10-03,CUST-027,InnoTech Coworking Hub,BR-02,780.0,140.4,920.4,Net 30,Paid
INV-001015,SO-001015,2024-09-03,2024-10-03,CUST-047,Kovai Elite Residency Hotel,BR-03,15.0,2.7,17.7,Net 30,Paid
INV-001016,SO-001016,2024-09-03,2024-10-03,CUST-028,Sri Venkateshwara Hardware & Electricals,BR-02,270017.0,48603.06,318620.06,Net 30,Paid
INV-001017,SO-001017,2024-09-03,2024-10-03,CUST-001,Balaji Electrical Contractors,BR-01,152591.0,27466.38,180057.38,Net 30,Paid
INV-001018,SO-001018,2024-09-03,2024-09-10,CUST-008,Anbu Electricals (Anbazhagan),BR-01,10225.0,1840.5,12065.5,Net 7,Paid
INV-001019,SO-001019,2024-09-03,2024-09-03,CUST-048,Ramachandran (Individual House Owner),BR-03,75.0,13.5,88.5,Immediate UPI,Paid
INV-001020,SO-001020,2024-09-04,2024-10-04,CUST-028,Sri Venkateshwara Hardware & Electricals,BR-02,137282.0,24710.76,161992.76,Net 30,Paid
INV-001021,SO-001021,2024-09-04,2024-09-19,CUST-002,Kalaivani Hardware & Paints,BR-01,194045.0,34928.1,228973.1,Net 15,Paid
INV-001022,SO-001022,2024-09-04,2024-10-04,CUST-009,Devi Agency & Lighting Store,BR-01,131145.0,23606.1,154751.1,Net 30,Paid
INV-001023,SO-001023,2024-09-04,2024-09-04,CUST-006,Dr. Priya Sundaram (Home Clinic),BR-01,905.0,162.9,1067.9,Immediate UPI,Paid
INV-001024,SO-001024,2024-09-04,2024-10-04,CUST-047,Kovai Elite Residency Hotel,BR-03,2505.0,450.9,2955.9,Net 30,Paid
INV-001025,SO-001025,2024-09-04,2024-10-04,CUST-007,TechPark Facility Maintenance Team,BR-01,220.0,39.6,259.6,Net 30,Paid
INV-001026,SO-001026,2024-09-05,2024-09-12,CUST-044,Mani Bros Electricals (Mani),BR-03,12960.0,2332.8,15292.8,Net 7,Paid
INV-001027,SO-001027,2024-09-05,2024-10-20,CUST-029,Raghavendra Infrastructure Developers,BR-02,29485.0,5307.3,34792.3,Net 45,Paid
INV-001028,SO-001028,2024-09-05,2024-09-20,CUST-002,Kalaivani Hardware & Paints,BR-01,155920.0,28065.6,183985.6,Net 15,Paid
INV-001029,SO-001029,2024-09-05,2024-09-05,CUST-021,Mohammed Riyaz (Home Renovation),BR-01,350.0,63.0,413.0,Immediate Cash,Paid
INV-001030,SO-001030,2024-09-05,2024-10-05,CUST-040,Sri Krishna Engineering College Hostel,BR-03,1795.0,323.1,2118.1,Net 30,Paid
INV-001031,SO-001031,2024-09-05,2024-10-05,CUST-027,InnoTech Coworking Hub,BR-02,3930.0,707.4,4637.4,Net 30,Paid
INV-001032,SO-001032,2024-09-05,2024-10-05,CUST-016,Royal Comfort Residency Hotel,BR-01,560.0,100.8,660.8,Net 30,Paid
INV-001033,SO-001033,2024-09-06,2024-10-06,CUST-009,Devi Agency & Lighting Store,BR-01,100128.0,18023.04,118151.04,Net 30,Paid
INV-001034,SO-001034,2024-09-06,2024-09-13,CUST-035,Gowda Electrical Repairs,BR-02,15680.0,2822.4,18502.4,Net 7,Paid
INV-001035,SO-001035,2024-09-06,2024-09-06,CUST-005,Murugan Auto Garage & Works,BR-01,3680.0,662.4,4342.4,Immediate Cash,Paid
INV-001036,SO-001036,2024-09-06,2024-09-21,CUST-023,Kalam Brothers Electrical Store,BR-01,152758.0,27496.44,180254.44,Net 15,Paid
INV-001037,SO-001037,2024-09-06,2024-09-21,CUST-020,Selvam Electrician Services,BR-01,42250.0,7605.0,49855.0,Net 15,Paid
INV-001038,SO-001038,2024-09-06,2024-10-06,CUST-043,Sundaram Hospital Maintenance,BR-03,4410.0,793.8,5203.8,Net 30,Paid
INV-001039,SO-001039,2024-09-06,2024-09-21,CUST-042,Velan Pump & Motor Spares Store,BR-03,140002.0,25200.36,165202.36,Net 15,Paid
INV-001040,SO-001040,2024-09-06,2024-10-06,CUST-025,Brigade Vista Apartment Owners Assn,BR-02,5450.0,981.0,6431.0,Net 30,Paid
INV-001041,SO-001041,2024-09-07,2024-09-22,CUST-023,Kalam Brothers Electrical Store,BR-01,62243.0,11203.74,73446.74,Net 15,Paid
INV-001042,SO-001042,2024-09-07,2024-09-07,CUST-005,Murugan Auto Garage & Works,BR-01,3450.0,621.0,4071.0,Immediate Cash,Paid
INV-001043,SO-001043,2024-09-07,2024-09-14,CUST-008,Anbu Electricals (Anbazhagan),BR-01,33240.0,5983.2,39223.2,Net 7,Paid
INV-001044,SO-001044,2024-09-07,2024-10-07,CUST-016,Royal Comfort Residency Hotel,BR-01,2150.0,387.0,2537.0,Net 30,Paid
INV-001045,SO-001045,2024-09-09,2024-10-09,CUST-019,Poompuhar Handicrafts Store,BR-01,215.0,38.7,253.7,Net 30,Paid
INV-001046,SO-001046,2024-09-09,2024-09-09,CUST-030,Dr. Arvind Rao Dental Clinic,BR-02,1260.0,226.8,1486.8,Immediate UPI,Paid
INV-001047,SO-001047,2024-09-09,2024-10-09,CUST-007,TechPark Facility Maintenance Team,BR-01,2100.0,378.0,2478.0,Net 30,Paid
INV-001048,SO-001048,2024-09-09,2024-09-09,CUST-045,Karthika Departmental Store,BR-03,1050.0,189.0,1239.0,Immediate Cash,Paid
INV-001049,SO-001049,2024-09-09,2024-09-09,CUST-021,Mohammed Riyaz (Home Renovation),BR-01,1065.0,191.7,1256.7,Immediate Cash,Paid
INV-001050,SO-001050,2024-09-09,2024-09-16,CUST-044,Mani Bros Electricals (Mani),BR-03,7675.0,1381.5,9056.5,Net 7,Paid
INV-001051,SO-001051,2024-09-09,2024-10-09,CUST-027,InnoTech Coworking Hub,BR-02,3980.0,716.4,4696.4,Net 30,Paid
INV-001052,SO-001052,2024-09-09,2024-09-24,CUST-020,Selvam Electrician Services,BR-01,7058.0,1270.44,8328.44,Net 15,Paid
INV-001053,SO-001053,2024-09-10,2024-10-10,CUST-022,Global Smart Solutions (P) Ltd,BR-01,149969.0,26994.42,176963.42,Net 30,Paid
INV-001054,SO-001054,2024-09-10,2024-10-10,CUST-022,Global Smart Solutions (P) Ltd,BR-01,142060.0,25570.8,167630.8,Net 30,Paid
INV-001055,SO-001055,2024-09-10,2024-09-25,CUST-002,Kalaivani Hardware & Paints,BR-01,83070.0,14952.6,98022.6,Net 15,Paid
INV-001056,SO-001056,2024-09-10,2024-10-10,CUST-034,Silicon Valley PG Hostel Chain,BR-02,885.0,159.3,1044.3,Net 30,Paid
INV-001057,SO-001057,2024-09-10,2024-10-25,CUST-011,Victory Housing Projects Phase 2,BR-01,26540.0,4777.2,31317.2,Net 45,Paid
INV-001058,SO-001058,2024-09-10,2024-10-10,CUST-017,Apex Manufacturing Solutions,BR-01,7705.0,1386.9,9091.9,Net 30,Paid
INV-001059,SO-001059,2024-09-11,2024-10-11,CUST-047,Kovai Elite Residency Hotel,BR-03,380.0,68.4,448.4,Net 30,Paid
INV-001060,SO-001060,2024-09-11,2024-10-11,CUST-036,Urban Spaces Interior Studio,BR-02,50260.0,9046.8,59306.8,Net 30,Paid
INV-001061,SO-001061,2024-09-11,2024-09-11,CUST-018,Lakshmi Vilas Sweets & Bakery,BR-01,2215.0,398.7,2613.7,Immediate UPI,Paid
INV-001062,SO-001062,2024-09-11,2024-09-11,CUST-045,Karthika Departmental Store,BR-03,3180.0,572.4,3752.4,Immediate Cash,Paid
INV-001063,SO-001063,2024-09-11,2024-09-11,CUST-005,Murugan Auto Garage & Works,BR-01,2910.0,523.8,3433.8,Immediate Cash,Paid
INV-001064,SO-001064,2024-09-11,2024-10-11,CUST-017,Apex Manufacturing Solutions,BR-01,305.0,54.9,359.9,Net 30,Paid
INV-001065,SO-001065,2024-09-11,2024-09-26,CUST-042,Velan Pump & Motor Spares Store,BR-03,204000.0,36720.0,240720.0,Net 15,Paid
INV-001066,SO-001066,2024-09-12,2024-10-12,CUST-007,TechPark Facility Maintenance Team,BR-01,930.0,167.4,1097.4,Net 30,Paid
INV-001067,SO-001067,2024-09-12,2024-09-27,CUST-042,Velan Pump & Motor Spares Store,BR-03,32865.0,5915.7,38780.7,Net 15,Paid
INV-001068,SO-001068,2024-09-12,2024-09-12,CUST-033,Suresh Babu (Villa Construction),BR-02,850.0,153.0,1003.0,Immediate Card,Paid
INV-001069,SO-001069,2024-09-12,2024-09-19,CUST-008,Anbu Electricals (Anbazhagan),BR-01,3320.0,597.6,3917.6,Net 7,Paid
INV-001070,SO-001070,2024-09-12,2024-10-27,CUST-041,Kongu Builders & Real Estate,BR-03,107790.0,19402.2,127192.2,Net 45,Paid
INV-001071,SO-001071,2024-09-12,2024-10-27,CUST-004,Sri Ramakrishna Builders & Infra,BR-01,98865.0,17795.7,116660.7,Net 45,Paid
INV-001072,SO-001072,2024-09-13,2024-09-13,CUST-005,Murugan Auto Garage & Works,BR-01,370.0,66.6,436.6,Immediate Cash,Paid
INV-001073,SO-001073,2024-09-13,2024-09-13,CUST-006,Dr. Priya Sundaram (Home Clinic),BR-01,225.0,40.5,265.5,Immediate UPI,Paid
INV-001074,SO-001074,2024-09-13,2024-09-28,CUST-020,Selvam Electrician Services,BR-01,2850.0,513.0,3363.0,Net 15,Paid
INV-001075,SO-001075,2024-09-13,2024-10-13,CUST-001,Balaji Electrical Contractors,BR-01,54650.0,9837.0,64487.0,Net 30,Paid
INV-001076,SO-001076,2024-09-13,2024-10-13,CUST-034,Silicon Valley PG Hostel Chain,BR-02,1430.0,257.4,1687.4,Net 30,Paid
INV-001077,SO-001077,2024-09-13,2024-09-13,CUST-006,Dr. Priya Sundaram (Home Clinic),BR-01,195.0,35.1,230.1,Immediate UPI,Paid
INV-001078,SO-001078,2024-09-14,2024-09-14,CUST-012,Karthik Residential Apartment Owner,BR-01,6975.0,1255.5,8230.5,Immediate Card,Paid
INV-001079,SO-001079,2024-09-14,2024-10-14,CUST-037,Kovai Textile Mills Facility Team,BR-03,1250.0,225.0,1475.0,Net 30,Paid
INV-001080,SO-001080,2024-09-14,2024-10-14,CUST-009,Devi Agency & Lighting Store,BR-01,250125.0,45022.5,295147.5,Net 30,Paid
INV-001081,SO-001081,2024-09-14,2024-10-14,CUST-046,Annamalai Agro Processing Unit,BR-03,4500.0,810.0,5310.0,Net 30,Paid
INV-001082,SO-001082,2024-09-14,2024-10-14,CUST-009,Devi Agency & Lighting Store,BR-01,352490.0,63448.2,415938.2,Net 30,Paid
INV-001083,SO-001083,2024-09-14,2024-09-14,CUST-030,Dr. Arvind Rao Dental Clinic,BR-02,850.0,153.0,1003.0,Immediate UPI,Paid
INV-001084,SO-001084,2024-09-14,2024-09-14,CUST-031,Nandini Milk Parlour & Mart,BR-02,165.0,29.7,194.7,Immediate Cash,Paid
INV-001085,SO-001085,2024-09-16,2024-10-16,CUST-001,Balaji Electrical Contractors,BR-01,71355.0,12843.9,84198.9,Net 30,Paid
INV-001086,SO-001086,2024-09-16,2024-10-31,CUST-029,Raghavendra Infrastructure Developers,BR-02,37980.0,6836.4,44816.4,Net 45,Paid
INV-001087,SO-001087,2024-09-16,2024-10-16,CUST-037,Kovai Textile Mills Facility Team,BR-03,7950.0,1431.0,9381.0,Net 30,Paid
INV-001088,SO-001088,2024-09-16,2024-10-16,CUST-017,Apex Manufacturing Solutions,BR-01,1200.0,216.0,1416.0,Net 30,Paid
INV-001089,SO-001089,2024-09-16,2024-10-16,CUST-047,Kovai Elite Residency Hotel,BR-03,220.0,39.6,259.6,Net 30,Paid
INV-001090,SO-001090,2024-09-17,2024-11-01,CUST-029,Raghavendra Infrastructure Developers,BR-02,48474.0,8725.32,57199.32,Net 45,Paid
INV-001091,SO-001091,2024-09-17,2024-09-17,CUST-033,Suresh Babu (Villa Construction),BR-02,3450.0,621.0,4071.0,Immediate Card,Paid
INV-001092,SO-001092,2024-09-17,2024-10-17,CUST-025,Brigade Vista Apartment Owners Assn,BR-02,4545.0,818.1,5363.1,Net 30,Paid
INV-001093,SO-001093,2024-09-17,2024-10-17,CUST-040,Sri Krishna Engineering College Hostel,BR-03,2700.0,486.0,3186.0,Net 30,Paid
INV-001094,SO-001094,2024-09-17,2024-10-17,CUST-043,Sundaram Hospital Maintenance,BR-03,1560.0,280.8,1840.8,Net 30,Paid
INV-001095,SO-001095,2024-09-17,2024-11-01,CUST-004,Sri Ramakrishna Builders & Infra,BR-01,16795.0,3023.1,19818.1,Net 45,Paid
INV-001096,SO-001096,2024-09-17,2024-11-01,CUST-004,Sri Ramakrishna Builders & Infra,BR-01,21670.0,3900.6,25570.6,Net 45,Paid
INV-001097,SO-001097,2024-09-18,2024-10-18,CUST-046,Annamalai Agro Processing Unit,BR-03,900.0,162.0,1062.0,Net 30,Paid
INV-001098,SO-001098,2024-09-18,2024-09-18,CUST-005,Murugan Auto Garage & Works,BR-01,150.0,27.0,177.0,Immediate Cash,Paid
INV-001099,SO-001099,2024-09-18,2024-10-18,CUST-040,Sri Krishna Engineering College Hostel,BR-03,6900.0,1242.0,8142.0,Net 30,Paid
INV-001100,SO-001100,2024-09-18,2024-10-18,CUST-019,Poompuhar Handicrafts Store,BR-01,525.0,94.5,619.5,Net 30,Paid
INV-001101,SO-001101,2024-09-18,2024-10-18,CUST-016,Royal Comfort Residency Hotel,BR-01,1950.0,351.0,2301.0,Net 30,Paid
INV-001102,SO-001102,2024-09-18,2024-10-18,CUST-028,Sri Venkateshwara Hardware & Electricals,BR-02,97975.0,17635.5,115610.5,Net 30,Paid
INV-001103,SO-001103,2024-09-19,2024-10-19,CUST-022,Global Smart Solutions (P) Ltd,BR-01,18805.0,3384.9,22189.9,Net 30,Paid
INV-001104,SO-001104,2024-09-19,2024-10-19,CUST-037,Kovai Textile Mills Facility Team,BR-03,3370.0,606.6,3976.6,Net 30,Paid
INV-001105,SO-001105,2024-09-19,2024-10-19,CUST-001,Balaji Electrical Contractors,BR-01,85935.0,15468.3,101403.3,Net 30,Paid
INV-001106,SO-001106,2024-09-19,2024-10-04,CUST-020,Selvam Electrician Services,BR-01,16490.0,2968.2,19458.2,Net 15,Paid
INV-001107,SO-001107,2024-09-20,2024-09-27,CUST-008,Anbu Electricals (Anbazhagan),BR-01,1535.0,276.3,1811.3,Net 7,Paid
INV-001108,SO-001108,2024-09-20,2024-10-20,CUST-034,Silicon Valley PG Hostel Chain,BR-02,495.0,89.1,584.1,Net 30,Paid
INV-001109,SO-001109,2024-09-20,2024-09-20,CUST-006,Dr. Priya Sundaram (Home Clinic),BR-01,5765.0,1037.7,6802.7,Immediate UPI,Paid
INV-001110,SO-001110,2024-09-20,2024-10-20,CUST-034,Silicon Valley PG Hostel Chain,BR-02,220.0,39.6,259.6,Net 30,Paid
INV-001111,SO-001111,2024-09-20,2024-10-05,CUST-020,Selvam Electrician Services,BR-01,27460.0,4942.8,32402.8,Net 15,Paid
INV-001112,SO-001112,2024-09-20,2024-11-04,CUST-041,Kongu Builders & Real Estate,BR-03,7795.0,1403.1,9198.1,Net 45,Paid
INV-001113,SO-001113,2024-09-21,2024-10-21,CUST-001,Balaji Electrical Contractors,BR-01,13295.0,2393.1,15688.1,Net 30,Paid
INV-001114,SO-001114,2024-09-21,2024-10-21,CUST-027,InnoTech Coworking Hub,BR-02,350.0,63.0,413.0,Net 30,Paid
INV-001115,SO-001115,2024-09-21,2024-10-06,CUST-026,Manjunatha Electrical Works,BR-02,11180.0,2012.4,13192.4,Net 15,Paid
INV-001116,SO-001116,2024-09-21,2024-10-06,CUST-039,Rangasamy Electrician Workshop,BR-03,4980.0,896.4,5876.4,Net 15,Paid
INV-001117,SO-001117,2024-09-21,2024-10-21,CUST-010,Vels Vidyashram School Campus,BR-01,2160.0,388.8,2548.8,Net 30,Paid
INV-001118,SO-001118,2024-09-21,2024-09-21,CUST-006,Dr. Priya Sundaram (Home Clinic),BR-01,1250.0,225.0,1475.0,Immediate UPI,Paid
INV-001119,SO-001119,2024-09-21,2024-10-21,CUST-017,Apex Manufacturing Solutions,BR-01,250.0,45.0,295.0,Net 30,Paid
INV-001120,SO-001120,2024-09-21,2024-10-06,CUST-039,Rangasamy Electrician Workshop,BR-03,7700.0,1386.0,9086.0,Net 15,Paid
INV-001121,SO-001121,2024-09-23,2024-10-23,CUST-040,Sri Krishna Engineering College Hostel,BR-03,3550.0,639.0,4189.0,Net 30,Paid
INV-001122,SO-001122,2024-09-23,2024-09-23,CUST-012,Karthik Residential Apartment Owner,BR-01,2680.0,482.4,3162.4,Immediate Card,Paid
INV-001123,SO-001123,2024-09-23,2024-10-08,CUST-013,Metro Supermarket Tambaram,BR-01,1100.0,198.0,1298.0,Net 15,Paid
INV-001124,SO-001124,2024-09-23,2024-10-23,CUST-025,Brigade Vista Apartment Owners Assn,BR-02,3470.0,624.6,4094.6,Net 30,Paid
INV-001125,SO-001125,2024-09-23,2024-09-23,CUST-018,Lakshmi Vilas Sweets & Bakery,BR-01,690.0,124.2,814.2,Immediate UPI,Paid
INV-001126,SO-001126,2024-09-23,2024-10-23,CUST-009,Devi Agency & Lighting Store,BR-01,379875.0,68377.5,448252.5,Net 30,Paid
INV-001127,SO-001127,2024-09-23,2024-10-08,CUST-026,Manjunatha Electrical Works,BR-02,3656.0,658.08,4314.08,Net 15,Paid
INV-001128,SO-001128,2024-09-23,2024-09-23,CUST-018,Lakshmi Vilas Sweets & Bakery,BR-01,2200.0,396.0,2596.0,Immediate UPI,Paid
INV-001129,SO-001129,2024-09-24,2024-11-08,CUST-004,Sri Ramakrishna Builders & Infra,BR-01,124910.0,22483.8,147393.8,Net 45,Paid
INV-001130,SO-001130,2024-09-24,2024-10-09,CUST-042,Velan Pump & Motor Spares Store,BR-03,112500.0,20250.0,132750.0,Net 15,Paid
INV-001131,SO-001131,2024-09-24,2024-10-24,CUST-043,Sundaram Hospital Maintenance,BR-03,970.0,174.6,1144.6,Net 30,Paid
INV-001132,SO-001132,2024-09-24,2024-10-24,CUST-010,Vels Vidyashram School Campus,BR-01,30.0,5.4,35.4,Net 30,Paid
INV-001133,SO-001133,2024-09-24,2024-10-09,CUST-042,Velan Pump & Motor Spares Store,BR-03,101250.0,18225.0,119475.0,Net 15,Paid
INV-001134,SO-001134,2024-09-25,2024-10-10,CUST-002,Kalaivani Hardware & Paints,BR-01,148333.0,26699.94,175032.94,Net 15,Paid
INV-001135,SO-001135,2024-09-25,2024-10-10,CUST-023,Kalam Brothers Electrical Store,BR-01,273949.0,49310.82,323259.82,Net 15,Paid
INV-001136,SO-001136,2024-09-25,2024-09-25,CUST-031,Nandini Milk Parlour & Mart,BR-02,3930.0,707.4,4637.4,Immediate Cash,Paid
INV-001137,SO-001137,2024-09-25,2024-10-10,CUST-023,Kalam Brothers Electrical Store,BR-01,35785.0,6441.3,42226.3,Net 15,Paid
INV-001138,SO-001138,2024-09-25,2024-10-25,CUST-001,Balaji Electrical Contractors,BR-01,84525.0,15214.5,99739.5,Net 30,Paid
INV-001139,SO-001139,2024-09-25,2024-09-25,CUST-014,Siva Shankaran (Individual Home),BR-01,450.0,81.0,531.0,Immediate Cash,Paid
INV-001140,SO-001140,2024-09-26,2024-10-26,CUST-017,Apex Manufacturing Solutions,BR-01,4700.0,846.0,5546.0,Net 30,Paid
INV-001141,SO-001141,2024-09-26,2024-10-26,CUST-040,Sri Krishna Engineering College Hostel,BR-03,4900.0,882.0,5782.0,Net 30,Paid
INV-001142,SO-001142,2024-09-26,2024-10-26,CUST-016,Royal Comfort Residency Hotel,BR-01,720.0,129.6,849.6,Net 30,Paid
INV-001143,SO-001143,2024-09-26,2024-09-26,CUST-012,Karthik Residential Apartment Owner,BR-01,3780.0,680.4,4460.4,Immediate Card,Paid
INV-001144,SO-001144,2024-09-26,2024-10-26,CUST-047,Kovai Elite Residency Hotel,BR-03,3070.0,552.6,3622.6,Net 30,Paid
INV-001145,SO-001145,2024-09-27,2024-10-27,CUST-047,Kovai Elite Residency Hotel,BR-03,1020.0,183.6,1203.6,Net 30,Paid
INV-001146,SO-001146,2024-09-27,2024-11-11,CUST-029,Raghavendra Infrastructure Developers,BR-02,71910.0,12943.8,84853.8,Net 45,Paid
INV-001147,SO-001147,2024-09-27,2024-10-27,CUST-046,Annamalai Agro Processing Unit,BR-03,1125.0,202.5,1327.5,Net 30,Paid
INV-001148,SO-001148,2024-09-27,2024-10-27,CUST-032,Cauvery Engineering Contractors,BR-02,109730.0,19751.4,129481.4,Net 30,Paid
INV-001149,SO-001149,2024-09-27,2024-10-12,CUST-013,Metro Supermarket Tambaram,BR-01,495.0,89.1,584.1,Net 15,Paid
INV-001150,SO-001150,2024-09-27,2024-10-12,CUST-002,Kalaivani Hardware & Paints,BR-01,98680.0,17762.4,116442.4,Net 15,Paid
INV-001151,SO-001151,2024-09-28,2024-09-28,CUST-006,Dr. Priya Sundaram (Home Clinic),BR-01,2420.0,435.6,2855.6,Immediate UPI,Paid
INV-001152,SO-001152,2024-09-28,2024-10-28,CUST-022,Global Smart Solutions (P) Ltd,BR-01,17090.0,3076.2,20166.2,Net 30,Paid
INV-001153,SO-001153,2024-09-28,2024-10-28,CUST-037,Kovai Textile Mills Facility Team,BR-03,9050.0,1629.0,10679.0,Net 30,Paid
INV-001154,SO-001154,2024-09-28,2024-10-05,CUST-008,Anbu Electricals (Anbazhagan),BR-01,5615.0,1010.7,6625.7,Net 7,Paid
INV-001155,SO-001155,2024-09-28,2024-10-28,CUST-019,Poompuhar Handicrafts Store,BR-01,2330.0,419.4,2749.4,Net 30,Paid
INV-001156,SO-001156,2024-09-30,2024-09-30,CUST-031,Nandini Milk Parlour & Mart,BR-02,3110.0,559.8,3669.8,Immediate Cash,Paid
INV-001157,SO-001157,2024-09-30,2024-10-30,CUST-037,Kovai Textile Mills Facility Team,BR-03,1460.0,262.8,1722.8,Net 30,Paid
INV-001158,SO-001158,2024-09-30,2024-10-30,CUST-027,InnoTech Coworking Hub,BR-02,2340.0,421.2,2761.2,Net 30,Paid
INV-001159,SO-001159,2024-09-30,2024-09-30,CUST-005,Murugan Auto Garage & Works,BR-01,3300.0,594.0,3894.0,Immediate Cash,Paid
INV-001160,SO-001160,2024-09-30,2024-10-30,CUST-010,Vels Vidyashram School Campus,BR-01,3115.0,560.7,3675.7,Net 30,Paid
INV-001161,SO-001161,2024-09-30,2024-10-30,CUST-036,Urban Spaces Interior Studio,BR-02,255090.0,45916.2,301006.2,Net 30,Paid
INV-001162,SO-001162,2024-09-30,2024-10-30,CUST-027,InnoTech Coworking Hub,BR-02,450.0,81.0,531.0,Net 30,Paid
INV-001163,SO-001163,2024-09-30,2024-10-15,CUST-002,Kalaivani Hardware & Paints,BR-01,40726.0,7330.68,48056.68,Net 15,Paid
INV-001164,SO-001164,2024-10-01,2024-10-01,CUST-005,Murugan Auto Garage & Works,BR-01,3850.0,693.0,4543.0,Immediate Cash,Paid
INV-001165,SO-001165,2024-10-01,2024-11-15,CUST-004,Sri Ramakrishna Builders & Infra,BR-01,74080.0,13334.4,87414.4,Net 45,Paid
INV-001166,SO-001166,2024-10-01,2024-10-31,CUST-015,Srinivasan & Sons Contractor,BR-01,13887.0,2499.66,16386.66,Net 30,Paid
INV-001167,SO-001167,2024-10-01,2024-10-31,CUST-028,Sri Venkateshwara Hardware & Electricals,BR-02,372220.0,66999.6,439219.6,Net 30,Paid
INV-001168,SO-001168,2024-10-01,2024-10-01,CUST-048,Ramachandran (Individual House Owner),BR-03,2565.0,461.7,3026.7,Immediate UPI,Paid
INV-001169,SO-001169,2024-10-02,2024-11-16,CUST-029,Raghavendra Infrastructure Developers,BR-02,95710.0,17227.8,112937.8,Net 45,Paid
INV-001170,SO-001170,2024-10-02,2024-11-01,CUST-022,Global Smart Solutions (P) Ltd,BR-01,197843.0,35611.74,233454.74,Net 30,Paid
INV-001171,SO-001171,2024-10-02,2024-10-09,CUST-008,Anbu Electricals (Anbazhagan),BR-01,21690.0,3904.2,25594.2,Net 7,Paid
INV-001172,SO-001172,2024-10-03,2024-10-03,CUST-012,Karthik Residential Apartment Owner,BR-01,2390.0,430.2,2820.2,Immediate Card,Paid
INV-001173,SO-001173,2024-10-03,2024-11-02,CUST-025,Brigade Vista Apartment Owners Assn,BR-02,6740.0,1213.2,7953.2,Net 30,Paid
INV-001174,SO-001174,2024-10-03,2024-10-03,CUST-021,Mohammed Riyaz (Home Renovation),BR-01,2705.0,486.9,3191.9,Immediate Cash,Paid
INV-001175,SO-001175,2024-10-03,2024-10-18,CUST-013,Metro Supermarket Tambaram,BR-01,3450.0,621.0,4071.0,Net 15,Paid
INV-001176,SO-001176,2024-10-03,2024-10-18,CUST-002,Kalaivani Hardware & Paints,BR-01,343385.0,61809.3,405194.3,Net 15,Paid
INV-001177,SO-001177,2024-10-04,2024-11-03,CUST-032,Cauvery Engineering Contractors,BR-02,107100.0,19278.0,126378.0,Net 30,Paid
INV-001178,SO-001178,2024-10-04,2024-11-03,CUST-010,Vels Vidyashram School Campus,BR-01,3675.0,661.5,4336.5,Net 30,Paid
INV-001179,SO-001179,2024-10-04,2024-11-03,CUST-025,Brigade Vista Apartment Owners Assn,BR-02,2100.0,378.0,2478.0,Net 30,Paid
INV-001180,SO-001180,2024-10-04,2024-11-03,CUST-007,TechPark Facility Maintenance Team,BR-01,110.0,19.8,129.8,Net 30,Paid
INV-001181,SO-001181,2024-10-04,2024-10-04,CUST-048,Ramachandran (Individual House Owner),BR-03,975.0,175.5,1150.5,Immediate UPI,Paid
INV-001182,SO-001182,2024-10-05,2024-10-20,CUST-026,Manjunatha Electrical Works,BR-02,6060.0,1090.8,7150.8,Net 15,Paid
INV-001183,SO-001183,2024-10-05,2024-10-05,CUST-033,Suresh Babu (Villa Construction),BR-02,495.0,89.1,584.1,Immediate Card,Paid
INV-001184,SO-001184,2024-10-05,2024-11-04,CUST-025,Brigade Vista Apartment Owners Assn,BR-02,7750.0,1395.0,9145.0,Net 30,Paid
INV-001185,SO-001185,2024-10-05,2024-11-04,CUST-046,Annamalai Agro Processing Unit,BR-03,730.0,131.4,861.4,Net 30,Paid
INV-001186,SO-001186,2024-10-05,2024-10-12,CUST-008,Anbu Electricals (Anbazhagan),BR-01,6690.0,1204.2,7894.2,Net 7,Paid
INV-001187,SO-001187,2024-10-05,2024-10-20,CUST-013,Metro Supermarket Tambaram,BR-01,75.0,13.5,88.5,Net 15,Paid
INV-001188,SO-001188,2024-10-07,2024-11-21,CUST-011,Victory Housing Projects Phase 2,BR-01,160950.0,28971.0,189921.0,Net 45,Paid
INV-001189,SO-001189,2024-10-07,2024-11-21,CUST-041,Kongu Builders & Real Estate,BR-03,76190.0,13714.2,89904.2,Net 45,Paid
INV-001190,SO-001190,2024-10-07,2024-10-22,CUST-013,Metro Supermarket Tambaram,BR-01,450.0,81.0,531.0,Net 15,Paid
INV-001191,SO-001191,2024-10-07,2024-10-07,CUST-048,Ramachandran (Individual House Owner),BR-03,900.0,162.0,1062.0,Immediate UPI,Paid
INV-001192,SO-001192,2024-10-07,2024-11-06,CUST-028,Sri Venkateshwara Hardware & Electricals,BR-02,41285.0,7431.3,48716.3,Net 30,Paid
INV-001193,SO-001193,2024-10-07,2024-10-14,CUST-035,Gowda Electrical Repairs,BR-02,6820.0,1227.6,8047.6,Net 7,Paid
INV-001194,SO-001194,2024-10-07,2024-11-06,CUST-040,Sri Krishna Engineering College Hostel,BR-03,1380.0,248.4,1628.4,Net 30,Paid
INV-001195,SO-001195,2024-10-08,2024-10-08,CUST-031,Nandini Milk Parlour & Mart,BR-02,130.0,23.4,153.4,Immediate Cash,Paid
INV-001196,SO-001196,2024-10-08,2024-11-22,CUST-029,Raghavendra Infrastructure Developers,BR-02,256535.0,46176.3,302711.3,Net 45,Paid
INV-001197,SO-001197,2024-10-08,2024-11-07,CUST-034,Silicon Valley PG Hostel Chain,BR-02,6220.0,1119.6,7339.6,Net 30,Paid
INV-001198,SO-001198,2024-10-08,2024-11-22,CUST-041,Kongu Builders & Real Estate,BR-03,41011.0,7381.98,48392.98,Net 45,Paid
INV-001199,SO-001199,2024-10-08,2024-10-23,CUST-003,Saravana Electric Works (Govindaraj),BR-01,17761.0,3196.98,20957.98,Net 15,Paid
INV-001200,SO-001200,2024-10-08,2024-11-22,CUST-029,Raghavendra Infrastructure Developers,BR-02,20780.0,3740.4,24520.4,Net 45,Paid
INV-001201,SO-001201,2024-10-08,2024-11-07,CUST-037,Kovai Textile Mills Facility Team,BR-03,330.0,59.4,389.4,Net 30,Paid
INV-001202,SO-001202,2024-10-08,2024-10-08,CUST-014,Siva Shankaran (Individual Home),BR-01,2590.0,466.2,3056.2,Immediate Cash,Paid
INV-001203,SO-001203,2024-10-09,2024-10-24,CUST-003,Saravana Electric Works (Govindaraj),BR-01,24012.0,4322.16,28334.16,Net 15,Paid
INV-001204,SO-001204,2024-10-09,2024-11-08,CUST-009,Devi Agency & Lighting Store,BR-01,94665.0,17039.7,111704.7,Net 30,Paid
INV-001205,SO-001205,2024-10-09,2024-10-16,CUST-044,Mani Bros Electricals (Mani),BR-03,14260.0,2566.8,16826.8,Net 7,Paid
INV-001206,SO-001206,2024-10-09,2024-10-24,CUST-023,Kalam Brothers Electrical Store,BR-01,56605.0,10188.9,66793.9,Net 15,Paid
INV-001207,SO-001207,2024-10-09,2024-10-09,CUST-018,Lakshmi Vilas Sweets & Bakery,BR-01,11200.0,2016.0,13216.0,Immediate UPI,Paid
INV-001208,SO-001208,2024-10-09,2024-11-23,CUST-011,Victory Housing Projects Phase 2,BR-01,86034.0,15486.12,101520.12,Net 45,Paid
INV-001209,SO-001209,2024-10-09,2024-11-23,CUST-041,Kongu Builders & Real Estate,BR-03,138590.0,24946.2,163536.2,Net 45,Paid
INV-001210,SO-001210,2024-10-10,2024-10-10,CUST-045,Karthika Departmental Store,BR-03,3880.0,698.4,4578.4,Immediate Cash,Paid
INV-001211,SO-001211,2024-10-10,2024-11-09,CUST-032,Cauvery Engineering Contractors,BR-02,146500.0,26370.0,172870.0,Net 30,Paid
INV-001212,SO-001212,2024-10-10,2024-11-09,CUST-019,Poompuhar Handicrafts Store,BR-01,955.0,171.9,1126.9,Net 30,Paid
INV-001213,SO-001213,2024-10-10,2024-10-10,CUST-031,Nandini Milk Parlour & Mart,BR-02,2830.0,509.4,3339.4,Immediate Cash,Paid
INV-001214,SO-001214,2024-10-10,2024-10-25,CUST-013,Metro Supermarket Tambaram,BR-01,2510.0,451.8,2961.8,Net 15,Paid
INV-001215,SO-001215,2024-10-11,2024-11-10,CUST-017,Apex Manufacturing Solutions,BR-01,515.0,92.7,607.7,Net 30,Paid
INV-001216,SO-001216,2024-10-11,2024-11-10,CUST-046,Annamalai Agro Processing Unit,BR-03,195.0,35.1,230.1,Net 30,Paid
INV-001217,SO-001217,2024-10-11,2024-11-10,CUST-043,Sundaram Hospital Maintenance,BR-03,6915.0,1244.7,8159.7,Net 30,Paid
INV-001218,SO-001218,2024-10-11,2024-10-18,CUST-035,Gowda Electrical Repairs,BR-02,7290.0,1312.2,8602.2,Net 7,Paid
INV-001219,SO-001219,2024-10-11,2024-11-10,CUST-007,TechPark Facility Maintenance Team,BR-01,1765.0,317.7,2082.7,Net 30,Paid
INV-001220,SO-001220,2024-10-11,2024-10-18,CUST-008,Anbu Electricals (Anbazhagan),BR-01,18860.0,3394.8,22254.8,Net 7,Paid
INV-001221,SO-001221,2024-10-12,2024-11-11,CUST-036,Urban Spaces Interior Studio,BR-02,143365.0,25805.7,169170.7,Net 30,Paid
INV-001222,SO-001222,2024-10-12,2024-11-11,CUST-016,Royal Comfort Residency Hotel,BR-01,1500.0,270.0,1770.0,Net 30,Paid
INV-001223,SO-001223,2024-10-12,2024-11-11,CUST-046,Annamalai Agro Processing Unit,BR-03,220.0,39.6,259.6,Net 30,Paid
INV-001224,SO-001224,2024-10-12,2024-11-11,CUST-022,Global Smart Solutions (P) Ltd,BR-01,108675.0,19561.5,128236.5,Net 30,Paid
INV-001225,SO-001225,2024-10-14,2024-11-13,CUST-016,Royal Comfort Residency Hotel,BR-01,760.0,136.8,896.8,Net 30,Paid
INV-001226,SO-001226,2024-10-14,2024-11-13,CUST-019,Poompuhar Handicrafts Store,BR-01,165.0,29.7,194.7,Net 30,Paid
INV-001227,SO-001227,2024-10-14,2024-11-13,CUST-040,Sri Krishna Engineering College Hostel,BR-03,1785.0,321.3,2106.3,Net 30,Paid
INV-001228,SO-001228,2024-10-14,2024-11-13,CUST-017,Apex Manufacturing Solutions,BR-01,480.0,86.4,566.4,Net 30,Paid
INV-001229,SO-001229,2024-10-14,2024-11-13,CUST-034,Silicon Valley PG Hostel Chain,BR-02,3230.0,581.4,3811.4,Net 30,Paid
INV-001230,SO-001230,2024-10-14,2024-10-14,CUST-033,Suresh Babu (Villa Construction),BR-02,3200.0,576.0,3776.0,Immediate Card,Paid
INV-001231,SO-001231,2024-10-14,2024-11-13,CUST-022,Global Smart Solutions (P) Ltd,BR-01,72825.0,13108.5,85933.5,Net 30,Paid
INV-001232,SO-001232,2024-10-15,2024-11-29,CUST-029,Raghavendra Infrastructure Developers,BR-02,70835.0,12750.3,83585.3,Net 45,Paid
INV-001233,SO-001233,2024-10-15,2024-10-15,CUST-012,Karthik Residential Apartment Owner,BR-01,1687.5,303.75,1991.25,Immediate Card,Paid
INV-001234,SO-001234,2024-10-15,2024-10-15,CUST-005,Murugan Auto Garage & Works,BR-01,4227.0,760.86,4987.86,Immediate Cash,Paid
INV-001235,SO-001235,2024-10-15,2024-11-14,CUST-009,Devi Agency & Lighting Store,BR-01,35550.0,6399.0,41949.0,Net 30,Paid
INV-001236,SO-001236,2024-10-15,2024-11-14,CUST-046,Annamalai Agro Processing Unit,BR-03,4716.0,848.88,5564.88,Net 30,Paid
INV-001237,SO-001237,2024-10-15,2024-11-14,CUST-037,Kovai Textile Mills Facility Team,BR-03,1269.0,228.42,1497.42,Net 30,Paid
INV-001238,SO-001238,2024-10-16,2024-11-15,CUST-016,Royal Comfort Residency Hotel,BR-01,1685.0,303.3,1988.3,Net 30,Paid
INV-001239,SO-001239,2024-10-16,2024-10-16,CUST-021,Mohammed Riyaz (Home Renovation),BR-01,99.0,17.82,116.82,Immediate Cash,Paid
INV-001240,SO-001240,2024-10-16,2024-11-15,CUST-022,Global Smart Solutions (P) Ltd,BR-01,146060.0,26290.8,172350.8,Net 30,Paid
INV-001241,SO-001241,2024-10-16,2024-10-31,CUST-002,Kalaivani Hardware & Paints,BR-01,237715.0,42788.7,280503.7,Net 15,Paid
INV-001242,SO-001242,2024-10-16,2024-10-31,CUST-020,Selvam Electrician Services,BR-01,7899.0,1421.82,9320.82,Net 15,Paid
INV-001243,SO-001243,2024-10-17,2024-12-01,CUST-029,Raghavendra Infrastructure Developers,BR-02,213058.0,38350.44,251408.44,Net 45,Paid
INV-001244,SO-001244,2024-10-17,2024-11-01,CUST-023,Kalam Brothers Electrical Store,BR-01,297799.0,53603.82,351402.82,Net 15,Paid
INV-001245,SO-001245,2024-10-17,2024-11-16,CUST-028,Sri Venkateshwara Hardware & Electricals,BR-02,115386.5,20769.57,136156.07,Net 30,Paid
INV-001246,SO-001246,2024-10-17,2024-11-16,CUST-037,Kovai Textile Mills Facility Team,BR-03,315.0,56.7,371.7,Net 30,Paid
INV-001247,SO-001247,2024-10-17,2024-10-17,CUST-021,Mohammed Riyaz (Home Renovation),BR-01,4300.0,774.0,5074.0,Immediate Cash,Paid
INV-001248,SO-001248,2024-10-17,2024-10-17,CUST-018,Lakshmi Vilas Sweets & Bakery,BR-01,351.0,63.18,414.18,Immediate UPI,Paid
INV-001249,SO-001249,2024-10-17,2024-11-16,CUST-028,Sri Venkateshwara Hardware & Electricals,BR-02,145822.5,26248.05,172070.55,Net 30,Paid
INV-001250,SO-001250,2024-10-17,2024-11-01,CUST-002,Kalaivani Hardware & Paints,BR-01,123870.0,22296.6,146166.6,Net 15,Paid
INV-001251,SO-001251,2024-10-18,2024-11-17,CUST-009,Devi Agency & Lighting Store,BR-01,107017.5,19263.15,126280.65,Net 30,Paid
INV-001252,SO-001252,2024-10-18,2024-11-02,CUST-039,Rangasamy Electrician Workshop,BR-03,16644.0,2995.92,19639.92,Net 15,Paid
INV-001253,SO-001253,2024-10-18,2024-11-17,CUST-010,Vels Vidyashram School Campus,BR-01,5205.0,936.9,6141.9,Net 30,Paid
INV-001254,SO-001254,2024-10-18,2024-11-17,CUST-037,Kovai Textile Mills Facility Team,BR-03,8230.0,1481.4,9711.4,Net 30,Paid
INV-001255,SO-001255,2024-10-19,2024-10-26,CUST-035,Gowda Electrical Repairs,BR-02,2040.0,367.2,2407.2,Net 7,Paid
INV-001256,SO-001256,2024-10-19,2024-11-03,CUST-026,Manjunatha Electrical Works,BR-02,2986.0,537.48,3523.48,Net 15,Paid
INV-001257,SO-001257,2024-10-19,2024-11-18,CUST-015,Srinivasan & Sons Contractor,BR-01,16970.0,3054.6,20024.6,Net 30,Paid
INV-001258,SO-001258,2024-10-19,2024-11-03,CUST-026,Manjunatha Electrical Works,BR-02,2105.0,378.9,2483.9,Net 15,Paid
INV-001259,SO-001259,2024-10-19,2024-11-18,CUST-034,Silicon Valley PG Hostel Chain,BR-02,15.0,2.7,17.7,Net 30,Paid
INV-001260,SO-001260,2024-10-19,2024-11-18,CUST-017,Apex Manufacturing Solutions,BR-01,6815.0,1226.7,8041.7,Net 30,Paid
INV-001261,SO-001261,2024-10-19,2024-12-03,CUST-029,Raghavendra Infrastructure Developers,BR-02,45944.5,8270.01,54214.51,Net 45,Paid
INV-001262,SO-001262,2024-10-19,2024-11-18,CUST-027,InnoTech Coworking Hub,BR-02,1467.0,264.06,1731.06,Net 30,Paid
INV-001263,SO-001263,2024-10-21,2024-11-05,CUST-038,Marutham Electrical & Power Agency,BR-03,297196.0,53495.28,350691.28,Net 15,Paid
INV-001264,SO-001264,2024-10-21,2024-10-21,CUST-014,Siva Shankaran (Individual Home),BR-01,3846.0,692.28,4538.28,Immediate Cash,Paid
INV-001265,SO-001265,2024-10-21,2024-10-28,CUST-008,Anbu Electricals (Anbazhagan),BR-01,4729.5,851.31,5580.81,Net 7,Paid
INV-001266,SO-001266,2024-10-21,2024-10-21,CUST-018,Lakshmi Vilas Sweets & Bakery,BR-01,1021.5,183.87,1205.37,Immediate UPI,Paid
INV-001267,SO-001267,2024-10-22,2024-10-22,CUST-030,Dr. Arvind Rao Dental Clinic,BR-02,270.0,48.6,318.6,Immediate UPI,Paid
INV-001268,SO-001268,2024-10-22,2024-11-21,CUST-015,Srinivasan & Sons Contractor,BR-01,115580.0,20804.4,136384.4,Net 30,Paid
INV-001269,SO-001269,2024-10-22,2024-11-06,CUST-003,Saravana Electric Works (Govindaraj),BR-01,4416.0,794.88,5210.88,Net 15,Paid
INV-001270,SO-001270,2024-10-22,2024-10-22,CUST-048,Ramachandran (Individual House Owner),BR-03,365.0,65.7,430.7,Immediate UPI,Paid
INV-001271,SO-001271,2024-10-23,2024-10-23,CUST-006,Dr. Priya Sundaram (Home Clinic),BR-01,2150.0,387.0,2537.0,Immediate UPI,Paid
INV-001272,SO-001272,2024-10-23,2024-10-23,CUST-031,Nandini Milk Parlour & Mart,BR-02,990.0,178.2,1168.2,Immediate Cash,Paid
INV-001273,SO-001273,2024-10-23,2024-11-07,CUST-038,Marutham Electrical & Power Agency,BR-03,173160.0,31168.8,204328.8,Net 15,Paid
INV-001274,SO-001274,2024-10-24,2024-11-23,CUST-022,Global Smart Solutions (P) Ltd,BR-01,18820.0,3387.6,22207.6,Net 30,Paid
INV-001275,SO-001275,2024-10-24,2024-11-08,CUST-002,Kalaivani Hardware & Paints,BR-01,340445.0,61280.1,401725.1,Net 15,Paid
INV-001276,SO-001276,2024-10-24,2024-11-23,CUST-036,Urban Spaces Interior Studio,BR-02,19662.0,3539.16,23201.16,Net 30,Paid
INV-001277,SO-001277,2024-10-24,2024-11-08,CUST-026,Manjunatha Electrical Works,BR-02,5184.0,933.12,6117.12,Net 15,Paid
INV-001278,SO-001278,2024-10-24,2024-11-08,CUST-002,Kalaivani Hardware & Paints,BR-01,295985.0,53277.3,349262.3,Net 15,Paid
INV-001279,SO-001279,2024-10-24,2024-11-23,CUST-001,Balaji Electrical Contractors,BR-01,30040.0,5407.2,35447.2,Net 30,Paid
INV-001280,SO-001280,2024-10-25,2024-10-25,CUST-021,Mohammed Riyaz (Home Renovation),BR-01,99.0,17.82,116.82,Immediate Cash,Paid
INV-001281,SO-001281,2024-10-25,2024-10-25,CUST-005,Murugan Auto Garage & Works,BR-01,5420.0,975.6,6395.6,Immediate Cash,Paid
INV-001282,SO-001282,2024-10-25,2024-11-09,CUST-026,Manjunatha Electrical Works,BR-02,35750.0,6435.0,42185.0,Net 15,Paid
INV-001283,SO-001283,2024-10-26,2024-11-10,CUST-038,Marutham Electrical & Power Agency,BR-03,470935.0,84768.3,555703.3,Net 15,Paid
INV-001284,SO-001284,2024-10-26,2024-11-25,CUST-032,Cauvery Engineering Contractors,BR-02,19567.0,3522.06,23089.06,Net 30,Paid
INV-001285,SO-001285,2024-10-26,2024-12-10,CUST-029,Raghavendra Infrastructure Developers,BR-02,25070.0,4512.6,29582.6,Net 45,Paid
INV-001286,SO-001286,2024-10-26,2024-10-26,CUST-021,Mohammed Riyaz (Home Renovation),BR-01,1125.0,202.5,1327.5,Immediate Cash,Paid
INV-001287,SO-001287,2024-10-26,2024-11-10,CUST-020,Selvam Electrician Services,BR-01,17930.0,3227.4,21157.4,Net 15,Paid
INV-001288,SO-001288,2024-10-26,2024-11-25,CUST-034,Silicon Valley PG Hostel Chain,BR-02,228.0,41.04,269.04,Net 30,Paid
INV-001289,SO-001289,2024-10-26,2024-10-26,CUST-014,Siva Shankaran (Individual Home),BR-01,2850.0,513.0,3363.0,Immediate Cash,Paid
INV-001290,SO-001290,2024-10-28,2024-11-27,CUST-034,Silicon Valley PG Hostel Chain,BR-02,2964.0,533.52,3497.52,Net 30,Paid
INV-001291,SO-001291,2024-10-28,2024-12-12,CUST-004,Sri Ramakrishna Builders & Infra,BR-01,155596.0,28007.28,183603.28,Net 45,Paid
INV-001292,SO-001292,2024-10-28,2024-10-28,CUST-012,Karthik Residential Apartment Owner,BR-01,252.0,45.36,297.36,Immediate Card,Paid
INV-001293,SO-001293,2024-10-28,2024-11-27,CUST-007,TechPark Facility Maintenance Team,BR-01,30.0,5.4,35.4,Net 30,Paid
INV-001294,SO-001294,2024-10-28,2024-11-27,CUST-019,Poompuhar Handicrafts Store,BR-01,2340.0,421.2,2761.2,Net 30,Paid
INV-001295,SO-001295,2024-10-28,2024-10-28,CUST-048,Ramachandran (Individual House Owner),BR-03,351.0,63.18,414.18,Immediate UPI,Paid
INV-001296,SO-001296,2024-10-28,2024-11-27,CUST-032,Cauvery Engineering Contractors,BR-02,61263.0,11027.34,72290.34,Net 30,Paid
INV-001297,SO-001297,2024-10-28,2024-11-12,CUST-013,Metro Supermarket Tambaram,BR-01,504.0,90.72,594.72,Net 15,Paid
INV-001298,SO-001298,2024-10-29,2024-11-28,CUST-036,Urban Spaces Interior Studio,BR-02,116510.0,20971.8,137481.8,Net 30,Paid
INV-001299,SO-001299,2024-10-29,2024-12-13,CUST-011,Victory Housing Projects Phase 2,BR-01,151940.5,27349.29,179289.79,Net 45,Paid
INV-001300,SO-001300,2024-10-29,2024-11-13,CUST-020,Selvam Electrician Services,BR-01,18435.0,3318.3,21753.3,Net 15,Paid
INV-001301,SO-001301,2024-10-29,2024-11-28,CUST-032,Cauvery Engineering Contractors,BR-02,26928.5,4847.13,31775.63,Net 30,Paid
INV-001302,SO-001302,2024-10-30,2024-11-14,CUST-042,Velan Pump & Motor Spares Store,BR-03,285771.0,51438.78,337209.78,Net 15,Paid
INV-001303,SO-001303,2024-10-30,2024-11-29,CUST-019,Poompuhar Handicrafts Store,BR-01,360.0,64.8,424.8,Net 30,Paid
INV-001304,SO-001304,2024-10-30,2024-10-30,CUST-018,Lakshmi Vilas Sweets & Bakery,BR-01,882.0,158.76,1040.76,Immediate UPI,Paid
INV-001305,SO-001305,2024-10-30,2024-11-14,CUST-039,Rangasamy Electrician Workshop,BR-03,18638.0,3354.84,21992.84,Net 15,Paid
INV-001306,SO-001306,2024-10-30,2024-11-29,CUST-025,Brigade Vista Apartment Owners Assn,BR-02,4300.0,774.0,5074.0,Net 30,Paid
INV-001307,SO-001307,2024-10-31,2024-10-31,CUST-031,Nandini Milk Parlour & Mart,BR-02,1530.0,275.4,1805.4,Immediate Cash,Paid
INV-001308,SO-001308,2024-10-31,2024-11-30,CUST-010,Vels Vidyashram School Campus,BR-01,299.0,53.82,352.82,Net 30,Paid
INV-001309,SO-001309,2024-10-31,2024-10-31,CUST-005,Murugan Auto Garage & Works,BR-01,3030.0,545.4,3575.4,Immediate Cash,Paid
INV-001310,SO-001310,2024-10-31,2024-10-31,CUST-014,Siva Shankaran (Individual Home),BR-01,5286.0,951.48,6237.48,Immediate Cash,Paid
INV-001311,SO-001311,2024-10-31,2024-12-15,CUST-004,Sri Ramakrishna Builders & Infra,BR-01,143595.0,25847.1,169442.1,Net 45,Paid
INV-001312,SO-001312,2024-11-01,2024-12-01,CUST-032,Cauvery Engineering Contractors,BR-02,216145.0,38906.1,255051.1,Net 30,Paid
INV-001313,SO-001313,2024-11-01,2024-11-16,CUST-023,Kalam Brothers Electrical Store,BR-01,227805.0,41004.9,268809.9,Net 15,Paid
INV-001314,SO-001314,2024-11-01,2024-12-16,CUST-041,Kongu Builders & Real Estate,BR-03,80942.5,14569.65,95512.15,Net 45,Paid
INV-001315,SO-001315,2024-11-01,2024-12-01,CUST-036,Urban Spaces Interior Studio,BR-02,47977.0,8635.86,56612.86,Net 30,Paid
INV-001316,SO-001316,2024-11-01,2024-12-01,CUST-027,InnoTech Coworking Hub,BR-02,2285.0,411.3,2696.3,Net 30,Paid
INV-001317,SO-001317,2024-11-01,2024-12-01,CUST-040,Sri Krishna Engineering College Hostel,BR-03,396.0,71.28,467.28,Net 30,Paid
INV-001318,SO-001318,2024-11-02,2024-11-02,CUST-045,Karthika Departmental Store,BR-03,65.0,11.7,76.7,Immediate Cash,Paid
INV-001319,SO-001319,2024-11-02,2024-12-02,CUST-032,Cauvery Engineering Contractors,BR-02,4152.0,747.36,4899.36,Net 30,Paid
INV-001320,SO-001320,2024-11-02,2024-11-17,CUST-013,Metro Supermarket Tambaram,BR-01,445.0,80.1,525.1,Net 15,Paid
INV-001321,SO-001321,2024-11-04,2024-11-19,CUST-039,Rangasamy Electrician Workshop,BR-03,20697.0,3725.46,24422.46,Net 15,Paid
INV-001322,SO-001322,2024-11-04,2024-12-04,CUST-037,Kovai Textile Mills Facility Team,BR-03,504.0,90.72,594.72,Net 30,Paid
INV-001323,SO-001323,2024-11-04,2024-11-04,CUST-018,Lakshmi Vilas Sweets & Bakery,BR-01,240.0,43.2,283.2,Immediate UPI,Paid
INV-001324,SO-001324,2024-11-04,2024-12-04,CUST-028,Sri Venkateshwara Hardware & Electricals,BR-02,40805.0,7344.9,48149.9,Net 30,Paid
INV-001325,SO-001325,2024-11-04,2024-11-04,CUST-012,Karthik Residential Apartment Owner,BR-01,330.0,59.4,389.4,Immediate Card,Paid
INV-001326,SO-001326,2024-11-05,2024-11-05,CUST-021,Mohammed Riyaz (Home Renovation),BR-01,2654.0,477.72,3131.72,Immediate Cash,Paid
INV-001327,SO-001327,2024-11-05,2024-11-20,CUST-038,Marutham Electrical & Power Agency,BR-03,136923.5,24646.23,161569.73,Net 15,Paid
INV-001328,SO-001328,2024-11-05,2024-11-20,CUST-026,Manjunatha Electrical Works,BR-02,6080.0,1094.4,7174.4,Net 15,Paid
INV-001329,SO-001329,2024-11-05,2024-11-05,CUST-006,Dr. Priya Sundaram (Home Clinic),BR-01,2683.0,482.94,3165.94,Immediate UPI,Paid
INV-001330,SO-001330,2024-11-05,2024-11-12,CUST-008,Anbu Electricals (Anbazhagan),BR-01,1140.0,205.2,1345.2,Net 7,Paid
INV-001331,SO-001331,2024-11-05,2024-12-05,CUST-028,Sri Venkateshwara Hardware & Electricals,BR-02,83862.0,15095.16,98957.16,Net 30,Paid
INV-001332,SO-001332,2024-11-05,2024-11-05,CUST-031,Nandini Milk Parlour & Mart,BR-02,1584.0,285.12,1869.12,Immediate Cash,Paid
INV-001333,SO-001333,2024-11-05,2024-11-05,CUST-031,Nandini Milk Parlour & Mart,BR-02,6230.0,1121.4,7351.4,Immediate Cash,Paid
INV-001334,SO-001334,2024-11-06,2024-12-06,CUST-043,Sundaram Hospital Maintenance,BR-03,5600.0,1008.0,6608.0,Net 30,Paid
INV-001335,SO-001335,2024-11-06,2024-12-21,CUST-004,Sri Ramakrishna Builders & Infra,BR-01,15700.0,2826.0,18526.0,Net 45,Paid
INV-001336,SO-001336,2024-11-06,2024-11-06,CUST-014,Siva Shankaran (Individual Home),BR-01,15.0,2.7,17.7,Immediate Cash,Paid
INV-001337,SO-001337,2024-11-07,2024-12-07,CUST-040,Sri Krishna Engineering College Hostel,BR-03,1840.0,331.2,2171.2,Net 30,Paid
INV-001338,SO-001338,2024-11-07,2024-11-14,CUST-008,Anbu Electricals (Anbazhagan),BR-01,18730.0,3371.4,22101.4,Net 7,Paid
INV-001339,SO-001339,2024-11-07,2024-12-07,CUST-034,Silicon Valley PG Hostel Chain,BR-02,2150.0,387.0,2537.0,Net 30,Paid
INV-001340,SO-001340,2024-11-07,2024-12-07,CUST-025,Brigade Vista Apartment Owners Assn,BR-02,6450.0,1161.0,7611.0,Net 30,Paid
INV-001341,SO-001341,2024-11-07,2024-11-07,CUST-031,Nandini Milk Parlour & Mart,BR-02,900.0,162.0,1062.0,Immediate Cash,Paid
INV-001342,SO-001342,2024-11-08,2024-12-23,CUST-041,Kongu Builders & Real Estate,BR-03,66190.0,11914.2,78104.2,Net 45,Paid
INV-001343,SO-001343,2024-11-08,2024-12-08,CUST-037,Kovai Textile Mills Facility Team,BR-03,45.0,8.1,53.1,Net 30,Paid
INV-001344,SO-001344,2024-11-08,2024-12-23,CUST-011,Victory Housing Projects Phase 2,BR-01,108710.0,19567.8,128277.8,Net 45,Paid
INV-001345,SO-001345,2024-11-08,2024-11-23,CUST-042,Velan Pump & Motor Spares Store,BR-03,148135.0,26664.3,174799.3,Net 15,Paid
INV-001346,SO-001346,2024-11-08,2024-11-23,CUST-038,Marutham Electrical & Power Agency,BR-03,267698.0,48185.64,315883.64,Net 15,Paid
INV-001347,SO-001347,2024-11-08,2024-12-23,CUST-029,Raghavendra Infrastructure Developers,BR-02,15366.0,2765.88,18131.88,Net 45,Paid
INV-001348,SO-001348,2024-11-08,2024-11-08,CUST-018,Lakshmi Vilas Sweets & Bakery,BR-01,4680.0,842.4,5522.4,Immediate UPI,Paid
INV-001349,SO-001349,2024-11-09,2024-12-09,CUST-016,Royal Comfort Residency Hotel,BR-01,4665.0,839.7,5504.7,Net 30,Paid
INV-001350,SO-001350,2024-11-09,2024-11-09,CUST-005,Murugan Auto Garage & Works,BR-01,4700.0,846.0,5546.0,Immediate Cash,Paid
INV-001351,SO-001351,2024-11-09,2024-12-09,CUST-032,Cauvery Engineering Contractors,BR-02,14015.0,2522.7,16537.7,Net 30,Paid
INV-001352,SO-001352,2024-11-09,2024-12-09,CUST-037,Kovai Textile Mills Facility Team,BR-03,1650.0,297.0,1947.0,Net 30,Paid
INV-001353,SO-001353,2024-11-09,2024-11-09,CUST-048,Ramachandran (Individual House Owner),BR-03,1110.0,199.8,1309.8,Immediate UPI,Paid
INV-001354,SO-001354,2024-11-11,2024-11-11,CUST-045,Karthika Departmental Store,BR-03,2880.0,518.4,3398.4,Immediate Cash,Paid
INV-001355,SO-001355,2024-11-11,2024-11-26,CUST-020,Selvam Electrician Services,BR-01,2099.0,377.82,2476.82,Net 15,Paid
INV-001356,SO-001356,2024-11-11,2024-11-18,CUST-035,Gowda Electrical Repairs,BR-02,37580.0,6764.4,44344.4,Net 7,Paid
INV-001357,SO-001357,2024-11-11,2024-12-11,CUST-015,Srinivasan & Sons Contractor,BR-01,113540.0,20437.2,133977.2,Net 30,Paid
INV-001358,SO-001358,2024-11-11,2024-12-11,CUST-043,Sundaram Hospital Maintenance,BR-03,2500.0,450.0,2950.0,Net 30,Paid
INV-001359,SO-001359,2024-11-11,2024-12-11,CUST-001,Balaji Electrical Contractors,BR-01,52866.0,9515.88,62381.88,Net 30,Paid
INV-001360,SO-001360,2024-11-11,2024-11-26,CUST-023,Kalam Brothers Electrical Store,BR-01,20612.0,3710.16,24322.16,Net 15,Paid
INV-001361,SO-001361,2024-11-11,2024-11-11,CUST-030,Dr. Arvind Rao Dental Clinic,BR-02,1700.0,306.0,2006.0,Immediate UPI,Paid
INV-001362,SO-001362,2024-11-12,2024-12-12,CUST-019,Poompuhar Handicrafts Store,BR-01,4500.0,810.0,5310.0,Net 30,Paid
INV-001363,SO-001363,2024-11-12,2024-11-27,CUST-039,Rangasamy Electrician Workshop,BR-03,3410.0,613.8,4023.8,Net 15,Paid
INV-001364,SO-001364,2024-11-12,2024-11-27,CUST-023,Kalam Brothers Electrical Store,BR-01,252480.0,45446.4,297926.4,Net 15,Paid
INV-001365,SO-001365,2024-11-12,2024-11-19,CUST-008,Anbu Electricals (Anbazhagan),BR-01,7620.0,1371.6,8991.6,Net 7,Paid
INV-001366,SO-001366,2024-11-12,2024-12-12,CUST-046,Annamalai Agro Processing Unit,BR-03,2520.0,453.6,2973.6,Net 30,Paid
INV-001367,SO-001367,2024-11-12,2024-11-19,CUST-035,Gowda Electrical Repairs,BR-02,17450.0,3141.0,20591.0,Net 7,Paid
INV-001368,SO-001368,2024-11-13,2024-12-13,CUST-028,Sri Venkateshwara Hardware & Electricals,BR-02,150165.0,27029.7,177194.7,Net 30,Paid
INV-001369,SO-001369,2024-11-13,2024-12-13,CUST-022,Global Smart Solutions (P) Ltd,BR-01,109643.0,19735.74,129378.74,Net 30,Paid
INV-001370,SO-001370,2024-11-13,2024-11-13,CUST-031,Nandini Milk Parlour & Mart,BR-02,6650.0,1197.0,7847.0,Immediate Cash,Paid
INV-001371,SO-001371,2024-11-14,2024-11-21,CUST-044,Mani Bros Electricals (Mani),BR-03,11820.0,2127.6,13947.6,Net 7,Paid
INV-001372,SO-001372,2024-11-14,2024-12-14,CUST-027,InnoTech Coworking Hub,BR-02,65.0,11.7,76.7,Net 30,Paid
INV-001373,SO-001373,2024-11-14,2024-11-21,CUST-035,Gowda Electrical Repairs,BR-02,7330.0,1319.4,8649.4,Net 7,Paid
INV-001374,SO-001374,2024-11-14,2024-11-29,CUST-026,Manjunatha Electrical Works,BR-02,1425.0,256.5,1681.5,Net 15,Paid
INV-001375,SO-001375,2024-11-14,2024-11-29,CUST-038,Marutham Electrical & Power Agency,BR-03,21540.0,3877.2,25417.2,Net 15,Paid
INV-001376,SO-001376,2024-11-14,2024-12-14,CUST-015,Srinivasan & Sons Contractor,BR-01,58310.0,10495.8,68805.8,Net 30,Paid
INV-001377,SO-001377,2024-11-14,2024-12-29,CUST-041,Kongu Builders & Real Estate,BR-03,88110.0,15859.8,103969.8,Net 45,Paid
INV-001378,SO-001378,2024-11-15,2024-11-30,CUST-039,Rangasamy Electrician Workshop,BR-03,23695.0,4265.1,27960.1,Net 15,Paid
INV-001379,SO-001379,2024-11-15,2024-11-30,CUST-002,Kalaivani Hardware & Paints,BR-01,119385.0,21489.3,140874.3,Net 15,Paid
INV-001380,SO-001380,2024-11-15,2024-12-15,CUST-047,Kovai Elite Residency Hotel,BR-03,2505.0,450.9,2955.9,Net 30,Paid
INV-001381,SO-001381,2024-11-15,2024-11-15,CUST-014,Siva Shankaran (Individual Home),BR-01,1050.0,189.0,1239.0,Immediate Cash,Paid
INV-001382,SO-001382,2024-11-16,2024-11-23,CUST-044,Mani Bros Electricals (Mani),BR-03,6750.0,1215.0,7965.0,Net 7,Paid
INV-001383,SO-001383,2024-11-16,2024-12-16,CUST-025,Brigade Vista Apartment Owners Assn,BR-02,1100.0,198.0,1298.0,Net 30,Paid
INV-001384,SO-001384,2024-11-16,2024-11-16,CUST-030,Dr. Arvind Rao Dental Clinic,BR-02,280.0,50.4,330.4,Immediate UPI,Paid
INV-001385,SO-001385,2024-11-18,2024-12-18,CUST-037,Kovai Textile Mills Facility Team,BR-03,280.0,50.4,330.4,Net 30,Paid
INV-001386,SO-001386,2024-11-18,2024-11-25,CUST-044,Mani Bros Electricals (Mani),BR-03,9560.0,1720.8,11280.8,Net 7,Paid
INV-001387,SO-001387,2024-11-18,2024-12-03,CUST-038,Marutham Electrical & Power Agency,BR-03,68435.0,12318.3,80753.3,Net 15,Paid
INV-001388,SO-001388,2024-11-19,2024-11-19,CUST-012,Karthik Residential Apartment Owner,BR-01,5950.0,1071.0,7021.0,Immediate Card,Paid
INV-001389,SO-001389,2024-11-19,2024-12-19,CUST-034,Silicon Valley PG Hostel Chain,BR-02,300.0,54.0,354.0,Net 30,Paid
INV-001390,SO-001390,2024-11-19,2024-12-19,CUST-037,Kovai Textile Mills Facility Team,BR-03,3175.0,571.5,3746.5,Net 30,Paid
INV-001391,SO-001391,2024-11-19,2024-12-19,CUST-047,Kovai Elite Residency Hotel,BR-03,900.0,162.0,1062.0,Net 30,Paid
INV-001392,SO-001392,2024-11-20,2025-01-04,CUST-041,Kongu Builders & Real Estate,BR-03,18995.0,3419.1,22414.1,Net 45,Paid
INV-001393,SO-001393,2024-11-20,2024-12-20,CUST-001,Balaji Electrical Contractors,BR-01,61370.0,11046.6,72416.6,Net 30,Paid
INV-001394,SO-001394,2024-11-20,2024-11-20,CUST-014,Siva Shankaran (Individual Home),BR-01,3000.0,540.0,3540.0,Immediate Cash,Paid
INV-001395,SO-001395,2024-11-20,2024-11-20,CUST-048,Ramachandran (Individual House Owner),BR-03,1845.0,332.1,2177.1,Immediate UPI,Paid
INV-001396,SO-001396,2024-11-21,2024-12-21,CUST-009,Devi Agency & Lighting Store,BR-01,92032.0,16565.76,108597.76,Net 30,Paid
INV-001397,SO-001397,2024-11-21,2024-11-21,CUST-045,Karthika Departmental Store,BR-03,1120.0,201.6,1321.6,Immediate Cash,Paid
INV-001398,SO-001398,2024-11-21,2024-11-21,CUST-045,Karthika Departmental Store,BR-03,450.0,81.0,531.0,Immediate Cash,Paid
INV-001399,SO-001399,2024-11-21,2024-12-21,CUST-046,Annamalai Agro Processing Unit,BR-03,7140.0,1285.2,8425.2,Net 30,Paid
INV-001400,SO-001400,2024-11-22,2024-11-22,CUST-005,Murugan Auto Garage & Works,BR-01,770.0,138.6,908.6,Immediate Cash,Paid
INV-001401,SO-001401,2024-11-22,2024-12-07,CUST-013,Metro Supermarket Tambaram,BR-01,7900.0,1422.0,9322.0,Net 15,Paid
INV-001402,SO-001402,2024-11-22,2024-12-22,CUST-025,Brigade Vista Apartment Owners Assn,BR-02,1100.0,198.0,1298.0,Net 30,Paid
INV-001403,SO-001403,2024-11-22,2024-12-22,CUST-025,Brigade Vista Apartment Owners Assn,BR-02,600.0,108.0,708.0,Net 30,Paid
INV-001404,SO-001404,2024-11-22,2024-12-22,CUST-034,Silicon Valley PG Hostel Chain,BR-02,1380.0,248.4,1628.4,Net 30,Paid
INV-001405,SO-001405,2024-11-23,2024-12-23,CUST-009,Devi Agency & Lighting Store,BR-01,127560.0,22960.8,150520.8,Net 30,Paid
INV-001406,SO-001406,2024-11-23,2024-12-08,CUST-013,Metro Supermarket Tambaram,BR-01,330.0,59.4,389.4,Net 15,Paid
INV-001407,SO-001407,2024-11-23,2024-12-23,CUST-016,Royal Comfort Residency Hotel,BR-01,3620.0,651.6,4271.6,Net 30,Paid
INV-001408,SO-001408,2024-11-23,2024-12-23,CUST-022,Global Smart Solutions (P) Ltd,BR-01,153750.0,27675.0,181425.0,Net 30,Paid
INV-001409,SO-001409,2024-11-23,2024-12-23,CUST-037,Kovai Textile Mills Facility Team,BR-03,3050.0,549.0,3599.0,Net 30,Paid
INV-001410,SO-001410,2024-11-23,2024-12-08,CUST-003,Saravana Electric Works (Govindaraj),BR-01,15855.0,2853.9,18708.9,Net 15,Paid
INV-001411,SO-001411,2024-11-23,2024-12-23,CUST-028,Sri Venkateshwara Hardware & Electricals,BR-02,138930.0,25007.4,163937.4,Net 30,Paid
INV-001412,SO-001412,2024-11-25,2024-12-02,CUST-044,Mani Bros Electricals (Mani),BR-03,13225.0,2380.5,15605.5,Net 7,Paid
INV-001413,SO-001413,2024-11-25,2024-12-10,CUST-042,Velan Pump & Motor Spares Store,BR-03,273150.0,49167.0,322317.0,Net 15,Paid
INV-001414,SO-001414,2024-11-25,2024-12-25,CUST-001,Balaji Electrical Contractors,BR-01,68965.0,12413.7,81378.7,Net 30,Paid
INV-001415,SO-001415,2024-11-25,2024-12-25,CUST-010,Vels Vidyashram School Campus,BR-01,900.0,162.0,1062.0,Net 30,Paid
INV-001416,SO-001416,2024-11-25,2024-12-25,CUST-046,Annamalai Agro Processing Unit,BR-03,6400.0,1152.0,7552.0,Net 30,Paid
INV-001417,SO-001417,2024-11-26,2024-12-26,CUST-027,InnoTech Coworking Hub,BR-02,1545.0,278.1,1823.1,Net 30,Paid
INV-001418,SO-001418,2024-11-26,2024-11-26,CUST-021,Mohammed Riyaz (Home Renovation),BR-01,7120.0,1281.6,8401.6,Immediate Cash,Paid
INV-001419,SO-001419,2024-11-26,2024-12-26,CUST-036,Urban Spaces Interior Studio,BR-02,101895.0,18341.1,120236.1,Net 30,Paid
INV-001420,SO-001420,2024-11-26,2024-12-26,CUST-022,Global Smart Solutions (P) Ltd,BR-01,86070.0,15492.6,101562.6,Net 30,Paid
INV-001421,SO-001421,2024-11-26,2024-12-03,CUST-008,Anbu Electricals (Anbazhagan),BR-01,2520.0,453.6,2973.6,Net 7,Paid
INV-001422,SO-001422,2024-11-26,2024-11-26,CUST-033,Suresh Babu (Villa Construction),BR-02,3820.0,687.6,4507.6,Immediate Card,Paid
INV-001423,SO-001423,2024-11-27,2024-11-27,CUST-014,Siva Shankaran (Individual Home),BR-01,1050.0,189.0,1239.0,Immediate Cash,Paid
INV-001424,SO-001424,2024-11-27,2024-12-04,CUST-044,Mani Bros Electricals (Mani),BR-03,36775.0,6619.5,43394.5,Net 7,Paid
INV-001425,SO-001425,2024-11-27,2024-11-27,CUST-033,Suresh Babu (Villa Construction),BR-02,2160.0,388.8,2548.8,Immediate Card,Paid
INV-001426,SO-001426,2024-11-27,2024-12-12,CUST-042,Velan Pump & Motor Spares Store,BR-03,104430.0,18797.4,123227.4,Net 15,Paid
INV-001427,SO-001427,2024-11-27,2025-01-11,CUST-029,Raghavendra Infrastructure Developers,BR-02,93142.0,16765.56,109907.56,Net 45,Paid
INV-001428,SO-001428,2024-11-27,2024-12-27,CUST-009,Devi Agency & Lighting Store,BR-01,168188.0,30273.84,198461.84,Net 30,Paid
INV-001429,SO-001429,2024-11-27,2024-12-27,CUST-009,Devi Agency & Lighting Store,BR-01,304167.0,54750.06,358917.06,Net 30,Paid
INV-001430,SO-001430,2024-11-27,2024-12-12,CUST-020,Selvam Electrician Services,BR-01,5260.0,946.8,6206.8,Net 15,Paid
INV-001431,SO-001431,2024-11-28,2024-12-28,CUST-001,Balaji Electrical Contractors,BR-01,57750.0,10395.0,68145.0,Net 30,Paid
INV-001432,SO-001432,2024-11-28,2024-12-28,CUST-036,Urban Spaces Interior Studio,BR-02,31780.0,5720.4,37500.4,Net 30,Paid
INV-001433,SO-001433,2024-11-28,2024-11-28,CUST-048,Ramachandran (Individual House Owner),BR-03,1080.0,194.4,1274.4,Immediate UPI,Paid
INV-001434,SO-001434,2024-11-28,2024-12-13,CUST-013,Metro Supermarket Tambaram,BR-01,735.0,132.3,867.3,Net 15,Paid
INV-001435,SO-001435,2024-11-28,2024-12-28,CUST-016,Royal Comfort Residency Hotel,BR-01,390.0,70.2,460.2,Net 30,Paid
INV-001436,SO-001436,2024-11-28,2024-12-28,CUST-028,Sri Venkateshwara Hardware & Electricals,BR-02,180461.0,32482.98,212943.98,Net 30,Paid
INV-001437,SO-001437,2024-11-29,2024-12-29,CUST-028,Sri Venkateshwara Hardware & Electricals,BR-02,94415.0,16994.7,111409.7,Net 30,Paid
INV-001438,SO-001438,2024-11-29,2024-12-29,CUST-025,Brigade Vista Apartment Owners Assn,BR-02,4150.0,747.0,4897.0,Net 30,Paid
INV-001439,SO-001439,2024-11-29,2024-11-29,CUST-014,Siva Shankaran (Individual Home),BR-01,9050.0,1629.0,10679.0,Immediate Cash,Paid
INV-001440,SO-001440,2024-11-29,2024-12-06,CUST-035,Gowda Electrical Repairs,BR-02,4260.0,766.8,5026.8,Net 7,Paid
INV-001441,SO-001441,2024-11-29,2024-12-14,CUST-013,Metro Supermarket Tambaram,BR-01,2350.0,423.0,2773.0,Net 15,Paid
INV-001442,SO-001442,2024-11-30,2024-11-30,CUST-021,Mohammed Riyaz (Home Renovation),BR-01,2245.0,404.1,2649.1,Immediate Cash,Paid
INV-001443,SO-001443,2024-11-30,2024-11-30,CUST-033,Suresh Babu (Villa Construction),BR-02,440.0,79.2,519.2,Immediate Card,Paid
INV-001444,SO-001444,2024-11-30,2025-01-14,CUST-004,Sri Ramakrishna Builders & Infra,BR-01,25640.0,4615.2,30255.2,Net 45,Paid
INV-001445,SO-001445,2024-11-30,2024-12-30,CUST-007,TechPark Facility Maintenance Team,BR-01,720.0,129.6,849.6,Net 30,Paid
INV-001446,SO-001446,2024-11-30,2024-12-30,CUST-027,InnoTech Coworking Hub,BR-02,2145.0,386.1,2531.1,Net 30,Paid
INV-001447,SO-001447,2024-11-30,2025-01-14,CUST-004,Sri Ramakrishna Builders & Infra,BR-01,61440.0,11059.2,72499.2,Net 45,Paid
INV-001448,SO-001448,2024-11-30,2024-12-30,CUST-007,TechPark Facility Maintenance Team,BR-01,4650.0,837.0,5487.0,Net 30,Paid
INV-001449,SO-001449,2024-12-02,2025-01-01,CUST-015,Srinivasan & Sons Contractor,BR-01,25380.0,4568.4,29948.4,Net 30,Paid
INV-001450,SO-001450,2024-12-02,2024-12-17,CUST-020,Selvam Electrician Services,BR-01,6405.0,1152.9,7557.9,Net 15,Paid
INV-001451,SO-001451,2024-12-02,2025-01-16,CUST-041,Kongu Builders & Real Estate,BR-03,167340.0,30121.2,197461.2,Net 45,Paid
INV-001452,SO-001452,2024-12-02,2025-01-01,CUST-022,Global Smart Solutions (P) Ltd,BR-01,58150.0,10467.0,68617.0,Net 30,Paid
INV-001453,SO-001453,2024-12-03,2024-12-18,CUST-026,Manjunatha Electrical Works,BR-02,37198.0,6695.64,43893.64,Net 15,Paid
INV-001454,SO-001454,2024-12-03,2025-01-02,CUST-022,Global Smart Solutions (P) Ltd,BR-01,44005.0,7920.9,51925.9,Net 30,Paid
INV-001455,SO-001455,2024-12-03,2025-01-02,CUST-010,Vels Vidyashram School Campus,BR-01,4020.0,723.6,4743.6,Net 30,Paid
INV-001456,SO-001456,2024-12-03,2025-01-02,CUST-016,Royal Comfort Residency Hotel,BR-01,240.0,43.2,283.2,Net 30,Paid
INV-001457,SO-001457,2024-12-03,2025-01-02,CUST-040,Sri Krishna Engineering College Hostel,BR-03,795.0,143.1,938.1,Net 30,Paid
INV-001458,SO-001458,2024-12-04,2024-12-19,CUST-038,Marutham Electrical & Power Agency,BR-03,143287.0,25791.66,169078.66,Net 15,Paid
INV-001459,SO-001459,2024-12-04,2025-01-03,CUST-015,Srinivasan & Sons Contractor,BR-01,66385.0,11949.3,78334.3,Net 30,Paid
INV-001460,SO-001460,2024-12-04,2025-01-03,CUST-043,Sundaram Hospital Maintenance,BR-03,2420.0,435.6,2855.6,Net 30,Paid
INV-001461,SO-001461,2024-12-04,2024-12-19,CUST-003,Saravana Electric Works (Govindaraj),BR-01,615.0,110.7,725.7,Net 15,Paid
INV-001462,SO-001462,2024-12-04,2024-12-19,CUST-042,Velan Pump & Motor Spares Store,BR-03,74255.0,13365.9,87620.9,Net 15,Paid
INV-001463,SO-001463,2024-12-04,2024-12-19,CUST-013,Metro Supermarket Tambaram,BR-01,2430.0,437.4,2867.4,Net 15,Paid
INV-001464,SO-001464,2024-12-04,2025-01-03,CUST-037,Kovai Textile Mills Facility Team,BR-03,1025.0,184.5,1209.5,Net 30,Paid
INV-001465,SO-001465,2024-12-04,2024-12-11,CUST-008,Anbu Electricals (Anbazhagan),BR-01,8310.0,1495.8,9805.8,Net 7,Paid
INV-001466,SO-001466,2024-12-05,2024-12-20,CUST-039,Rangasamy Electrician Workshop,BR-03,3135.0,564.3,3699.3,Net 15,Paid
INV-001467,SO-001467,2024-12-05,2025-01-04,CUST-032,Cauvery Engineering Contractors,BR-02,216190.0,38914.2,255104.2,Net 30,Paid
INV-001468,SO-001468,2024-12-05,2025-01-04,CUST-043,Sundaram Hospital Maintenance,BR-03,1000.0,180.0,1180.0,Net 30,Paid
INV-001469,SO-001469,2024-12-06,2024-12-06,CUST-030,Dr. Arvind Rao Dental Clinic,BR-02,8550.0,1539.0,10089.0,Immediate UPI,Paid
INV-001470,SO-001470,2024-12-06,2024-12-21,CUST-002,Kalaivani Hardware & Paints,BR-01,215695.0,38825.1,254520.1,Net 15,Paid
INV-001471,SO-001471,2024-12-06,2024-12-21,CUST-042,Velan Pump & Motor Spares Store,BR-03,79330.0,14279.4,93609.4,Net 15,Paid
INV-001472,SO-001472,2024-12-06,2024-12-06,CUST-045,Karthika Departmental Store,BR-03,750.0,135.0,885.0,Immediate Cash,Paid
INV-001473,SO-001473,2024-12-06,2024-12-21,CUST-039,Rangasamy Electrician Workshop,BR-03,8265.0,1487.7,9752.7,Net 15,Paid
INV-001474,SO-001474,2024-12-06,2025-01-05,CUST-043,Sundaram Hospital Maintenance,BR-03,450.0,81.0,531.0,Net 30,Paid
INV-001475,SO-001475,2024-12-06,2025-01-05,CUST-034,Silicon Valley PG Hostel Chain,BR-02,4700.0,846.0,5546.0,Net 30,Paid
INV-001476,SO-001476,2024-12-06,2025-01-05,CUST-007,TechPark Facility Maintenance Team,BR-01,2380.0,428.4,2808.4,Net 30,Paid
INV-001477,SO-001477,2024-12-07,2025-01-06,CUST-034,Silicon Valley PG Hostel Chain,BR-02,75.0,13.5,88.5,Net 30,Paid
INV-001478,SO-001478,2024-12-07,2025-01-06,CUST-009,Devi Agency & Lighting Store,BR-01,329520.0,59313.6,388833.6,Net 30,Paid
INV-001479,SO-001479,2024-12-07,2024-12-22,CUST-038,Marutham Electrical & Power Agency,BR-03,96010.0,17281.8,113291.8,Net 15,Paid
INV-001480,SO-001480,2024-12-07,2024-12-22,CUST-038,Marutham Electrical & Power Agency,BR-03,105982.0,19076.76,125058.76,Net 15,Paid
INV-001481,SO-001481,2024-12-07,2025-01-06,CUST-016,Royal Comfort Residency Hotel,BR-01,30.0,5.4,35.4,Net 30,Paid
INV-001482,SO-001482,2024-12-07,2025-01-06,CUST-015,Srinivasan & Sons Contractor,BR-01,149856.0,26974.08,176830.08,Net 30,Paid
INV-001483,SO-001483,2024-12-09,2025-01-08,CUST-007,TechPark Facility Maintenance Team,BR-01,1380.0,248.4,1628.4,Net 30,Paid
INV-001484,SO-001484,2024-12-09,2024-12-09,CUST-014,Siva Shankaran (Individual Home),BR-01,1350.0,243.0,1593.0,Immediate Cash,Paid
INV-001485,SO-001485,2024-12-09,2025-01-08,CUST-019,Poompuhar Handicrafts Store,BR-01,2480.0,446.4,2926.4,Net 30,Paid
INV-001486,SO-001486,2024-12-09,2024-12-09,CUST-045,Karthika Departmental Store,BR-03,535.0,96.3,631.3,Immediate Cash,Paid
INV-001487,SO-001487,2024-12-09,2025-01-08,CUST-009,Devi Agency & Lighting Store,BR-01,84760.0,15256.8,100016.8,Net 30,Paid
INV-001488,SO-001488,2024-12-09,2025-01-08,CUST-001,Balaji Electrical Contractors,BR-01,28280.0,5090.4,33370.4,Net 30,Paid
INV-001489,SO-001489,2024-12-09,2024-12-24,CUST-042,Velan Pump & Motor Spares Store,BR-03,112350.0,20223.0,132573.0,Net 15,Paid
INV-001490,SO-001490,2024-12-10,2024-12-10,CUST-005,Murugan Auto Garage & Works,BR-01,9415.0,1694.7,11109.7,Immediate Cash,Paid
INV-001491,SO-001491,2024-12-10,2025-01-09,CUST-040,Sri Krishna Engineering College Hostel,BR-03,1100.0,198.0,1298.0,Net 30,Paid
INV-001492,SO-001492,2024-12-10,2025-01-09,CUST-019,Poompuhar Handicrafts Store,BR-01,7620.0,1371.6,8991.6,Net 30,Paid
INV-001493,SO-001493,2024-12-10,2025-01-09,CUST-040,Sri Krishna Engineering College Hostel,BR-03,1880.0,338.4,2218.4,Net 30,Paid
INV-001494,SO-001494,2024-12-10,2024-12-10,CUST-006,Dr. Priya Sundaram (Home Clinic),BR-01,5830.0,1049.4,6879.4,Immediate UPI,Paid
INV-001495,SO-001495,2024-12-10,2025-01-09,CUST-040,Sri Krishna Engineering College Hostel,BR-03,450.0,81.0,531.0,Net 30,Paid
INV-001496,SO-001496,2024-12-11,2024-12-11,CUST-030,Dr. Arvind Rao Dental Clinic,BR-02,2450.0,441.0,2891.0,Immediate UPI,Paid
INV-001497,SO-001497,2024-12-11,2025-01-10,CUST-017,Apex Manufacturing Solutions,BR-01,3430.0,617.4,4047.4,Net 30,Paid
INV-001498,SO-001498,2024-12-11,2024-12-26,CUST-013,Metro Supermarket Tambaram,BR-01,1345.0,242.1,1587.1,Net 15,Paid
INV-001499,SO-001499,2024-12-11,2025-01-25,CUST-011,Victory Housing Projects Phase 2,BR-01,24646.0,4436.28,29082.28,Net 45,Paid
INV-001500,SO-001500,2024-12-12,2025-01-11,CUST-019,Poompuhar Handicrafts Store,BR-01,3055.0,549.9,3604.9,Net 30,Paid
INV-001501,SO-001501,2024-12-12,2025-01-11,CUST-022,Global Smart Solutions (P) Ltd,BR-01,18045.0,3248.1,21293.1,Net 30,Paid
INV-001502,SO-001502,2024-12-12,2024-12-12,CUST-018,Lakshmi Vilas Sweets & Bakery,BR-01,175.0,31.5,206.5,Immediate UPI,Paid
INV-001503,SO-001503,2024-12-12,2025-01-11,CUST-043,Sundaram Hospital Maintenance,BR-03,355.0,63.9,418.9,Net 30,Paid
INV-001504,SO-001504,2024-12-12,2025-01-11,CUST-009,Devi Agency & Lighting Store,BR-01,86850.0,15633.0,102483.0,Net 30,Paid
INV-001505,SO-001505,2024-12-12,2025-01-11,CUST-047,Kovai Elite Residency Hotel,BR-03,330.0,59.4,389.4,Net 30,Paid
INV-001506,SO-001506,2024-12-12,2025-01-26,CUST-029,Raghavendra Infrastructure Developers,BR-02,17250.0,3105.0,20355.0,Net 45,Paid
INV-001507,SO-001507,2024-12-13,2024-12-20,CUST-035,Gowda Electrical Repairs,BR-02,8820.0,1587.6,10407.6,Net 7,Paid
INV-001508,SO-001508,2024-12-13,2025-01-12,CUST-025,Brigade Vista Apartment Owners Assn,BR-02,2100.0,378.0,2478.0,Net 30,Paid
INV-001509,SO-001509,2024-12-13,2024-12-13,CUST-018,Lakshmi Vilas Sweets & Bakery,BR-01,480.0,86.4,566.4,Immediate UPI,Paid
INV-001510,SO-001510,2024-12-13,2024-12-13,CUST-006,Dr. Priya Sundaram (Home Clinic),BR-01,4975.0,895.5,5870.5,Immediate UPI,Paid
INV-001511,SO-001511,2024-12-13,2025-01-12,CUST-019,Poompuhar Handicrafts Store,BR-01,1200.0,216.0,1416.0,Net 30,Paid
INV-001512,SO-001512,2024-12-14,2024-12-14,CUST-033,Suresh Babu (Villa Construction),BR-02,1200.0,216.0,1416.0,Immediate Card,Paid
INV-001513,SO-001513,2024-12-14,2024-12-29,CUST-042,Velan Pump & Motor Spares Store,BR-03,222250.0,40005.0,262255.0,Net 15,Paid
INV-001514,SO-001514,2024-12-14,2025-01-13,CUST-032,Cauvery Engineering Contractors,BR-02,236770.0,42618.6,279388.6,Net 30,Paid
INV-001515,SO-001515,2024-12-14,2025-01-13,CUST-037,Kovai Textile Mills Facility Team,BR-03,765.0,137.7,902.7,Net 30,Paid
INV-001516,SO-001516,2024-12-14,2025-01-13,CUST-047,Kovai Elite Residency Hotel,BR-03,1275.0,229.5,1504.5,Net 30,Paid
INV-001517,SO-001517,2024-12-14,2025-01-13,CUST-046,Annamalai Agro Processing Unit,BR-03,2350.0,423.0,2773.0,Net 30,Paid
INV-001518,SO-001518,2024-12-16,2024-12-16,CUST-005,Murugan Auto Garage & Works,BR-01,3245.0,584.1,3829.1,Immediate Cash,Paid
INV-001519,SO-001519,2024-12-16,2024-12-16,CUST-014,Siva Shankaran (Individual Home),BR-01,850.0,153.0,1003.0,Immediate Cash,Paid
INV-001520,SO-001520,2024-12-16,2025-01-15,CUST-022,Global Smart Solutions (P) Ltd,BR-01,52880.0,9518.4,62398.4,Net 30,Paid
INV-001521,SO-001521,2024-12-17,2024-12-24,CUST-035,Gowda Electrical Repairs,BR-02,10495.0,1889.1,12384.1,Net 7,Paid
INV-001522,SO-001522,2024-12-17,2024-12-17,CUST-033,Suresh Babu (Villa Construction),BR-02,2550.0,459.0,3009.0,Immediate Card,Paid
INV-001523,SO-001523,2024-12-17,2025-01-16,CUST-025,Brigade Vista Apartment Owners Assn,BR-02,225.0,40.5,265.5,Net 30,Paid
INV-001524,SO-001524,2024-12-18,2024-12-18,CUST-030,Dr. Arvind Rao Dental Clinic,BR-02,7230.0,1301.4,8531.4,Immediate UPI,Paid
INV-001525,SO-001525,2024-12-18,2025-01-17,CUST-016,Royal Comfort Residency Hotel,BR-01,3450.0,621.0,4071.0,Net 30,Paid
INV-001526,SO-001526,2024-12-18,2025-01-02,CUST-013,Metro Supermarket Tambaram,BR-01,1130.0,203.4,1333.4,Net 15,Paid
INV-001527,SO-001527,2024-12-18,2024-12-18,CUST-031,Nandini Milk Parlour & Mart,BR-02,1380.0,248.4,1628.4,Immediate Cash,Paid
INV-001528,SO-001528,2024-12-18,2025-01-17,CUST-022,Global Smart Solutions (P) Ltd,BR-01,6150.0,1107.0,7257.0,Net 30,Paid
INV-001529,SO-001529,2024-12-19,2024-12-19,CUST-014,Siva Shankaran (Individual Home),BR-01,1050.0,189.0,1239.0,Immediate Cash,Paid
INV-001530,SO-001530,2024-12-19,2024-12-19,CUST-006,Dr. Priya Sundaram (Home Clinic),BR-01,2220.0,399.6,2619.6,Immediate UPI,Paid
INV-001531,SO-001531,2024-12-19,2025-01-18,CUST-025,Brigade Vista Apartment Owners Assn,BR-02,330.0,59.4,389.4,Net 30,Paid
INV-001532,SO-001532,2024-12-19,2025-01-18,CUST-043,Sundaram Hospital Maintenance,BR-03,4765.0,857.7,5622.7,Net 30,Paid
INV-001533,SO-001533,2024-12-19,2024-12-19,CUST-048,Ramachandran (Individual House Owner),BR-03,3275.0,589.5,3864.5,Immediate UPI,Paid
INV-001534,SO-001534,2024-12-19,2024-12-19,CUST-048,Ramachandran (Individual House Owner),BR-03,2175.0,391.5,2566.5,Immediate UPI,Paid
INV-001535,SO-001535,2024-12-19,2025-01-18,CUST-022,Global Smart Solutions (P) Ltd,BR-01,53060.0,9550.8,62610.8,Net 30,Paid
INV-001536,SO-001536,2024-12-20,2025-01-19,CUST-047,Kovai Elite Residency Hotel,BR-03,6900.0,1242.0,8142.0,Net 30,Paid
INV-001537,SO-001537,2024-12-20,2025-01-04,CUST-039,Rangasamy Electrician Workshop,BR-03,36570.0,6582.6,43152.6,Net 15,Paid
INV-001538,SO-001538,2024-12-20,2025-01-04,CUST-042,Velan Pump & Motor Spares Store,BR-03,51260.0,9226.8,60486.8,Net 15,Paid
INV-001539,SO-001539,2024-12-21,2024-12-28,CUST-044,Mani Bros Electricals (Mani),BR-03,12165.0,2189.7,14354.7,Net 7,Paid
INV-001540,SO-001540,2024-12-21,2025-01-05,CUST-039,Rangasamy Electrician Workshop,BR-03,2225.0,400.5,2625.5,Net 15,Paid
INV-001541,SO-001541,2024-12-21,2025-01-20,CUST-009,Devi Agency & Lighting Store,BR-01,181628.0,32693.04,214321.04,Net 30,Paid
INV-001542,SO-001542,2024-12-21,2024-12-21,CUST-045,Karthika Departmental Store,BR-03,3025.0,544.5,3569.5,Immediate Cash,Paid
INV-001543,SO-001543,2024-12-23,2025-01-22,CUST-032,Cauvery Engineering Contractors,BR-02,65479.0,11786.22,77265.22,Net 30,Paid
INV-001544,SO-001544,2024-12-23,2025-01-07,CUST-023,Kalam Brothers Electrical Store,BR-01,41720.0,7509.6,49229.6,Net 15,Paid
INV-001545,SO-001545,2024-12-23,2025-02-06,CUST-041,Kongu Builders & Real Estate,BR-03,130250.0,23445.0,153695.0,Net 45,Paid
INV-001546,SO-001546,2024-12-23,2025-01-22,CUST-001,Balaji Electrical Contractors,BR-01,22900.0,4122.0,27022.0,Net 30,Paid
INV-001547,SO-001547,2024-12-23,2024-12-23,CUST-014,Siva Shankaran (Individual Home),BR-01,150.0,27.0,177.0,Immediate Cash,Paid
INV-001548,SO-001548,2024-12-23,2025-01-22,CUST-001,Balaji Electrical Contractors,BR-01,39095.0,7037.1,46132.1,Net 30,Paid
INV-001549,SO-001549,2024-12-23,2024-12-23,CUST-018,Lakshmi Vilas Sweets & Bakery,BR-01,5420.0,975.6,6395.6,Immediate UPI,Paid
INV-001550,SO-001550,2024-12-24,2024-12-24,CUST-014,Siva Shankaran (Individual Home),BR-01,5600.0,1008.0,6608.0,Immediate Cash,Paid
INV-001551,SO-001551,2024-12-24,2024-12-24,CUST-005,Murugan Auto Garage & Works,BR-01,1275.0,229.5,1504.5,Immediate Cash,Paid
INV-001552,SO-001552,2024-12-24,2024-12-24,CUST-033,Suresh Babu (Villa Construction),BR-02,4300.0,774.0,5074.0,Immediate Card,Paid
INV-001553,SO-001553,2024-12-24,2025-01-23,CUST-036,Urban Spaces Interior Studio,BR-02,59500.0,10710.0,70210.0,Net 30,Paid
INV-001554,SO-001554,2024-12-24,2025-01-23,CUST-034,Silicon Valley PG Hostel Chain,BR-02,3525.0,634.5,4159.5,Net 30,Paid
INV-001555,SO-001555,2024-12-24,2024-12-31,CUST-035,Gowda Electrical Repairs,BR-02,1215.0,218.7,1433.7,Net 7,Paid
INV-001556,SO-001556,2024-12-25,2024-12-25,CUST-021,Mohammed Riyaz (Home Renovation),BR-01,2575.0,463.5,3038.5,Immediate Cash,Paid
INV-001557,SO-001557,2024-12-25,2025-01-24,CUST-009,Devi Agency & Lighting Store,BR-01,225855.0,40653.9,266508.9,Net 30,Paid
INV-001558,SO-001558,2024-12-25,2025-01-09,CUST-039,Rangasamy Electrician Workshop,BR-03,37180.0,6692.4,43872.4,Net 15,Paid
INV-001559,SO-001559,2024-12-25,2025-02-08,CUST-011,Victory Housing Projects Phase 2,BR-01,29640.0,5335.2,34975.2,Net 45,Paid
INV-001560,SO-001560,2024-12-25,2025-01-24,CUST-028,Sri Venkateshwara Hardware & Electricals,BR-02,97478.0,17546.04,115024.04,Net 30,Paid
INV-001561,SO-001561,2024-12-25,2025-01-24,CUST-027,InnoTech Coworking Hub,BR-02,240.0,43.2,283.2,Net 30,Paid
INV-001562,SO-001562,2024-12-25,2025-01-24,CUST-009,Devi Agency & Lighting Store,BR-01,322430.0,58037.4,380467.4,Net 30,Paid
INV-001563,SO-001563,2024-12-26,2025-01-25,CUST-001,Balaji Electrical Contractors,BR-01,243795.0,43883.1,287678.1,Net 30,Paid
INV-001564,SO-001564,2024-12-26,2025-01-02,CUST-044,Mani Bros Electricals (Mani),BR-03,1490.0,268.2,1758.2,Net 7,Paid
INV-001565,SO-001565,2024-12-26,2025-01-10,CUST-039,Rangasamy Electrician Workshop,BR-03,1876.0,337.68,2213.68,Net 15,Paid
INV-001566,SO-001566,2024-12-27,2025-01-26,CUST-040,Sri Krishna Engineering College Hostel,BR-03,720.0,129.6,849.6,Net 30,Paid
INV-001567,SO-001567,2024-12-27,2025-01-26,CUST-016,Royal Comfort Residency Hotel,BR-01,3450.0,621.0,4071.0,Net 30,Paid
INV-001568,SO-001568,2024-12-27,2025-01-03,CUST-044,Mani Bros Electricals (Mani),BR-03,29770.0,5358.6,35128.6,Net 7,Paid
INV-001569,SO-001569,2024-12-27,2025-01-26,CUST-040,Sri Krishna Engineering College Hostel,BR-03,330.0,59.4,389.4,Net 30,Paid
INV-001570,SO-001570,2024-12-27,2025-01-03,CUST-044,Mani Bros Electricals (Mani),BR-03,5585.0,1005.3,6590.3,Net 7,Paid
INV-001571,SO-001571,2024-12-27,2025-02-10,CUST-004,Sri Ramakrishna Builders & Infra,BR-01,39330.0,7079.4,46409.4,Net 45,Paid
INV-001572,SO-001572,2024-12-27,2025-02-10,CUST-029,Raghavendra Infrastructure Developers,BR-02,84215.0,15158.7,99373.7,Net 45,Paid
INV-001573,SO-001573,2024-12-28,2025-01-27,CUST-007,TechPark Facility Maintenance Team,BR-01,2200.0,396.0,2596.0,Net 30,Paid
INV-001574,SO-001574,2024-12-28,2025-01-27,CUST-016,Royal Comfort Residency Hotel,BR-01,330.0,59.4,389.4,Net 30,Paid
INV-001575,SO-001575,2024-12-28,2025-01-27,CUST-016,Royal Comfort Residency Hotel,BR-01,1725.0,310.5,2035.5,Net 30,Paid
INV-001576,SO-001576,2024-12-28,2025-01-12,CUST-023,Kalam Brothers Electrical Store,BR-01,55910.0,10063.8,65973.8,Net 15,Paid
INV-001577,SO-001577,2024-12-28,2025-01-27,CUST-001,Balaji Electrical Contractors,BR-01,202535.0,36456.3,238991.3,Net 30,Paid
INV-001578,SO-001578,2024-12-30,2025-01-29,CUST-028,Sri Venkateshwara Hardware & Electricals,BR-02,251600.0,45288.0,296888.0,Net 30,Paid
INV-001579,SO-001579,2024-12-30,2025-01-14,CUST-003,Saravana Electric Works (Govindaraj),BR-01,11280.0,2030.4,13310.4,Net 15,Paid
INV-001580,SO-001580,2024-12-30,2025-01-29,CUST-047,Kovai Elite Residency Hotel,BR-03,150.0,27.0,177.0,Net 30,Paid
INV-001581,SO-001581,2024-12-30,2025-01-29,CUST-007,TechPark Facility Maintenance Team,BR-01,4290.0,772.2,5062.2,Net 30,Paid
INV-001582,SO-001582,2024-12-31,2025-01-15,CUST-038,Marutham Electrical & Power Agency,BR-03,143618.0,25851.24,169469.24,Net 15,Paid
INV-001583,SO-001583,2024-12-31,2025-02-14,CUST-011,Victory Housing Projects Phase 2,BR-01,61109.0,10999.62,72108.62,Net 45,Paid
INV-001584,SO-001584,2024-12-31,2025-01-07,CUST-008,Anbu Electricals (Anbazhagan),BR-01,14145.0,2546.1,16691.1,Net 7,Paid
INV-001585,SO-001585,2024-12-31,2025-01-30,CUST-009,Devi Agency & Lighting Store,BR-01,127990.0,23038.2,151028.2,Net 30,Paid
INV-001586,SO-001586,2024-12-31,2024-12-31,CUST-014,Siva Shankaran (Individual Home),BR-01,1595.0,287.1,1882.1,Immediate Cash,Paid
INV-001587,SO-001587,2024-12-31,2025-02-14,CUST-011,Victory Housing Projects Phase 2,BR-01,91255.0,16425.9,107680.9,Net 45,Paid
INV-001588,SO-001588,2025-01-01,2025-01-16,CUST-039,Rangasamy Electrician Workshop,BR-03,12535.0,2256.3,14791.3,Net 15,Paid
INV-001589,SO-001589,2025-01-01,2025-01-31,CUST-016,Royal Comfort Residency Hotel,BR-01,2240.0,403.2,2643.2,Net 30,Paid
INV-001590,SO-001590,2025-01-01,2025-01-01,CUST-005,Murugan Auto Garage & Works,BR-01,6680.0,1202.4,7882.4,Immediate Cash,Paid
INV-001591,SO-001591,2025-01-01,2025-01-31,CUST-027,InnoTech Coworking Hub,BR-02,480.0,86.4,566.4,Net 30,Paid
INV-001592,SO-001592,2025-01-01,2025-01-31,CUST-017,Apex Manufacturing Solutions,BR-01,2630.0,473.4,3103.4,Net 30,Paid
INV-001593,SO-001593,2025-01-01,2025-01-31,CUST-043,Sundaram Hospital Maintenance,BR-03,2540.0,457.2,2997.2,Net 30,Paid
INV-001594,SO-001594,2025-01-01,2025-01-01,CUST-012,Karthik Residential Apartment Owner,BR-01,1595.0,287.1,1882.1,Immediate Card,Paid
INV-001595,SO-001595,2025-01-01,2025-01-01,CUST-033,Suresh Babu (Villa Construction),BR-02,175.0,31.5,206.5,Immediate Card,Paid
INV-001596,SO-001596,2025-01-02,2025-01-02,CUST-045,Karthika Departmental Store,BR-03,240.0,43.2,283.2,Immediate Cash,Paid
INV-001597,SO-001597,2025-01-02,2025-02-01,CUST-019,Poompuhar Handicrafts Store,BR-01,280.0,50.4,330.4,Net 30,Paid
INV-001598,SO-001598,2025-01-02,2025-02-16,CUST-004,Sri Ramakrishna Builders & Infra,BR-01,34906.0,6283.08,41189.08,Net 45,Paid
INV-001599,SO-001599,2025-01-02,2025-02-01,CUST-001,Balaji Electrical Contractors,BR-01,11884.44,2139.2,14023.64,Net 30,Paid
INV-001600,SO-001600,2025-01-02,2025-01-02,CUST-021,Mohammed Riyaz (Home Renovation),BR-01,220.0,39.6,259.6,Immediate Cash,Paid
INV-001601,SO-001601,2025-01-03,2025-02-02,CUST-040,Sri Krishna Engineering College Hostel,BR-03,610.0,109.8,719.8,Net 30,Paid
INV-001602,SO-001602,2025-01-03,2025-02-02,CUST-025,Brigade Vista Apartment Owners Assn,BR-02,2150.0,387.0,2537.0,Net 30,Paid
INV-001603,SO-001603,2025-01-03,2025-02-17,CUST-041,Kongu Builders & Real Estate,BR-03,5670.75,1020.74,6691.49,Net 45,Paid
INV-001604,SO-001604,2025-01-03,2025-01-03,CUST-048,Ramachandran (Individual House Owner),BR-03,815.0,146.7,961.7,Immediate UPI,Paid
INV-001605,SO-001605,2025-01-04,2025-02-03,CUST-047,Kovai Elite Residency Hotel,BR-03,4450.0,801.0,5251.0,Net 30,Paid
INV-001606,SO-001606,2025-01-04,2025-02-03,CUST-036,Urban Spaces Interior Studio,BR-02,130283.86,23451.09,153734.95,Net 30,Paid
INV-001607,SO-001607,2025-01-04,2025-02-03,CUST-034,Silicon Valley PG Hostel Chain,BR-02,75.0,13.5,88.5,Net 30,Paid
INV-001608,SO-001608,2025-01-04,2025-02-03,CUST-043,Sundaram Hospital Maintenance,BR-03,230.0,41.4,271.4,Net 30,Paid
INV-001609,SO-001609,2025-01-06,2025-02-05,CUST-007,TechPark Facility Maintenance Team,BR-01,600.0,108.0,708.0,Net 30,Paid
INV-001610,SO-001610,2025-01-06,2025-02-05,CUST-047,Kovai Elite Residency Hotel,BR-03,1860.0,334.8,2194.8,Net 30,Paid
INV-001611,SO-001611,2025-01-06,2025-02-05,CUST-027,InnoTech Coworking Hub,BR-02,1340.0,241.2,1581.2,Net 30,Paid
INV-001612,SO-001612,2025-01-06,2025-01-13,CUST-035,Gowda Electrical Repairs,BR-02,1675.46,301.59,1977.05,Net 7,Paid
INV-001613,SO-001613,2025-01-06,2025-02-05,CUST-025,Brigade Vista Apartment Owners Assn,BR-02,505.0,90.9,595.9,Net 30,Paid
INV-001614,SO-001614,2025-01-06,2025-01-06,CUST-033,Suresh Babu (Villa Construction),BR-02,2275.0,409.5,2684.5,Immediate Card,Paid
INV-001615,SO-001615,2025-01-07,2025-02-06,CUST-037,Kovai Textile Mills Facility Team,BR-03,2450.0,441.0,2891.0,Net 30,Paid
INV-001616,SO-001616,2025-01-07,2025-02-06,CUST-034,Silicon Valley PG Hostel Chain,BR-02,350.0,63.0,413.0,Net 30,Paid
INV-001617,SO-001617,2025-01-07,2025-02-06,CUST-017,Apex Manufacturing Solutions,BR-01,1050.0,189.0,1239.0,Net 30,Paid
INV-001618,SO-001618,2025-01-07,2025-01-14,CUST-044,Mani Bros Electricals (Mani),BR-03,3625.0,652.5,4277.5,Net 7,Paid
INV-001619,SO-001619,2025-01-07,2025-02-06,CUST-025,Brigade Vista Apartment Owners Assn,BR-02,360.0,64.8,424.8,Net 30,Paid
INV-001620,SO-001620,2025-01-07,2025-01-22,CUST-042,Velan Pump & Motor Spares Store,BR-03,237505.06,42750.91,280255.97,Net 15,Paid
INV-001621,SO-001621,2025-01-07,2025-02-06,CUST-010,Vels Vidyashram School Campus,BR-01,240.0,43.2,283.2,Net 30,Paid
INV-001622,SO-001622,2025-01-08,2025-02-07,CUST-019,Poompuhar Handicrafts Store,BR-01,5830.0,1049.4,6879.4,Net 30,Paid
INV-001623,SO-001623,2025-01-08,2025-01-23,CUST-003,Saravana Electric Works (Govindaraj),BR-01,944.76,170.06,1114.82,Net 15,Paid
INV-001624,SO-001624,2025-01-08,2025-01-23,CUST-039,Rangasamy Electrician Workshop,BR-03,6430.3,1157.45,7587.75,Net 15,Paid
INV-001625,SO-001625,2025-01-08,2025-01-08,CUST-006,Dr. Priya Sundaram (Home Clinic),BR-01,2405.0,432.9,2837.9,Immediate UPI,Paid
INV-001626,SO-001626,2025-01-08,2025-02-07,CUST-027,InnoTech Coworking Hub,BR-02,1620.0,291.6,1911.6,Net 30,Paid
INV-001627,SO-001627,2025-01-08,2025-02-22,CUST-011,Victory Housing Projects Phase 2,BR-01,28355.0,5103.9,33458.9,Net 45,Paid
INV-001628,SO-001628,2025-01-08,2025-01-23,CUST-023,Kalam Brothers Electrical Store,BR-01,11157.3,2008.31,13165.61,Net 15,Paid
INV-001629,SO-001629,2025-01-08,2025-01-08,CUST-033,Suresh Babu (Villa Construction),BR-02,2430.0,437.4,2867.4,Immediate Card,Paid
INV-001630,SO-001630,2025-01-09,2025-01-24,CUST-023,Kalam Brothers Electrical Store,BR-01,59955.0,10791.9,70746.9,Net 15,Paid
INV-001631,SO-001631,2025-01-09,2025-01-24,CUST-013,Metro Supermarket Tambaram,BR-01,1180.0,212.4,1392.4,Net 15,Paid
INV-001632,SO-001632,2025-01-09,2025-02-08,CUST-040,Sri Krishna Engineering College Hostel,BR-03,6020.0,1083.6,7103.6,Net 30,Paid
INV-001633,SO-001633,2025-01-10,2025-01-10,CUST-006,Dr. Priya Sundaram (Home Clinic),BR-01,625.0,112.5,737.5,Immediate UPI,Paid
INV-001634,SO-001634,2025-01-10,2025-02-09,CUST-009,Devi Agency & Lighting Store,BR-01,415240.0,74743.2,489983.2,Net 30,Paid
INV-001635,SO-001635,2025-01-10,2025-01-10,CUST-006,Dr. Priya Sundaram (Home Clinic),BR-01,535.0,96.3,631.3,Immediate UPI,Paid
INV-001636,SO-001636,2025-01-10,2025-01-25,CUST-042,Velan Pump & Motor Spares Store,BR-03,125613.18,22610.37,148223.55,Net 15,Paid
INV-001637,SO-001637,2025-01-10,2025-02-09,CUST-036,Urban Spaces Interior Studio,BR-02,10841.8,1951.53,12793.33,Net 30,Paid
INV-001638,SO-001638,2025-01-10,2025-01-10,CUST-006,Dr. Priya Sundaram (Home Clinic),BR-01,2090.0,376.2,2466.2,Immediate UPI,Paid
INV-001639,SO-001639,2025-01-10,2025-02-09,CUST-025,Brigade Vista Apartment Owners Assn,BR-02,980.0,176.4,1156.4,Net 30,Paid
INV-001640,SO-001640,2025-01-11,2025-01-26,CUST-026,Manjunatha Electrical Works,BR-02,11976.0,2155.68,14131.68,Net 15,Paid
INV-001641,SO-001641,2025-01-11,2025-02-10,CUST-015,Srinivasan & Sons Contractor,BR-01,24235.36,4362.36,28597.72,Net 30,Paid
INV-001642,SO-001642,2025-01-11,2025-02-10,CUST-017,Apex Manufacturing Solutions,BR-01,15.0,2.7,17.7,Net 30,Paid
INV-001643,SO-001643,2025-01-11,2025-01-11,CUST-033,Suresh Babu (Villa Construction),BR-02,1065.0,191.7,1256.7,Immediate Card,Paid
INV-001644,SO-001644,2025-01-11,2025-01-26,CUST-003,Saravana Electric Works (Govindaraj),BR-01,2845.0,512.1,3357.1,Net 15,Paid
INV-001645,SO-001645,2025-01-11,2025-01-26,CUST-002,Kalaivani Hardware & Paints,BR-01,74560.0,13420.8,87980.8,Net 15,Paid
INV-001646,SO-001646,2025-01-11,2025-02-10,CUST-025,Brigade Vista Apartment Owners Assn,BR-02,1165.0,209.7,1374.7,Net 30,Paid
INV-001647,SO-001647,2025-01-11,2025-02-10,CUST-047,Kovai Elite Residency Hotel,BR-03,360.0,64.8,424.8,Net 30,Paid
INV-001648,SO-001648,2025-01-13,2025-02-27,CUST-011,Victory Housing Projects Phase 2,BR-01,134481.07,24206.59,158687.66,Net 45,Paid
INV-001649,SO-001649,2025-01-13,2025-02-12,CUST-015,Srinivasan & Sons Contractor,BR-01,34586.0,6225.48,40811.48,Net 30,Paid
INV-001650,SO-001650,2025-01-13,2025-02-27,CUST-011,Victory Housing Projects Phase 2,BR-01,100890.0,18160.2,119050.2,Net 45,Paid
INV-001651,SO-001651,2025-01-13,2025-01-28,CUST-026,Manjunatha Electrical Works,BR-02,13616.1,2450.9,16067.0,Net 15,Paid
INV-001652,SO-001652,2025-01-13,2025-01-13,CUST-031,Nandini Milk Parlour & Mart,BR-02,6800.0,1224.0,8024.0,Immediate Cash,Paid
INV-001653,SO-001653,2025-01-13,2025-01-13,CUST-045,Karthika Departmental Store,BR-03,2795.0,503.1,3298.1,Immediate Cash,Paid
INV-001654,SO-001654,2025-01-13,2025-01-13,CUST-005,Murugan Auto Garage & Works,BR-01,4860.0,874.8,5734.8,Immediate Cash,Paid
INV-001655,SO-001655,2025-01-14,2025-02-13,CUST-040,Sri Krishna Engineering College Hostel,BR-03,2215.0,398.7,2613.7,Net 30,Paid
INV-001656,SO-001656,2025-01-14,2025-02-13,CUST-034,Silicon Valley PG Hostel Chain,BR-02,1245.0,224.1,1469.1,Net 30,Paid
INV-001657,SO-001657,2025-01-14,2025-01-29,CUST-042,Velan Pump & Motor Spares Store,BR-03,160295.5,28853.19,189148.69,Net 15,Paid
INV-001658,SO-001658,2025-01-14,2025-02-28,CUST-004,Sri Ramakrishna Builders & Infra,BR-01,73260.0,13186.8,86446.8,Net 45,Paid
INV-001659,SO-001659,2025-01-14,2025-02-13,CUST-034,Silicon Valley PG Hostel Chain,BR-02,600.0,108.0,708.0,Net 30,Paid
INV-001660,SO-001660,2025-01-14,2025-01-14,CUST-018,Lakshmi Vilas Sweets & Bakery,BR-01,3010.0,541.8,3551.8,Immediate UPI,Paid
INV-001661,SO-001661,2025-01-14,2025-01-29,CUST-026,Manjunatha Electrical Works,BR-02,25155.0,4527.9,29682.9,Net 15,Paid
INV-001662,SO-001662,2025-01-15,2025-02-14,CUST-043,Sundaram Hospital Maintenance,BR-03,1100.0,198.0,1298.0,Net 30,Paid
INV-001663,SO-001663,2025-01-15,2025-01-30,CUST-039,Rangasamy Electrician Workshop,BR-03,7667.0,1380.06,9047.06,Net 15,Paid
INV-001664,SO-001664,2025-01-15,2025-01-15,CUST-005,Murugan Auto Garage & Works,BR-01,2150.0,387.0,2537.0,Immediate Cash,Paid
INV-001665,SO-001665,2025-01-15,2025-01-30,CUST-039,Rangasamy Electrician Workshop,BR-03,19388.7,3489.97,22878.67,Net 15,Paid
INV-001666,SO-001666,2025-01-15,2025-03-01,CUST-029,Raghavendra Infrastructure Developers,BR-02,74601.1,13428.2,88029.3,Net 45,Paid
INV-001667,SO-001667,2025-01-15,2025-01-15,CUST-012,Karthik Residential Apartment Owner,BR-01,150.0,27.0,177.0,Immediate Card,Paid
INV-001668,SO-001668,2025-01-16,2025-01-16,CUST-014,Siva Shankaran (Individual Home),BR-01,180.0,32.4,212.4,Immediate Cash,Paid
INV-001669,SO-001669,2025-01-16,2025-02-15,CUST-022,Global Smart Solutions (P) Ltd,BR-01,50559.07,9100.63,59659.7,Net 30,Paid
INV-001670,SO-001670,2025-01-16,2025-02-15,CUST-047,Kovai Elite Residency Hotel,BR-03,7250.0,1305.0,8555.0,Net 30,Paid
INV-001671,SO-001671,2025-01-16,2025-01-23,CUST-035,Gowda Electrical Repairs,BR-02,4746.56,854.38,5600.94,Net 7,Paid
INV-001672,SO-001672,2025-01-16,2025-02-15,CUST-034,Silicon Valley PG Hostel Chain,BR-02,1090.0,196.2,1286.2,Net 30,Paid
INV-001673,SO-001673,2025-01-17,2025-02-16,CUST-047,Kovai Elite Residency Hotel,BR-03,1340.0,241.2,1581.2,Net 30,Paid
INV-001674,SO-001674,2025-01-17,2025-02-16,CUST-046,Annamalai Agro Processing Unit,BR-03,350.0,63.0,413.0,Net 30,Paid
INV-001675,SO-001675,2025-01-17,2025-02-01,CUST-003,Saravana Electric Works (Govindaraj),BR-01,741.76,133.52,875.28,Net 15,Paid
INV-001676,SO-001676,2025-01-17,2025-01-17,CUST-021,Mohammed Riyaz (Home Renovation),BR-01,840.0,151.2,991.2,Immediate Cash,Paid
INV-001677,SO-001677,2025-01-18,2025-02-17,CUST-043,Sundaram Hospital Maintenance,BR-03,995.0,179.1,1174.1,Net 30,Paid
INV-001678,SO-001678,2025-01-18,2025-01-25,CUST-035,Gowda Electrical Repairs,BR-02,1271.9,228.94,1500.84,Net 7,Paid
INV-001679,SO-001679,2025-01-18,2025-03-04,CUST-041,Kongu Builders & Real Estate,BR-03,145221.0,26139.78,171360.78,Net 45,Paid
INV-001680,SO-001680,2025-01-18,2025-03-04,CUST-041,Kongu Builders & Real Estate,BR-03,67504.8,12150.86,79655.66,Net 45,Paid
INV-001681,SO-001681,2025-01-20,2025-02-19,CUST-025,Brigade Vista Apartment Owners Assn,BR-02,480.0,86.4,566.4,Net 30,Paid
INV-001682,SO-001682,2025-01-20,2025-02-19,CUST-017,Apex Manufacturing Solutions,BR-01,2885.0,519.3,3404.3,Net 30,Paid
INV-001683,SO-001683,2025-01-20,2025-01-20,CUST-045,Karthika Departmental Store,BR-03,1465.0,263.7,1728.7,Immediate Cash,Paid
INV-001684,SO-001684,2025-01-20,2025-01-27,CUST-044,Mani Bros Electricals (Mani),BR-03,14150.0,2547.0,16697.0,Net 7,Paid
INV-001685,SO-001685,2025-01-21,2025-02-20,CUST-017,Apex Manufacturing Solutions,BR-01,730.0,131.4,861.4,Net 30,Paid
INV-001686,SO-001686,2025-01-21,2025-03-07,CUST-029,Raghavendra Infrastructure Developers,BR-02,41215.0,7418.7,48633.7,Net 45,Paid
INV-001687,SO-001687,2025-01-21,2025-01-21,CUST-030,Dr. Arvind Rao Dental Clinic,BR-02,2800.0,504.0,3304.0,Immediate UPI,Paid
INV-001688,SO-001688,2025-01-22,2025-02-21,CUST-007,TechPark Facility Maintenance Team,BR-01,2635.0,474.3,3109.3,Net 30,Paid
INV-001689,SO-001689,2025-01-22,2025-01-22,CUST-021,Mohammed Riyaz (Home Renovation),BR-01,2100.0,378.0,2478.0,Immediate Cash,Paid
INV-001690,SO-001690,2025-01-22,2025-02-21,CUST-015,Srinivasan & Sons Contractor,BR-01,20907.0,3763.26,24670.26,Net 30,Paid
INV-001691,SO-001691,2025-01-22,2025-02-21,CUST-022,Global Smart Solutions (P) Ltd,BR-01,79300.0,14274.0,93574.0,Net 30,Paid
INV-001692,SO-001692,2025-01-22,2025-02-06,CUST-039,Rangasamy Electrician Workshop,BR-03,8860.0,1594.8,10454.8,Net 15,Paid
INV-001693,SO-001693,2025-01-23,2025-02-22,CUST-046,Annamalai Agro Processing Unit,BR-03,390.0,70.2,460.2,Net 30,Paid
INV-001694,SO-001694,2025-01-23,2025-02-22,CUST-022,Global Smart Solutions (P) Ltd,BR-01,92230.0,16601.4,108831.4,Net 30,Paid
INV-001695,SO-001695,2025-01-23,2025-03-09,CUST-004,Sri Ramakrishna Builders & Infra,BR-01,17480.0,3146.4,20626.4,Net 45,Paid
INV-001696,SO-001696,2025-01-23,2025-02-22,CUST-001,Balaji Electrical Contractors,BR-01,28641.0,5155.38,33796.38,Net 30,Paid
INV-001697,SO-001697,2025-01-23,2025-02-22,CUST-017,Apex Manufacturing Solutions,BR-01,390.0,70.2,460.2,Net 30,Paid
INV-001698,SO-001698,2025-01-23,2025-02-07,CUST-023,Kalam Brothers Electrical Store,BR-01,166283.0,29930.94,196213.94,Net 15,Paid
INV-001699,SO-001699,2025-01-23,2025-03-09,CUST-029,Raghavendra Infrastructure Developers,BR-02,9625.0,1732.5,11357.5,Net 45,Paid
INV-001700,SO-001700,2025-01-23,2025-02-07,CUST-038,Marutham Electrical & Power Agency,BR-03,27585.0,4965.3,32550.3,Net 15,Paid
INV-001701,SO-001701,2025-01-24,2025-03-10,CUST-029,Raghavendra Infrastructure Developers,BR-02,204200.0,36756.0,240956.0,Net 45,Paid
INV-001702,SO-001702,2025-01-24,2025-01-31,CUST-008,Anbu Electricals (Anbazhagan),BR-01,7890.0,1420.2,9310.2,Net 7,Paid
INV-001703,SO-001703,2025-01-24,2025-02-23,CUST-010,Vels Vidyashram School Campus,BR-01,1100.0,198.0,1298.0,Net 30,Paid
INV-001704,SO-001704,2025-01-24,2025-02-08,CUST-023,Kalam Brothers Electrical Store,BR-01,105555.0,18999.9,124554.9,Net 15,Paid
INV-001705,SO-001705,2025-01-24,2025-02-23,CUST-017,Apex Manufacturing Solutions,BR-01,2265.0,407.7,2672.7,Net 30,Paid
INV-001706,SO-001706,2025-01-24,2025-02-08,CUST-023,Kalam Brothers Electrical Store,BR-01,97615.0,17570.7,115185.7,Net 15,Paid
INV-001707,SO-001707,2025-01-25,2025-01-25,CUST-031,Nandini Milk Parlour & Mart,BR-02,350.0,63.0,413.0,Immediate Cash,Paid
INV-001708,SO-001708,2025-01-25,2025-02-24,CUST-027,InnoTech Coworking Hub,BR-02,900.0,162.0,1062.0,Net 30,Paid
INV-001709,SO-001709,2025-01-25,2025-03-11,CUST-011,Victory Housing Projects Phase 2,BR-01,149720.0,26949.6,176669.6,Net 45,Paid
INV-001710,SO-001710,2025-01-27,2025-01-27,CUST-006,Dr. Priya Sundaram (Home Clinic),BR-01,3040.0,547.2,3587.2,Immediate UPI,Paid
INV-001711,SO-001711,2025-01-27,2025-02-26,CUST-032,Cauvery Engineering Contractors,BR-02,18585.0,3345.3,21930.3,Net 30,Paid
INV-001712,SO-001712,2025-01-27,2025-02-11,CUST-026,Manjunatha Electrical Works,BR-02,1720.0,309.6,2029.6,Net 15,Paid
INV-001713,SO-001713,2025-01-28,2025-02-27,CUST-022,Global Smart Solutions (P) Ltd,BR-01,99420.0,17895.6,117315.6,Net 30,Paid
INV-001714,SO-001714,2025-01-28,2025-02-12,CUST-002,Kalaivani Hardware & Paints,BR-01,182590.0,32866.2,215456.2,Net 15,Paid
INV-001715,SO-001715,2025-01-28,2025-02-12,CUST-038,Marutham Electrical & Power Agency,BR-03,220480.0,39686.4,260166.4,Net 15,Paid
INV-001716,SO-001716,2025-01-28,2025-01-28,CUST-030,Dr. Arvind Rao Dental Clinic,BR-02,3690.0,664.2,4354.2,Immediate UPI,Paid
INV-001717,SO-001717,2025-01-28,2025-02-12,CUST-038,Marutham Electrical & Power Agency,BR-03,191300.0,34434.0,225734.0,Net 15,Paid
INV-001718,SO-001718,2025-01-29,2025-02-28,CUST-034,Silicon Valley PG Hostel Chain,BR-02,3950.0,711.0,4661.0,Net 30,Paid
INV-001719,SO-001719,2025-01-29,2025-02-28,CUST-001,Balaji Electrical Contractors,BR-01,48285.0,8691.3,56976.3,Net 30,Paid
INV-001720,SO-001720,2025-01-29,2025-02-28,CUST-046,Annamalai Agro Processing Unit,BR-03,460.0,82.8,542.8,Net 30,Paid
INV-001721,SO-001721,2025-01-29,2025-02-13,CUST-026,Manjunatha Electrical Works,BR-02,1891.0,340.38,2231.38,Net 15,Paid
INV-001722,SO-001722,2025-01-30,2025-03-01,CUST-016,Royal Comfort Residency Hotel,BR-01,1345.0,242.1,1587.1,Net 30,Paid
INV-001723,SO-001723,2025-01-30,2025-03-16,CUST-011,Victory Housing Projects Phase 2,BR-01,18065.0,3251.7,21316.7,Net 45,Paid
INV-001724,SO-001724,2025-01-30,2025-03-16,CUST-029,Raghavendra Infrastructure Developers,BR-02,43311.0,7795.98,51106.98,Net 45,Paid
INV-001725,SO-001725,2025-01-30,2025-03-01,CUST-015,Srinivasan & Sons Contractor,BR-01,128564.0,23141.52,151705.52,Net 30,Paid
INV-001726,SO-001726,2025-01-30,2025-03-01,CUST-015,Srinivasan & Sons Contractor,BR-01,42575.0,7663.5,50238.5,Net 30,Paid
INV-001727,SO-001727,2025-01-30,2025-02-06,CUST-035,Gowda Electrical Repairs,BR-02,4345.0,782.1,5127.1,Net 7,Paid
INV-001728,SO-001728,2025-01-30,2025-02-14,CUST-002,Kalaivani Hardware & Paints,BR-01,561430.0,101057.4,662487.4,Net 15,Paid
INV-001729,SO-001729,2025-01-30,2025-01-30,CUST-006,Dr. Priya Sundaram (Home Clinic),BR-01,2695.0,485.1,3180.1,Immediate UPI,Paid
INV-001730,SO-001730,2025-01-31,2025-03-02,CUST-034,Silicon Valley PG Hostel Chain,BR-02,175.0,31.5,206.5,Net 30,Paid
INV-001731,SO-001731,2025-01-31,2025-01-31,CUST-045,Karthika Departmental Store,BR-03,3400.0,612.0,4012.0,Immediate Cash,Paid
INV-001732,SO-001732,2025-01-31,2025-03-02,CUST-015,Srinivasan & Sons Contractor,BR-01,38850.0,6993.0,45843.0,Net 30,Paid
INV-001733,SO-001733,2025-01-31,2025-01-31,CUST-005,Murugan Auto Garage & Works,BR-01,3560.0,640.8,4200.8,Immediate Cash,Paid
INV-001734,SO-001734,2025-01-31,2025-03-02,CUST-043,Sundaram Hospital Maintenance,BR-03,5030.0,905.4,5935.4,Net 30,Paid
INV-001735,SO-001735,2025-01-31,2025-01-31,CUST-033,Suresh Babu (Villa Construction),BR-02,110.0,19.8,129.8,Immediate Card,Paid
INV-001736,SO-001736,2025-02-01,2025-03-03,CUST-007,TechPark Facility Maintenance Team,BR-01,1700.0,306.0,2006.0,Net 30,Paid
INV-001737,SO-001737,2025-02-01,2025-02-08,CUST-008,Anbu Electricals (Anbazhagan),BR-01,7155.0,1287.9,8442.9,Net 7,Paid
INV-001738,SO-001738,2025-02-01,2025-02-08,CUST-035,Gowda Electrical Repairs,BR-02,2970.0,534.6,3504.6,Net 7,Paid
INV-001739,SO-001739,2025-02-01,2025-02-16,CUST-013,Metro Supermarket Tambaram,BR-01,3200.0,576.0,3776.0,Net 15,Paid
INV-001740,SO-001740,2025-02-01,2025-02-16,CUST-039,Rangasamy Electrician Workshop,BR-03,17280.0,3110.4,20390.4,Net 15,Paid
INV-001741,SO-001741,2025-02-01,2025-03-03,CUST-037,Kovai Textile Mills Facility Team,BR-03,65.0,11.7,76.7,Net 30,Paid
INV-001742,SO-001742,2025-02-01,2025-02-16,CUST-020,Selvam Electrician Services,BR-01,15820.0,2847.6,18667.6,Net 15,Paid
INV-001743,SO-001743,2025-02-01,2025-02-16,CUST-003,Saravana Electric Works (Govindaraj),BR-01,2995.0,539.1,3534.1,Net 15,Paid
INV-001744,SO-001744,2025-02-03,2025-02-18,CUST-002,Kalaivani Hardware & Paints,BR-01,132197.0,23795.46,155992.46,Net 15,Paid
INV-001745,SO-001745,2025-02-03,2025-03-05,CUST-007,TechPark Facility Maintenance Team,BR-01,925.0,166.5,1091.5,Net 30,Paid
INV-001746,SO-001746,2025-02-03,2025-03-05,CUST-040,Sri Krishna Engineering College Hostel,BR-03,75.0,13.5,88.5,Net 30,Paid
INV-001747,SO-001747,2025-02-03,2025-03-05,CUST-032,Cauvery Engineering Contractors,BR-02,139243.0,25063.74,164306.74,Net 30,Paid
INV-001748,SO-001748,2025-02-03,2025-03-05,CUST-019,Poompuhar Handicrafts Store,BR-01,2350.0,423.0,2773.0,Net 30,Paid
INV-001749,SO-001749,2025-02-04,2025-03-06,CUST-001,Balaji Electrical Contractors,BR-01,11035.0,1986.3,13021.3,Net 30,Paid
INV-001750,SO-001750,2025-02-04,2025-03-06,CUST-040,Sri Krishna Engineering College Hostel,BR-03,3615.0,650.7,4265.7,Net 30,Paid
INV-001751,SO-001751,2025-02-04,2025-03-06,CUST-016,Royal Comfort Residency Hotel,BR-01,3625.0,652.5,4277.5,Net 30,Paid
INV-001752,SO-001752,2025-02-04,2025-02-11,CUST-008,Anbu Electricals (Anbazhagan),BR-01,26565.0,4781.7,31346.7,Net 7,Paid
INV-001753,SO-001753,2025-02-04,2025-03-06,CUST-040,Sri Krishna Engineering College Hostel,BR-03,1050.0,189.0,1239.0,Net 30,Paid
INV-001754,SO-001754,2025-02-04,2025-02-04,CUST-018,Lakshmi Vilas Sweets & Bakery,BR-01,850.0,153.0,1003.0,Immediate UPI,Paid
INV-001755,SO-001755,2025-02-04,2025-03-06,CUST-036,Urban Spaces Interior Studio,BR-02,1976.0,355.68,2331.68,Net 30,Paid
INV-001756,SO-001756,2025-02-05,2025-03-07,CUST-043,Sundaram Hospital Maintenance,BR-03,975.0,175.5,1150.5,Net 30,Paid
INV-001757,SO-001757,2025-02-05,2025-03-22,CUST-004,Sri Ramakrishna Builders & Infra,BR-01,49315.0,8876.7,58191.7,Net 45,Paid
INV-001758,SO-001758,2025-02-05,2025-02-05,CUST-005,Murugan Auto Garage & Works,BR-01,360.0,64.8,424.8,Immediate Cash,Paid
INV-001759,SO-001759,2025-02-05,2025-03-22,CUST-029,Raghavendra Infrastructure Developers,BR-02,57837.6,10410.77,68248.37,Net 45,Paid
INV-001760,SO-001760,2025-02-05,2025-02-20,CUST-026,Manjunatha Electrical Works,BR-02,636.0,114.48,750.48,Net 15,Paid
INV-001761,SO-001761,2025-02-06,2025-02-21,CUST-026,Manjunatha Electrical Works,BR-02,1480.0,266.4,1746.4,Net 15,Paid
INV-001762,SO-001762,2025-02-06,2025-02-21,CUST-020,Selvam Electrician Services,BR-01,8525.0,1534.5,10059.5,Net 15,Paid
INV-001763,SO-001763,2025-02-06,2025-02-21,CUST-002,Kalaivani Hardware & Paints,BR-01,205802.0,37044.36,242846.36,Net 15,Paid
INV-001764,SO-001764,2025-02-06,2025-03-23,CUST-011,Victory Housing Projects Phase 2,BR-01,52379.2,9428.26,61807.46,Net 45,Paid
INV-001765,SO-001765,2025-02-07,2025-02-07,CUST-030,Dr. Arvind Rao Dental Clinic,BR-02,240.0,43.2,283.2,Immediate UPI,Paid
INV-001766,SO-001766,2025-02-07,2025-02-22,CUST-020,Selvam Electrician Services,BR-01,5730.0,1031.4,6761.4,Net 15,Paid
INV-001767,SO-001767,2025-02-07,2025-03-09,CUST-017,Apex Manufacturing Solutions,BR-01,1900.0,342.0,2242.0,Net 30,Paid
INV-001768,SO-001768,2025-02-07,2025-02-22,CUST-042,Velan Pump & Motor Spares Store,BR-03,135260.0,24346.8,159606.8,Net 15,Paid
INV-001769,SO-001769,2025-02-07,2025-02-22,CUST-026,Manjunatha Electrical Works,BR-02,12130.0,2183.4,14313.4,Net 15,Paid
INV-001770,SO-001770,2025-02-07,2025-02-07,CUST-031,Nandini Milk Parlour & Mart,BR-02,2050.0,369.0,2419.0,Immediate Cash,Paid
INV-001771,SO-001771,2025-02-07,2025-02-22,CUST-039,Rangasamy Electrician Workshop,BR-03,973.0,175.14,1148.14,Net 15,Paid
INV-001772,SO-001772,2025-02-07,2025-03-09,CUST-028,Sri Venkateshwara Hardware & Electricals,BR-02,87630.0,15773.4,103403.4,Net 30,Paid
INV-001773,SO-001773,2025-02-08,2025-03-10,CUST-040,Sri Krishna Engineering College Hostel,BR-03,360.0,64.8,424.8,Net 30,Paid
INV-001774,SO-001774,2025-02-08,2025-03-10,CUST-016,Royal Comfort Residency Hotel,BR-01,2760.0,496.8,3256.8,Net 30,Paid
INV-001775,SO-001775,2025-02-08,2025-02-08,CUST-006,Dr. Priya Sundaram (Home Clinic),BR-01,3920.0,705.6,4625.6,Immediate UPI,Paid
INV-001776,SO-001776,2025-02-08,2025-03-10,CUST-010,Vels Vidyashram School Campus,BR-01,65.0,11.7,76.7,Net 30,Paid
INV-001777,SO-001777,2025-02-08,2025-03-10,CUST-010,Vels Vidyashram School Campus,BR-01,350.0,63.0,413.0,Net 30,Paid
INV-001778,SO-001778,2025-02-08,2025-02-23,CUST-038,Marutham Electrical & Power Agency,BR-03,167022.0,30063.96,197085.96,Net 15,Paid
INV-001779,SO-001779,2025-02-08,2025-02-15,CUST-008,Anbu Electricals (Anbazhagan),BR-01,1350.0,243.0,1593.0,Net 7,Paid
INV-001780,SO-001780,2025-02-10,2025-03-27,CUST-041,Kongu Builders & Real Estate,BR-03,102682.8,18482.9,121165.7,Net 45,Paid
INV-001781,SO-001781,2025-02-10,2025-02-25,CUST-026,Manjunatha Electrical Works,BR-02,6846.0,1232.28,8078.28,Net 15,Paid
INV-001782,SO-001782,2025-02-10,2025-03-12,CUST-037,Kovai Textile Mills Facility Team,BR-03,2350.0,423.0,2773.0,Net 30,Paid
INV-001783,SO-001783,2025-02-11,2025-03-13,CUST-001,Balaji Electrical Contractors,BR-01,49686.0,8943.48,58629.48,Net 30,Paid
INV-001784,SO-001784,2025-02-11,2025-02-26,CUST-026,Manjunatha Electrical Works,BR-02,1580.0,284.4,1864.4,Net 15,Paid
INV-001785,SO-001785,2025-02-11,2025-02-18,CUST-044,Mani Bros Electricals (Mani),BR-03,8760.0,1576.8,10336.8,Net 7,Paid
INV-001786,SO-001786,2025-02-11,2025-03-28,CUST-029,Raghavendra Infrastructure Developers,BR-02,83196.0,14975.28,98171.28,Net 45,Paid
INV-001787,SO-001787,2025-02-11,2025-02-11,CUST-021,Mohammed Riyaz (Home Renovation),BR-01,2450.0,441.0,2891.0,Immediate Cash,Paid
INV-001788,SO-001788,2025-02-12,2025-02-12,CUST-021,Mohammed Riyaz (Home Renovation),BR-01,900.0,162.0,1062.0,Immediate Cash,Paid
INV-001789,SO-001789,2025-02-12,2025-03-14,CUST-010,Vels Vidyashram School Campus,BR-01,5200.0,936.0,6136.0,Net 30,Paid
INV-001790,SO-001790,2025-02-12,2025-03-14,CUST-036,Urban Spaces Interior Studio,BR-02,22008.0,3961.44,25969.44,Net 30,Paid
INV-001791,SO-001791,2025-02-12,2025-03-14,CUST-022,Global Smart Solutions (P) Ltd,BR-01,56108.0,10099.44,66207.44,Net 30,Paid
INV-001792,SO-001792,2025-02-13,2025-02-20,CUST-008,Anbu Electricals (Anbazhagan),BR-01,3542.0,637.56,4179.56,Net 7,Paid
INV-001793,SO-001793,2025-02-13,2025-03-15,CUST-016,Royal Comfort Residency Hotel,BR-01,4520.0,813.6,5333.6,Net 30,Paid
INV-001794,SO-001794,2025-02-13,2025-02-13,CUST-006,Dr. Priya Sundaram (Home Clinic),BR-01,1050.0,189.0,1239.0,Immediate UPI,Paid
INV-001795,SO-001795,2025-02-13,2025-02-20,CUST-044,Mani Bros Electricals (Mani),BR-03,7485.0,1347.3,8832.3,Net 7,Paid
INV-001796,SO-001796,2025-02-14,2025-02-14,CUST-033,Suresh Babu (Villa Construction),BR-02,240.0,43.2,283.2,Immediate Card,Paid
INV-001797,SO-001797,2025-02-14,2025-03-01,CUST-020,Selvam Electrician Services,BR-01,21880.0,3938.4,25818.4,Net 15,Paid
INV-001798,SO-001798,2025-02-14,2025-03-16,CUST-032,Cauvery Engineering Contractors,BR-02,288151.0,51867.18,340018.18,Net 30,Paid
INV-001799,SO-001799,2025-02-14,2025-03-16,CUST-037,Kovai Textile Mills Facility Team,BR-03,590.0,106.2,696.2,Net 30,Paid
INV-001800,SO-001800,2025-02-14,2025-03-16,CUST-028,Sri Venkateshwara Hardware & Electricals,BR-02,69625.0,12532.5,82157.5,Net 30,Paid
INV-001801,SO-001801,2025-02-14,2025-03-01,CUST-039,Rangasamy Electrician Workshop,BR-03,4325.0,778.5,5103.5,Net 15,Paid
INV-001802,SO-001802,2025-02-14,2025-03-16,CUST-036,Urban Spaces Interior Studio,BR-02,110679.6,19922.33,130601.93,Net 30,Paid
INV-001803,SO-001803,2025-02-15,2025-04-01,CUST-029,Raghavendra Infrastructure Developers,BR-02,122852.0,22113.36,144965.36,Net 45,Paid
INV-001804,SO-001804,2025-02-15,2025-03-17,CUST-040,Sri Krishna Engineering College Hostel,BR-03,4520.0,813.6,5333.6,Net 30,Paid
INV-001805,SO-001805,2025-02-15,2025-02-15,CUST-031,Nandini Milk Parlour & Mart,BR-02,8200.0,1476.0,9676.0,Immediate Cash,Paid
INV-001806,SO-001806,2025-02-17,2025-03-19,CUST-007,TechPark Facility Maintenance Team,BR-01,3430.0,617.4,4047.4,Net 30,Paid
INV-001807,SO-001807,2025-02-17,2025-03-19,CUST-016,Royal Comfort Residency Hotel,BR-01,130.0,23.4,153.4,Net 30,Paid
INV-001808,SO-001808,2025-02-17,2025-03-19,CUST-009,Devi Agency & Lighting Store,BR-01,325072.0,58512.96,383584.96,Net 30,Paid
INV-001809,SO-001809,2025-02-17,2025-02-17,CUST-031,Nandini Milk Parlour & Mart,BR-02,7075.0,1273.5,8348.5,Immediate Cash,Paid
INV-001810,SO-001810,2025-02-17,2025-03-04,CUST-038,Marutham Electrical & Power Agency,BR-03,335448.0,60380.64,395828.64,Net 15,Paid
INV-001811,SO-001811,2025-02-17,2025-02-17,CUST-031,Nandini Milk Parlour & Mart,BR-02,800.0,144.0,944.0,Immediate Cash,Paid
INV-001812,SO-001812,2025-02-18,2025-02-18,CUST-031,Nandini Milk Parlour & Mart,BR-02,700.0,126.0,826.0,Immediate Cash,Paid
INV-001813,SO-001813,2025-02-18,2025-03-20,CUST-010,Vels Vidyashram School Campus,BR-01,900.0,162.0,1062.0,Net 30,Paid
INV-001814,SO-001814,2025-02-18,2025-02-18,CUST-021,Mohammed Riyaz (Home Renovation),BR-01,1160.0,208.8,1368.8,Immediate Cash,Paid
INV-001815,SO-001815,2025-02-18,2025-03-20,CUST-028,Sri Venkateshwara Hardware & Electricals,BR-02,69674.0,12541.32,82215.32,Net 30,Paid
INV-001816,SO-001816,2025-02-19,2025-03-21,CUST-047,Kovai Elite Residency Hotel,BR-03,980.0,176.4,1156.4,Net 30,Paid
INV-001817,SO-001817,2025-02-19,2025-02-19,CUST-030,Dr. Arvind Rao Dental Clinic,BR-02,2275.0,409.5,2684.5,Immediate UPI,Paid
INV-001818,SO-001818,2025-02-19,2025-02-26,CUST-044,Mani Bros Electricals (Mani),BR-03,720.0,129.6,849.6,Net 7,Paid
INV-001819,SO-001819,2025-02-19,2025-02-26,CUST-008,Anbu Electricals (Anbazhagan),BR-01,8475.0,1525.5,10000.5,Net 7,Paid
INV-001820,SO-001820,2025-02-19,2025-03-21,CUST-015,Srinivasan & Sons Contractor,BR-01,20462.4,3683.23,24145.63,Net 30,Paid
INV-001821,SO-001821,2025-02-19,2025-03-21,CUST-040,Sri Krishna Engineering College Hostel,BR-03,4930.0,887.4,5817.4,Net 30,Paid
INV-001822,SO-001822,2025-02-20,2025-02-20,CUST-033,Suresh Babu (Villa Construction),BR-02,3850.0,693.0,4543.0,Immediate Card,Paid
INV-001823,SO-001823,2025-02-20,2025-03-22,CUST-027,InnoTech Coworking Hub,BR-02,155.0,27.9,182.9,Net 30,Paid
INV-001824,SO-001824,2025-02-20,2025-03-22,CUST-036,Urban Spaces Interior Studio,BR-02,70120.0,12621.6,82741.6,Net 30,Paid
INV-001825,SO-001825,2025-02-20,2025-03-22,CUST-009,Devi Agency & Lighting Store,BR-01,73116.0,13160.88,86276.88,Net 30,Paid
INV-001826,SO-001826,2025-02-20,2025-03-07,CUST-042,Velan Pump & Motor Spares Store,BR-03,484361.2,87185.02,571546.22,Net 15,Paid
INV-001827,SO-001827,2025-02-21,2025-03-23,CUST-036,Urban Spaces Interior Studio,BR-02,20131.0,3623.58,23754.58,Net 30,Paid
INV-001828,SO-001828,2025-02-21,2025-04-07,CUST-004,Sri Ramakrishna Builders & Infra,BR-01,179121.0,32241.78,211362.78,Net 45,Paid
INV-001829,SO-001829,2025-02-21,2025-04-07,CUST-004,Sri Ramakrishna Builders & Infra,BR-01,42792.8,7702.7,50495.5,Net 45,Paid
INV-001830,SO-001830,2025-02-21,2025-03-23,CUST-040,Sri Krishna Engineering College Hostel,BR-03,110.0,19.8,129.8,Net 30,Paid
INV-001831,SO-001831,2025-02-21,2025-03-08,CUST-039,Rangasamy Electrician Workshop,BR-03,10442.0,1879.56,12321.56,Net 15,Paid
INV-001832,SO-001832,2025-02-22,2025-02-22,CUST-006,Dr. Priya Sundaram (Home Clinic),BR-01,1100.0,198.0,1298.0,Immediate UPI,Paid
INV-001833,SO-001833,2025-02-22,2025-03-24,CUST-028,Sri Venkateshwara Hardware & Electricals,BR-02,49176.4,8851.75,58028.15,Net 30,Paid
INV-001834,SO-001834,2025-02-22,2025-03-24,CUST-040,Sri Krishna Engineering College Hostel,BR-03,165.0,29.7,194.7,Net 30,Paid
INV-001835,SO-001835,2025-02-22,2025-03-24,CUST-037,Kovai Textile Mills Facility Team,BR-03,1090.0,196.2,1286.2,Net 30,Paid
INV-001836,SO-001836,2025-02-22,2025-04-08,CUST-004,Sri Ramakrishna Builders & Infra,BR-01,108372.0,19506.96,127878.96,Net 45,Paid
INV-001837,SO-001837,2025-02-22,2025-03-09,CUST-013,Metro Supermarket Tambaram,BR-01,2240.0,403.2,2643.2,Net 15,Paid
INV-001838,SO-001838,2025-02-22,2025-03-24,CUST-022,Global Smart Solutions (P) Ltd,BR-01,238356.0,42904.08,281260.08,Net 30,Paid
INV-001839,SO-001839,2025-02-24,2025-03-26,CUST-040,Sri Krishna Engineering College Hostel,BR-03,65.0,11.7,76.7,Net 30,Paid
INV-001840,SO-001840,2025-02-24,2025-04-10,CUST-029,Raghavendra Infrastructure Developers,BR-02,17830.0,3209.4,21039.4,Net 45,Paid
INV-001841,SO-001841,2025-02-24,2025-03-11,CUST-002,Kalaivani Hardware & Paints,BR-01,114805.0,20664.9,135469.9,Net 15,Paid
INV-001842,SO-001842,2025-02-24,2025-03-11,CUST-026,Manjunatha Electrical Works,BR-02,5060.0,910.8,5970.8,Net 15,Paid
INV-001843,SO-001843,2025-02-25,2025-04-11,CUST-004,Sri Ramakrishna Builders & Infra,BR-01,29870.0,5376.6,35246.6,Net 45,Paid
INV-001844,SO-001844,2025-02-25,2025-02-25,CUST-005,Murugan Auto Garage & Works,BR-01,75.0,13.5,88.5,Immediate Cash,Paid
INV-001845,SO-001845,2025-02-25,2025-03-27,CUST-032,Cauvery Engineering Contractors,BR-02,52166.0,9389.88,61555.88,Net 30,Paid
INV-001846,SO-001846,2025-02-25,2025-02-25,CUST-012,Karthik Residential Apartment Owner,BR-01,800.0,144.0,944.0,Immediate Card,Paid
INV-001847,SO-001847,2025-02-26,2025-02-26,CUST-012,Karthik Residential Apartment Owner,BR-01,2960.0,532.8,3492.8,Immediate Card,Paid
INV-001848,SO-001848,2025-02-26,2025-03-13,CUST-003,Saravana Electric Works (Govindaraj),BR-01,22250.0,4005.0,26255.0,Net 15,Paid
INV-001849,SO-001849,2025-02-26,2025-03-28,CUST-034,Silicon Valley PG Hostel Chain,BR-02,4350.0,783.0,5133.0,Net 30,Paid
INV-001850,SO-001850,2025-02-26,2025-03-28,CUST-047,Kovai Elite Residency Hotel,BR-03,450.0,81.0,531.0,Net 30,Paid
INV-001851,SO-001851,2025-02-26,2025-03-28,CUST-001,Balaji Electrical Contractors,BR-01,95209.0,17137.62,112346.62,Net 30,Paid
INV-001852,SO-001852,2025-02-27,2025-02-27,CUST-030,Dr. Arvind Rao Dental Clinic,BR-02,450.0,81.0,531.0,Immediate UPI,Paid
INV-001853,SO-001853,2025-02-27,2025-04-13,CUST-029,Raghavendra Infrastructure Developers,BR-02,4154.0,747.72,4901.72,Net 45,Paid
INV-001854,SO-001854,2025-02-27,2025-02-27,CUST-031,Nandini Milk Parlour & Mart,BR-02,3420.0,615.6,4035.6,Immediate Cash,Paid
INV-001855,SO-001855,2025-02-27,2025-03-14,CUST-042,Velan Pump & Motor Spares Store,BR-03,227137.8,40884.8,268022.6,Net 15,Paid
INV-001856,SO-001856,2025-02-28,2025-04-14,CUST-029,Raghavendra Infrastructure Developers,BR-02,34450.0,6201.0,40651.0,Net 45,Paid
INV-001857,SO-001857,2025-02-28,2025-04-14,CUST-004,Sri Ramakrishna Builders & Infra,BR-01,8500.0,1530.0,10030.0,Net 45,Paid
INV-001858,SO-001858,2025-02-28,2025-03-30,CUST-036,Urban Spaces Interior Studio,BR-02,138653.0,24957.54,163610.54,Net 30,Paid
INV-001859,SO-001859,2025-02-28,2025-03-30,CUST-025,Brigade Vista Apartment Owners Assn,BR-02,4765.0,857.7,5622.7,Net 30,Paid
INV-001860,SO-001860,2025-02-28,2025-02-28,CUST-021,Mohammed Riyaz (Home Renovation),BR-01,3270.0,588.6,3858.6,Immediate Cash,Paid
INV-001861,SO-001861,2025-02-28,2025-03-15,CUST-020,Selvam Electrician Services,BR-01,3248.0,584.64,3832.64,Net 15,Paid
INV-001862,SO-001862,2025-02-28,2025-02-28,CUST-005,Murugan Auto Garage & Works,BR-01,1530.0,275.4,1805.4,Immediate Cash,Paid
INV-001863,SO-001863,2025-03-01,2025-03-31,CUST-010,Vels Vidyashram School Campus,BR-01,850.0,153.0,1003.0,Net 30,Paid
INV-001864,SO-001864,2025-03-01,2025-04-15,CUST-004,Sri Ramakrishna Builders & Infra,BR-01,14410.0,2593.8,17003.8,Net 45,Paid
INV-001865,SO-001865,2025-03-01,2025-03-01,CUST-006,Dr. Priya Sundaram (Home Clinic),BR-01,350.0,63.0,413.0,Immediate UPI,Paid
INV-001866,SO-001866,2025-03-01,2025-03-31,CUST-043,Sundaram Hospital Maintenance,BR-03,4700.0,846.0,5546.0,Net 30,Paid
INV-001867,SO-001867,2025-03-01,2025-03-01,CUST-021,Mohammed Riyaz (Home Renovation),BR-01,215.0,38.7,253.7,Immediate Cash,Paid
INV-001868,SO-001868,2025-03-03,2025-03-03,CUST-033,Suresh Babu (Villa Construction),BR-02,2810.0,505.8,3315.8,Immediate Card,Paid
INV-001869,SO-001869,2025-03-03,2025-03-03,CUST-030,Dr. Arvind Rao Dental Clinic,BR-02,240.0,43.2,283.2,Immediate UPI,Paid
INV-001870,SO-001870,2025-03-03,2025-04-02,CUST-009,Devi Agency & Lighting Store,BR-01,132690.0,23884.2,156574.2,Net 30,Paid
INV-001871,SO-001871,2025-03-03,2025-04-02,CUST-034,Silicon Valley PG Hostel Chain,BR-02,7360.0,1324.8,8684.8,Net 30,Paid
INV-001872,SO-001872,2025-03-03,2025-04-02,CUST-036,Urban Spaces Interior Studio,BR-02,34575.0,6223.5,40798.5,Net 30,Paid
INV-001873,SO-001873,2025-03-04,2025-04-03,CUST-016,Royal Comfort Residency Hotel,BR-01,1205.0,216.9,1421.9,Net 30,Paid
INV-001874,SO-001874,2025-03-04,2025-04-03,CUST-046,Annamalai Agro Processing Unit,BR-03,2395.0,431.1,2826.1,Net 30,Paid
INV-001875,SO-001875,2025-03-04,2025-03-19,CUST-013,Metro Supermarket Tambaram,BR-01,1290.0,232.2,1522.2,Net 15,Paid
INV-001876,SO-001876,2025-03-05,2025-03-20,CUST-038,Marutham Electrical & Power Agency,BR-03,30915.0,5564.7,36479.7,Net 15,Paid
INV-001877,SO-001877,2025-03-05,2025-03-20,CUST-039,Rangasamy Electrician Workshop,BR-03,3005.0,540.9,3545.9,Net 15,Paid
INV-001878,SO-001878,2025-03-05,2025-03-20,CUST-023,Kalam Brothers Electrical Store,BR-01,60645.0,10916.1,71561.1,Net 15,Paid
INV-001879,SO-001879,2025-03-06,2025-03-13,CUST-035,Gowda Electrical Repairs,BR-02,720.0,129.6,849.6,Net 7,Paid
INV-001880,SO-001880,2025-03-06,2025-04-05,CUST-046,Annamalai Agro Processing Unit,BR-03,960.0,172.8,1132.8,Net 30,Paid
INV-001881,SO-001881,2025-03-06,2025-04-05,CUST-037,Kovai Textile Mills Facility Team,BR-03,600.0,108.0,708.0,Net 30,Paid
INV-001882,SO-001882,2025-03-07,2025-03-22,CUST-020,Selvam Electrician Services,BR-01,4575.0,823.5,5398.5,Net 15,Paid
INV-001883,SO-001883,2025-03-07,2025-04-06,CUST-034,Silicon Valley PG Hostel Chain,BR-02,5620.0,1011.6,6631.6,Net 30,Paid
INV-001884,SO-001884,2025-03-07,2025-04-06,CUST-017,Apex Manufacturing Solutions,BR-01,480.0,86.4,566.4,Net 30,Paid
INV-001885,SO-001885,2025-03-07,2025-04-06,CUST-037,Kovai Textile Mills Facility Team,BR-03,230.0,41.4,271.4,Net 30,Paid
INV-001886,SO-001886,2025-03-07,2025-04-06,CUST-010,Vels Vidyashram School Campus,BR-01,330.0,59.4,389.4,Net 30,Paid
INV-001887,SO-001887,2025-03-07,2025-04-21,CUST-004,Sri Ramakrishna Builders & Infra,BR-01,129603.6,23328.65,152932.25,Net 45,Paid
INV-001888,SO-001888,2025-03-07,2025-03-22,CUST-013,Metro Supermarket Tambaram,BR-01,360.0,64.8,424.8,Net 15,Paid
INV-001889,SO-001889,2025-03-07,2025-03-22,CUST-039,Rangasamy Electrician Workshop,BR-03,26559.0,4780.62,31339.62,Net 15,Paid
INV-001890,SO-001890,2025-03-08,2025-03-15,CUST-008,Anbu Electricals (Anbazhagan),BR-01,13020.0,2343.6,15363.6,Net 7,Paid
INV-001891,SO-001891,2025-03-08,2025-04-22,CUST-011,Victory Housing Projects Phase 2,BR-01,107283.8,19311.08,126594.88,Net 45,Paid
INV-001892,SO-001892,2025-03-08,2025-03-08,CUST-018,Lakshmi Vilas Sweets & Bakery,BR-01,14240.0,2563.2,16803.2,Immediate UPI,Paid
INV-001893,SO-001893,2025-03-10,2025-03-10,CUST-014,Siva Shankaran (Individual Home),BR-01,1040.0,187.2,1227.2,Immediate Cash,Paid
INV-001894,SO-001894,2025-03-10,2025-04-09,CUST-037,Kovai Textile Mills Facility Team,BR-03,1165.0,209.7,1374.7,Net 30,Paid
INV-001895,SO-001895,2025-03-10,2025-04-09,CUST-047,Kovai Elite Residency Hotel,BR-03,330.0,59.4,389.4,Net 30,Paid
INV-001896,SO-001896,2025-03-10,2025-04-09,CUST-027,InnoTech Coworking Hub,BR-02,175.0,31.5,206.5,Net 30,Paid
INV-001897,SO-001897,2025-03-10,2025-04-09,CUST-037,Kovai Textile Mills Facility Team,BR-03,16150.0,2907.0,19057.0,Net 30,Paid
INV-001898,SO-001898,2025-03-10,2025-04-09,CUST-047,Kovai Elite Residency Hotel,BR-03,18820.0,3387.6,22207.6,Net 30,Paid
INV-001899,SO-001899,2025-03-10,2025-04-09,CUST-022,Global Smart Solutions (P) Ltd,BR-01,11385.0,2049.3,13434.3,Net 30,Paid
INV-001900,SO-001900,2025-03-11,2025-04-10,CUST-043,Sundaram Hospital Maintenance,BR-03,1500.0,270.0,1770.0,Net 30,Paid
INV-001901,SO-001901,2025-03-11,2025-03-11,CUST-033,Suresh Babu (Villa Construction),BR-02,720.0,129.6,849.6,Immediate Card,Paid
INV-001902,SO-001902,2025-03-11,2025-04-10,CUST-046,Annamalai Agro Processing Unit,BR-03,165.0,29.7,194.7,Net 30,Paid
INV-001903,SO-001903,2025-03-11,2025-04-10,CUST-027,InnoTech Coworking Hub,BR-02,740.0,133.2,873.2,Net 30,Paid
INV-001904,SO-001904,2025-03-11,2025-03-11,CUST-018,Lakshmi Vilas Sweets & Bakery,BR-01,165.0,29.7,194.7,Immediate UPI,Paid
INV-001905,SO-001905,2025-03-11,2025-03-26,CUST-038,Marutham Electrical & Power Agency,BR-03,279625.0,50332.5,329957.5,Net 15,Paid
INV-001906,SO-001906,2025-03-12,2025-04-26,CUST-011,Victory Housing Projects Phase 2,BR-01,74265.0,13367.7,87632.7,Net 45,Paid
INV-001907,SO-001907,2025-03-12,2025-04-11,CUST-009,Devi Agency & Lighting Store,BR-01,244261.0,43966.98,288227.98,Net 30,Paid
INV-001908,SO-001908,2025-03-12,2025-04-11,CUST-009,Devi Agency & Lighting Store,BR-01,198017.0,35643.06,233660.06,Net 30,Paid
INV-001909,SO-001909,2025-03-12,2025-04-11,CUST-015,Srinivasan & Sons Contractor,BR-01,49140.0,8845.2,57985.2,Net 30,Paid
INV-001910,SO-001910,2025-03-12,2025-04-26,CUST-041,Kongu Builders & Real Estate,BR-03,152059.0,27370.62,179429.62,Net 45,Paid
INV-001911,SO-001911,2025-03-13,2025-04-12,CUST-019,Poompuhar Handicrafts Store,BR-01,18500.0,3330.0,21830.0,Net 30,Paid
INV-001912,SO-001912,2025-03-13,2025-03-28,CUST-002,Kalaivani Hardware & Paints,BR-01,208028.0,37445.04,245473.04,Net 15,Paid
INV-001913,SO-001913,2025-03-13,2025-03-28,CUST-002,Kalaivani Hardware & Paints,BR-01,272810.0,49105.8,321915.8,Net 15,Paid
INV-001914,SO-001914,2025-03-13,2025-03-28,CUST-003,Saravana Electric Works (Govindaraj),BR-01,12823.0,2308.14,15131.14,Net 15,Paid
INV-001915,SO-001915,2025-03-13,2025-03-13,CUST-012,Karthik Residential Apartment Owner,BR-01,690.0,124.2,814.2,Immediate Card,Paid
INV-001916,SO-001916,2025-03-14,2025-03-21,CUST-044,Mani Bros Electricals (Mani),BR-03,29580.0,5324.4,34904.4,Net 7,Paid
INV-001917,SO-001917,2025-03-14,2025-04-13,CUST-028,Sri Venkateshwara Hardware & Electricals,BR-02,140425.0,25276.5,165701.5,Net 30,Paid
INV-001918,SO-001918,2025-03-14,2025-04-13,CUST-015,Srinivasan & Sons Contractor,BR-01,8575.0,1543.5,10118.5,Net 30,Paid
INV-001919,SO-001919,2025-03-14,2025-03-29,CUST-039,Rangasamy Electrician Workshop,BR-03,2388.0,429.84,2817.84,Net 15,Paid
INV-001920,SO-001920,2025-03-15,2025-04-14,CUST-037,Kovai Textile Mills Facility Team,BR-03,5440.0,979.2,6419.2,Net 30,Paid
INV-001921,SO-001921,2025-03-15,2025-04-14,CUST-027,InnoTech Coworking Hub,BR-02,2355.0,423.9,2778.9,Net 30,Paid
INV-001922,SO-001922,2025-03-15,2025-03-15,CUST-014,Siva Shankaran (Individual Home),BR-01,3295.0,593.1,3888.1,Immediate Cash,Paid
INV-001923,SO-001923,2025-03-15,2025-04-14,CUST-037,Kovai Textile Mills Facility Team,BR-03,1890.0,340.2,2230.2,Net 30,Paid
INV-001924,SO-001924,2025-03-15,2025-04-14,CUST-034,Silicon Valley PG Hostel Chain,BR-02,1910.0,343.8,2253.8,Net 30,Paid
INV-001925,SO-001925,2025-03-15,2025-03-30,CUST-003,Saravana Electric Works (Govindaraj),BR-01,19280.0,3470.4,22750.4,Net 15,Paid
INV-001926,SO-001926,2025-03-15,2025-04-14,CUST-025,Brigade Vista Apartment Owners Assn,BR-02,2200.0,396.0,2596.0,Net 30,Paid
INV-001927,SO-001927,2025-03-17,2025-04-16,CUST-016,Royal Comfort Residency Hotel,BR-01,3530.0,635.4,4165.4,Net 30,Paid
INV-001928,SO-001928,2025-03-17,2025-04-16,CUST-015,Srinivasan & Sons Contractor,BR-01,38335.0,6900.3,45235.3,Net 30,Paid
INV-001929,SO-001929,2025-03-17,2025-04-16,CUST-019,Poompuhar Handicrafts Store,BR-01,285.0,51.3,336.3,Net 30,Paid
INV-001930,SO-001930,2025-03-18,2025-04-02,CUST-003,Saravana Electric Works (Govindaraj),BR-01,30186.0,5433.48,35619.48,Net 15,Paid
INV-001931,SO-001931,2025-03-18,2025-04-17,CUST-040,Sri Krishna Engineering College Hostel,BR-03,1700.0,306.0,2006.0,Net 30,Paid
INV-001932,SO-001932,2025-03-18,2025-04-17,CUST-009,Devi Agency & Lighting Store,BR-01,71622.0,12891.96,84513.96,Net 30,Paid
INV-001933,SO-001933,2025-03-18,2025-04-17,CUST-036,Urban Spaces Interior Studio,BR-02,13480.0,2426.4,15906.4,Net 30,Paid
INV-001934,SO-001934,2025-03-18,2025-04-17,CUST-028,Sri Venkateshwara Hardware & Electricals,BR-02,93590.0,16846.2,110436.2,Net 30,Paid
INV-001935,SO-001935,2025-03-19,2025-04-03,CUST-038,Marutham Electrical & Power Agency,BR-03,182162.0,32789.16,214951.16,Net 15,Paid
INV-001936,SO-001936,2025-03-19,2025-05-03,CUST-004,Sri Ramakrishna Builders & Infra,BR-01,14645.0,2636.1,17281.1,Net 45,Paid
INV-001937,SO-001937,2025-03-19,2025-03-26,CUST-035,Gowda Electrical Repairs,BR-02,9540.0,1717.2,11257.2,Net 7,Paid
INV-001938,SO-001938,2025-03-19,2025-04-03,CUST-023,Kalam Brothers Electrical Store,BR-01,145536.0,26196.48,171732.48,Net 15,Paid
INV-001939,SO-001939,2025-03-19,2025-04-18,CUST-010,Vels Vidyashram School Campus,BR-01,3185.0,573.3,3758.3,Net 30,Paid
INV-001940,SO-001940,2025-03-19,2025-04-03,CUST-026,Manjunatha Electrical Works,BR-02,13960.0,2512.8,16472.8,Net 15,Paid
INV-001941,SO-001941,2025-03-20,2025-03-27,CUST-008,Anbu Electricals (Anbazhagan),BR-01,6445.0,1160.1,7605.1,Net 7,Paid
INV-001942,SO-001942,2025-03-20,2025-04-19,CUST-025,Brigade Vista Apartment Owners Assn,BR-02,720.0,129.6,849.6,Net 30,Paid
INV-001943,SO-001943,2025-03-21,2025-03-21,CUST-018,Lakshmi Vilas Sweets & Bakery,BR-01,850.0,153.0,1003.0,Immediate UPI,Paid
INV-001944,SO-001944,2025-03-21,2025-03-21,CUST-048,Ramachandran (Individual House Owner),BR-03,295.0,53.1,348.1,Immediate UPI,Paid
INV-001945,SO-001945,2025-03-21,2025-04-20,CUST-040,Sri Krishna Engineering College Hostel,BR-03,895.0,161.1,1056.1,Net 30,Paid
INV-001946,SO-001946,2025-03-21,2025-03-28,CUST-008,Anbu Electricals (Anbazhagan),BR-01,3168.0,570.24,3738.24,Net 7,Paid
INV-001947,SO-001947,2025-03-22,2025-03-22,CUST-048,Ramachandran (Individual House Owner),BR-03,240.0,43.2,283.2,Immediate UPI,Paid
INV-001948,SO-001948,2025-03-22,2025-03-22,CUST-005,Murugan Auto Garage & Works,BR-01,390.0,70.2,460.2,Immediate Cash,Paid
INV-001949,SO-001949,2025-03-22,2025-04-06,CUST-013,Metro Supermarket Tambaram,BR-01,12705.0,2286.9,14991.9,Net 15,Paid
INV-001950,SO-001950,2025-03-22,2025-04-21,CUST-032,Cauvery Engineering Contractors,BR-02,216514.0,38972.52,255486.52,Net 30,Paid
INV-001951,SO-001951,2025-03-22,2025-04-06,CUST-023,Kalam Brothers Electrical Store,BR-01,40786.4,7341.55,48127.95,Net 15,Paid
INV-001952,SO-001952,2025-03-24,2025-03-31,CUST-035,Gowda Electrical Repairs,BR-02,3657.0,658.26,4315.26,Net 7,Paid
INV-001953,SO-001953,2025-03-24,2025-04-23,CUST-025,Brigade Vista Apartment Owners Assn,BR-02,6040.0,1087.2,7127.2,Net 30,Paid
INV-001954,SO-001954,2025-03-24,2025-04-23,CUST-017,Apex Manufacturing Solutions,BR-01,150.0,27.0,177.0,Net 30,Paid
INV-001955,SO-001955,2025-03-25,2025-04-09,CUST-023,Kalam Brothers Electrical Store,BR-01,93094.8,16757.06,109851.86,Net 15,Paid
INV-001956,SO-001956,2025-03-25,2025-04-09,CUST-003,Saravana Electric Works (Govindaraj),BR-01,6348.0,1142.64,7490.64,Net 15,Paid
INV-001957,SO-001957,2025-03-25,2025-05-09,CUST-004,Sri Ramakrishna Builders & Infra,BR-01,86120.0,15501.6,101621.6,Net 45,Paid
INV-001958,SO-001958,2025-03-25,2025-04-09,CUST-039,Rangasamy Electrician Workshop,BR-03,2745.0,494.1,3239.1,Net 15,Paid
INV-001959,SO-001959,2025-03-25,2025-03-25,CUST-031,Nandini Milk Parlour & Mart,BR-02,2490.0,448.2,2938.2,Immediate Cash,Paid
INV-001960,SO-001960,2025-03-26,2025-04-25,CUST-001,Balaji Electrical Contractors,BR-01,69610.0,12529.8,82139.8,Net 30,Paid
INV-001961,SO-001961,2025-03-26,2025-04-10,CUST-013,Metro Supermarket Tambaram,BR-01,12420.0,2235.6,14655.6,Net 15,Paid
INV-001962,SO-001962,2025-03-26,2025-04-10,CUST-026,Manjunatha Electrical Works,BR-02,1095.0,197.1,1292.1,Net 15,Paid
INV-001963,SO-001963,2025-03-27,2025-04-03,CUST-008,Anbu Electricals (Anbazhagan),BR-01,2440.0,439.2,2879.2,Net 7,Paid
INV-001964,SO-001964,2025-03-27,2025-04-26,CUST-046,Annamalai Agro Processing Unit,BR-03,3730.0,671.4,4401.4,Net 30,Paid
INV-001965,SO-001965,2025-03-27,2025-04-26,CUST-040,Sri Krishna Engineering College Hostel,BR-03,720.0,129.6,849.6,Net 30,Paid
INV-001966,SO-001966,2025-03-28,2025-04-27,CUST-037,Kovai Textile Mills Facility Team,BR-03,8460.0,1522.8,9982.8,Net 30,Paid
INV-001967,SO-001967,2025-03-28,2025-04-27,CUST-015,Srinivasan & Sons Contractor,BR-01,54773.6,9859.25,64632.85,Net 30,Paid
INV-001968,SO-001968,2025-03-28,2025-04-27,CUST-034,Silicon Valley PG Hostel Chain,BR-02,6210.0,1117.8,7327.8,Net 30,Paid
INV-001969,SO-001969,2025-03-28,2025-04-27,CUST-017,Apex Manufacturing Solutions,BR-01,12570.0,2262.6,14832.6,Net 30,Paid
INV-001970,SO-001970,2025-03-28,2025-04-27,CUST-037,Kovai Textile Mills Facility Team,BR-03,1130.0,203.4,1333.4,Net 30,Paid
INV-001971,SO-001971,2025-03-29,2025-03-29,CUST-033,Suresh Babu (Villa Construction),BR-02,310.0,55.8,365.8,Immediate Card,Paid
INV-001972,SO-001972,2025-03-29,2025-04-13,CUST-042,Velan Pump & Motor Spares Store,BR-03,236965.0,42653.7,279618.7,Net 15,Paid
INV-001973,SO-001973,2025-03-31,2025-03-31,CUST-005,Murugan Auto Garage & Works,BR-01,330.0,59.4,389.4,Immediate Cash,Paid
INV-001974,SO-001974,2025-03-31,2025-04-15,CUST-023,Kalam Brothers Electrical Store,BR-01,82662.0,14879.16,97541.16,Net 15,Paid
INV-001975,SO-001975,2025-03-31,2025-04-15,CUST-042,Velan Pump & Motor Spares Store,BR-03,255640.6,46015.31,301655.91,Net 15,Paid
INV-001976,SO-001976,2025-03-31,2025-04-30,CUST-016,Royal Comfort Residency Hotel,BR-01,1280.0,230.4,1510.4,Net 30,Paid
INV-001977,SO-001977,2025-03-31,2025-04-30,CUST-017,Apex Manufacturing Solutions,BR-01,1175.0,211.5,1386.5,Net 30,Paid
INV-001978,SO-001978,2025-03-31,2025-04-15,CUST-013,Metro Supermarket Tambaram,BR-01,14895.0,2681.1,17576.1,Net 15,Paid
INV-001979,SO-001979,2025-04-01,2025-04-01,CUST-006,Dr. Priya Sundaram (Home Clinic),BR-01,435.0,78.3,513.3,Immediate UPI,Paid
INV-001980,SO-001980,2025-04-01,2025-04-01,CUST-021,Mohammed Riyaz (Home Renovation),BR-01,220.0,39.6,259.6,Immediate Cash,Paid
INV-001981,SO-001981,2025-04-01,2025-05-01,CUST-034,Silicon Valley PG Hostel Chain,BR-02,45.0,8.1,53.1,Net 30,Paid
INV-001982,SO-001982,2025-04-01,2025-04-01,CUST-048,Ramachandran (Individual House Owner),BR-03,1100.0,198.0,1298.0,Immediate UPI,Paid
INV-001983,SO-001983,2025-04-01,2025-04-16,CUST-013,Metro Supermarket Tambaram,BR-01,8330.0,1499.4,9829.4,Net 15,Paid
INV-001984,SO-001984,2025-04-02,2025-04-17,CUST-002,Kalaivani Hardware & Paints,BR-01,130462.0,23483.16,153945.16,Net 15,Paid
INV-001985,SO-001985,2025-04-02,2025-04-02,CUST-030,Dr. Arvind Rao Dental Clinic,BR-02,1080.0,194.4,1274.4,Immediate UPI,Paid
INV-001986,SO-001986,2025-04-02,2025-04-02,CUST-031,Nandini Milk Parlour & Mart,BR-02,240.0,43.2,283.2,Immediate Cash,Paid
INV-001987,SO-001987,2025-04-02,2025-04-17,CUST-039,Rangasamy Electrician Workshop,BR-03,5405.0,972.9,6377.9,Net 15,Paid
INV-001988,SO-001988,2025-04-03,2025-04-03,CUST-033,Suresh Babu (Villa Construction),BR-02,3930.0,707.4,4637.4,Immediate Card,Paid
INV-001989,SO-001989,2025-04-03,2025-04-03,CUST-005,Murugan Auto Garage & Works,BR-01,1080.0,194.4,1274.4,Immediate Cash,Paid
INV-001990,SO-001990,2025-04-03,2025-04-18,CUST-002,Kalaivani Hardware & Paints,BR-01,166903.4,30042.61,196946.01,Net 15,Paid
INV-001991,SO-001991,2025-04-03,2025-05-03,CUST-022,Global Smart Solutions (P) Ltd,BR-01,65628.0,11813.04,77441.04,Net 30,Paid
INV-001992,SO-001992,2025-04-03,2025-04-03,CUST-048,Ramachandran (Individual House Owner),BR-03,5670.0,1020.6,6690.6,Immediate UPI,Paid
INV-001993,SO-001993,2025-04-03,2025-04-03,CUST-021,Mohammed Riyaz (Home Renovation),BR-01,1240.0,223.2,1463.2,Immediate Cash,Paid
INV-001994,SO-001994,2025-04-04,2025-05-04,CUST-028,Sri Venkateshwara Hardware & Electricals,BR-02,355438.0,63978.84,419416.84,Net 30,Paid
INV-001995,SO-001995,2025-04-04,2025-05-04,CUST-016,Royal Comfort Residency Hotel,BR-01,45.0,8.1,53.1,Net 30,Paid
INV-001996,SO-001996,2025-04-04,2025-05-04,CUST-010,Vels Vidyashram School Campus,BR-01,9420.0,1695.6,11115.6,Net 30,Paid
INV-001997,SO-001997,2025-04-04,2025-05-19,CUST-004,Sri Ramakrishna Builders & Infra,BR-01,96232.0,17321.76,113553.76,Net 45,Paid
INV-001998,SO-001998,2025-04-05,2025-05-05,CUST-046,Annamalai Agro Processing Unit,BR-03,4880.0,878.4,5758.4,Net 30,Paid
INV-001999,SO-001999,2025-04-05,2025-05-05,CUST-009,Devi Agency & Lighting Store,BR-01,743601.0,133848.18,877449.18,Net 30,Paid
INV-002000,SO-002000,2025-04-05,2025-05-05,CUST-040,Sri Krishna Engineering College Hostel,BR-03,20160.0,3628.8,23788.8,Net 30,Paid
INV-002001,SO-002001,2025-04-05,2025-04-05,CUST-033,Suresh Babu (Villa Construction),BR-02,8520.0,1533.6,10053.6,Immediate Card,Paid
INV-002002,SO-002002,2025-04-05,2025-05-05,CUST-022,Global Smart Solutions (P) Ltd,BR-01,50610.0,9109.8,59719.8,Net 30,Paid
INV-002003,SO-002003,2025-04-07,2025-04-07,CUST-031,Nandini Milk Parlour & Mart,BR-02,740.0,133.2,873.2,Immediate Cash,Paid
INV-002004,SO-002004,2025-04-07,2025-04-22,CUST-039,Rangasamy Electrician Workshop,BR-03,4453.0,801.54,5254.54,Net 15,Paid
INV-002005,SO-002005,2025-04-07,2025-05-07,CUST-022,Global Smart Solutions (P) Ltd,BR-01,130329.0,23459.22,153788.22,Net 30,Paid
INV-002006,SO-002006,2025-04-08,2025-04-08,CUST-018,Lakshmi Vilas Sweets & Bakery,BR-01,720.0,129.6,849.6,Immediate UPI,Paid
INV-002007,SO-002007,2025-04-08,2025-05-08,CUST-019,Poompuhar Handicrafts Store,BR-01,3935.0,708.3,4643.3,Net 30,Paid
INV-002008,SO-002008,2025-04-08,2025-05-08,CUST-043,Sundaram Hospital Maintenance,BR-03,850.0,153.0,1003.0,Net 30,Paid
INV-002009,SO-002009,2025-04-08,2025-05-08,CUST-046,Annamalai Agro Processing Unit,BR-03,3105.0,558.9,3663.9,Net 30,Paid
INV-002010,SO-002010,2025-04-09,2025-04-16,CUST-044,Mani Bros Electricals (Mani),BR-03,1710.0,307.8,2017.8,Net 7,Paid
INV-002011,SO-002011,2025-04-09,2025-05-09,CUST-019,Poompuhar Handicrafts Store,BR-01,220.0,39.6,259.6,Net 30,Paid
INV-002012,SO-002012,2025-04-09,2025-05-09,CUST-043,Sundaram Hospital Maintenance,BR-03,3080.0,554.4,3634.4,Net 30,Paid
INV-002013,SO-002013,2025-04-09,2025-04-09,CUST-018,Lakshmi Vilas Sweets & Bakery,BR-01,150.0,27.0,177.0,Immediate UPI,Paid
INV-002014,SO-002014,2025-04-09,2025-04-09,CUST-045,Karthika Departmental Store,BR-03,280.0,50.4,330.4,Immediate Cash,Paid
INV-002015,SO-002015,2025-04-09,2025-04-24,CUST-026,Manjunatha Electrical Works,BR-02,2544.0,457.92,3001.92,Net 15,Paid
INV-002016,SO-002016,2025-04-09,2025-05-24,CUST-029,Raghavendra Infrastructure Developers,BR-02,124755.2,22455.94,147211.14,Net 45,Paid
INV-002017,SO-002017,2025-04-09,2025-04-09,CUST-021,Mohammed Riyaz (Home Renovation),BR-01,1210.0,217.8,1427.8,Immediate Cash,Paid
INV-002018,SO-002018,2025-04-10,2025-05-10,CUST-001,Balaji Electrical Contractors,BR-01,223470.0,40224.6,263694.6,Net 30,Paid
INV-002019,SO-002019,2025-04-10,2025-05-10,CUST-046,Annamalai Agro Processing Unit,BR-03,8810.0,1585.8,10395.8,Net 30,Paid
INV-002020,SO-002020,2025-04-10,2025-05-10,CUST-017,Apex Manufacturing Solutions,BR-01,4500.0,810.0,5310.0,Net 30,Paid
INV-002021,SO-002021,2025-04-10,2025-04-10,CUST-048,Ramachandran (Individual House Owner),BR-03,1080.0,194.4,1274.4,Immediate UPI,Paid
INV-002022,SO-002022,2025-04-10,2025-05-10,CUST-028,Sri Venkateshwara Hardware & Electricals,BR-02,41956.0,7552.08,49508.08,Net 30,Paid
INV-002023,SO-002023,2025-04-10,2025-04-10,CUST-006,Dr. Priya Sundaram (Home Clinic),BR-01,2660.0,478.8,3138.8,Immediate UPI,Paid
INV-002024,SO-002024,2025-04-10,2025-05-10,CUST-009,Devi Agency & Lighting Store,BR-01,77869.0,14016.42,91885.42,Net 30,Paid
INV-002025,SO-002025,2025-04-11,2025-04-11,CUST-012,Karthik Residential Apartment Owner,BR-01,855.0,153.9,1008.9,Immediate Card,Paid
INV-002026,SO-002026,2025-04-11,2025-05-11,CUST-032,Cauvery Engineering Contractors,BR-02,86250.0,15525.0,101775.0,Net 30,Paid
INV-002027,SO-002027,2025-04-11,2025-05-11,CUST-027,InnoTech Coworking Hub,BR-02,2910.0,523.8,3433.8,Net 30,Paid
INV-002028,SO-002028,2025-04-11,2025-04-11,CUST-033,Suresh Babu (Villa Construction),BR-02,110.0,19.8,129.8,Immediate Card,Paid
INV-002029,SO-002029,2025-04-12,2025-04-19,CUST-008,Anbu Electricals (Anbazhagan),BR-01,1715.0,308.7,2023.7,Net 7,Paid
INV-002030,SO-002030,2025-04-12,2025-04-19,CUST-008,Anbu Electricals (Anbazhagan),BR-01,7535.0,1356.3,8891.3,Net 7,Paid
INV-002031,SO-002031,2025-04-12,2025-04-27,CUST-026,Manjunatha Electrical Works,BR-02,8820.0,1587.6,10407.6,Net 15,Paid
INV-002032,SO-002032,2025-04-12,2025-05-12,CUST-022,Global Smart Solutions (P) Ltd,BR-01,13155.0,2367.9,15522.9,Net 30,Paid
INV-002033,SO-002033,2025-04-12,2025-04-12,CUST-005,Murugan Auto Garage & Works,BR-01,280.0,50.4,330.4,Immediate Cash,Paid
INV-002034,SO-002034,2025-04-12,2025-04-12,CUST-030,Dr. Arvind Rao Dental Clinic,BR-02,1610.0,289.8,1899.8,Immediate UPI,Paid
INV-002035,SO-002035,2025-04-12,2025-05-12,CUST-015,Srinivasan & Sons Contractor,BR-01,66751.8,12015.32,78767.12,Net 30,Paid
INV-002036,SO-002036,2025-04-14,2025-04-14,CUST-021,Mohammed Riyaz (Home Renovation),BR-01,9785.0,1761.3,11546.3,Immediate Cash,Paid
INV-002037,SO-002037,2025-04-14,2025-04-29,CUST-026,Manjunatha Electrical Works,BR-02,8855.0,1593.9,10448.9,Net 15,Paid
INV-002038,SO-002038,2025-04-14,2025-05-14,CUST-017,Apex Manufacturing Solutions,BR-01,30.0,5.4,35.4,Net 30,Paid
INV-002039,SO-002039,2025-04-15,2025-04-15,CUST-014,Siva Shankaran (Individual Home),BR-01,2170.0,390.6,2560.6,Immediate Cash,Paid
INV-002040,SO-002040,2025-04-15,2025-04-15,CUST-030,Dr. Arvind Rao Dental Clinic,BR-02,6360.0,1144.8,7504.8,Immediate UPI,Paid
INV-002041,SO-002041,2025-04-15,2025-04-15,CUST-048,Ramachandran (Individual House Owner),BR-03,1100.0,198.0,1298.0,Immediate UPI,Paid
INV-002042,SO-002042,2025-04-15,2025-05-30,CUST-004,Sri Ramakrishna Builders & Infra,BR-01,86328.0,15539.04,101867.04,Net 45,Paid
INV-002043,SO-002043,2025-04-16,2025-04-23,CUST-035,Gowda Electrical Repairs,BR-02,7015.0,1262.7,8277.7,Net 7,Paid
INV-002044,SO-002044,2025-04-16,2025-04-16,CUST-033,Suresh Babu (Villa Construction),BR-02,240.0,43.2,283.2,Immediate Card,Paid
INV-002045,SO-002045,2025-04-16,2025-05-16,CUST-001,Balaji Electrical Contractors,BR-01,156248.6,28124.75,184373.35,Net 30,Paid
INV-002046,SO-002046,2025-04-16,2025-05-16,CUST-043,Sundaram Hospital Maintenance,BR-03,3045.0,548.1,3593.1,Net 30,Paid
INV-002047,SO-002047,2025-04-16,2025-04-16,CUST-021,Mohammed Riyaz (Home Renovation),BR-01,9705.0,1746.9,11451.9,Immediate Cash,Paid
INV-002048,SO-002048,2025-04-16,2025-05-01,CUST-023,Kalam Brothers Electrical Store,BR-01,333145.0,59966.1,393111.1,Net 15,Paid
INV-002049,SO-002049,2025-04-17,2025-06-01,CUST-041,Kongu Builders & Real Estate,BR-03,140486.0,25287.48,165773.48,Net 45,Paid
INV-002050,SO-002050,2025-04-17,2025-05-02,CUST-038,Marutham Electrical & Power Agency,BR-03,393542.4,70837.63,464380.03,Net 15,Paid
INV-002051,SO-002051,2025-04-17,2025-05-02,CUST-038,Marutham Electrical & Power Agency,BR-03,272765.0,49097.7,321862.7,Net 15,Paid
INV-002052,SO-002052,2025-04-17,2025-05-17,CUST-022,Global Smart Solutions (P) Ltd,BR-01,9880.0,1778.4,11658.4,Net 30,Paid
INV-002053,SO-002053,2025-04-17,2025-04-17,CUST-048,Ramachandran (Individual House Owner),BR-03,285.0,51.3,336.3,Immediate UPI,Paid
INV-002054,SO-002054,2025-04-17,2025-05-17,CUST-009,Devi Agency & Lighting Store,BR-01,101551.0,18279.18,119830.18,Net 30,Paid
INV-002055,SO-002055,2025-04-18,2025-04-18,CUST-005,Murugan Auto Garage & Works,BR-01,3105.0,558.9,3663.9,Immediate Cash,Paid
INV-002056,SO-002056,2025-04-18,2025-04-18,CUST-014,Siva Shankaran (Individual Home),BR-01,1450.0,261.0,1711.0,Immediate Cash,Paid
INV-002057,SO-002057,2025-04-18,2025-05-03,CUST-003,Saravana Electric Works (Govindaraj),BR-01,4250.0,765.0,5015.0,Net 15,Paid
INV-002058,SO-002058,2025-04-18,2025-04-18,CUST-012,Karthik Residential Apartment Owner,BR-01,8830.0,1589.4,10419.4,Immediate Card,Paid
INV-002059,SO-002059,2025-04-19,2025-04-26,CUST-035,Gowda Electrical Repairs,BR-02,8528.0,1535.04,10063.04,Net 7,Paid
INV-002060,SO-002060,2025-04-19,2025-05-19,CUST-032,Cauvery Engineering Contractors,BR-02,185135.0,33324.3,218459.3,Net 30,Paid
INV-002061,SO-002061,2025-04-19,2025-06-03,CUST-041,Kongu Builders & Real Estate,BR-03,6011.0,1081.98,7092.98,Net 45,Paid
INV-002062,SO-002062,2025-04-19,2025-05-19,CUST-022,Global Smart Solutions (P) Ltd,BR-01,11699.0,2105.82,13804.82,Net 30,Paid
INV-002063,SO-002063,2025-04-19,2025-05-19,CUST-025,Brigade Vista Apartment Owners Assn,BR-02,2835.0,510.3,3345.3,Net 30,Paid
INV-002064,SO-002064,2025-04-19,2025-05-04,CUST-023,Kalam Brothers Electrical Store,BR-01,219438.0,39498.84,258936.84,Net 15,Paid
INV-002065,SO-002065,2025-04-19,2025-05-19,CUST-025,Brigade Vista Apartment Owners Assn,BR-02,4740.0,853.2,5593.2,Net 30,Paid
INV-002066,SO-002066,2025-04-21,2025-05-21,CUST-022,Global Smart Solutions (P) Ltd,BR-01,79970.0,14394.6,94364.6,Net 30,Paid
INV-002067,SO-002067,2025-04-21,2025-05-21,CUST-007,TechPark Facility Maintenance Team,BR-01,13310.0,2395.8,15705.8,Net 30,Paid
INV-002068,SO-002068,2025-04-21,2025-05-06,CUST-038,Marutham Electrical & Power Agency,BR-03,52603.0,9468.54,62071.54,Net 15,Paid
INV-002069,SO-002069,2025-04-22,2025-05-22,CUST-028,Sri Venkateshwara Hardware & Electricals,BR-02,445242.8,80143.7,525386.5,Net 30,Paid
INV-002070,SO-002070,2025-04-22,2025-04-22,CUST-018,Lakshmi Vilas Sweets & Bakery,BR-01,4185.0,753.3,4938.3,Immediate UPI,Paid
INV-002071,SO-002071,2025-04-22,2025-05-22,CUST-007,TechPark Facility Maintenance Team,BR-01,220.0,39.6,259.6,Net 30,Paid
INV-002072,SO-002072,2025-04-22,2025-05-22,CUST-010,Vels Vidyashram School Campus,BR-01,6700.0,1206.0,7906.0,Net 30,Paid
INV-002073,SO-002073,2025-04-22,2025-04-22,CUST-031,Nandini Milk Parlour & Mart,BR-02,12495.0,2249.1,14744.1,Immediate Cash,Paid
INV-002074,SO-002074,2025-04-23,2025-05-23,CUST-032,Cauvery Engineering Contractors,BR-02,91492.0,16468.56,107960.56,Net 30,Paid
INV-002075,SO-002075,2025-04-23,2025-05-08,CUST-039,Rangasamy Electrician Workshop,BR-03,6257.0,1126.26,7383.26,Net 15,Paid
INV-002076,SO-002076,2025-04-23,2025-05-23,CUST-015,Srinivasan & Sons Contractor,BR-01,233960.0,42112.8,276072.8,Net 30,Paid
INV-002077,SO-002077,2025-04-23,2025-04-23,CUST-030,Dr. Arvind Rao Dental Clinic,BR-02,8355.0,1503.9,9858.9,Immediate UPI,Paid
INV-002078,SO-002078,2025-04-23,2025-04-23,CUST-006,Dr. Priya Sundaram (Home Clinic),BR-01,1570.0,282.6,1852.6,Immediate UPI,Paid
INV-002079,SO-002079,2025-04-23,2025-05-23,CUST-046,Annamalai Agro Processing Unit,BR-03,6455.0,1161.9,7616.9,Net 30,Paid
INV-002080,SO-002080,2025-04-23,2025-05-08,CUST-023,Kalam Brothers Electrical Store,BR-01,132722.2,23890.0,156612.2,Net 15,Paid
INV-002081,SO-002081,2025-04-24,2025-04-24,CUST-021,Mohammed Riyaz (Home Renovation),BR-01,9085.0,1635.3,10720.3,Immediate Cash,Paid
INV-002082,SO-002082,2025-04-24,2025-05-09,CUST-023,Kalam Brothers Electrical Store,BR-01,108630.0,19553.4,128183.4,Net 15,Paid
INV-002083,SO-002083,2025-04-24,2025-05-24,CUST-032,Cauvery Engineering Contractors,BR-02,42589.0,7666.02,50255.02,Net 30,Paid
INV-002084,SO-002084,2025-04-24,2025-05-09,CUST-042,Velan Pump & Motor Spares Store,BR-03,319589.2,57526.06,377115.26,Net 15,Paid
INV-002085,SO-002085,2025-04-24,2025-04-24,CUST-014,Siva Shankaran (Individual Home),BR-01,240.0,43.2,283.2,Immediate Cash,Paid
INV-002086,SO-002086,2025-04-24,2025-05-24,CUST-016,Royal Comfort Residency Hotel,BR-01,195.0,35.1,230.1,Net 30,Paid
INV-002087,SO-002087,2025-04-24,2025-05-09,CUST-002,Kalaivani Hardware & Paints,BR-01,123160.8,22168.94,145329.74,Net 15,Paid
INV-002088,SO-002088,2025-04-24,2025-05-24,CUST-009,Devi Agency & Lighting Store,BR-01,113599.0,20447.82,134046.82,Net 30,Paid
INV-002089,SO-002089,2025-04-25,2025-04-25,CUST-014,Siva Shankaran (Individual Home),BR-01,3555.0,639.9,4194.9,Immediate Cash,Paid
INV-002090,SO-002090,2025-04-25,2025-05-10,CUST-003,Saravana Electric Works (Govindaraj),BR-01,954.0,171.72,1125.72,Net 15,Paid
INV-002091,SO-002091,2025-04-25,2025-04-25,CUST-048,Ramachandran (Individual House Owner),BR-03,4005.0,720.9,4725.9,Immediate UPI,Paid
INV-002092,SO-002092,2025-04-25,2025-05-25,CUST-010,Vels Vidyashram School Campus,BR-01,13970.0,2514.6,16484.6,Net 30,Paid
INV-002093,SO-002093,2025-04-25,2025-04-25,CUST-005,Murugan Auto Garage & Works,BR-01,330.0,59.4,389.4,Immediate Cash,Paid
INV-002094,SO-002094,2025-04-25,2025-05-25,CUST-009,Devi Agency & Lighting Store,BR-01,40253.0,7245.54,47498.54,Net 30,Paid
INV-002095,SO-002095,2025-04-25,2025-04-25,CUST-048,Ramachandran (Individual House Owner),BR-03,4150.0,747.0,4897.0,Immediate UPI,Paid
INV-002096,SO-002096,2025-04-25,2025-05-02,CUST-035,Gowda Electrical Repairs,BR-02,4925.0,886.5,5811.5,Net 7,Paid
INV-002097,SO-002097,2025-04-26,2025-05-26,CUST-007,TechPark Facility Maintenance Team,BR-01,5200.0,936.0,6136.0,Net 30,Paid
INV-002098,SO-002098,2025-04-26,2025-05-26,CUST-027,InnoTech Coworking Hub,BR-02,330.0,59.4,389.4,Net 30,Paid
INV-002099,SO-002099,2025-04-26,2025-05-26,CUST-036,Urban Spaces Interior Studio,BR-02,13151.8,2367.32,15519.12,Net 30,Paid
INV-002100,SO-002100,2025-04-26,2025-05-11,CUST-038,Marutham Electrical & Power Agency,BR-03,218965.0,39413.7,258378.7,Net 15,Paid
INV-002101,SO-002101,2025-04-26,2025-04-26,CUST-045,Karthika Departmental Store,BR-03,9180.0,1652.4,10832.4,Immediate Cash,Paid
INV-002102,SO-002102,2025-04-26,2025-04-26,CUST-018,Lakshmi Vilas Sweets & Bakery,BR-01,150.0,27.0,177.0,Immediate UPI,Paid
INV-002103,SO-002103,2025-04-26,2025-05-26,CUST-027,InnoTech Coworking Hub,BR-02,305.0,54.9,359.9,Net 30,Paid
INV-002104,SO-002104,2025-04-28,2025-05-28,CUST-001,Balaji Electrical Contractors,BR-01,11895.0,2141.1,14036.1,Net 30,Paid
INV-002105,SO-002105,2025-04-28,2025-05-05,CUST-044,Mani Bros Electricals (Mani),BR-03,1030.0,185.4,1215.4,Net 7,Paid
INV-002106,SO-002106,2025-04-28,2025-06-12,CUST-011,Victory Housing Projects Phase 2,BR-01,35177.0,6331.86,41508.86,Net 45,Paid
INV-002107,SO-002107,2025-04-28,2025-05-13,CUST-039,Rangasamy Electrician Workshop,BR-03,620.0,111.6,731.6,Net 15,Paid
INV-002108,SO-002108,2025-04-28,2025-05-05,CUST-044,Mani Bros Electricals (Mani),BR-03,5646.0,1016.28,6662.28,Net 7,Paid
INV-002109,SO-002109,2025-04-29,2025-05-14,CUST-038,Marutham Electrical & Power Agency,BR-03,266880.0,48038.4,314918.4,Net 15,Paid
INV-002110,SO-002110,2025-04-29,2025-05-29,CUST-043,Sundaram Hospital Maintenance,BR-03,2835.0,510.3,3345.3,Net 30,Paid
INV-002111,SO-002111,2025-04-29,2025-05-29,CUST-022,Global Smart Solutions (P) Ltd,BR-01,108318.0,19497.24,127815.24,Net 30,Paid
INV-002112,SO-002112,2025-04-29,2025-05-14,CUST-038,Marutham Electrical & Power Agency,BR-03,323344.0,58201.92,381545.92,Net 15,Paid
INV-002113,SO-002113,2025-04-29,2025-05-29,CUST-017,Apex Manufacturing Solutions,BR-01,6795.0,1223.1,8018.1,Net 30,Paid
INV-002114,SO-002114,2025-04-29,2025-05-29,CUST-016,Royal Comfort Residency Hotel,BR-01,9315.0,1676.7,10991.7,Net 30,Paid
INV-002115,SO-002115,2025-04-29,2025-05-29,CUST-028,Sri Venkateshwara Hardware & Electricals,BR-02,474296.0,85373.28,559669.28,Net 30,Paid
INV-002116,SO-002116,2025-04-30,2025-05-30,CUST-043,Sundaram Hospital Maintenance,BR-03,480.0,86.4,566.4,Net 30,Paid
INV-002117,SO-002117,2025-04-30,2025-05-07,CUST-044,Mani Bros Electricals (Mani),BR-03,5950.0,1071.0,7021.0,Net 7,Paid
INV-002118,SO-002118,2025-04-30,2025-05-15,CUST-020,Selvam Electrician Services,BR-01,27345.0,4922.1,32267.1,Net 15,Paid
INV-002119,SO-002119,2025-05-01,2025-05-01,CUST-014,Siva Shankaran (Individual Home),BR-01,690.0,124.2,814.2,Immediate Cash,Paid
INV-002120,SO-002120,2025-05-01,2025-05-01,CUST-018,Lakshmi Vilas Sweets & Bakery,BR-01,10080.0,1814.4,11894.4,Immediate UPI,Paid
INV-002121,SO-002121,2025-05-01,2025-05-31,CUST-007,TechPark Facility Maintenance Team,BR-01,560.0,100.8,660.8,Net 30,Paid
INV-002122,SO-002122,2025-05-01,2025-05-16,CUST-039,Rangasamy Electrician Workshop,BR-03,2260.0,406.8,2666.8,Net 15,Paid
INV-002123,SO-002123,2025-05-01,2025-05-01,CUST-018,Lakshmi Vilas Sweets & Bakery,BR-01,1700.0,306.0,2006.0,Immediate UPI,Paid
INV-002124,SO-002124,2025-05-01,2025-05-31,CUST-017,Apex Manufacturing Solutions,BR-01,2200.0,396.0,2596.0,Net 30,Paid
INV-002125,SO-002125,2025-05-01,2025-05-16,CUST-023,Kalam Brothers Electrical Store,BR-01,90892.0,16360.56,107252.56,Net 15,Paid
INV-002126,SO-002126,2025-05-02,2025-05-02,CUST-005,Murugan Auto Garage & Works,BR-01,2355.0,423.9,2778.9,Immediate Cash,Paid
INV-002127,SO-002127,2025-05-02,2025-06-01,CUST-001,Balaji Electrical Contractors,BR-01,145628.0,26213.04,171841.04,Net 30,Paid
INV-002128,SO-002128,2025-05-02,2025-06-16,CUST-004,Sri Ramakrishna Builders & Infra,BR-01,10535.0,1896.3,12431.3,Net 45,Paid
INV-002129,SO-002129,2025-05-02,2025-06-16,CUST-011,Victory Housing Projects Phase 2,BR-01,133180.0,23972.4,157152.4,Net 45,Paid
INV-002130,SO-002130,2025-05-02,2025-06-01,CUST-040,Sri Krishna Engineering College Hostel,BR-03,6485.0,1167.3,7652.3,Net 30,Paid
INV-002131,SO-002131,2025-05-02,2025-06-01,CUST-001,Balaji Electrical Contractors,BR-01,30580.0,5504.4,36084.4,Net 30,Paid
INV-002132,SO-002132,2025-05-03,2025-05-18,CUST-003,Saravana Electric Works (Govindaraj),BR-01,15860.0,2854.8,18714.8,Net 15,Paid
INV-002133,SO-002133,2025-05-03,2025-05-10,CUST-008,Anbu Electricals (Anbazhagan),BR-01,7830.0,1409.4,9239.4,Net 7,Paid
INV-002134,SO-002134,2025-05-03,2025-06-02,CUST-025,Brigade Vista Apartment Owners Assn,BR-02,4805.0,864.9,5669.9,Net 30,Paid
INV-002135,SO-002135,2025-05-03,2025-06-17,CUST-029,Raghavendra Infrastructure Developers,BR-02,258610.0,46549.8,305159.8,Net 45,Paid
INV-002136,SO-002136,2025-05-03,2025-06-02,CUST-040,Sri Krishna Engineering College Hostel,BR-03,45.0,8.1,53.1,Net 30,Paid
INV-002137,SO-002137,2025-05-05,2025-06-04,CUST-016,Royal Comfort Residency Hotel,BR-01,2010.0,361.8,2371.8,Net 30,Paid
INV-002138,SO-002138,2025-05-05,2025-06-19,CUST-029,Raghavendra Infrastructure Developers,BR-02,58544.0,10537.92,69081.92,Net 45,Paid
INV-002139,SO-002139,2025-05-05,2025-06-04,CUST-016,Royal Comfort Residency Hotel,BR-01,150.0,27.0,177.0,Net 30,Paid
INV-002140,SO-002140,2025-05-05,2025-06-04,CUST-025,Brigade Vista Apartment Owners Assn,BR-02,645.0,116.1,761.1,Net 30,Paid
INV-002141,SO-002141,2025-05-05,2025-05-05,CUST-018,Lakshmi Vilas Sweets & Bakery,BR-01,2200.0,396.0,2596.0,Immediate UPI,Paid
INV-002142,SO-002142,2025-05-06,2025-06-05,CUST-040,Sri Krishna Engineering College Hostel,BR-03,640.0,115.2,755.2,Net 30,Paid
INV-002143,SO-002143,2025-05-06,2025-06-20,CUST-004,Sri Ramakrishna Builders & Infra,BR-01,107066.0,19271.88,126337.88,Net 45,Paid
INV-002144,SO-002144,2025-05-06,2025-05-21,CUST-020,Selvam Electrician Services,BR-01,866.0,155.88,1021.88,Net 15,Paid
INV-002145,SO-002145,2025-05-06,2025-06-20,CUST-011,Victory Housing Projects Phase 2,BR-01,50432.4,9077.83,59510.23,Net 45,Paid
INV-002146,SO-002146,2025-05-06,2025-06-05,CUST-034,Silicon Valley PG Hostel Chain,BR-02,240.0,43.2,283.2,Net 30,Paid
INV-002147,SO-002147,2025-05-07,2025-05-22,CUST-026,Manjunatha Electrical Works,BR-02,11835.0,2130.3,13965.3,Net 15,Paid
INV-002148,SO-002148,2025-05-07,2025-05-22,CUST-023,Kalam Brothers Electrical Store,BR-01,205458.0,36982.44,242440.44,Net 15,Paid
INV-002149,SO-002149,2025-05-07,2025-05-07,CUST-033,Suresh Babu (Villa Construction),BR-02,480.0,86.4,566.4,Immediate Card,Paid
INV-002150,SO-002150,2025-05-08,2025-05-15,CUST-035,Gowda Electrical Repairs,BR-02,41080.0,7394.4,48474.4,Net 7,Paid
INV-002151,SO-002151,2025-05-08,2025-05-08,CUST-006,Dr. Priya Sundaram (Home Clinic),BR-01,1210.0,217.8,1427.8,Immediate UPI,Paid
INV-002152,SO-002152,2025-05-08,2025-06-07,CUST-016,Royal Comfort Residency Hotel,BR-01,75.0,13.5,88.5,Net 30,Paid
INV-002153,SO-002153,2025-05-08,2025-06-07,CUST-032,Cauvery Engineering Contractors,BR-02,72693.0,13084.74,85777.74,Net 30,Paid
INV-002154,SO-002154,2025-05-08,2025-05-08,CUST-033,Suresh Babu (Villa Construction),BR-02,1275.0,229.5,1504.5,Immediate Card,Paid
INV-002155,SO-002155,2025-05-08,2025-06-07,CUST-040,Sri Krishna Engineering College Hostel,BR-03,3900.0,702.0,4602.0,Net 30,Paid
INV-002156,SO-002156,2025-05-08,2025-05-23,CUST-039,Rangasamy Electrician Workshop,BR-03,780.0,140.4,920.4,Net 15,Paid
INV-002157,SO-002157,2025-05-09,2025-06-08,CUST-028,Sri Venkateshwara Hardware & Electricals,BR-02,454295.0,81773.1,536068.1,Net 30,Paid
INV-002158,SO-002158,2025-05-09,2025-05-24,CUST-013,Metro Supermarket Tambaram,BR-01,405.0,72.9,477.9,Net 15,Paid
INV-002159,SO-002159,2025-05-09,2025-06-08,CUST-047,Kovai Elite Residency Hotel,BR-03,345.0,62.1,407.1,Net 30,Paid
INV-002160,SO-002160,2025-05-09,2025-06-08,CUST-010,Vels Vidyashram School Campus,BR-01,1300.0,234.0,1534.0,Net 30,Paid
INV-002161,SO-002161,2025-05-10,2025-06-24,CUST-011,Victory Housing Projects Phase 2,BR-01,39860.0,7174.8,47034.8,Net 45,Paid
INV-002162,SO-002162,2025-05-10,2025-06-09,CUST-037,Kovai Textile Mills Facility Team,BR-03,280.0,50.4,330.4,Net 30,Paid
INV-002163,SO-002163,2025-05-10,2025-06-09,CUST-036,Urban Spaces Interior Studio,BR-02,17833.0,3209.94,21042.94,Net 30,Paid
INV-002164,SO-002164,2025-05-10,2025-06-09,CUST-015,Srinivasan & Sons Contractor,BR-01,62458.0,11242.44,73700.44,Net 30,Paid
INV-002165,SO-002165,2025-05-10,2025-05-25,CUST-023,Kalam Brothers Electrical Store,BR-01,32834.0,5910.12,38744.12,Net 15,Paid
INV-002166,SO-002166,2025-05-12,2025-05-12,CUST-048,Ramachandran (Individual House Owner),BR-03,195.0,35.1,230.1,Immediate UPI,Paid
INV-002167,SO-002167,2025-05-12,2025-05-27,CUST-003,Saravana Electric Works (Govindaraj),BR-01,20778.0,3740.04,24518.04,Net 15,Paid
INV-002168,SO-002168,2025-05-12,2025-05-12,CUST-048,Ramachandran (Individual House Owner),BR-03,1140.0,205.2,1345.2,Immediate UPI,Paid
INV-002169,SO-002169,2025-05-13,2025-05-13,CUST-030,Dr. Arvind Rao Dental Clinic,BR-02,970.0,174.6,1144.6,Immediate UPI,Paid
INV-002170,SO-002170,2025-05-13,2025-05-28,CUST-039,Rangasamy Electrician Workshop,BR-03,5980.0,1076.4,7056.4,Net 15,Paid
INV-002171,SO-002171,2025-05-13,2025-06-12,CUST-028,Sri Venkateshwara Hardware & Electricals,BR-02,215815.0,38846.7,254661.7,Net 30,Paid
INV-002172,SO-002172,2025-05-13,2025-06-12,CUST-025,Brigade Vista Apartment Owners Assn,BR-02,9380.0,1688.4,11068.4,Net 30,Paid
INV-002173,SO-002173,2025-05-14,2025-06-13,CUST-046,Annamalai Agro Processing Unit,BR-03,45.0,8.1,53.1,Net 30,Paid
INV-002174,SO-002174,2025-05-14,2025-06-13,CUST-037,Kovai Textile Mills Facility Team,BR-03,280.0,50.4,330.4,Net 30,Paid
INV-002175,SO-002175,2025-05-14,2025-06-13,CUST-015,Srinivasan & Sons Contractor,BR-01,7250.0,1305.0,8555.0,Net 30,Paid
INV-002176,SO-002176,2025-05-14,2025-06-13,CUST-010,Vels Vidyashram School Campus,BR-01,1750.0,315.0,2065.0,Net 30,Paid
INV-002177,SO-002177,2025-05-15,2025-05-30,CUST-039,Rangasamy Electrician Workshop,BR-03,2475.0,445.5,2920.5,Net 15,Paid
INV-002178,SO-002178,2025-05-15,2025-05-30,CUST-020,Selvam Electrician Services,BR-01,20586.0,3705.48,24291.48,Net 15,Paid
INV-002179,SO-002179,2025-05-15,2025-06-14,CUST-022,Global Smart Solutions (P) Ltd,BR-01,127484.4,22947.19,150431.59,Net 30,Paid
INV-002180,SO-002180,2025-05-15,2025-06-14,CUST-046,Annamalai Agro Processing Unit,BR-03,1355.0,243.9,1598.9,Net 30,Paid
INV-002181,SO-002181,2025-05-16,2025-05-31,CUST-003,Saravana Electric Works (Govindaraj),BR-01,23044.0,4147.92,27191.92,Net 15,Paid
INV-002182,SO-002182,2025-05-16,2025-06-15,CUST-017,Apex Manufacturing Solutions,BR-01,3165.0,569.7,3734.7,Net 30,Paid
INV-002183,SO-002183,2025-05-16,2025-05-16,CUST-018,Lakshmi Vilas Sweets & Bakery,BR-01,2200.0,396.0,2596.0,Immediate UPI,Paid
INV-002184,SO-002184,2025-05-17,2025-06-01,CUST-026,Manjunatha Electrical Works,BR-02,1180.0,212.4,1392.4,Net 15,Paid
INV-002185,SO-002185,2025-05-17,2025-07-01,CUST-011,Victory Housing Projects Phase 2,BR-01,30790.0,5542.2,36332.2,Net 45,Paid
INV-002186,SO-002186,2025-05-17,2025-06-01,CUST-026,Manjunatha Electrical Works,BR-02,7830.0,1409.4,9239.4,Net 15,Paid
INV-002187,SO-002187,2025-05-19,2025-06-18,CUST-032,Cauvery Engineering Contractors,BR-02,134376.0,24187.68,158563.68,Net 30,Paid
INV-002188,SO-002188,2025-05-19,2025-05-19,CUST-031,Nandini Milk Parlour & Mart,BR-02,2115.0,380.7,2495.7,Immediate Cash,Paid
INV-002189,SO-002189,2025-05-19,2025-06-18,CUST-032,Cauvery Engineering Contractors,BR-02,175695.8,31625.24,207321.04,Net 30,Paid
INV-002190,SO-002190,2025-05-19,2025-07-03,CUST-041,Kongu Builders & Real Estate,BR-03,59336.0,10680.48,70016.48,Net 45,Paid
INV-002191,SO-002191,2025-05-19,2025-06-03,CUST-003,Saravana Electric Works (Govindaraj),BR-01,9970.0,1794.6,11764.6,Net 15,Paid
INV-002192,SO-002192,2025-05-19,2025-06-03,CUST-002,Kalaivani Hardware & Paints,BR-01,26825.0,4828.5,31653.5,Net 15,Paid
INV-002193,SO-002193,2025-05-20,2025-06-04,CUST-002,Kalaivani Hardware & Paints,BR-01,120316.0,21656.88,141972.88,Net 15,Paid
INV-002194,SO-002194,2025-05-20,2025-06-19,CUST-034,Silicon Valley PG Hostel Chain,BR-02,460.0,82.8,542.8,Net 30,Paid
INV-002195,SO-002195,2025-05-20,2025-06-19,CUST-015,Srinivasan & Sons Contractor,BR-01,113459.0,20422.62,133881.62,Net 30,Paid
INV-002196,SO-002196,2025-05-20,2025-07-04,CUST-011,Victory Housing Projects Phase 2,BR-01,195037.0,35106.66,230143.66,Net 45,Paid
INV-002197,SO-002197,2025-05-21,2025-05-21,CUST-031,Nandini Milk Parlour & Mart,BR-02,175.0,31.5,206.5,Immediate Cash,Paid
INV-002198,SO-002198,2025-05-21,2025-05-21,CUST-018,Lakshmi Vilas Sweets & Bakery,BR-01,21915.0,3944.7,25859.7,Immediate UPI,Paid
INV-002199,SO-002199,2025-05-21,2025-07-05,CUST-041,Kongu Builders & Real Estate,BR-03,42175.0,7591.5,49766.5,Net 45,Paid
INV-002200,SO-002200,2025-05-21,2025-06-20,CUST-022,Global Smart Solutions (P) Ltd,BR-01,51966.2,9353.92,61320.12,Net 30,Paid
INV-002201,SO-002201,2025-05-21,2025-05-21,CUST-031,Nandini Milk Parlour & Mart,BR-02,1010.0,181.8,1191.8,Immediate Cash,Paid
INV-002202,SO-002202,2025-05-22,2025-07-06,CUST-029,Raghavendra Infrastructure Developers,BR-02,97022.0,17463.96,114485.96,Net 45,Paid
INV-002203,SO-002203,2025-05-22,2025-07-06,CUST-011,Victory Housing Projects Phase 2,BR-01,224556.4,40420.15,264976.55,Net 45,Paid
INV-002204,SO-002204,2025-05-22,2025-06-21,CUST-016,Royal Comfort Residency Hotel,BR-01,12170.0,2190.6,14360.6,Net 30,Paid
INV-002205,SO-002205,2025-05-22,2025-06-21,CUST-010,Vels Vidyashram School Campus,BR-01,2045.0,368.1,2413.1,Net 30,Paid
INV-002206,SO-002206,2025-05-22,2025-05-22,CUST-045,Karthika Departmental Store,BR-03,175.0,31.5,206.5,Immediate Cash,Paid
INV-002207,SO-002207,2025-05-23,2025-05-23,CUST-012,Karthik Residential Apartment Owner,BR-01,1930.0,347.4,2277.4,Immediate Card,Paid
INV-002208,SO-002208,2025-05-23,2025-05-23,CUST-014,Siva Shankaran (Individual Home),BR-01,6345.0,1142.1,7487.1,Immediate Cash,Paid
INV-002209,SO-002209,2025-05-23,2025-05-23,CUST-018,Lakshmi Vilas Sweets & Bakery,BR-01,11055.0,1989.9,13044.9,Immediate UPI,Paid
INV-002210,SO-002210,2025-05-23,2025-06-22,CUST-019,Poompuhar Handicrafts Store,BR-01,175.0,31.5,206.5,Net 30,Paid
INV-002211,SO-002211,2025-05-23,2025-06-22,CUST-019,Poompuhar Handicrafts Store,BR-01,350.0,63.0,413.0,Net 30,Paid
INV-002212,SO-002212,2025-05-24,2025-06-23,CUST-017,Apex Manufacturing Solutions,BR-01,16955.0,3051.9,20006.9,Net 30,Paid
INV-002213,SO-002213,2025-05-24,2025-06-08,CUST-042,Velan Pump & Motor Spares Store,BR-03,241065.0,43391.7,284456.7,Net 15,Paid
INV-002214,SO-002214,2025-05-24,2025-06-23,CUST-036,Urban Spaces Interior Studio,BR-02,9255.0,1665.9,10920.9,Net 30,Paid
INV-002215,SO-002215,2025-05-24,2025-07-08,CUST-041,Kongu Builders & Real Estate,BR-03,7036.6,1266.59,8303.19,Net 45,Paid
INV-002216,SO-002216,2025-05-26,2025-06-25,CUST-007,TechPark Facility Maintenance Team,BR-01,280.0,50.4,330.4,Net 30,Paid
INV-002217,SO-002217,2025-05-26,2025-06-25,CUST-040,Sri Krishna Engineering College Hostel,BR-03,2110.0,379.8,2489.8,Net 30,Paid
INV-002218,SO-002218,2025-05-26,2025-06-25,CUST-025,Brigade Vista Apartment Owners Assn,BR-02,2300.0,414.0,2714.0,Net 30,Paid
INV-002219,SO-002219,2025-05-27,2025-07-11,CUST-011,Victory Housing Projects Phase 2,BR-01,188980.0,34016.4,222996.4,Net 45,Paid
INV-002220,SO-002220,2025-05-27,2025-05-27,CUST-014,Siva Shankaran (Individual Home),BR-01,145.0,26.1,171.1,Immediate Cash,Paid
INV-002221,SO-002221,2025-05-27,2025-06-26,CUST-007,TechPark Facility Maintenance Team,BR-01,10575.0,1903.5,12478.5,Net 30,Paid
INV-002222,SO-002222,2025-05-27,2025-06-26,CUST-016,Royal Comfort Residency Hotel,BR-01,215.0,38.7,253.7,Net 30,Paid
INV-002223,SO-002223,2025-05-27,2025-06-26,CUST-027,InnoTech Coworking Hub,BR-02,6345.0,1142.1,7487.1,Net 30,Paid
INV-002224,SO-002224,2025-05-27,2025-05-27,CUST-033,Suresh Babu (Villa Construction),BR-02,1530.0,275.4,1805.4,Immediate Card,Paid
INV-002225,SO-002225,2025-05-28,2025-06-27,CUST-015,Srinivasan & Sons Contractor,BR-01,24678.0,4442.04,29120.04,Net 30,Paid
INV-002226,SO-002226,2025-05-28,2025-05-28,CUST-048,Ramachandran (Individual House Owner),BR-03,2845.0,512.1,3357.1,Immediate UPI,Paid
INV-002227,SO-002227,2025-05-28,2025-05-28,CUST-048,Ramachandran (Individual House Owner),BR-03,16820.0,3027.6,19847.6,Immediate UPI,Paid
INV-002228,SO-002228,2025-05-28,2025-05-28,CUST-021,Mohammed Riyaz (Home Renovation),BR-01,280.0,50.4,330.4,Immediate Cash,Paid
INV-002229,SO-002229,2025-05-28,2025-06-27,CUST-037,Kovai Textile Mills Facility Team,BR-03,1055.0,189.9,1244.9,Net 30,Paid
INV-002230,SO-002230,2025-05-28,2025-06-27,CUST-043,Sundaram Hospital Maintenance,BR-03,4845.0,872.1,5717.1,Net 30,Paid
INV-002231,SO-002231,2025-05-28,2025-05-28,CUST-021,Mohammed Riyaz (Home Renovation),BR-01,945.0,170.1,1115.1,Immediate Cash,Paid
INV-002232,SO-002232,2025-05-28,2025-06-12,CUST-039,Rangasamy Electrician Workshop,BR-03,14104.0,2538.72,16642.72,Net 15,Paid
INV-002233,SO-002233,2025-05-29,2025-06-13,CUST-013,Metro Supermarket Tambaram,BR-01,1180.0,212.4,1392.4,Net 15,Paid
INV-002234,SO-002234,2025-05-29,2025-06-28,CUST-040,Sri Krishna Engineering College Hostel,BR-03,240.0,43.2,283.2,Net 30,Paid
INV-002235,SO-002235,2025-05-29,2025-06-28,CUST-016,Royal Comfort Residency Hotel,BR-01,305.0,54.9,359.9,Net 30,Paid
INV-002236,SO-002236,2025-05-29,2025-06-28,CUST-016,Royal Comfort Residency Hotel,BR-01,610.0,109.8,719.8,Net 30,Paid
INV-002237,SO-002237,2025-05-29,2025-06-13,CUST-020,Selvam Electrician Services,BR-01,29965.0,5393.7,35358.7,Net 15,Paid
INV-002238,SO-002238,2025-05-29,2025-06-28,CUST-040,Sri Krishna Engineering College Hostel,BR-03,2835.0,510.3,3345.3,Net 30,Paid
INV-002239,SO-002239,2025-05-30,2025-06-14,CUST-042,Velan Pump & Motor Spares Store,BR-03,365823.0,65848.14,431671.14,Net 15,Paid
INV-002240,SO-002240,2025-05-30,2025-05-30,CUST-031,Nandini Milk Parlour & Mart,BR-02,520.0,93.6,613.6,Immediate Cash,Paid
INV-002241,SO-002241,2025-05-30,2025-06-29,CUST-017,Apex Manufacturing Solutions,BR-01,3045.0,548.1,3593.1,Net 30,Paid
INV-002242,SO-002242,2025-05-30,2025-06-29,CUST-043,Sundaram Hospital Maintenance,BR-03,280.0,50.4,330.4,Net 30,Paid
INV-002243,SO-002243,2025-05-30,2025-06-29,CUST-036,Urban Spaces Interior Studio,BR-02,113780.0,20480.4,134260.4,Net 30,Paid
INV-002244,SO-002244,2025-05-31,2025-06-30,CUST-032,Cauvery Engineering Contractors,BR-02,95137.0,17124.66,112261.66,Net 30,Paid
INV-002245,SO-002245,2025-05-31,2025-05-31,CUST-048,Ramachandran (Individual House Owner),BR-03,495.0,89.1,584.1,Immediate UPI,Paid
INV-002246,SO-002246,2025-05-31,2025-05-31,CUST-045,Karthika Departmental Store,BR-03,220.0,39.6,259.6,Immediate Cash,Paid
INV-002247,SO-002247,2025-05-31,2025-06-30,CUST-032,Cauvery Engineering Contractors,BR-02,24830.0,4469.4,29299.4,Net 30,Paid
INV-002248,SO-002248,2025-05-31,2025-06-30,CUST-032,Cauvery Engineering Contractors,BR-02,55140.8,9925.34,65066.14,Net 30,Paid
INV-002249,SO-002249,2025-06-02,2025-06-17,CUST-020,Selvam Electrician Services,BR-01,7060.0,1270.8,8330.8,Net 15,Paid
INV-002250,SO-002250,2025-06-02,2025-06-09,CUST-008,Anbu Electricals (Anbazhagan),BR-01,15000.0,2700.0,17700.0,Net 7,Paid
INV-002251,SO-002251,2025-06-02,2025-06-17,CUST-039,Rangasamy Electrician Workshop,BR-03,15385.0,2769.3,18154.3,Net 15,Paid
INV-002252,SO-002252,2025-06-02,2025-07-02,CUST-028,Sri Venkateshwara Hardware & Electricals,BR-02,175802.0,31644.36,207446.36,Net 30,Paid
INV-002253,SO-002253,2025-06-02,2025-06-09,CUST-008,Anbu Electricals (Anbazhagan),BR-01,1863.0,335.34,2198.34,Net 7,Paid
INV-002254,SO-002254,2025-06-02,2025-06-09,CUST-044,Mani Bros Electricals (Mani),BR-03,2490.0,448.2,2938.2,Net 7,Paid
INV-002255,SO-002255,2025-06-02,2025-06-02,CUST-031,Nandini Milk Parlour & Mart,BR-02,4700.0,846.0,5546.0,Immediate Cash,Paid
INV-002256,SO-002256,2025-06-03,2025-07-03,CUST-034,Silicon Valley PG Hostel Chain,BR-02,250.0,45.0,295.0,Net 30,Paid
INV-002257,SO-002257,2025-06-03,2025-06-03,CUST-045,Karthika Departmental Store,BR-03,4000.0,720.0,4720.0,Immediate Cash,Paid
INV-002258,SO-002258,2025-06-03,2025-07-03,CUST-022,Global Smart Solutions (P) Ltd,BR-01,80244.0,14443.92,94687.92,Net 30,Paid
INV-002259,SO-002259,2025-06-03,2025-06-03,CUST-006,Dr. Priya Sundaram (Home Clinic),BR-01,390.0,70.2,460.2,Immediate UPI,Paid
INV-002260,SO-002260,2025-06-03,2025-06-18,CUST-026,Manjunatha Electrical Works,BR-02,6820.0,1227.6,8047.6,Net 15,Paid
INV-002261,SO-002261,2025-06-03,2025-06-18,CUST-013,Metro Supermarket Tambaram,BR-01,480.0,86.4,566.4,Net 15,Paid
INV-002262,SO-002262,2025-06-03,2025-06-03,CUST-045,Karthika Departmental Store,BR-03,480.0,86.4,566.4,Immediate Cash,Paid
INV-002263,SO-002263,2025-06-04,2025-06-19,CUST-026,Manjunatha Electrical Works,BR-02,11190.0,2014.2,13204.2,Net 15,Paid
INV-002264,SO-002264,2025-06-04,2025-06-04,CUST-018,Lakshmi Vilas Sweets & Bakery,BR-01,2380.0,428.4,2808.4,Immediate UPI,Paid
INV-002265,SO-002265,2025-06-04,2025-07-04,CUST-047,Kovai Elite Residency Hotel,BR-03,65.0,11.7,76.7,Net 30,Paid
INV-002266,SO-002266,2025-06-04,2025-07-04,CUST-037,Kovai Textile Mills Facility Team,BR-03,11950.0,2151.0,14101.0,Net 30,Paid
INV-002267,SO-002267,2025-06-04,2025-06-04,CUST-021,Mohammed Riyaz (Home Renovation),BR-01,305.0,54.9,359.9,Immediate Cash,Paid
INV-002268,SO-002268,2025-06-04,2025-06-11,CUST-035,Gowda Electrical Repairs,BR-02,7978.0,1436.04,9414.04,Net 7,Paid
INV-002269,SO-002269,2025-06-04,2025-07-04,CUST-001,Balaji Electrical Contractors,BR-01,29754.0,5355.72,35109.72,Net 30,Paid
INV-002270,SO-002270,2025-06-04,2025-07-19,CUST-029,Raghavendra Infrastructure Developers,BR-02,58340.0,10501.2,68841.2,Net 45,Paid
INV-002271,SO-002271,2025-06-05,2025-07-05,CUST-027,InnoTech Coworking Hub,BR-02,165.0,29.7,194.7,Net 30,Paid
INV-002272,SO-002272,2025-06-05,2025-07-05,CUST-032,Cauvery Engineering Contractors,BR-02,26818.0,4827.24,31645.24,Net 30,Paid
INV-002273,SO-002273,2025-06-05,2025-06-12,CUST-008,Anbu Electricals (Anbazhagan),BR-01,1256.0,226.08,1482.08,Net 7,Paid
INV-002274,SO-002274,2025-06-05,2025-07-05,CUST-032,Cauvery Engineering Contractors,BR-02,113444.0,20419.92,133863.92,Net 30,Paid
INV-002275,SO-002275,2025-06-05,2025-07-20,CUST-029,Raghavendra Infrastructure Developers,BR-02,34700.8,6246.15,40946.95,Net 45,Paid
INV-002276,SO-002276,2025-06-06,2025-07-06,CUST-019,Poompuhar Handicrafts Store,BR-01,6450.0,1161.0,7611.0,Net 30,Paid
INV-002277,SO-002277,2025-06-06,2025-06-06,CUST-048,Ramachandran (Individual House Owner),BR-03,3450.0,621.0,4071.0,Immediate UPI,Paid
INV-002278,SO-002278,2025-06-06,2025-06-06,CUST-005,Murugan Auto Garage & Works,BR-01,3150.0,567.0,3717.0,Immediate Cash,Paid
INV-002279,SO-002279,2025-06-06,2025-06-06,CUST-048,Ramachandran (Individual House Owner),BR-03,1930.0,347.4,2277.4,Immediate UPI,Paid
INV-002280,SO-002280,2025-06-06,2025-06-13,CUST-044,Mani Bros Electricals (Mani),BR-03,8285.0,1491.3,9776.3,Net 7,Paid
INV-002281,SO-002281,2025-06-07,2025-07-07,CUST-034,Silicon Valley PG Hostel Chain,BR-02,165.0,29.7,194.7,Net 30,Paid
INV-002282,SO-002282,2025-06-07,2025-07-22,CUST-011,Victory Housing Projects Phase 2,BR-01,21512.4,3872.23,25384.63,Net 45,Paid
INV-002283,SO-002283,2025-06-07,2025-07-22,CUST-029,Raghavendra Infrastructure Developers,BR-02,78308.0,14095.44,92403.44,Net 45,Paid
INV-002284,SO-002284,2025-06-09,2025-06-24,CUST-020,Selvam Electrician Services,BR-01,5225.0,940.5,6165.5,Net 15,Paid
INV-002285,SO-002285,2025-06-09,2025-07-09,CUST-007,TechPark Facility Maintenance Team,BR-01,240.0,43.2,283.2,Net 30,Paid
INV-002286,SO-002286,2025-06-09,2025-06-24,CUST-003,Saravana Electric Works (Govindaraj),BR-01,4675.0,841.5,5516.5,Net 15,Paid
INV-002287,SO-002287,2025-06-09,2025-07-24,CUST-004,Sri Ramakrishna Builders & Infra,BR-01,57732.0,10391.76,68123.76,Net 45,Paid
INV-002288,SO-002288,2025-06-09,2025-06-09,CUST-021,Mohammed Riyaz (Home Renovation),BR-01,2210.0,397.8,2607.8,Immediate Cash,Paid
INV-002289,SO-002289,2025-06-09,2025-07-09,CUST-034,Silicon Valley PG Hostel Chain,BR-02,1860.0,334.8,2194.8,Net 30,Paid
INV-002290,SO-002290,2025-06-09,2025-07-09,CUST-025,Brigade Vista Apartment Owners Assn,BR-02,330.0,59.4,389.4,Net 30,Paid
INV-002291,SO-002291,2025-06-10,2025-07-25,CUST-029,Raghavendra Infrastructure Developers,BR-02,53260.0,9586.8,62846.8,Net 45,Paid
INV-002292,SO-002292,2025-06-10,2025-06-25,CUST-026,Manjunatha Electrical Works,BR-02,11950.0,2151.0,14101.0,Net 15,Paid
INV-002293,SO-002293,2025-06-10,2025-07-10,CUST-001,Balaji Electrical Contractors,BR-01,13860.0,2494.8,16354.8,Net 30,Paid
INV-002294,SO-002294,2025-06-10,2025-06-17,CUST-035,Gowda Electrical Repairs,BR-02,5750.0,1035.0,6785.0,Net 7,Paid
INV-002295,SO-002295,2025-06-10,2025-06-17,CUST-035,Gowda Electrical Repairs,BR-02,4266.0,767.88,5033.88,Net 7,Paid
INV-002296,SO-002296,2025-06-10,2025-06-25,CUST-042,Velan Pump & Motor Spares Store,BR-03,46213.0,8318.34,54531.34,Net 15,Paid
INV-002297,SO-002297,2025-06-10,2025-06-10,CUST-014,Siva Shankaran (Individual Home),BR-01,10950.0,1971.0,12921.0,Immediate Cash,Paid
INV-002298,SO-002298,2025-06-11,2025-07-26,CUST-004,Sri Ramakrishna Builders & Infra,BR-01,15270.0,2748.6,18018.6,Net 45,Paid
INV-002299,SO-002299,2025-06-11,2025-07-11,CUST-025,Brigade Vista Apartment Owners Assn,BR-02,560.0,100.8,660.8,Net 30,Paid
INV-002300,SO-002300,2025-06-11,2025-07-11,CUST-047,Kovai Elite Residency Hotel,BR-03,275.0,49.5,324.5,Net 30,Paid
INV-002301,SO-002301,2025-06-12,2025-07-12,CUST-047,Kovai Elite Residency Hotel,BR-03,3900.0,702.0,4602.0,Net 30,Paid
INV-002302,SO-002302,2025-06-12,2025-07-12,CUST-015,Srinivasan & Sons Contractor,BR-01,4565.0,821.7,5386.7,Net 30,Paid
INV-002303,SO-002303,2025-06-12,2025-07-27,CUST-011,Victory Housing Projects Phase 2,BR-01,35253.0,6345.54,41598.54,Net 45,Paid
INV-002304,SO-002304,2025-06-13,2025-07-28,CUST-011,Victory Housing Projects Phase 2,BR-01,69858.0,12574.44,82432.44,Net 45,Paid
INV-002305,SO-002305,2025-06-13,2025-07-13,CUST-028,Sri Venkateshwara Hardware & Electricals,BR-02,163305.0,29394.9,192699.9,Net 30,Paid
INV-002306,SO-002306,2025-06-13,2025-07-28,CUST-011,Victory Housing Projects Phase 2,BR-01,170085.0,30615.3,200700.3,Net 45,Paid
INV-002307,SO-002307,2025-06-14,2025-06-29,CUST-042,Velan Pump & Motor Spares Store,BR-03,132915.0,23924.7,156839.7,Net 15,Paid
INV-002308,SO-002308,2025-06-14,2025-06-14,CUST-014,Siva Shankaran (Individual Home),BR-01,520.0,93.6,613.6,Immediate Cash,Paid
INV-002309,SO-002309,2025-06-14,2025-07-14,CUST-019,Poompuhar Handicrafts Store,BR-01,1580.0,284.4,1864.4,Net 30,Paid
INV-002310,SO-002310,2025-06-14,2025-06-29,CUST-023,Kalam Brothers Electrical Store,BR-01,149802.0,26964.36,176766.36,Net 15,Paid
INV-002311,SO-002311,2025-06-14,2025-07-14,CUST-025,Brigade Vista Apartment Owners Assn,BR-02,7075.0,1273.5,8348.5,Net 30,Paid
INV-002312,SO-002312,2025-06-14,2025-07-14,CUST-009,Devi Agency & Lighting Store,BR-01,236377.2,42547.9,278925.1,Net 30,Paid
INV-002313,SO-002313,2025-06-16,2025-07-16,CUST-015,Srinivasan & Sons Contractor,BR-01,132855.0,23913.9,156768.9,Net 30,Paid
INV-002314,SO-002314,2025-06-16,2025-07-16,CUST-040,Sri Krishna Engineering College Hostel,BR-03,9340.0,1681.2,11021.2,Net 30,Paid
INV-002315,SO-002315,2025-06-16,2025-07-16,CUST-025,Brigade Vista Apartment Owners Assn,BR-02,270.0,48.6,318.6,Net 30,Paid
INV-002316,SO-002316,2025-06-16,2025-07-01,CUST-026,Manjunatha Electrical Works,BR-02,860.0,154.8,1014.8,Net 15,Paid
INV-002317,SO-002317,2025-06-16,2025-07-16,CUST-046,Annamalai Agro Processing Unit,BR-03,480.0,86.4,566.4,Net 30,Paid
INV-002318,SO-002318,2025-06-16,2025-06-16,CUST-033,Suresh Babu (Villa Construction),BR-02,1380.0,248.4,1628.4,Immediate Card,Paid
INV-002319,SO-002319,2025-06-16,2025-06-23,CUST-008,Anbu Electricals (Anbazhagan),BR-01,1570.0,282.6,1852.6,Net 7,Paid
INV-002320,SO-002320,2025-06-17,2025-07-17,CUST-040,Sri Krishna Engineering College Hostel,BR-03,2695.0,485.1,3180.1,Net 30,Paid
INV-002321,SO-002321,2025-06-17,2025-07-02,CUST-013,Metro Supermarket Tambaram,BR-01,2310.0,415.8,2725.8,Net 15,Paid
INV-002322,SO-002322,2025-06-17,2025-07-02,CUST-002,Kalaivani Hardware & Paints,BR-01,159180.0,28652.4,187832.4,Net 15,Paid
INV-002323,SO-002323,2025-06-17,2025-07-02,CUST-020,Selvam Electrician Services,BR-01,1670.0,300.6,1970.6,Net 15,Paid
INV-002324,SO-002324,2025-06-17,2025-06-17,CUST-014,Siva Shankaran (Individual Home),BR-01,16965.0,3053.7,20018.7,Immediate Cash,Paid
INV-002325,SO-002325,2025-06-18,2025-06-18,CUST-018,Lakshmi Vilas Sweets & Bakery,BR-01,7080.0,1274.4,8354.4,Immediate UPI,Paid
INV-002326,SO-002326,2025-06-18,2025-06-18,CUST-031,Nandini Milk Parlour & Mart,BR-02,220.0,39.6,259.6,Immediate Cash,Paid
INV-002327,SO-002327,2025-06-18,2025-07-03,CUST-038,Marutham Electrical & Power Agency,BR-03,159544.0,28717.92,188261.92,Net 15,Paid
INV-002328,SO-002328,2025-06-18,2025-08-02,CUST-011,Victory Housing Projects Phase 2,BR-01,24428.0,4397.04,28825.04,Net 45,Paid
INV-002329,SO-002329,2025-06-18,2025-06-18,CUST-048,Ramachandran (Individual House Owner),BR-03,2455.0,441.9,2896.9,Immediate UPI,Paid
INV-002330,SO-002330,2025-06-19,2025-06-19,CUST-045,Karthika Departmental Store,BR-03,1330.0,239.4,1569.4,Immediate Cash,Paid
INV-002331,SO-002331,2025-06-19,2025-07-19,CUST-009,Devi Agency & Lighting Store,BR-01,190422.0,34275.96,224697.96,Net 30,Paid
INV-002332,SO-002332,2025-06-19,2025-07-19,CUST-027,InnoTech Coworking Hub,BR-02,6900.0,1242.0,8142.0,Net 30,Paid
INV-002333,SO-002333,2025-06-20,2025-07-05,CUST-023,Kalam Brothers Electrical Store,BR-01,71060.0,12790.8,83850.8,Net 15,Paid
INV-002334,SO-002334,2025-06-20,2025-07-05,CUST-026,Manjunatha Electrical Works,BR-02,8677.0,1561.86,10238.86,Net 15,Paid
INV-002335,SO-002335,2025-06-20,2025-06-20,CUST-033,Suresh Babu (Villa Construction),BR-02,1580.0,284.4,1864.4,Immediate Card,Paid
INV-002336,SO-002336,2025-06-20,2025-06-20,CUST-005,Murugan Auto Garage & Works,BR-01,165.0,29.7,194.7,Immediate Cash,Paid
INV-002337,SO-002337,2025-06-20,2025-06-20,CUST-012,Karthik Residential Apartment Owner,BR-01,1100.0,198.0,1298.0,Immediate Card,Paid
INV-002338,SO-002338,2025-06-20,2025-07-05,CUST-042,Velan Pump & Motor Spares Store,BR-03,267024.4,48064.39,315088.79,Net 15,Paid
INV-002339,SO-002339,2025-06-20,2025-06-27,CUST-035,Gowda Electrical Repairs,BR-02,7653.0,1377.54,9030.54,Net 7,Paid
INV-002340,SO-002340,2025-06-20,2025-07-05,CUST-002,Kalaivani Hardware & Paints,BR-01,202946.0,36530.28,239476.28,Net 15,Paid
INV-002341,SO-002341,2025-06-21,2025-06-21,CUST-018,Lakshmi Vilas Sweets & Bakery,BR-01,3225.0,580.5,3805.5,Immediate UPI,Paid
INV-002342,SO-002342,2025-06-21,2025-08-05,CUST-011,Victory Housing Projects Phase 2,BR-01,6740.0,1213.2,7953.2,Net 45,Paid
INV-002343,SO-002343,2025-06-21,2025-07-21,CUST-017,Apex Manufacturing Solutions,BR-01,350.0,63.0,413.0,Net 30,Paid
INV-002344,SO-002344,2025-06-21,2025-07-21,CUST-036,Urban Spaces Interior Studio,BR-02,83049.0,14948.82,97997.82,Net 30,Paid
INV-002345,SO-002345,2025-06-23,2025-07-23,CUST-015,Srinivasan & Sons Contractor,BR-01,54226.0,9760.68,63986.68,Net 30,Paid
INV-002346,SO-002346,2025-06-23,2025-07-23,CUST-019,Poompuhar Handicrafts Store,BR-01,80.0,14.4,94.4,Net 30,Paid
INV-002347,SO-002347,2025-06-23,2025-06-23,CUST-018,Lakshmi Vilas Sweets & Bakery,BR-01,13680.0,2462.4,16142.4,Immediate UPI,Paid
INV-002348,SO-002348,2025-06-23,2025-07-23,CUST-025,Brigade Vista Apartment Owners Assn,BR-02,450.0,81.0,531.0,Net 30,Paid
INV-002349,SO-002349,2025-06-23,2025-07-08,CUST-023,Kalam Brothers Electrical Store,BR-01,215041.0,38707.38,253748.38,Net 15,Paid
INV-002350,SO-002350,2025-06-23,2025-07-23,CUST-025,Brigade Vista Apartment Owners Assn,BR-02,1050.0,189.0,1239.0,Net 30,Paid
INV-002351,SO-002351,2025-06-23,2025-07-23,CUST-007,TechPark Facility Maintenance Team,BR-01,65.0,11.7,76.7,Net 30,Paid
INV-002352,SO-002352,2025-06-23,2025-06-23,CUST-033,Suresh Babu (Villa Construction),BR-02,1100.0,198.0,1298.0,Immediate Card,Paid
INV-002353,SO-002353,2025-06-24,2025-07-24,CUST-010,Vels Vidyashram School Campus,BR-01,10980.0,1976.4,12956.4,Net 30,Paid
INV-002354,SO-002354,2025-06-24,2025-07-24,CUST-010,Vels Vidyashram School Campus,BR-01,345.0,62.1,407.1,Net 30,Paid
INV-002355,SO-002355,2025-06-24,2025-07-09,CUST-039,Rangasamy Electrician Workshop,BR-03,2322.0,417.96,2739.96,Net 15,Paid
INV-002356,SO-002356,2025-06-24,2025-07-09,CUST-002,Kalaivani Hardware & Paints,BR-01,44311.8,7976.12,52287.92,Net 15,Paid
INV-002357,SO-002357,2025-06-25,2025-06-25,CUST-006,Dr. Priya Sundaram (Home Clinic),BR-01,3820.0,687.6,4507.6,Immediate UPI,Paid
INV-002358,SO-002358,2025-06-25,2025-06-25,CUST-030,Dr. Arvind Rao Dental Clinic,BR-02,1150.0,207.0,1357.0,Immediate UPI,Paid
INV-002359,SO-002359,2025-06-25,2025-06-25,CUST-031,Nandini Milk Parlour & Mart,BR-02,8390.0,1510.2,9900.2,Immediate Cash,Paid
INV-002360,SO-002360,2025-06-26,2025-07-26,CUST-009,Devi Agency & Lighting Store,BR-01,199820.0,35967.6,235787.6,Net 30,Paid
INV-002361,SO-002361,2025-06-26,2025-07-26,CUST-015,Srinivasan & Sons Contractor,BR-01,161472.0,29064.96,190536.96,Net 30,Paid
INV-002362,SO-002362,2025-06-26,2025-07-26,CUST-037,Kovai Textile Mills Facility Team,BR-03,3530.0,635.4,4165.4,Net 30,Paid
INV-002363,SO-002363,2025-06-26,2025-07-26,CUST-019,Poompuhar Handicrafts Store,BR-01,360.0,64.8,424.8,Net 30,Paid
INV-002364,SO-002364,2025-06-26,2025-07-26,CUST-019,Poompuhar Handicrafts Store,BR-01,8550.0,1539.0,10089.0,Net 30,Paid
INV-002365,SO-002365,2025-06-27,2025-07-27,CUST-028,Sri Venkateshwara Hardware & Electricals,BR-02,193418.6,34815.35,228233.95,Net 30,Paid
INV-002366,SO-002366,2025-06-27,2025-07-27,CUST-046,Annamalai Agro Processing Unit,BR-03,1035.0,186.3,1221.3,Net 30,Paid
INV-002367,SO-002367,2025-06-27,2025-06-27,CUST-021,Mohammed Riyaz (Home Renovation),BR-01,1215.0,218.7,1433.7,Immediate Cash,Paid
INV-002368,SO-002368,2025-06-27,2025-07-12,CUST-026,Manjunatha Electrical Works,BR-02,14170.0,2550.6,16720.6,Net 15,Paid
INV-002369,SO-002369,2025-06-27,2025-07-27,CUST-047,Kovai Elite Residency Hotel,BR-03,1130.0,203.4,1333.4,Net 30,Paid
INV-002370,SO-002370,2025-06-27,2025-06-27,CUST-030,Dr. Arvind Rao Dental Clinic,BR-02,1050.0,189.0,1239.0,Immediate UPI,Paid
INV-002371,SO-002371,2025-06-27,2025-07-27,CUST-017,Apex Manufacturing Solutions,BR-01,1100.0,198.0,1298.0,Net 30,Paid
INV-002372,SO-002372,2025-06-28,2025-07-28,CUST-025,Brigade Vista Apartment Owners Assn,BR-02,1290.0,232.2,1522.2,Net 30,Paid
INV-002373,SO-002373,2025-06-28,2025-07-05,CUST-044,Mani Bros Electricals (Mani),BR-03,3840.0,691.2,4531.2,Net 7,Paid
INV-002374,SO-002374,2025-06-28,2025-07-28,CUST-032,Cauvery Engineering Contractors,BR-02,55632.0,10013.76,65645.76,Net 30,Paid
INV-002375,SO-002375,2025-06-28,2025-07-28,CUST-037,Kovai Textile Mills Facility Team,BR-03,7500.0,1350.0,8850.0,Net 30,Paid
INV-002376,SO-002376,2025-06-30,2025-07-30,CUST-025,Brigade Vista Apartment Owners Assn,BR-02,415.0,74.7,489.7,Net 30,Paid
INV-002377,SO-002377,2025-06-30,2025-07-30,CUST-037,Kovai Textile Mills Facility Team,BR-03,295.0,53.1,348.1,Net 30,Paid
INV-002378,SO-002378,2025-06-30,2025-07-30,CUST-022,Global Smart Solutions (P) Ltd,BR-01,55076.0,9913.68,64989.68,Net 30,Paid
INV-002379,SO-002379,2025-06-30,2025-07-15,CUST-013,Metro Supermarket Tambaram,BR-01,4790.0,862.2,5652.2,Net 15,Paid
INV-002380,SO-002380,2025-06-30,2025-08-14,CUST-004,Sri Ramakrishna Builders & Infra,BR-01,55289.0,9952.02,65241.02,Net 45,Paid
INV-002381,SO-002381,2025-07-01,2025-07-31,CUST-009,Devi Agency & Lighting Store,BR-01,40347.0,7262.46,47609.46,Net 30,Paid
INV-002382,SO-002382,2025-07-01,2025-08-15,CUST-041,Kongu Builders & Real Estate,BR-03,112471.0,20244.78,132715.78,Net 45,Paid
INV-002383,SO-002383,2025-07-01,2025-07-16,CUST-002,Kalaivani Hardware & Paints,BR-01,197025.0,35464.5,232489.5,Net 15,Paid
INV-002384,SO-002384,2025-07-01,2025-08-15,CUST-011,Victory Housing Projects Phase 2,BR-01,40243.6,7243.85,47487.45,Net 45,Paid
INV-002385,SO-002385,2025-07-02,2025-08-01,CUST-032,Cauvery Engineering Contractors,BR-02,111862.2,20135.2,131997.4,Net 30,Paid
INV-002386,SO-002386,2025-07-02,2025-08-01,CUST-037,Kovai Textile Mills Facility Team,BR-03,2800.0,504.0,3304.0,Net 30,Paid
INV-002387,SO-002387,2025-07-02,2025-08-01,CUST-032,Cauvery Engineering Contractors,BR-02,78159.6,14068.72,92228.32,Net 30,Paid
INV-002388,SO-002388,2025-07-02,2025-07-17,CUST-042,Velan Pump & Motor Spares Store,BR-03,251742.0,45313.56,297055.56,Net 15,Paid
INV-002389,SO-002389,2025-07-02,2025-08-01,CUST-015,Srinivasan & Sons Contractor,BR-01,138758.2,24976.48,163734.68,Net 30,Paid
INV-002390,SO-002390,2025-07-02,2025-08-01,CUST-028,Sri Venkateshwara Hardware & Electricals,BR-02,173835.0,31290.3,205125.3,Net 30,Paid
INV-002391,SO-002391,2025-07-03,2025-07-03,CUST-006,Dr. Priya Sundaram (Home Clinic),BR-01,965.0,173.7,1138.7,Immediate UPI,Paid
INV-002392,SO-002392,2025-07-03,2025-07-03,CUST-012,Karthik Residential Apartment Owner,BR-01,200.2,36.04,236.24,Immediate Card,Paid
INV-002393,SO-002393,2025-07-03,2025-07-18,CUST-023,Kalam Brothers Electrical Store,BR-01,30528.0,5495.04,36023.04,Net 15,Paid
INV-002394,SO-002394,2025-07-03,2025-08-02,CUST-043,Sundaram Hospital Maintenance,BR-03,842.6,151.67,994.27,Net 30,Paid
INV-002395,SO-002395,2025-07-03,2025-07-18,CUST-038,Marutham Electrical & Power Agency,BR-03,163296.2,29393.31,192689.51,Net 15,Paid
INV-002396,SO-002396,2025-07-03,2025-08-02,CUST-028,Sri Venkateshwara Hardware & Electricals,BR-02,96824.8,17428.46,114253.26,Net 30,Paid
INV-002397,SO-002397,2025-07-03,2025-08-17,CUST-004,Sri Ramakrishna Builders & Infra,BR-01,8890.8,1600.34,10491.14,Net 45,Paid
INV-002398,SO-002398,2025-07-04,2025-08-03,CUST-040,Sri Krishna Engineering College Hostel,BR-03,2511.0,451.98,2962.98,Net 30,Paid
INV-002399,SO-002399,2025-07-04,2025-07-19,CUST-038,Marutham Electrical & Power Agency,BR-03,123204.0,22176.72,145380.72,Net 15,Paid
INV-002400,SO-002400,2025-07-04,2025-08-03,CUST-040,Sri Krishna Engineering College Hostel,BR-03,232.4,41.83,274.23,Net 30,Paid
INV-002401,SO-002401,2025-07-04,2025-07-04,CUST-021,Mohammed Riyaz (Home Renovation),BR-01,1115.0,200.7,1315.7,Immediate Cash,Paid
INV-002402,SO-002402,2025-07-04,2025-08-03,CUST-034,Silicon Valley PG Hostel Chain,BR-02,2230.0,401.4,2631.4,Net 30,Paid
INV-002403,SO-002403,2025-07-05,2025-08-04,CUST-017,Apex Manufacturing Solutions,BR-01,1930.0,347.4,2277.4,Net 30,Paid
INV-002404,SO-002404,2025-07-05,2025-07-20,CUST-026,Manjunatha Electrical Works,BR-02,3720.0,669.6,4389.6,Net 15,Paid
INV-002405,SO-002405,2025-07-05,2025-07-05,CUST-045,Karthika Departmental Store,BR-03,721.0,129.78,850.78,Immediate Cash,Paid
INV-002406,SO-002406,2025-07-05,2025-08-04,CUST-010,Vels Vidyashram School Campus,BR-01,1050.0,189.0,1239.0,Net 30,Paid
INV-002407,SO-002407,2025-07-05,2025-07-05,CUST-006,Dr. Priya Sundaram (Home Clinic),BR-01,217.4,39.13,256.53,Immediate UPI,Paid
INV-002408,SO-002408,2025-07-05,2025-08-04,CUST-025,Brigade Vista Apartment Owners Assn,BR-02,330.0,59.4,389.4,Net 30,Paid
INV-002409,SO-002409,2025-07-05,2025-07-20,CUST-042,Velan Pump & Motor Spares Store,BR-03,102201.0,18396.18,120597.18,Net 15,Paid
INV-002410,SO-002410,2025-07-07,2025-07-07,CUST-021,Mohammed Riyaz (Home Renovation),BR-01,990.6,178.31,1168.91,Immediate Cash,Paid
INV-002411,SO-002411,2025-07-07,2025-08-06,CUST-019,Poompuhar Handicrafts Store,BR-01,5688.0,1023.84,6711.84,Net 30,Paid
INV-002412,SO-002412,2025-07-07,2025-07-22,CUST-038,Marutham Electrical & Power Agency,BR-03,100669.4,18120.49,118789.89,Net 15,Paid
INV-002413,SO-002413,2025-07-07,2025-07-14,CUST-035,Gowda Electrical Repairs,BR-02,5159.0,928.62,6087.62,Net 7,Paid
INV-002414,SO-002414,2025-07-08,2025-08-07,CUST-025,Brigade Vista Apartment Owners Assn,BR-02,2350.0,423.0,2773.0,Net 30,Paid
INV-002415,SO-002415,2025-07-08,2025-07-08,CUST-033,Suresh Babu (Villa Construction),BR-02,920.0,165.6,1085.6,Immediate Card,Paid
INV-002416,SO-002416,2025-07-08,2025-07-08,CUST-048,Ramachandran (Individual House Owner),BR-03,4518.0,813.24,5331.24,Immediate UPI,Paid
INV-002417,SO-002417,2025-07-08,2025-07-23,CUST-042,Velan Pump & Motor Spares Store,BR-03,92171.0,16590.78,108761.78,Net 15,Paid
INV-002418,SO-002418,2025-07-08,2025-08-07,CUST-022,Global Smart Solutions (P) Ltd,BR-01,19430.0,3497.4,22927.4,Net 30,Paid
INV-002419,SO-002419,2025-07-08,2025-07-15,CUST-044,Mani Bros Electricals (Mani),BR-03,11220.0,2019.6,13239.6,Net 7,Paid
INV-002420,SO-002420,2025-07-09,2025-08-23,CUST-011,Victory Housing Projects Phase 2,BR-01,48254.2,8685.76,56939.96,Net 45,Paid
INV-002421,SO-002421,2025-07-09,2025-08-08,CUST-001,Balaji Electrical Contractors,BR-01,34595.6,6227.21,40822.81,Net 30,Paid
INV-002422,SO-002422,2025-07-09,2025-07-09,CUST-014,Siva Shankaran (Individual Home),BR-01,762.4,137.23,899.63,Immediate Cash,Paid
INV-002423,SO-002423,2025-07-10,2025-07-10,CUST-031,Nandini Milk Parlour & Mart,BR-02,15.0,2.7,17.7,Immediate Cash,Paid
INV-002424,SO-002424,2025-07-10,2025-08-09,CUST-027,InnoTech Coworking Hub,BR-02,15.0,2.7,17.7,Net 30,Paid
INV-002425,SO-002425,2025-07-10,2025-07-17,CUST-035,Gowda Electrical Repairs,BR-02,11985.0,2157.3,14142.3,Net 7,Paid
INV-002426,SO-002426,2025-07-10,2025-08-09,CUST-047,Kovai Elite Residency Hotel,BR-03,4430.0,797.4,5227.4,Net 30,Paid
INV-002427,SO-002427,2025-07-10,2025-07-10,CUST-005,Murugan Auto Garage & Works,BR-01,1070.8,192.74,1263.54,Immediate Cash,Paid
INV-002428,SO-002428,2025-07-10,2025-08-09,CUST-022,Global Smart Solutions (P) Ltd,BR-01,36631.2,6593.62,43224.82,Net 30,Paid
INV-002429,SO-002429,2025-07-11,2025-07-11,CUST-048,Ramachandran (Individual House Owner),BR-03,3301.2,594.22,3895.42,Immediate UPI,Paid
INV-002430,SO-002430,2025-07-11,2025-08-10,CUST-037,Kovai Textile Mills Facility Team,BR-03,2570.8,462.74,3033.54,Net 30,Paid
INV-002431,SO-002431,2025-07-11,2025-08-10,CUST-046,Annamalai Agro Processing Unit,BR-03,2451.2,441.22,2892.42,Net 30,Paid
INV-002432,SO-002432,2025-07-11,2025-07-26,CUST-039,Rangasamy Electrician Workshop,BR-03,5828.4,1049.11,6877.51,Net 15,Paid
INV-002433,SO-002433,2025-07-11,2025-08-10,CUST-019,Poompuhar Handicrafts Store,BR-01,161.0,28.98,189.98,Net 30,Paid
INV-002434,SO-002434,2025-07-11,2025-08-10,CUST-040,Sri Krishna Engineering College Hostel,BR-03,2910.0,523.8,3433.8,Net 30,Paid
INV-002435,SO-002435,2025-07-11,2025-07-26,CUST-003,Saravana Electric Works (Govindaraj),BR-01,15921.0,2865.78,18786.78,Net 15,Paid
INV-002436,SO-002436,2025-07-11,2025-07-11,CUST-048,Ramachandran (Individual House Owner),BR-03,1490.0,268.2,1758.2,Immediate UPI,Paid
INV-002437,SO-002437,2025-07-12,2025-07-12,CUST-033,Suresh Babu (Villa Construction),BR-02,295.0,53.1,348.1,Immediate Card,Paid
INV-002438,SO-002438,2025-07-12,2025-07-19,CUST-035,Gowda Electrical Repairs,BR-02,3004.0,540.72,3544.72,Net 7,Paid
INV-002439,SO-002439,2025-07-12,2025-08-11,CUST-019,Poompuhar Handicrafts Store,BR-01,4715.0,848.7,5563.7,Net 30,Paid
INV-002440,SO-002440,2025-07-12,2025-08-26,CUST-041,Kongu Builders & Real Estate,BR-03,30320.0,5457.6,35777.6,Net 45,Paid
INV-002441,SO-002441,2025-07-12,2025-07-27,CUST-003,Saravana Electric Works (Govindaraj),BR-01,6930.0,1247.4,8177.4,Net 15,Paid
INV-002442,SO-002442,2025-07-14,2025-08-13,CUST-025,Brigade Vista Apartment Owners Assn,BR-02,1265.0,227.7,1492.7,Net 30,Paid
INV-002443,SO-002443,2025-07-14,2025-07-14,CUST-006,Dr. Priya Sundaram (Home Clinic),BR-01,3700.8,666.14,4366.94,Immediate UPI,Paid
INV-002444,SO-002444,2025-07-14,2025-08-13,CUST-017,Apex Manufacturing Solutions,BR-01,1050.0,189.0,1239.0,Net 30,Paid
INV-002445,SO-002445,2025-07-14,2025-08-28,CUST-029,Raghavendra Infrastructure Developers,BR-02,51426.8,9256.82,60683.62,Net 45,Paid
INV-002446,SO-002446,2025-07-15,2025-08-14,CUST-027,InnoTech Coworking Hub,BR-02,134.0,24.12,158.12,Net 30,Paid
INV-002447,SO-002447,2025-07-15,2025-07-15,CUST-031,Nandini Milk Parlour & Mart,BR-02,240.0,43.2,283.2,Immediate Cash,Paid
INV-002448,SO-002448,2025-07-15,2025-08-14,CUST-046,Annamalai Agro Processing Unit,BR-03,2590.0,466.2,3056.2,Net 30,Paid
INV-002449,SO-002449,2025-07-15,2025-08-14,CUST-007,TechPark Facility Maintenance Team,BR-01,381.8,68.72,450.52,Net 30,Paid
INV-002450,SO-002450,2025-07-15,2025-07-15,CUST-014,Siva Shankaran (Individual Home),BR-01,562.0,101.16,663.16,Immediate Cash,Paid
INV-002451,SO-002451,2025-07-16,2025-07-31,CUST-020,Selvam Electrician Services,BR-01,6816.2,1226.92,8043.12,Net 15,Paid
INV-002452,SO-002452,2025-07-16,2025-07-16,CUST-014,Siva Shankaran (Individual Home),BR-01,588.2,105.87,694.07,Immediate Cash,Paid
INV-002453,SO-002453,2025-07-16,2025-07-16,CUST-006,Dr. Priya Sundaram (Home Clinic),BR-01,1426.0,256.68,1682.68,Immediate UPI,Paid
INV-002454,SO-002454,2025-07-16,2025-08-15,CUST-025,Brigade Vista Apartment Owners Assn,BR-02,2215.0,398.7,2613.7,Net 30,Paid
INV-002455,SO-002455,2025-07-16,2025-08-15,CUST-047,Kovai Elite Residency Hotel,BR-03,30.0,5.4,35.4,Net 30,Paid
INV-002456,SO-002456,2025-07-17,2025-08-16,CUST-010,Vels Vidyashram School Campus,BR-01,579.0,104.22,683.22,Net 30,Paid
INV-002457,SO-002457,2025-07-17,2025-08-01,CUST-039,Rangasamy Electrician Workshop,BR-03,6328.0,1139.04,7467.04,Net 15,Paid
INV-002458,SO-002458,2025-07-17,2025-08-01,CUST-013,Metro Supermarket Tambaram,BR-01,220.8,39.74,260.54,Net 15,Paid
INV-002459,SO-002459,2025-07-17,2025-07-17,CUST-014,Siva Shankaran (Individual Home),BR-01,2641.6,475.49,3117.09,Immediate Cash,Paid
INV-002460,SO-002460,2025-07-17,2025-07-17,CUST-048,Ramachandran (Individual House Owner),BR-03,441.6,79.49,521.09,Immediate UPI,Paid
INV-002461,SO-002461,2025-07-17,2025-07-24,CUST-035,Gowda Electrical Repairs,BR-02,7110.0,1279.8,8389.8,Net 7,Paid
INV-002462,SO-002462,2025-07-18,2025-09-01,CUST-041,Kongu Builders & Real Estate,BR-03,56812.6,10226.27,67038.87,Net 45,Paid
INV-002463,SO-002463,2025-07-18,2025-08-17,CUST-016,Royal Comfort Residency Hotel,BR-01,240.0,43.2,283.2,Net 30,Paid
INV-002464,SO-002464,2025-07-18,2025-08-17,CUST-040,Sri Krishna Engineering College Hostel,BR-03,2180.0,392.4,2572.4,Net 30,Paid
INV-002465,SO-002465,2025-07-18,2025-07-18,CUST-005,Murugan Auto Garage & Works,BR-01,4515.0,812.7,5327.7,Immediate Cash,Paid
INV-002466,SO-002466,2025-07-19,2025-08-18,CUST-007,TechPark Facility Maintenance Team,BR-01,2350.0,423.0,2773.0,Net 30,Paid
INV-002467,SO-002467,2025-07-19,2025-08-18,CUST-010,Vels Vidyashram School Campus,BR-01,936.6,168.59,1105.19,Net 30,Paid
INV-002468,SO-002468,2025-07-19,2025-08-18,CUST-009,Devi Agency & Lighting Store,BR-01,116899.0,21041.82,137940.82,Net 30,Paid
INV-002469,SO-002469,2025-07-19,2025-07-19,CUST-021,Mohammed Riyaz (Home Renovation),BR-01,3690.0,664.2,4354.2,Immediate Cash,Paid
INV-002470,SO-002470,2025-07-19,2025-08-03,CUST-020,Selvam Electrician Services,BR-01,2587.0,465.66,3052.66,Net 15,Paid
INV-002471,SO-002471,2025-07-19,2025-09-02,CUST-004,Sri Ramakrishna Builders & Infra,BR-01,117907.0,21223.26,139130.26,Net 45,Paid
INV-002472,SO-002472,2025-07-19,2025-08-03,CUST-038,Marutham Electrical & Power Agency,BR-03,187118.0,33681.24,220799.24,Net 15,Paid
INV-002473,SO-002473,2025-07-19,2025-09-02,CUST-004,Sri Ramakrishna Builders & Infra,BR-01,18770.8,3378.74,22149.54,Net 45,Paid
INV-002474,SO-002474,2025-07-21,2025-08-20,CUST-046,Annamalai Agro Processing Unit,BR-03,7001.2,1260.22,8261.42,Net 30,Paid
INV-002475,SO-002475,2025-07-21,2025-09-04,CUST-011,Victory Housing Projects Phase 2,BR-01,24707.2,4447.3,29154.5,Net 45,Paid
INV-002476,SO-002476,2025-07-21,2025-09-04,CUST-029,Raghavendra Infrastructure Developers,BR-02,203182.0,36572.76,239754.76,Net 45,Paid
INV-002477,SO-002477,2025-07-21,2025-08-05,CUST-020,Selvam Electrician Services,BR-01,1621.0,291.78,1912.78,Net 15,Paid
INV-002478,SO-002478,2025-07-21,2025-08-20,CUST-007,TechPark Facility Maintenance Team,BR-01,2610.6,469.91,3080.51,Net 30,Paid
INV-002479,SO-002479,2025-07-22,2025-08-06,CUST-023,Kalam Brothers Electrical Store,BR-01,259441.0,46699.38,306140.38,Net 15,Paid
INV-002480,SO-002480,2025-07-22,2025-08-21,CUST-032,Cauvery Engineering Contractors,BR-02,6590.6,1186.31,7776.91,Net 30,Paid
INV-002481,SO-002481,2025-07-22,2025-08-21,CUST-032,Cauvery Engineering Contractors,BR-02,26924.0,4846.32,31770.32,Net 30,Paid
INV-002482,SO-002482,2025-07-22,2025-09-05,CUST-004,Sri Ramakrishna Builders & Infra,BR-01,34351.0,6183.18,40534.18,Net 45,Paid
INV-002483,SO-002483,2025-07-22,2025-08-21,CUST-016,Royal Comfort Residency Hotel,BR-01,2350.0,423.0,2773.0,Net 30,Paid
INV-002484,SO-002484,2025-07-22,2025-09-05,CUST-029,Raghavendra Infrastructure Developers,BR-02,23579.0,4244.22,27823.22,Net 45,Paid
INV-002485,SO-002485,2025-07-22,2025-07-22,CUST-048,Ramachandran (Individual House Owner),BR-03,590.0,106.2,696.2,Immediate UPI,Paid
INV-002486,SO-002486,2025-07-22,2025-09-05,CUST-041,Kongu Builders & Real Estate,BR-03,8397.0,1511.46,9908.46,Net 45,Paid
INV-002487,SO-002487,2025-07-23,2025-08-07,CUST-023,Kalam Brothers Electrical Store,BR-01,45096.8,8117.42,53214.22,Net 15,Paid
INV-002488,SO-002488,2025-07-23,2025-08-22,CUST-017,Apex Manufacturing Solutions,BR-01,4675.0,841.5,5516.5,Net 30,Paid
INV-002489,SO-002489,2025-07-23,2025-08-22,CUST-009,Devi Agency & Lighting Store,BR-01,27897.6,5021.57,32919.17,Net 30,Paid
INV-002490,SO-002490,2025-07-24,2025-08-08,CUST-002,Kalaivani Hardware & Paints,BR-01,86995.2,15659.14,102654.34,Net 15,Paid
INV-002491,SO-002491,2025-07-24,2025-07-24,CUST-045,Karthika Departmental Store,BR-03,560.0,100.8,660.8,Immediate Cash,Paid
INV-002492,SO-002492,2025-07-24,2025-07-24,CUST-030,Dr. Arvind Rao Dental Clinic,BR-02,341.2,61.42,402.62,Immediate UPI,Paid
INV-002493,SO-002493,2025-07-24,2025-08-23,CUST-007,TechPark Facility Maintenance Team,BR-01,2315.0,416.7,2731.7,Net 30,Paid
INV-002494,SO-002494,2025-07-24,2025-07-24,CUST-033,Suresh Babu (Villa Construction),BR-02,161.0,28.98,189.98,Immediate Card,Paid
INV-002495,SO-002495,2025-07-24,2025-07-24,CUST-018,Lakshmi Vilas Sweets & Bakery,BR-01,4810.0,865.8,5675.8,Immediate UPI,Paid
INV-002496,SO-002496,2025-07-24,2025-07-24,CUST-030,Dr. Arvind Rao Dental Clinic,BR-02,5911.0,1063.98,6974.98,Immediate UPI,Paid
INV-002497,SO-002497,2025-07-25,2025-08-24,CUST-017,Apex Manufacturing Solutions,BR-01,3028.0,545.04,3573.04,Net 30,Paid
INV-002498,SO-002498,2025-07-25,2025-09-08,CUST-041,Kongu Builders & Real Estate,BR-03,120718.6,21729.35,142447.95,Net 45,Paid
INV-002499,SO-002499,2025-07-25,2025-08-09,CUST-020,Selvam Electrician Services,BR-01,6880.0,1238.4,8118.4,Net 15,Paid
INV-002500,SO-002500,2025-07-25,2025-08-24,CUST-028,Sri Venkateshwara Hardware & Electricals,BR-02,152030.0,27365.4,179395.4,Net 30,Paid
INV-002501,SO-002501,2025-07-25,2025-07-25,CUST-031,Nandini Milk Parlour & Mart,BR-02,2150.0,387.0,2537.0,Immediate Cash,Paid
INV-002502,SO-002502,2025-07-25,2025-07-25,CUST-030,Dr. Arvind Rao Dental Clinic,BR-02,414.0,74.52,488.52,Immediate UPI,Paid
INV-002503,SO-002503,2025-07-26,2025-08-25,CUST-019,Poompuhar Handicrafts Store,BR-01,1050.0,189.0,1239.0,Net 30,Paid
INV-002504,SO-002504,2025-07-26,2025-07-26,CUST-018,Lakshmi Vilas Sweets & Bakery,BR-01,7210.0,1297.8,8507.8,Immediate UPI,Paid
INV-002505,SO-002505,2025-07-26,2025-08-02,CUST-044,Mani Bros Electricals (Mani),BR-03,8483.0,1526.94,10009.94,Net 7,Paid
INV-002506,SO-002506,2025-07-26,2025-07-26,CUST-031,Nandini Milk Parlour & Mart,BR-02,330.0,59.4,389.4,Immediate Cash,Paid
INV-002507,SO-002507,2025-07-26,2025-08-25,CUST-037,Kovai Textile Mills Facility Team,BR-03,645.0,116.1,761.1,Net 30,Paid
INV-002508,SO-002508,2025-07-26,2025-08-25,CUST-028,Sri Venkateshwara Hardware & Electricals,BR-02,273722.4,49270.03,322992.43,Net 30,Paid
INV-002509,SO-002509,2025-07-26,2025-08-25,CUST-015,Srinivasan & Sons Contractor,BR-01,47616.8,8571.02,56187.82,Net 30,Paid
INV-002510,SO-002510,2025-07-28,2025-08-12,CUST-038,Marutham Electrical & Power Agency,BR-03,106225.2,19120.54,125345.74,Net 15,Paid
INV-002511,SO-002511,2025-07-28,2025-09-11,CUST-041,Kongu Builders & Real Estate,BR-03,141037.2,25386.69,166423.89,Net 45,Paid
INV-002512,SO-002512,2025-07-28,2025-07-28,CUST-006,Dr. Priya Sundaram (Home Clinic),BR-01,1203.0,216.54,1419.54,Immediate UPI,Paid
INV-002513,SO-002513,2025-07-28,2025-08-12,CUST-039,Rangasamy Electrician Workshop,BR-03,19930.0,3587.4,23517.4,Net 15,Paid
INV-002514,SO-002514,2025-07-28,2025-07-28,CUST-031,Nandini Milk Parlour & Mart,BR-02,3508.0,631.44,4139.44,Immediate Cash,Paid
INV-002515,SO-002515,2025-07-28,2025-08-27,CUST-016,Royal Comfort Residency Hotel,BR-01,280.0,50.4,330.4,Net 30,Paid
INV-002516,SO-002516,2025-07-28,2025-08-27,CUST-022,Global Smart Solutions (P) Ltd,BR-01,170940.0,30769.2,201709.2,Net 30,Paid
INV-002517,SO-002517,2025-07-28,2025-08-27,CUST-034,Silicon Valley PG Hostel Chain,BR-02,2832.0,509.76,3341.76,Net 30,Paid
INV-002518,SO-002518,2025-07-29,2025-08-28,CUST-040,Sri Krishna Engineering College Hostel,BR-03,2380.0,428.4,2808.4,Net 30,Paid
INV-002519,SO-002519,2025-07-29,2025-08-28,CUST-001,Balaji Electrical Contractors,BR-01,133592.8,24046.7,157639.5,Net 30,Paid
INV-002520,SO-002520,2025-07-29,2025-07-29,CUST-014,Siva Shankaran (Individual Home),BR-01,161.0,28.98,189.98,Immediate Cash,Paid
INV-002521,SO-002521,2025-07-29,2025-07-29,CUST-033,Suresh Babu (Villa Construction),BR-02,2710.0,487.8,3197.8,Immediate Card,Paid
INV-002522,SO-002522,2025-07-29,2025-07-29,CUST-031,Nandini Milk Parlour & Mart,BR-02,202.4,36.43,238.83,Immediate Cash,Paid
INV-002523,SO-002523,2025-07-30,2025-07-30,CUST-031,Nandini Milk Parlour & Mart,BR-02,392.2,70.6,462.8,Immediate Cash,Paid
INV-002524,SO-002524,2025-07-30,2025-08-29,CUST-027,InnoTech Coworking Hub,BR-02,322.0,57.96,379.96,Net 30,Paid
INV-002525,SO-002525,2025-07-30,2025-08-29,CUST-022,Global Smart Solutions (P) Ltd,BR-01,116740.0,21013.2,137753.2,Net 30,Paid
INV-002526,SO-002526,2025-07-30,2025-08-14,CUST-003,Saravana Electric Works (Govindaraj),BR-01,1446.4,260.35,1706.75,Net 15,Paid
INV-002527,SO-002527,2025-07-30,2025-08-14,CUST-013,Metro Supermarket Tambaram,BR-01,5640.0,1015.2,6655.2,Net 15,Paid
INV-002528,SO-002528,2025-07-30,2025-08-14,CUST-023,Kalam Brothers Electrical Store,BR-01,118326.8,21298.82,139625.62,Net 15,Paid
INV-002529,SO-002529,2025-07-30,2025-08-29,CUST-017,Apex Manufacturing Solutions,BR-01,165.0,29.7,194.7,Net 30,Paid
INV-002530,SO-002530,2025-07-31,2025-08-30,CUST-022,Global Smart Solutions (P) Ltd,BR-01,72294.4,13012.99,85307.39,Net 30,Paid
INV-002531,SO-002531,2025-07-31,2025-08-15,CUST-002,Kalaivani Hardware & Paints,BR-01,210879.6,37958.33,248837.93,Net 15,Paid
INV-002532,SO-002532,2025-07-31,2025-07-31,CUST-005,Murugan Auto Garage & Works,BR-01,385.8,69.44,455.24,Immediate Cash,Paid
INV-002533,SO-002533,2025-07-31,2025-08-30,CUST-025,Brigade Vista Apartment Owners Assn,BR-02,1226.0,220.68,1446.68,Net 30,Paid
INV-002534,SO-002534,2025-07-31,2025-08-15,CUST-042,Velan Pump & Motor Spares Store,BR-03,73870.8,13296.74,87167.54,Net 15,Paid
INV-002535,SO-002535,2025-07-31,2025-08-07,CUST-035,Gowda Electrical Repairs,BR-02,1947.0,350.46,2297.46,Net 7,Paid
INV-002536,SO-002536,2025-07-31,2025-07-31,CUST-031,Nandini Milk Parlour & Mart,BR-02,65.0,11.7,76.7,Immediate Cash,Paid
INV-002537,SO-002537,2025-07-31,2025-07-31,CUST-006,Dr. Priya Sundaram (Home Clinic),BR-01,4745.0,854.1,5599.1,Immediate UPI,Paid
INV-002538,SO-002538,2025-08-01,2025-08-01,CUST-048,Ramachandran (Individual House Owner),BR-03,2440.0,439.2,2879.2,Immediate UPI,Paid
INV-002539,SO-002539,2025-08-01,2025-08-01,CUST-018,Lakshmi Vilas Sweets & Bakery,BR-01,846.4,152.35,998.75,Immediate UPI,Paid
INV-002540,SO-002540,2025-08-01,2025-08-01,CUST-045,Karthika Departmental Store,BR-03,429.0,77.22,506.22,Immediate Cash,Paid
INV-002541,SO-002541,2025-08-01,2025-08-31,CUST-022,Global Smart Solutions (P) Ltd,BR-01,85655.6,15418.01,101073.61,Net 30,Paid
INV-002542,SO-002542,2025-08-02,2025-09-01,CUST-040,Sri Krishna Engineering College Hostel,BR-03,1050.0,189.0,1239.0,Net 30,Paid
INV-002543,SO-002543,2025-08-02,2025-08-02,CUST-048,Ramachandran (Individual House Owner),BR-03,360.0,64.8,424.8,Immediate UPI,Paid
INV-002544,SO-002544,2025-08-02,2025-09-01,CUST-016,Royal Comfort Residency Hotel,BR-01,405.0,72.9,477.9,Net 30,Paid
INV-002545,SO-002545,2025-08-02,2025-08-17,CUST-002,Kalaivani Hardware & Paints,BR-01,115076.4,20713.75,135790.15,Net 15,Paid
INV-002546,SO-002546,2025-08-02,2025-08-02,CUST-033,Suresh Babu (Villa Construction),BR-02,1265.0,227.7,1492.7,Immediate Card,Paid
INV-002547,SO-002547,2025-08-04,2025-09-03,CUST-025,Brigade Vista Apartment Owners Assn,BR-02,2920.0,525.6,3445.6,Net 30,Paid
INV-002548,SO-002548,2025-08-04,2025-08-04,CUST-031,Nandini Milk Parlour & Mart,BR-02,828.0,149.04,977.04,Immediate Cash,Paid
INV-002549,SO-002549,2025-08-04,2025-08-04,CUST-030,Dr. Arvind Rao Dental Clinic,BR-02,4500.0,810.0,5310.0,Immediate UPI,Paid
INV-002550,SO-002550,2025-08-05,2025-09-19,CUST-004,Sri Ramakrishna Builders & Infra,BR-01,173488.0,31227.84,204715.84,Net 45,Paid
INV-002551,SO-002551,2025-08-05,2025-09-04,CUST-001,Balaji Electrical Contractors,BR-01,41546.0,7478.28,49024.28,Net 30,Paid
INV-002552,SO-002552,2025-08-05,2025-08-12,CUST-044,Mani Bros Electricals (Mani),BR-03,3613.0,650.34,4263.34,Net 7,Paid
INV-002553,SO-002553,2025-08-05,2025-09-04,CUST-046,Annamalai Agro Processing Unit,BR-03,480.0,86.4,566.4,Net 30,Paid
INV-002554,SO-002554,2025-08-05,2025-08-05,CUST-014,Siva Shankaran (Individual Home),BR-01,828.0,149.04,977.04,Immediate Cash,Paid
INV-002555,SO-002555,2025-08-05,2025-09-04,CUST-010,Vels Vidyashram School Campus,BR-01,2195.0,395.1,2590.1,Net 30,Paid
INV-002556,SO-002556,2025-08-05,2025-09-04,CUST-027,InnoTech Coworking Hub,BR-02,65.0,11.7,76.7,Net 30,Paid
INV-002557,SO-002557,2025-08-06,2025-08-21,CUST-023,Kalam Brothers Electrical Store,BR-01,174196.0,31355.28,205551.28,Net 15,Paid
INV-002558,SO-002558,2025-08-06,2025-09-05,CUST-040,Sri Krishna Engineering College Hostel,BR-03,1385.0,249.3,1634.3,Net 30,Paid
INV-002559,SO-002559,2025-08-06,2025-09-05,CUST-037,Kovai Textile Mills Facility Team,BR-03,552.0,99.36,651.36,Net 30,Paid
INV-002560,SO-002560,2025-08-06,2025-08-13,CUST-035,Gowda Electrical Repairs,BR-02,4492.0,808.56,5300.56,Net 7,Paid
INV-002561,SO-002561,2025-08-06,2025-08-21,CUST-002,Kalaivani Hardware & Paints,BR-01,123061.8,22151.12,145212.92,Net 15,Paid
INV-002562,SO-002562,2025-08-06,2025-09-20,CUST-041,Kongu Builders & Real Estate,BR-03,63078.0,11354.04,74432.04,Net 45,Paid
INV-002563,SO-002563,2025-08-07,2025-09-06,CUST-032,Cauvery Engineering Contractors,BR-02,78864.6,14195.63,93060.23,Net 30,Paid
INV-002564,SO-002564,2025-08-07,2025-09-06,CUST-034,Silicon Valley PG Hostel Chain,BR-02,4300.0,774.0,5074.0,Net 30,Paid
INV-002565,SO-002565,2025-08-07,2025-08-07,CUST-021,Mohammed Riyaz (Home Renovation),BR-01,1365.0,245.7,1610.7,Immediate Cash,Paid
INV-002566,SO-002566,2025-08-07,2025-09-06,CUST-007,TechPark Facility Maintenance Team,BR-01,483.0,86.94,569.94,Net 30,Paid
INV-002567,SO-002567,2025-08-08,2025-09-07,CUST-034,Silicon Valley PG Hostel Chain,BR-02,2688.0,483.84,3171.84,Net 30,Paid
INV-002568,SO-002568,2025-08-08,2025-08-08,CUST-021,Mohammed Riyaz (Home Renovation),BR-01,3962.4,713.23,4675.63,Immediate Cash,Paid
INV-002569,SO-002569,2025-08-08,2025-08-08,CUST-005,Murugan Auto Garage & Works,BR-01,1222.4,220.03,1442.43,Immediate Cash,Paid
INV-002570,SO-002570,2025-08-09,2025-08-16,CUST-008,Anbu Electricals (Anbazhagan),BR-01,16675.0,3001.5,19676.5,Net 7,Paid
INV-002571,SO-002571,2025-08-09,2025-08-24,CUST-026,Manjunatha Electrical Works,BR-02,2624.8,472.46,3097.26,Net 15,Paid
INV-002572,SO-002572,2025-08-09,2025-09-08,CUST-009,Devi Agency & Lighting Store,BR-01,146949.4,26450.89,173400.29,Net 30,Paid
INV-002573,SO-002573,2025-08-09,2025-09-08,CUST-043,Sundaram Hospital Maintenance,BR-03,441.6,79.49,521.09,Net 30,Paid
INV-002574,SO-002574,2025-08-11,2025-09-10,CUST-046,Annamalai Agro Processing Unit,BR-03,410.0,73.8,483.8,Net 30,Paid
INV-002575,SO-002575,2025-08-11,2025-09-10,CUST-027,InnoTech Coworking Hub,BR-02,1282.4,230.83,1513.23,Net 30,Paid
INV-002576,SO-002576,2025-08-11,2025-09-10,CUST-028,Sri Venkateshwara Hardware & Electricals,BR-02,215167.4,38730.13,253897.53,Net 30,Paid
INV-002577,SO-002577,2025-08-12,2025-09-11,CUST-036,Urban Spaces Interior Studio,BR-02,68578.2,12344.08,80922.28,Net 30,Paid
INV-002578,SO-002578,2025-08-12,2025-08-27,CUST-002,Kalaivani Hardware & Paints,BR-01,248270.0,44688.6,292958.6,Net 15,Paid
INV-002579,SO-002579,2025-08-12,2025-09-11,CUST-019,Poompuhar Handicrafts Store,BR-01,2390.0,430.2,2820.2,Net 30,Paid
INV-002580,SO-002580,2025-08-12,2025-08-27,CUST-039,Rangasamy Electrician Workshop,BR-03,4616.4,830.95,5447.35,Net 15,Paid
INV-002581,SO-002581,2025-08-12,2025-08-27,CUST-002,Kalaivani Hardware & Paints,BR-01,178365.0,32105.7,210470.7,Net 15,Paid
INV-002582,SO-002582,2025-08-12,2025-09-26,CUST-004,Sri Ramakrishna Builders & Infra,BR-01,102331.8,18419.72,120751.52,Net 45,Paid
INV-002583,SO-002583,2025-08-12,2025-08-27,CUST-039,Rangasamy Electrician Workshop,BR-03,13148.0,2366.64,15514.64,Net 15,Paid
INV-002584,SO-002584,2025-08-12,2025-08-27,CUST-039,Rangasamy Electrician Workshop,BR-03,3224.6,580.43,3805.03,Net 15,Paid
INV-002585,SO-002585,2025-08-13,2025-08-28,CUST-042,Velan Pump & Motor Spares Store,BR-03,165275.0,29749.5,195024.5,Net 15,Paid
INV-002586,SO-002586,2025-08-13,2025-09-27,CUST-011,Victory Housing Projects Phase 2,BR-01,37555.2,6759.94,44315.14,Net 45,Paid
INV-002587,SO-002587,2025-08-13,2025-08-13,CUST-030,Dr. Arvind Rao Dental Clinic,BR-02,1317.4,237.13,1554.53,Immediate UPI,Paid
INV-002588,SO-002588,2025-08-13,2025-08-28,CUST-042,Velan Pump & Motor Spares Store,BR-03,49582.8,8924.9,58507.7,Net 15,Paid
INV-002589,SO-002589,2025-08-13,2025-09-27,CUST-004,Sri Ramakrishna Builders & Infra,BR-01,195168.8,35130.38,230299.18,Net 45,Paid
INV-002590,SO-002590,2025-08-14,2025-09-28,CUST-029,Raghavendra Infrastructure Developers,BR-02,234500.0,42210.0,276710.0,Net 45,Paid
INV-002591,SO-002591,2025-08-14,2025-08-14,CUST-014,Siva Shankaran (Individual Home),BR-01,45.0,8.1,53.1,Immediate Cash,Paid
INV-002592,SO-002592,2025-08-14,2025-09-13,CUST-043,Sundaram Hospital Maintenance,BR-03,3450.0,621.0,4071.0,Net 30,Paid
INV-002593,SO-002593,2025-08-14,2025-08-29,CUST-002,Kalaivani Hardware & Paints,BR-01,98349.0,17702.82,116051.82,Net 15,Paid
INV-002594,SO-002594,2025-08-14,2025-09-13,CUST-015,Srinivasan & Sons Contractor,BR-01,116472.8,20965.1,137437.9,Net 30,Paid
INV-002595,SO-002595,2025-08-15,2025-08-30,CUST-023,Kalam Brothers Electrical Store,BR-01,104148.0,18746.64,122894.64,Net 15,Paid
INV-002596,SO-002596,2025-08-15,2025-08-22,CUST-008,Anbu Electricals (Anbazhagan),BR-01,33972.0,6114.96,40086.96,Net 7,Paid
INV-002597,SO-002597,2025-08-15,2025-08-15,CUST-005,Murugan Auto Garage & Works,BR-01,3345.0,602.1,3947.1,Immediate Cash,Paid
INV-002598,SO-002598,2025-08-15,2025-09-14,CUST-001,Balaji Electrical Contractors,BR-01,24518.6,4413.35,28931.95,Net 30,Paid
INV-002599,SO-002599,2025-08-15,2025-09-14,CUST-027,InnoTech Coworking Hub,BR-02,517.0,93.06,610.06,Net 30,Paid
INV-002600,SO-002600,2025-08-15,2025-09-14,CUST-001,Balaji Electrical Contractors,BR-01,9874.0,1777.32,11651.32,Net 30,Paid
INV-002601,SO-002601,2025-08-15,2025-08-15,CUST-031,Nandini Milk Parlour & Mart,BR-02,423.2,76.18,499.38,Immediate Cash,Paid
INV-002602,SO-002602,2025-08-16,2025-09-15,CUST-010,Vels Vidyashram School Campus,BR-01,1100.0,198.0,1298.0,Net 30,Paid
INV-002603,SO-002603,2025-08-16,2025-08-16,CUST-030,Dr. Arvind Rao Dental Clinic,BR-02,138.0,24.84,162.84,Immediate UPI,Paid
INV-002604,SO-002604,2025-08-16,2025-09-15,CUST-019,Poompuhar Handicrafts Store,BR-01,138.0,24.84,162.84,Net 30,Paid
INV-002605,SO-002605,2025-08-16,2025-08-16,CUST-031,Nandini Milk Parlour & Mart,BR-02,202.4,36.43,238.83,Immediate Cash,Paid
INV-002606,SO-002606,2025-08-16,2025-08-31,CUST-039,Rangasamy Electrician Workshop,BR-03,10080.0,1814.4,11894.4,Net 15,Paid
INV-002607,SO-002607,2025-08-16,2025-08-23,CUST-044,Mani Bros Electricals (Mani),BR-03,19064.8,3431.66,22496.46,Net 7,Paid
INV-002608,SO-002608,2025-08-16,2025-09-15,CUST-010,Vels Vidyashram School Campus,BR-01,165.0,29.7,194.7,Net 30,Paid
INV-002609,SO-002609,2025-08-16,2025-08-31,CUST-026,Manjunatha Electrical Works,BR-02,26770.0,4818.6,31588.6,Net 15,Paid
INV-002610,SO-002610,2025-08-18,2025-09-17,CUST-025,Brigade Vista Apartment Owners Assn,BR-02,736.0,132.48,868.48,Net 30,Paid
INV-002611,SO-002611,2025-08-18,2025-09-02,CUST-026,Manjunatha Electrical Works,BR-02,15765.0,2837.7,18602.7,Net 15,Paid
INV-002612,SO-002612,2025-08-18,2025-09-17,CUST-037,Kovai Textile Mills Facility Team,BR-03,3540.0,637.2,4177.2,Net 30,Paid
INV-002613,SO-002613,2025-08-18,2025-09-02,CUST-002,Kalaivani Hardware & Paints,BR-01,43178.0,7772.04,50950.04,Net 15,Paid
INV-002614,SO-002614,2025-08-19,2025-09-18,CUST-046,Annamalai Agro Processing Unit,BR-03,2173.0,391.14,2564.14,Net 30,Paid
INV-002615,SO-002615,2025-08-19,2025-08-19,CUST-006,Dr. Priya Sundaram (Home Clinic),BR-01,425.0,76.5,501.5,Immediate UPI,Paid
INV-002616,SO-002616,2025-08-19,2025-08-26,CUST-044,Mani Bros Electricals (Mani),BR-03,3040.0,547.2,3587.2,Net 7,Paid
INV-002617,SO-002617,2025-08-20,2025-08-20,CUST-045,Karthika Departmental Store,BR-03,3730.0,671.4,4401.4,Immediate Cash,Paid
INV-002618,SO-002618,2025-08-20,2025-08-20,CUST-006,Dr. Priya Sundaram (Home Clinic),BR-01,291.0,52.38,343.38,Immediate UPI,Paid
INV-002619,SO-002619,2025-08-20,2025-09-04,CUST-039,Rangasamy Electrician Workshop,BR-03,29962.0,5393.16,35355.16,Net 15,Paid
INV-002620,SO-002620,2025-08-20,2025-08-20,CUST-005,Murugan Auto Garage & Works,BR-01,492.2,88.6,580.8,Immediate Cash,Paid
INV-002621,SO-002621,2025-08-20,2025-09-19,CUST-040,Sri Krishna Engineering College Hostel,BR-03,828.0,149.04,977.04,Net 30,Paid
INV-002622,SO-002622,2025-08-21,2025-08-21,CUST-006,Dr. Priya Sundaram (Home Clinic),BR-01,495.0,89.1,584.1,Immediate UPI,Paid
INV-002623,SO-002623,2025-08-21,2025-08-21,CUST-021,Mohammed Riyaz (Home Renovation),BR-01,3430.0,617.4,4047.4,Immediate Cash,Paid
INV-002624,SO-002624,2025-08-21,2025-09-20,CUST-007,TechPark Facility Maintenance Team,BR-01,2350.0,423.0,2773.0,Net 30,Paid
INV-002625,SO-002625,2025-08-21,2025-09-20,CUST-010,Vels Vidyashram School Campus,BR-01,2648.0,476.64,3124.64,Net 30,Paid
INV-002626,SO-002626,2025-08-22,2025-09-21,CUST-027,InnoTech Coworking Hub,BR-02,5330.0,959.4,6289.4,Net 30,Paid
INV-002627,SO-002627,2025-08-22,2025-08-22,CUST-012,Karthik Residential Apartment Owner,BR-01,4715.0,848.7,5563.7,Immediate Card,Paid
INV-002628,SO-002628,2025-08-22,2025-08-22,CUST-048,Ramachandran (Individual House Owner),BR-03,264.0,47.52,311.52,Immediate UPI,Paid
INV-002629,SO-002629,2025-08-23,2025-09-22,CUST-025,Brigade Vista Apartment Owners Assn,BR-02,165.0,29.7,194.7,Net 30,Paid
INV-002630,SO-002630,2025-08-23,2025-08-23,CUST-030,Dr. Arvind Rao Dental Clinic,BR-02,391.0,70.38,461.38,Immediate UPI,Paid
INV-002631,SO-002631,2025-08-23,2025-10-07,CUST-041,Kongu Builders & Real Estate,BR-03,29895.4,5381.17,35276.57,Net 45,Paid
INV-002632,SO-002632,2025-08-23,2025-08-23,CUST-012,Karthik Residential Apartment Owner,BR-01,3351.0,603.18,3954.18,Immediate Card,Paid
INV-002633,SO-002633,2025-08-25,2025-08-25,CUST-014,Siva Shankaran (Individual Home),BR-01,2345.0,422.1,2767.1,Immediate Cash,Paid
INV-002634,SO-002634,2025-08-25,2025-09-01,CUST-044,Mani Bros Electricals (Mani),BR-03,11932.0,2147.76,14079.76,Net 7,Paid
INV-002635,SO-002635,2025-08-25,2025-09-24,CUST-043,Sundaram Hospital Maintenance,BR-03,4714.0,848.52,5562.52,Net 30,Paid
INV-002636,SO-002636,2025-08-25,2025-09-24,CUST-016,Royal Comfort Residency Hotel,BR-01,1838.0,330.84,2168.84,Net 30,Paid
INV-002637,SO-002637,2025-08-25,2025-08-25,CUST-021,Mohammed Riyaz (Home Renovation),BR-01,495.0,89.1,584.1,Immediate Cash,Paid
INV-002638,SO-002638,2025-08-25,2025-09-24,CUST-036,Urban Spaces Interior Studio,BR-02,98800.0,17784.0,116584.0,Net 30,Paid
INV-002639,SO-002639,2025-08-25,2025-08-25,CUST-018,Lakshmi Vilas Sweets & Bakery,BR-01,240.0,43.2,283.2,Immediate UPI,Paid
INV-002640,SO-002640,2025-08-25,2025-08-25,CUST-012,Karthik Residential Apartment Owner,BR-01,645.0,116.1,761.1,Immediate Card,Paid
INV-002641,SO-002641,2025-08-26,2025-09-25,CUST-015,Srinivasan & Sons Contractor,BR-01,93906.0,16903.08,110809.08,Net 30,Paid
INV-002642,SO-002642,2025-08-26,2025-10-10,CUST-011,Victory Housing Projects Phase 2,BR-01,71018.0,12783.24,83801.24,Net 45,Paid
INV-002643,SO-002643,2025-08-26,2025-08-26,CUST-021,Mohammed Riyaz (Home Renovation),BR-01,2967.0,534.06,3501.06,Immediate Cash,Paid
INV-002644,SO-002644,2025-08-26,2025-09-10,CUST-002,Kalaivani Hardware & Paints,BR-01,242122.8,43582.1,285704.9,Net 15,Paid
INV-002645,SO-002645,2025-08-26,2025-09-25,CUST-043,Sundaram Hospital Maintenance,BR-03,1050.0,189.0,1239.0,Net 30,Paid
INV-002646,SO-002646,2025-08-27,2025-09-11,CUST-039,Rangasamy Electrician Workshop,BR-03,2548.0,458.64,3006.64,Net 15,Paid
INV-002647,SO-002647,2025-08-27,2025-10-11,CUST-041,Kongu Builders & Real Estate,BR-03,105592.6,19006.67,124599.27,Net 45,Paid
INV-002648,SO-002648,2025-08-27,2025-09-26,CUST-037,Kovai Textile Mills Facility Team,BR-03,940.8,169.34,1110.14,Net 30,Paid
INV-002649,SO-002649,2025-08-28,2025-09-27,CUST-019,Poompuhar Handicrafts Store,BR-01,480.0,86.4,566.4,Net 30,Paid
INV-002650,SO-002650,2025-08-28,2025-09-27,CUST-037,Kovai Textile Mills Facility Team,BR-03,2200.0,396.0,2596.0,Net 30,Paid
INV-002651,SO-002651,2025-08-28,2025-09-12,CUST-002,Kalaivani Hardware & Paints,BR-01,65154.4,11727.79,76882.19,Net 15,Paid
INV-002652,SO-002652,2025-08-29,2025-08-29,CUST-033,Suresh Babu (Villa Construction),BR-02,7815.0,1406.7,9221.7,Immediate Card,Paid
INV-002653,SO-002653,2025-08-29,2025-08-29,CUST-033,Suresh Babu (Villa Construction),BR-02,69.0,12.42,81.42,Immediate Card,Paid
INV-002654,SO-002654,2025-08-29,2025-09-28,CUST-007,TechPark Facility Maintenance Team,BR-01,5362.4,965.23,6327.63,Net 30,Paid
INV-002655,SO-002655,2025-08-29,2025-08-29,CUST-048,Ramachandran (Individual House Owner),BR-03,1475.0,265.5,1740.5,Immediate UPI,Paid
INV-002656,SO-002656,2025-08-30,2025-09-14,CUST-042,Velan Pump & Motor Spares Store,BR-03,74265.0,13367.7,87632.7,Net 15,Paid
INV-002657,SO-002657,2025-08-30,2025-09-14,CUST-002,Kalaivani Hardware & Paints,BR-01,149494.8,26909.06,176403.86,Net 15,Paid
INV-002658,SO-002658,2025-08-30,2025-09-29,CUST-019,Poompuhar Handicrafts Store,BR-01,2845.0,512.1,3357.1,Net 30,Paid
INV-002659,SO-002659,2025-08-30,2025-09-14,CUST-013,Metro Supermarket Tambaram,BR-01,2215.0,398.7,2613.7,Net 15,Paid
INV-002660,SO-002660,2025-08-30,2025-10-14,CUST-011,Victory Housing Projects Phase 2,BR-01,42748.8,7694.78,50443.58,Net 45,Paid
INV-002661,SO-002661,2025-08-30,2025-09-29,CUST-022,Global Smart Solutions (P) Ltd,BR-01,13338.0,2400.84,15738.84,Net 30,Paid
INV-002662,SO-002662,2025-09-01,2025-09-16,CUST-002,Kalaivani Hardware & Paints,BR-01,324460.4,58402.87,382863.27,Net 15,Paid
INV-002663,SO-002663,2025-09-01,2025-10-16,CUST-004,Sri Ramakrishna Builders & Infra,BR-01,18771.6,3378.89,22150.49,Net 45,Paid
INV-002664,SO-002664,2025-09-01,2025-10-01,CUST-034,Silicon Valley PG Hostel Chain,BR-02,2118.0,381.24,2499.24,Net 30,Paid
INV-002665,SO-002665,2025-09-02,2025-09-17,CUST-013,Metro Supermarket Tambaram,BR-01,130.0,23.4,153.4,Net 15,Paid
INV-002666,SO-002666,2025-09-02,2025-10-17,CUST-041,Kongu Builders & Real Estate,BR-03,102157.0,18388.26,120545.26,Net 45,Paid
INV-002667,SO-002667,2025-09-02,2025-10-02,CUST-028,Sri Venkateshwara Hardware & Electricals,BR-02,162452.2,29241.4,191693.6,Net 30,Paid
INV-002668,SO-002668,2025-09-02,2025-09-02,CUST-012,Karthik Residential Apartment Owner,BR-01,2556.0,460.08,3016.08,Immediate Card,Paid
INV-002669,SO-002669,2025-09-02,2025-10-02,CUST-015,Srinivasan & Sons Contractor,BR-01,149139.0,26845.02,175984.02,Net 30,Paid
INV-002670,SO-002670,2025-09-03,2025-10-03,CUST-016,Royal Comfort Residency Hotel,BR-01,2245.0,404.1,2649.1,Net 30,Paid
INV-002671,SO-002671,2025-09-03,2025-09-03,CUST-005,Murugan Auto Garage & Works,BR-01,4700.0,846.0,5546.0,Immediate Cash,Paid
INV-002672,SO-002672,2025-09-03,2025-10-03,CUST-028,Sri Venkateshwara Hardware & Electricals,BR-02,170741.0,30733.38,201474.38,Net 30,Paid
INV-002673,SO-002673,2025-09-03,2025-10-18,CUST-029,Raghavendra Infrastructure Developers,BR-02,20976.6,3775.79,24752.39,Net 45,Paid
INV-002674,SO-002674,2025-09-04,2025-10-04,CUST-034,Silicon Valley PG Hostel Chain,BR-02,4446.2,800.32,5246.52,Net 30,Paid
INV-002675,SO-002675,2025-09-04,2025-09-19,CUST-003,Saravana Electric Works (Govindaraj),BR-01,7640.0,1375.2,9015.2,Net 15,Paid
INV-002676,SO-002676,2025-09-04,2025-10-04,CUST-001,Balaji Electrical Contractors,BR-01,31797.6,5723.57,37521.17,Net 30,Paid
INV-002677,SO-002677,2025-09-05,2025-10-20,CUST-041,Kongu Builders & Real Estate,BR-03,93724.8,16870.46,110595.26,Net 45,Paid
INV-002678,SO-002678,2025-09-05,2025-10-05,CUST-016,Royal Comfort Residency Hotel,BR-01,7267.0,1308.06,8575.06,Net 30,Paid
INV-002679,SO-002679,2025-09-05,2025-09-05,CUST-045,Karthika Departmental Store,BR-03,2702.0,486.36,3188.36,Immediate Cash,Paid
INV-002680,SO-002680,2025-09-05,2025-10-05,CUST-027,InnoTech Coworking Hub,BR-02,1323.0,238.14,1561.14,Net 30,Paid
INV-002681,SO-002681,2025-09-06,2025-10-21,CUST-029,Raghavendra Infrastructure Developers,BR-02,148723.6,26770.25,175493.85,Net 45,Paid
INV-002682,SO-002682,2025-09-06,2025-10-21,CUST-004,Sri Ramakrishna Builders & Infra,BR-01,151497.6,27269.57,178767.17,Net 45,Paid
INV-002683,SO-002683,2025-09-06,2025-10-06,CUST-036,Urban Spaces Interior Studio,BR-02,71284.0,12831.12,84115.12,Net 30,Paid
INV-002684,SO-002684,2025-09-06,2025-10-06,CUST-046,Annamalai Agro Processing Unit,BR-03,195.0,35.1,230.1,Net 30,Paid
INV-002685,SO-002685,2025-09-08,2025-10-08,CUST-009,Devi Agency & Lighting Store,BR-01,158739.0,28573.02,187312.02,Net 30,Paid
INV-002686,SO-002686,2025-09-08,2025-09-08,CUST-018,Lakshmi Vilas Sweets & Bakery,BR-01,698.0,125.64,823.64,Immediate UPI,Paid
INV-002687,SO-002687,2025-09-08,2025-10-08,CUST-010,Vels Vidyashram School Campus,BR-01,720.0,129.6,849.6,Net 30,Paid
INV-002688,SO-002688,2025-09-08,2025-10-08,CUST-027,InnoTech Coworking Hub,BR-02,840.0,151.2,991.2,Net 30,Paid
INV-002689,SO-002689,2025-09-08,2025-09-08,CUST-006,Dr. Priya Sundaram (Home Clinic),BR-01,7805.0,1404.9,9209.9,Immediate UPI,Paid
INV-002690,SO-002690,2025-09-08,2025-09-15,CUST-008,Anbu Electricals (Anbazhagan),BR-01,1530.0,275.4,1805.4,Net 7,Paid
INV-002691,SO-002691,2025-09-08,2025-10-08,CUST-040,Sri Krishna Engineering College Hostel,BR-03,863.6,155.45,1019.05,Net 30,Paid
INV-002692,SO-002692,2025-09-09,2025-10-09,CUST-010,Vels Vidyashram School Campus,BR-01,2721.0,489.78,3210.78,Net 30,Paid
INV-002693,SO-002693,2025-09-09,2025-10-09,CUST-037,Kovai Textile Mills Facility Team,BR-03,537.0,96.66,633.66,Net 30,Paid
INV-002694,SO-002694,2025-09-09,2025-09-24,CUST-026,Manjunatha Electrical Works,BR-02,3120.0,561.6,3681.6,Net 15,Paid
INV-002695,SO-002695,2025-09-09,2025-09-09,CUST-045,Karthika Departmental Store,BR-03,1080.0,194.4,1274.4,Immediate Cash,Paid
INV-002696,SO-002696,2025-09-09,2025-09-24,CUST-002,Kalaivani Hardware & Paints,BR-01,68095.4,12257.17,80352.57,Net 15,Paid
INV-002697,SO-002697,2025-09-09,2025-10-09,CUST-034,Silicon Valley PG Hostel Chain,BR-02,7267.4,1308.13,8575.53,Net 30,Paid
INV-002698,SO-002698,2025-09-09,2025-10-09,CUST-037,Kovai Textile Mills Facility Team,BR-03,45.0,8.1,53.1,Net 30,Paid
INV-002699,SO-002699,2025-09-09,2025-09-09,CUST-005,Murugan Auto Garage & Works,BR-01,1682.0,302.76,1984.76,Immediate Cash,Paid
INV-002700,SO-002700,2025-09-10,2025-10-25,CUST-029,Raghavendra Infrastructure Developers,BR-02,4924.6,886.43,5811.03,Net 45,Paid
INV-002701,SO-002701,2025-09-10,2025-10-10,CUST-047,Kovai Elite Residency Hotel,BR-03,4300.0,774.0,5074.0,Net 30,Paid
INV-002702,SO-002702,2025-09-10,2025-10-25,CUST-029,Raghavendra Infrastructure Developers,BR-02,211262.2,38027.2,249289.4,Net 45,Paid
INV-002703,SO-002703,2025-09-10,2025-09-10,CUST-018,Lakshmi Vilas Sweets & Bakery,BR-01,1410.0,253.8,1663.8,Immediate UPI,Paid
INV-002704,SO-002704,2025-09-11,2025-09-11,CUST-048,Ramachandran (Individual House Owner),BR-03,4702.4,846.43,5548.83,Immediate UPI,Paid
INV-002705,SO-002705,2025-09-11,2025-09-11,CUST-030,Dr. Arvind Rao Dental Clinic,BR-02,15.0,2.7,17.7,Immediate UPI,Paid
INV-002706,SO-002706,2025-09-11,2025-10-11,CUST-022,Global Smart Solutions (P) Ltd,BR-01,95556.4,17200.15,112756.55,Net 30,Paid
INV-002707,SO-002707,2025-09-12,2025-10-12,CUST-036,Urban Spaces Interior Studio,BR-02,30508.0,5491.44,35999.44,Net 30,Paid
INV-002708,SO-002708,2025-09-12,2025-09-19,CUST-044,Mani Bros Electricals (Mani),BR-03,17640.0,3175.2,20815.2,Net 7,Paid
INV-002709,SO-002709,2025-09-12,2025-09-12,CUST-031,Nandini Milk Parlour & Mart,BR-02,881.0,158.58,1039.58,Immediate Cash,Paid
INV-002710,SO-002710,2025-09-12,2025-09-12,CUST-048,Ramachandran (Individual House Owner),BR-03,2776.0,499.68,3275.68,Immediate UPI,Paid
INV-002711,SO-002711,2025-09-13,2025-10-13,CUST-010,Vels Vidyashram School Campus,BR-01,2157.0,388.26,2545.26,Net 30,Paid
INV-002712,SO-002712,2025-09-13,2025-10-13,CUST-015,Srinivasan & Sons Contractor,BR-01,88858.0,15994.44,104852.44,Net 30,Paid
INV-002713,SO-002713,2025-09-13,2025-10-28,CUST-011,Victory Housing Projects Phase 2,BR-01,120597.0,21707.46,142304.46,Net 45,Paid
INV-002714,SO-002714,2025-09-13,2025-09-13,CUST-021,Mohammed Riyaz (Home Renovation),BR-01,3450.0,621.0,4071.0,Immediate Cash,Paid
INV-002715,SO-002715,2025-09-15,2025-09-30,CUST-002,Kalaivani Hardware & Paints,BR-01,68448.0,12320.64,80768.64,Net 15,Paid
INV-002716,SO-002716,2025-09-15,2025-10-15,CUST-001,Balaji Electrical Contractors,BR-01,78949.2,14210.86,93160.06,Net 30,Paid
INV-002717,SO-002717,2025-09-15,2025-10-15,CUST-043,Sundaram Hospital Maintenance,BR-03,3300.0,594.0,3894.0,Net 30,Paid
INV-002718,SO-002718,2025-09-15,2025-10-15,CUST-046,Annamalai Agro Processing Unit,BR-03,4720.8,849.74,5570.54,Net 30,Paid
INV-002719,SO-002719,2025-09-16,2025-09-16,CUST-006,Dr. Priya Sundaram (Home Clinic),BR-01,330.0,59.4,389.4,Immediate UPI,Paid
INV-002720,SO-002720,2025-09-16,2025-09-16,CUST-005,Murugan Auto Garage & Works,BR-01,2150.0,387.0,2537.0,Immediate Cash,Paid
INV-002721,SO-002721,2025-09-16,2025-10-16,CUST-040,Sri Krishna Engineering College Hostel,BR-03,495.0,89.1,584.1,Net 30,Paid
INV-002722,SO-002722,2025-09-16,2025-10-16,CUST-027,InnoTech Coworking Hub,BR-02,3392.0,610.56,4002.56,Net 30,Paid
INV-002723,SO-002723,2025-09-16,2025-10-16,CUST-010,Vels Vidyashram School Campus,BR-01,1169.0,210.42,1379.42,Net 30,Paid
INV-002724,SO-002724,2025-09-16,2025-10-01,CUST-002,Kalaivani Hardware & Paints,BR-01,60341.0,10861.38,71202.38,Net 15,Paid
INV-002725,SO-002725,2025-09-16,2025-10-16,CUST-016,Royal Comfort Residency Hotel,BR-01,3390.0,610.2,4000.2,Net 30,Paid
INV-002726,SO-002726,2025-09-17,2025-10-02,CUST-002,Kalaivani Hardware & Paints,BR-01,187659.2,33778.66,221437.86,Net 15,Paid
INV-002727,SO-002727,2025-09-17,2025-11-01,CUST-041,Kongu Builders & Real Estate,BR-03,64433.2,11597.98,76031.18,Net 45,Paid
INV-002728,SO-002728,2025-09-17,2025-10-17,CUST-034,Silicon Valley PG Hostel Chain,BR-02,2403.6,432.65,2836.25,Net 30,Paid
INV-002729,SO-002729,2025-09-18,2025-11-02,CUST-041,Kongu Builders & Real Estate,BR-03,76187.6,13713.77,89901.37,Net 45,Paid
INV-002730,SO-002730,2025-09-18,2025-10-18,CUST-001,Balaji Electrical Contractors,BR-01,9579.6,1724.33,11303.93,Net 30,Paid
INV-002731,SO-002731,2025-09-18,2025-10-18,CUST-027,InnoTech Coworking Hub,BR-02,562.0,101.16,663.16,Net 30,Paid
INV-002732,SO-002732,2025-09-19,2025-11-03,CUST-041,Kongu Builders & Real Estate,BR-03,120480.8,21686.54,142167.34,Net 45,Paid
INV-002733,SO-002733,2025-09-19,2025-10-04,CUST-020,Selvam Electrician Services,BR-01,2521.6,453.89,2975.49,Net 15,Paid
INV-002734,SO-002734,2025-09-19,2025-09-26,CUST-008,Anbu Electricals (Anbazhagan),BR-01,2264.8,407.66,2672.46,Net 7,Paid
INV-002735,SO-002735,2025-09-20,2025-09-20,CUST-030,Dr. Arvind Rao Dental Clinic,BR-02,3395.0,611.1,4006.1,Immediate UPI,Paid
INV-002736,SO-002736,2025-09-20,2025-10-05,CUST-002,Kalaivani Hardware & Paints,BR-01,155688.0,28023.84,183711.84,Net 15,Paid
INV-002737,SO-002737,2025-09-20,2025-09-20,CUST-014,Siva Shankaran (Individual Home),BR-01,138.0,24.84,162.84,Immediate Cash,Paid
INV-002738,SO-002738,2025-09-20,2025-10-05,CUST-013,Metro Supermarket Tambaram,BR-01,1907.0,343.26,2250.26,Net 15,Paid
INV-002739,SO-002739,2025-09-20,2025-10-20,CUST-017,Apex Manufacturing Solutions,BR-01,7250.0,1305.0,8555.0,Net 30,Paid
INV-002740,SO-002740,2025-09-22,2025-10-22,CUST-017,Apex Manufacturing Solutions,BR-01,287.0,51.66,338.66,Net 30,Paid
INV-002741,SO-002741,2025-09-22,2025-09-29,CUST-044,Mani Bros Electricals (Mani),BR-03,6904.4,1242.79,8147.19,Net 7,Paid
INV-002742,SO-002742,2025-09-22,2025-10-22,CUST-009,Devi Agency & Lighting Store,BR-01,181914.0,32744.52,214658.52,Net 30,Paid
INV-002743,SO-002743,2025-09-22,2025-09-22,CUST-048,Ramachandran (Individual House Owner),BR-03,3891.6,700.49,4592.09,Immediate UPI,Paid
INV-002744,SO-002744,2025-09-22,2025-10-07,CUST-020,Selvam Electrician Services,BR-01,14002.0,2520.36,16522.36,Net 15,Paid
INV-002745,SO-002745,2025-09-22,2025-10-22,CUST-037,Kovai Textile Mills Facility Team,BR-03,1203.0,216.54,1419.54,Net 30,Paid
INV-002746,SO-002746,2025-09-22,2025-10-22,CUST-047,Kovai Elite Residency Hotel,BR-03,4700.0,846.0,5546.0,Net 30,Paid
INV-002747,SO-002747,2025-09-22,2025-11-06,CUST-041,Kongu Builders & Real Estate,BR-03,36872.4,6637.03,43509.43,Net 45,Paid
INV-002748,SO-002748,2025-09-23,2025-09-23,CUST-006,Dr. Priya Sundaram (Home Clinic),BR-01,1145.0,206.1,1351.1,Immediate UPI,Paid
INV-002749,SO-002749,2025-09-23,2025-10-23,CUST-037,Kovai Textile Mills Facility Team,BR-03,5168.6,930.35,6098.95,Net 30,Paid
INV-002750,SO-002750,2025-09-23,2025-09-23,CUST-045,Karthika Departmental Store,BR-03,4185.0,753.3,4938.3,Immediate Cash,Paid
INV-002751,SO-002751,2025-09-23,2025-09-23,CUST-045,Karthika Departmental Store,BR-03,571.6,102.89,674.49,Immediate Cash,Paid
INV-002752,SO-002752,2025-09-23,2025-09-30,CUST-035,Gowda Electrical Repairs,BR-02,20802.0,3744.36,24546.36,Net 7,Paid
INV-002753,SO-002753,2025-09-23,2025-11-07,CUST-041,Kongu Builders & Real Estate,BR-03,128568.8,23142.38,151711.18,Net 45,Paid
INV-002754,SO-002754,2025-09-23,2025-09-23,CUST-012,Karthik Residential Apartment Owner,BR-01,827.4,148.93,976.33,Immediate Card,Paid
INV-002755,SO-002755,2025-09-24,2025-09-24,CUST-012,Karthik Residential Apartment Owner,BR-01,480.0,86.4,566.4,Immediate Card,Paid
INV-002756,SO-002756,2025-09-24,2025-10-24,CUST-016,Royal Comfort Residency Hotel,BR-01,4278.0,770.04,5048.04,Net 30,Paid
INV-002757,SO-002757,2025-09-24,2025-10-24,CUST-046,Annamalai Agro Processing Unit,BR-03,3232.4,581.83,3814.23,Net 30,Paid
INV-002758,SO-002758,2025-09-24,2025-10-09,CUST-003,Saravana Electric Works (Govindaraj),BR-01,18955.0,3411.9,22366.9,Net 15,Paid
INV-002759,SO-002759,2025-09-24,2025-10-24,CUST-016,Royal Comfort Residency Hotel,BR-01,1161.6,209.09,1370.69,Net 30,Paid
INV-002760,SO-002760,2025-09-24,2025-10-24,CUST-007,TechPark Facility Maintenance Team,BR-01,3345.0,602.1,3947.1,Net 30,Paid
INV-002761,SO-002761,2025-09-25,2025-10-25,CUST-025,Brigade Vista Apartment Owners Assn,BR-02,2207.4,397.33,2604.73,Net 30,Paid
INV-002762,SO-002762,2025-09-25,2025-10-10,CUST-002,Kalaivani Hardware & Paints,BR-01,96108.8,17299.58,113408.38,Net 15,Paid
INV-002763,SO-002763,2025-09-25,2025-10-25,CUST-034,Silicon Valley PG Hostel Chain,BR-02,280.0,50.4,330.4,Net 30,Paid
INV-002764,SO-002764,2025-09-25,2025-10-02,CUST-008,Anbu Electricals (Anbazhagan),BR-01,1065.0,191.7,1256.7,Net 7,Paid
INV-002765,SO-002765,2025-09-25,2025-10-10,CUST-042,Velan Pump & Motor Spares Store,BR-03,49190.6,8854.31,58044.91,Net 15,Paid
INV-002766,SO-002766,2025-09-26,2025-09-26,CUST-005,Murugan Auto Garage & Works,BR-01,456.6,82.19,538.79,Immediate Cash,Paid
INV-002767,SO-002767,2025-09-26,2025-11-10,CUST-011,Victory Housing Projects Phase 2,BR-01,123540.0,22237.2,145777.2,Net 45,Paid
INV-002768,SO-002768,2025-09-26,2025-10-26,CUST-034,Silicon Valley PG Hostel Chain,BR-02,2590.0,466.2,3056.2,Net 30,Paid
INV-002769,SO-002769,2025-09-26,2025-10-26,CUST-036,Urban Spaces Interior Studio,BR-02,40835.0,7350.3,48185.3,Net 30,Paid
INV-002770,SO-002770,2025-09-26,2025-10-26,CUST-047,Kovai Elite Residency Hotel,BR-03,5021.6,903.89,5925.49,Net 30,Paid
INV-002771,SO-002771,2025-09-26,2025-09-26,CUST-031,Nandini Milk Parlour & Mart,BR-02,2453.6,441.65,2895.25,Immediate Cash,Paid
INV-002772,SO-002772,2025-09-27,2025-10-12,CUST-023,Kalam Brothers Electrical Store,BR-01,73022.4,13144.03,86166.43,Net 15,Paid
INV-002773,SO-002773,2025-09-27,2025-09-27,CUST-045,Karthika Departmental Store,BR-03,402.0,72.36,474.36,Immediate Cash,Paid
INV-002774,SO-002774,2025-09-27,2025-10-12,CUST-039,Rangasamy Electrician Workshop,BR-03,3422.4,616.03,4038.43,Net 15,Paid
INV-002775,SO-002775,2025-09-27,2025-10-12,CUST-042,Velan Pump & Motor Spares Store,BR-03,309688.0,55743.84,365431.84,Net 15,Paid
INV-002776,SO-002776,2025-09-27,2025-09-27,CUST-031,Nandini Milk Parlour & Mart,BR-02,1450.0,261.0,1711.0,Immediate Cash,Paid
INV-002777,SO-002777,2025-09-27,2025-10-27,CUST-025,Brigade Vista Apartment Owners Assn,BR-02,303.6,54.65,358.25,Net 30,Paid
INV-002778,SO-002778,2025-09-29,2025-10-14,CUST-023,Kalam Brothers Electrical Store,BR-01,80482.0,14486.76,94968.76,Net 15,Paid
INV-002779,SO-002779,2025-09-29,2025-10-29,CUST-028,Sri Venkateshwara Hardware & Electricals,BR-02,81790.0,14722.2,96512.2,Net 30,Paid
INV-002780,SO-002780,2025-09-29,2025-11-13,CUST-029,Raghavendra Infrastructure Developers,BR-02,161428.0,29057.04,190485.04,Net 45,Paid
INV-002781,SO-002781,2025-09-29,2025-10-14,CUST-042,Velan Pump & Motor Spares Store,BR-03,34281.0,6170.58,40451.58,Net 15,Paid
INV-002782,SO-002782,2025-09-29,2025-10-29,CUST-034,Silicon Valley PG Hostel Chain,BR-02,850.0,153.0,1003.0,Net 30,Paid
INV-002783,SO-002783,2025-09-29,2025-10-29,CUST-025,Brigade Vista Apartment Owners Assn,BR-02,3465.0,623.7,4088.7,Net 30,Paid
INV-002784,SO-002784,2025-09-30,2025-11-14,CUST-041,Kongu Builders & Real Estate,BR-03,91248.0,16424.64,107672.64,Net 45,Paid
INV-002785,SO-002785,2025-09-30,2025-11-14,CUST-004,Sri Ramakrishna Builders & Infra,BR-01,201781.4,36320.65,238102.05,Net 45,Paid
INV-002786,SO-002786,2025-09-30,2025-11-14,CUST-041,Kongu Builders & Real Estate,BR-03,166234.0,29922.12,196156.12,Net 45,Paid
INV-002787,SO-002787,2025-09-30,2025-10-30,CUST-016,Royal Comfort Residency Hotel,BR-01,4112.4,740.23,4852.63,Net 30,Paid
INV-002788,SO-002788,2025-10-01,2025-10-31,CUST-009,Devi Agency & Lighting Store,BR-01,248081.4,44654.65,292736.05,Net 30,Paid
INV-002789,SO-002789,2025-10-01,2025-10-01,CUST-018,Lakshmi Vilas Sweets & Bakery,BR-01,1700.0,306.0,2006.0,Immediate UPI,Paid
INV-002790,SO-002790,2025-10-01,2025-10-31,CUST-047,Kovai Elite Residency Hotel,BR-03,4660.0,838.8,5498.8,Net 30,Paid
INV-002791,SO-002791,2025-10-01,2025-10-31,CUST-047,Kovai Elite Residency Hotel,BR-03,4300.0,774.0,5074.0,Net 30,Paid
INV-002792,SO-002792,2025-10-01,2025-10-31,CUST-047,Kovai Elite Residency Hotel,BR-03,6444.0,1159.92,7603.92,Net 30,Paid
INV-002793,SO-002793,2025-10-01,2025-10-01,CUST-021,Mohammed Riyaz (Home Renovation),BR-01,3519.0,633.42,4152.42,Immediate Cash,Paid
INV-002794,SO-002794,2025-10-01,2025-10-31,CUST-001,Balaji Electrical Contractors,BR-01,152307.6,27415.37,179722.97,Net 30,Paid
INV-002795,SO-002795,2025-10-02,2025-11-01,CUST-036,Urban Spaces Interior Studio,BR-02,300326.0,54058.68,354384.68,Net 30,Paid
INV-002796,SO-002796,2025-10-02,2025-11-01,CUST-025,Brigade Vista Apartment Owners Assn,BR-02,3450.0,621.0,4071.0,Net 30,Paid
INV-002797,SO-002797,2025-10-02,2025-10-09,CUST-044,Mani Bros Electricals (Mani),BR-03,25601.0,4608.18,30209.18,Net 7,Paid
INV-002798,SO-002798,2025-10-02,2025-10-02,CUST-012,Karthik Residential Apartment Owner,BR-01,2150.0,387.0,2537.0,Immediate Card,Paid
INV-002799,SO-002799,2025-10-03,2025-10-03,CUST-031,Nandini Milk Parlour & Mart,BR-02,2200.0,396.0,2596.0,Immediate Cash,Paid
INV-002800,SO-002800,2025-10-03,2025-10-03,CUST-006,Dr. Priya Sundaram (Home Clinic),BR-01,5961.0,1072.98,7033.98,Immediate UPI,Paid
INV-002801,SO-002801,2025-10-03,2025-11-02,CUST-010,Vels Vidyashram School Campus,BR-01,1120.0,201.6,1321.6,Net 30,Paid
INV-002802,SO-002802,2025-10-03,2025-11-02,CUST-010,Vels Vidyashram School Campus,BR-01,3450.0,621.0,4071.0,Net 30,Paid
INV-002803,SO-002803,2025-10-03,2025-10-18,CUST-039,Rangasamy Electrician Workshop,BR-03,37430.0,6737.4,44167.4,Net 15,Paid
INV-002804,SO-002804,2025-10-03,2025-10-18,CUST-039,Rangasamy Electrician Workshop,BR-03,13494.0,2428.92,15922.92,Net 15,Paid
INV-002805,SO-002805,2025-10-03,2025-10-10,CUST-035,Gowda Electrical Repairs,BR-02,16315.0,2936.7,19251.7,Net 7,Paid
INV-002806,SO-002806,2025-10-04,2025-11-03,CUST-047,Kovai Elite Residency Hotel,BR-03,435.0,78.3,513.3,Net 30,Paid
INV-002807,SO-002807,2025-10-04,2025-11-03,CUST-019,Poompuhar Handicrafts Store,BR-01,495.0,89.1,584.1,Net 30,Paid
INV-002808,SO-002808,2025-10-04,2025-11-18,CUST-011,Victory Housing Projects Phase 2,BR-01,91628.0,16493.04,108121.04,Net 45,Paid
INV-002809,SO-002809,2025-10-06,2025-10-21,CUST-020,Selvam Electrician Services,BR-01,3112.0,560.16,3672.16,Net 15,Paid
INV-002810,SO-002810,2025-10-06,2025-10-21,CUST-042,Velan Pump & Motor Spares Store,BR-03,274102.0,49338.36,323440.36,Net 15,Paid
INV-002811,SO-002811,2025-10-06,2025-11-20,CUST-029,Raghavendra Infrastructure Developers,BR-02,272392.4,49030.63,321423.03,Net 45,Paid
INV-002812,SO-002812,2025-10-06,2025-11-05,CUST-027,InnoTech Coworking Hub,BR-02,195.0,35.1,230.1,Net 30,Paid
INV-002813,SO-002813,2025-10-06,2025-11-05,CUST-040,Sri Krishna Engineering College Hostel,BR-03,4300.0,774.0,5074.0,Net 30,Paid
INV-002814,SO-002814,2025-10-07,2025-11-21,CUST-041,Kongu Builders & Real Estate,BR-03,49620.6,8931.71,58552.31,Net 45,Paid
INV-002815,SO-002815,2025-10-07,2025-11-21,CUST-004,Sri Ramakrishna Builders & Infra,BR-01,91664.4,16499.59,108163.99,Net 45,Paid
INV-002816,SO-002816,2025-10-07,2025-11-21,CUST-041,Kongu Builders & Real Estate,BR-03,77996.0,14039.28,92035.28,Net 45,Paid
INV-002817,SO-002817,2025-10-07,2025-10-22,CUST-042,Velan Pump & Motor Spares Store,BR-03,203479.0,36626.22,240105.22,Net 15,Paid
INV-002818,SO-002818,2025-10-07,2025-11-21,CUST-041,Kongu Builders & Real Estate,BR-03,43880.8,7898.54,51779.34,Net 45,Paid
INV-002819,SO-002819,2025-10-07,2025-11-21,CUST-041,Kongu Builders & Real Estate,BR-03,38078.4,6854.11,44932.51,Net 45,Paid
INV-002820,SO-002820,2025-10-07,2025-11-06,CUST-019,Poompuhar Handicrafts Store,BR-01,1810.0,325.8,2135.8,Net 30,Paid
INV-002821,SO-002821,2025-10-08,2025-10-08,CUST-014,Siva Shankaran (Individual Home),BR-01,4700.0,846.0,5546.0,Immediate Cash,Paid
INV-002822,SO-002822,2025-10-08,2025-10-23,CUST-003,Saravana Electric Works (Govindaraj),BR-01,3743.0,673.74,4416.74,Net 15,Paid
INV-002823,SO-002823,2025-10-08,2025-10-15,CUST-008,Anbu Electricals (Anbazhagan),BR-01,8223.0,1480.14,9703.14,Net 7,Paid
INV-002824,SO-002824,2025-10-09,2025-11-08,CUST-040,Sri Krishna Engineering College Hostel,BR-03,2150.0,387.0,2537.0,Net 30,Paid
INV-002825,SO-002825,2025-10-09,2025-10-24,CUST-023,Kalam Brothers Electrical Store,BR-01,64730.0,11651.4,76381.4,Net 15,Paid
INV-002826,SO-002826,2025-10-09,2025-11-08,CUST-028,Sri Venkateshwara Hardware & Electricals,BR-02,93976.0,16915.68,110891.68,Net 30,Paid
INV-002827,SO-002827,2025-10-09,2025-10-24,CUST-039,Rangasamy Electrician Workshop,BR-03,5850.0,1053.0,6903.0,Net 15,Paid
INV-002828,SO-002828,2025-10-09,2025-11-08,CUST-022,Global Smart Solutions (P) Ltd,BR-01,181226.0,32620.68,213846.68,Net 30,Paid
INV-002829,SO-002829,2025-10-10,2025-10-25,CUST-013,Metro Supermarket Tambaram,BR-01,130.0,23.4,153.4,Net 15,Paid
INV-002830,SO-002830,2025-10-10,2025-10-10,CUST-033,Suresh Babu (Villa Construction),BR-02,5818.0,1047.24,6865.24,Immediate Card,Paid
INV-002831,SO-002831,2025-10-10,2025-10-10,CUST-045,Karthika Departmental Store,BR-03,2992.0,538.56,3530.56,Immediate Cash,Paid
INV-002832,SO-002832,2025-10-10,2025-10-10,CUST-030,Dr. Arvind Rao Dental Clinic,BR-02,2752.64,495.47,3248.11,Immediate UPI,Paid
INV-002833,SO-002833,2025-10-10,2025-11-09,CUST-046,Annamalai Agro Processing Unit,BR-03,367.84,66.21,434.05,Net 30,Paid
INV-002834,SO-002834,2025-10-11,2025-10-26,CUST-002,Kalaivani Hardware & Paints,BR-01,74170.54,13350.7,87521.24,Net 15,Paid
INV-002835,SO-002835,2025-10-11,2025-10-26,CUST-026,Manjunatha Electrical Works,BR-02,8297.44,1493.54,9790.98,Net 15,Paid
INV-002836,SO-002836,2025-10-11,2025-10-11,CUST-012,Karthik Residential Apartment Owner,BR-01,508.12,91.46,599.58,Immediate Card,Paid
INV-002837,SO-002837,2025-10-13,2025-10-13,CUST-006,Dr. Priya Sundaram (Home Clinic),BR-01,5583.6,1005.05,6588.65,Immediate UPI,Paid
INV-002838,SO-002838,2025-10-13,2025-11-12,CUST-034,Silicon Valley PG Hostel Chain,BR-02,1028.72,185.17,1213.89,Net 30,Paid
INV-002839,SO-002839,2025-10-13,2025-10-13,CUST-045,Karthika Departmental Store,BR-03,3105.32,558.96,3664.28,Immediate Cash,Paid
INV-002840,SO-002840,2025-10-13,2025-11-12,CUST-007,TechPark Facility Maintenance Team,BR-01,4745.0,854.1,5599.1,Net 30,Paid
INV-002841,SO-002841,2025-10-13,2025-11-12,CUST-032,Cauvery Engineering Contractors,BR-02,99623.0,17932.14,117555.14,Net 30,Paid
INV-002842,SO-002842,2025-10-13,2025-10-13,CUST-030,Dr. Arvind Rao Dental Clinic,BR-02,615.3,110.75,726.05,Immediate UPI,Paid
INV-002843,SO-002843,2025-10-14,2025-11-13,CUST-007,TechPark Facility Maintenance Team,BR-01,572.88,103.12,676.0,Net 30,Paid
INV-002844,SO-002844,2025-10-14,2025-10-29,CUST-039,Rangasamy Electrician Workshop,BR-03,8199.0,1475.82,9674.82,Net 15,Paid
INV-002845,SO-002845,2025-10-14,2025-10-14,CUST-045,Karthika Departmental Store,BR-03,429.32,77.28,506.6,Immediate Cash,Paid
INV-002846,SO-002846,2025-10-14,2025-10-29,CUST-042,Velan Pump & Motor Spares Store,BR-03,114005.42,20520.97,134526.39,Net 15,Paid
INV-002847,SO-002847,2025-10-14,2025-10-29,CUST-026,Manjunatha Electrical Works,BR-02,56184.0,10113.12,66297.12,Net 15,Paid
INV-002848,SO-002848,2025-10-15,2025-10-15,CUST-030,Dr. Arvind Rao Dental Clinic,BR-02,6457.0,1162.26,7619.26,Immediate UPI,Paid
INV-002849,SO-002849,2025-10-15,2025-10-15,CUST-012,Karthik Residential Apartment Owner,BR-01,758.12,136.46,894.58,Immediate Card,Paid
INV-002850,SO-002850,2025-10-15,2025-11-14,CUST-022,Global Smart Solutions (P) Ltd,BR-01,40412.0,7274.16,47686.16,Net 30,Paid
INV-002851,SO-002851,2025-10-15,2025-10-15,CUST-033,Suresh Babu (Villa Construction),BR-02,4976.4,895.75,5872.15,Immediate Card,Paid
INV-002852,SO-002852,2025-10-15,2025-11-14,CUST-036,Urban Spaces Interior Studio,BR-02,122316.0,22016.88,144332.88,Net 30,Paid
INV-002853,SO-002853,2025-10-15,2025-10-30,CUST-002,Kalaivani Hardware & Paints,BR-01,126363.76,22745.47,149109.23,Net 15,Paid
INV-002854,SO-002854,2025-10-15,2025-10-30,CUST-039,Rangasamy Electrician Workshop,BR-03,13846.84,2492.43,16339.27,Net 15,Paid
INV-002855,SO-002855,2025-10-16,2025-10-16,CUST-048,Ramachandran (Individual House Owner),BR-03,6650.0,1197.0,7847.0,Immediate UPI,Paid
INV-002856,SO-002856,2025-10-16,2025-11-15,CUST-032,Cauvery Engineering Contractors,BR-02,107776.5,19399.77,127176.27,Net 30,Paid
INV-002857,SO-002857,2025-10-16,2025-11-15,CUST-022,Global Smart Solutions (P) Ltd,BR-01,9427.9,1697.02,11124.92,Net 30,Paid
INV-002858,SO-002858,2025-10-16,2025-10-16,CUST-006,Dr. Priya Sundaram (Home Clinic),BR-01,631.72,113.71,745.43,Immediate UPI,Paid
INV-002859,SO-002859,2025-10-16,2025-11-15,CUST-028,Sri Venkateshwara Hardware & Electricals,BR-02,43185.64,7773.42,50959.06,Net 30,Paid
INV-002860,SO-002860,2025-10-16,2025-10-31,CUST-026,Manjunatha Electrical Works,BR-02,3278.56,590.14,3868.7,Net 15,Paid
INV-002861,SO-002861,2025-10-16,2025-10-23,CUST-044,Mani Bros Electricals (Mani),BR-03,43462.0,7823.16,51285.16,Net 7,Paid
INV-002862,SO-002862,2025-10-16,2025-11-15,CUST-017,Apex Manufacturing Solutions,BR-01,364.32,65.58,429.9,Net 30,Paid
INV-002863,SO-002863,2025-10-17,2025-11-16,CUST-028,Sri Venkateshwara Hardware & Electricals,BR-02,215807.8,38845.4,254653.2,Net 30,Paid
INV-002864,SO-002864,2025-10-17,2025-11-16,CUST-022,Global Smart Solutions (P) Ltd,BR-01,12592.2,2266.6,14858.8,Net 30,Paid
INV-002865,SO-002865,2025-10-17,2025-11-16,CUST-046,Annamalai Agro Processing Unit,BR-03,566.72,102.01,668.73,Net 30,Paid
INV-002866,SO-002866,2025-10-17,2025-11-16,CUST-016,Royal Comfort Residency Hotel,BR-01,2893.64,520.86,3414.5,Net 30,Paid
INV-002867,SO-002867,2025-10-17,2025-11-01,CUST-038,Marutham Electrical & Power Agency,BR-03,279232.2,50261.8,329494.0,Net 15,Paid
INV-002868,SO-002868,2025-10-17,2025-11-16,CUST-017,Apex Manufacturing Solutions,BR-01,1256.16,226.1,1482.26,Net 30,Paid
INV-002869,SO-002869,2025-10-17,2025-11-16,CUST-027,InnoTech Coworking Hub,BR-02,360.0,64.8,424.8,Net 30,Paid
INV-002870,SO-002870,2025-10-17,2025-11-16,CUST-019,Poompuhar Handicrafts Store,BR-01,748.0,134.64,882.64,Net 30,Paid
INV-002871,SO-002871,2025-10-18,2025-10-25,CUST-035,Gowda Electrical Repairs,BR-02,6018.84,1083.39,7102.23,Net 7,Paid
INV-002872,SO-002872,2025-10-18,2025-10-18,CUST-030,Dr. Arvind Rao Dental Clinic,BR-02,720.0,129.6,849.6,Immediate UPI,Paid
INV-002873,SO-002873,2025-10-18,2025-11-17,CUST-034,Silicon Valley PG Hostel Chain,BR-02,5830.0,1049.4,6879.4,Net 30,Paid
INV-002874,SO-002874,2025-10-18,2025-11-17,CUST-016,Royal Comfort Residency Hotel,BR-01,3200.0,576.0,3776.0,Net 30,Paid
INV-002875,SO-002875,2025-10-18,2025-11-17,CUST-037,Kovai Textile Mills Facility Team,BR-03,186.68,33.6,220.28,Net 30,Paid
INV-002876,SO-002876,2025-10-18,2025-11-02,CUST-026,Manjunatha Electrical Works,BR-02,15816.0,2846.88,18662.88,Net 15,Paid
INV-002877,SO-002877,2025-10-18,2025-10-18,CUST-006,Dr. Priya Sundaram (Home Clinic),BR-01,194.3,34.97,229.27,Immediate UPI,Paid
INV-002878,SO-002878,2025-10-18,2025-10-18,CUST-045,Karthika Departmental Store,BR-03,1095.0,197.1,1292.1,Immediate Cash,Paid
INV-002879,SO-002879,2025-10-20,2025-11-19,CUST-015,Srinivasan & Sons Contractor,BR-01,68118.0,12261.24,80379.24,Net 30,Paid
INV-002880,SO-002880,2025-10-20,2025-10-20,CUST-031,Nandini Milk Parlour & Mart,BR-02,3179.0,572.22,3751.22,Immediate Cash,Paid
INV-002881,SO-002881,2025-10-20,2025-11-04,CUST-020,Selvam Electrician Services,BR-01,6641.0,1195.38,7836.38,Net 15,Paid
INV-002882,SO-002882,2025-10-21,2025-11-20,CUST-019,Poompuhar Handicrafts Store,BR-01,364.32,65.58,429.9,Net 30,Paid
INV-002883,SO-002883,2025-10-21,2025-11-20,CUST-043,Sundaram Hospital Maintenance,BR-03,1341.84,241.53,1583.37,Net 30,Paid
INV-002884,SO-002884,2025-10-21,2025-11-05,CUST-013,Metro Supermarket Tambaram,BR-01,1851.86,333.34,2185.2,Net 15,Paid
INV-002885,SO-002885,2025-10-21,2025-12-05,CUST-004,Sri Ramakrishna Builders & Infra,BR-01,47629.3,8573.28,56202.58,Net 45,Paid
INV-002886,SO-002886,2025-10-21,2025-10-21,CUST-048,Ramachandran (Individual House Owner),BR-03,388.6,69.95,458.55,Immediate UPI,Paid
INV-002887,SO-002887,2025-10-21,2025-11-20,CUST-040,Sri Krishna Engineering College Hostel,BR-03,2820.64,507.71,3328.35,Net 30,Paid
INV-002888,SO-002888,2025-10-21,2025-10-21,CUST-021,Mohammed Riyaz (Home Renovation),BR-01,1001.52,180.28,1181.8,Immediate Cash,Paid
INV-002889,SO-002889,2025-10-22,2025-11-21,CUST-001,Balaji Electrical Contractors,BR-01,8651.68,1557.3,10208.98,Net 30,Paid
INV-002890,SO-002890,2025-10-22,2025-11-21,CUST-027,InnoTech Coworking Hub,BR-02,388.6,69.95,458.55,Net 30,Paid
INV-002891,SO-002891,2025-10-22,2025-11-06,CUST-023,Kalam Brothers Electrical Store,BR-01,187026.74,33664.81,220691.55,Net 15,Paid
INV-002892,SO-002892,2025-10-22,2025-11-21,CUST-022,Global Smart Solutions (P) Ltd,BR-01,76051.94,13689.35,89741.29,Net 30,Paid
INV-002893,SO-002893,2025-10-22,2025-10-29,CUST-044,Mani Bros Electricals (Mani),BR-03,9186.76,1653.62,10840.38,Net 7,Paid
INV-002894,SO-002894,2025-10-22,2025-10-22,CUST-033,Suresh Babu (Villa Construction),BR-02,2445.08,440.11,2885.19,Immediate Card,Paid
INV-002895,SO-002895,2025-10-22,2025-11-06,CUST-013,Metro Supermarket Tambaram,BR-01,2773.06,499.15,3272.21,Net 15,Paid
INV-002896,SO-002896,2025-10-23,2025-11-22,CUST-017,Apex Manufacturing Solutions,BR-01,4700.0,846.0,5546.0,Net 30,Paid
INV-002897,SO-002897,2025-10-23,2025-11-22,CUST-046,Annamalai Agro Processing Unit,BR-03,381.68,68.7,450.38,Net 30,Paid
INV-002898,SO-002898,2025-10-23,2025-10-23,CUST-033,Suresh Babu (Villa Construction),BR-02,242.88,43.72,286.6,Immediate Card,Paid
INV-002899,SO-002899,2025-10-23,2025-12-07,CUST-011,Victory Housing Projects Phase 2,BR-01,125308.0,22555.44,147863.44,Net 45,Paid
INV-002900,SO-002900,2025-10-24,2025-11-23,CUST-007,TechPark Facility Maintenance Team,BR-01,2101.0,378.18,2479.18,Net 30,Paid
INV-002901,SO-002901,2025-10-24,2025-11-23,CUST-037,Kovai Textile Mills Facility Team,BR-03,1061.72,191.11,1252.83,Net 30,Paid
INV-002902,SO-002902,2025-10-24,2025-10-24,CUST-030,Dr. Arvind Rao Dental Clinic,BR-02,3115.6,560.81,3676.41,Immediate UPI,Paid
INV-002903,SO-002903,2025-10-25,2025-11-24,CUST-016,Royal Comfort Residency Hotel,BR-01,3810.0,685.8,4495.8,Net 30,Paid
INV-002904,SO-002904,2025-10-25,2025-11-24,CUST-047,Kovai Elite Residency Hotel,BR-03,3642.88,655.72,4298.6,Net 30,Paid
INV-002905,SO-002905,2025-10-25,2025-12-09,CUST-029,Raghavendra Infrastructure Developers,BR-02,48882.56,8798.86,57681.42,Net 45,Paid
INV-002906,SO-002906,2025-10-25,2025-11-24,CUST-046,Annamalai Agro Processing Unit,BR-03,557.8,100.4,658.2,Net 30,Paid
INV-002907,SO-002907,2025-10-25,2025-11-24,CUST-034,Silicon Valley PG Hostel Chain,BR-02,1074.66,193.44,1268.1,Net 30,Paid
INV-002908,SO-002908,2025-10-27,2025-11-26,CUST-047,Kovai Elite Residency Hotel,BR-03,1057.06,190.27,1247.33,Net 30,Paid
INV-002909,SO-002909,2025-10-27,2025-11-26,CUST-028,Sri Venkateshwara Hardware & Electricals,BR-02,195377.4,35167.93,230545.33,Net 30,Paid
INV-002910,SO-002910,2025-10-27,2025-11-11,CUST-002,Kalaivani Hardware & Paints,BR-01,141870.2,25536.64,167406.84,Net 15,Paid
INV-002911,SO-002911,2025-10-27,2025-11-11,CUST-023,Kalam Brothers Electrical Store,BR-01,26902.4,4842.43,31744.83,Net 15,Paid
INV-002912,SO-002912,2025-10-28,2025-12-12,CUST-041,Kongu Builders & Real Estate,BR-03,11512.6,2072.27,13584.87,Net 45,Paid
INV-002913,SO-002913,2025-10-28,2025-11-04,CUST-008,Anbu Electricals (Anbazhagan),BR-01,18433.56,3318.04,21751.6,Net 7,Paid
INV-002914,SO-002914,2025-10-28,2025-11-04,CUST-008,Anbu Electricals (Anbazhagan),BR-01,5625.24,1012.54,6637.78,Net 7,Paid
INV-002915,SO-002915,2025-10-28,2025-11-27,CUST-009,Devi Agency & Lighting Store,BR-01,227603.4,40968.61,268572.01,Net 30,Paid
INV-002916,SO-002916,2025-10-28,2025-11-12,CUST-002,Kalaivani Hardware & Paints,BR-01,143500.0,25830.0,169330.0,Net 15,Paid
INV-002917,SO-002917,2025-10-29,2025-10-29,CUST-030,Dr. Arvind Rao Dental Clinic,BR-02,240.0,43.2,283.2,Immediate UPI,Paid
INV-002918,SO-002918,2025-10-29,2025-11-28,CUST-009,Devi Agency & Lighting Store,BR-01,134898.0,24281.64,159179.64,Net 30,Paid
INV-002919,SO-002919,2025-10-29,2025-11-28,CUST-047,Kovai Elite Residency Hotel,BR-03,480.0,86.4,566.4,Net 30,Paid
INV-002920,SO-002920,2025-10-29,2025-10-29,CUST-005,Murugan Auto Garage & Works,BR-01,1690.3,304.25,1994.55,Immediate Cash,Paid
INV-002921,SO-002921,2025-10-29,2025-11-13,CUST-023,Kalam Brothers Electrical Store,BR-01,216905.52,39043.0,255948.52,Net 15,Paid
INV-002922,SO-002922,2025-10-29,2025-11-13,CUST-042,Velan Pump & Motor Spares Store,BR-03,163185.32,29373.36,192558.68,Net 15,Paid
INV-002923,SO-002923,2025-10-30,2025-10-30,CUST-030,Dr. Arvind Rao Dental Clinic,BR-02,243.12,43.76,286.88,Immediate UPI,Paid
INV-002924,SO-002924,2025-10-30,2025-11-14,CUST-003,Saravana Electric Works (Govindaraj),BR-01,5392.0,970.56,6362.56,Net 15,Paid
INV-002925,SO-002925,2025-10-30,2025-11-29,CUST-037,Kovai Textile Mills Facility Team,BR-03,2877.2,517.9,3395.1,Net 30,Paid
INV-002926,SO-002926,2025-10-30,2025-10-30,CUST-048,Ramachandran (Individual House Owner),BR-03,356.24,64.12,420.36,Immediate UPI,Paid
INV-002927,SO-002927,2025-10-30,2025-11-29,CUST-037,Kovai Textile Mills Facility Team,BR-03,1080.0,194.4,1274.4,Net 30,Paid
INV-002928,SO-002928,2025-10-30,2025-10-30,CUST-030,Dr. Arvind Rao Dental Clinic,BR-02,1468.6,264.35,1732.95,Immediate UPI,Paid
INV-002929,SO-002929,2025-10-30,2025-11-29,CUST-027,InnoTech Coworking Hub,BR-02,2100.0,378.0,2478.0,Net 30,Paid
INV-002930,SO-002930,2025-10-31,2025-10-31,CUST-014,Siva Shankaran (Individual Home),BR-01,178.12,32.06,210.18,Immediate Cash,Paid
INV-002931,SO-002931,2025-10-31,2025-11-30,CUST-010,Vels Vidyashram School Campus,BR-01,9095.0,1637.1,10732.1,Net 30,Paid
INV-002932,SO-002932,2025-10-31,2025-11-30,CUST-034,Silicon Valley PG Hostel Chain,BR-02,837.06,150.67,987.73,Net 30,Paid
INV-002933,SO-002933,2025-10-31,2025-10-31,CUST-030,Dr. Arvind Rao Dental Clinic,BR-02,1228.12,221.06,1449.18,Immediate UPI,Paid
INV-002934,SO-002934,2025-10-31,2025-11-30,CUST-016,Royal Comfort Residency Hotel,BR-01,6742.88,1213.72,7956.6,Net 30,Paid
INV-002935,SO-002935,2025-11-01,2025-11-16,CUST-020,Selvam Electrician Services,BR-01,19267.0,3468.06,22735.06,Net 15,Paid
INV-002936,SO-002936,2025-11-01,2025-12-01,CUST-040,Sri Krishna Engineering College Hostel,BR-03,4774.24,859.36,5633.6,Net 30,Paid
INV-002937,SO-002937,2025-11-01,2025-12-01,CUST-017,Apex Manufacturing Solutions,BR-01,480.0,86.4,566.4,Net 30,Paid
INV-002938,SO-002938,2025-11-01,2025-12-01,CUST-027,InnoTech Coworking Hub,BR-02,1936.0,348.48,2284.48,Net 30,Paid
INV-002939,SO-002939,2025-11-01,2025-11-16,CUST-023,Kalam Brothers Electrical Store,BR-01,57712.72,10388.29,68101.01,Net 15,Paid
INV-002940,SO-002940,2025-11-01,2025-11-08,CUST-008,Anbu Electricals (Anbazhagan),BR-01,31000.0,5580.0,36580.0,Net 7,Paid
INV-002941,SO-002941,2025-11-01,2025-11-16,CUST-039,Rangasamy Electrician Workshop,BR-03,6432.0,1157.76,7589.76,Net 15,Paid
INV-002942,SO-002942,2025-11-01,2025-12-01,CUST-043,Sundaram Hospital Maintenance,BR-03,4286.0,771.48,5057.48,Net 30,Paid
INV-002943,SO-002943,2025-11-03,2025-12-03,CUST-001,Balaji Electrical Contractors,BR-01,33606.2,6049.12,39655.32,Net 30,Paid
INV-002944,SO-002944,2025-11-03,2025-12-03,CUST-015,Srinivasan & Sons Contractor,BR-01,76684.8,13803.26,90488.06,Net 30,Paid
INV-002945,SO-002945,2025-11-03,2025-11-03,CUST-012,Karthik Residential Apartment Owner,BR-01,9894.0,1780.92,11674.92,Immediate Card,Paid
INV-002946,SO-002946,2025-11-03,2025-12-03,CUST-043,Sundaram Hospital Maintenance,BR-03,7671.0,1380.78,9051.78,Net 30,Paid
INV-002947,SO-002947,2025-11-03,2025-12-03,CUST-009,Devi Agency & Lighting Store,BR-01,195542.0,35197.56,230739.56,Net 30,Paid
INV-002948,SO-002948,2025-11-04,2025-12-04,CUST-037,Kovai Textile Mills Facility Team,BR-03,4500.0,810.0,5310.0,Net 30,Paid
INV-002949,SO-002949,2025-11-04,2025-11-04,CUST-012,Karthik Residential Apartment Owner,BR-01,1270.8,228.74,1499.54,Immediate Card,Paid
INV-002950,SO-002950,2025-11-04,2025-12-04,CUST-047,Kovai Elite Residency Hotel,BR-03,1050.0,189.0,1239.0,Net 30,Paid
INV-002951,SO-002951,2025-11-04,2025-11-04,CUST-014,Siva Shankaran (Individual Home),BR-01,138.0,24.84,162.84,Immediate Cash,Paid
INV-002952,SO-002952,2025-11-05,2025-12-05,CUST-025,Brigade Vista Apartment Owners Assn,BR-02,4830.0,869.4,5699.4,Net 30,Paid
INV-002953,SO-002953,2025-11-05,2025-12-05,CUST-025,Brigade Vista Apartment Owners Assn,BR-02,9250.0,1665.0,10915.0,Net 30,Paid
INV-002954,SO-002954,2025-11-05,2025-12-05,CUST-019,Poompuhar Handicrafts Store,BR-01,667.6,120.17,787.77,Net 30,Paid
INV-002955,SO-002955,2025-11-06,2025-12-06,CUST-007,TechPark Facility Maintenance Team,BR-01,7940.0,1429.2,9369.2,Net 30,Paid
INV-002956,SO-002956,2025-11-06,2025-11-13,CUST-035,Gowda Electrical Repairs,BR-02,2340.0,421.2,2761.2,Net 7,Paid
INV-002957,SO-002957,2025-11-06,2025-11-06,CUST-014,Siva Shankaran (Individual Home),BR-01,3595.0,647.1,4242.1,Immediate Cash,Paid
INV-002958,SO-002958,2025-11-06,2025-11-06,CUST-005,Murugan Auto Garage & Works,BR-01,4139.0,745.02,4884.02,Immediate Cash,Paid
INV-002959,SO-002959,2025-11-06,2025-11-21,CUST-013,Metro Supermarket Tambaram,BR-01,4315.0,776.7,5091.7,Net 15,Paid
INV-002960,SO-002960,2025-11-06,2025-12-06,CUST-027,InnoTech Coworking Hub,BR-02,1392.0,250.56,1642.56,Net 30,Paid
INV-002961,SO-002961,2025-11-06,2025-12-06,CUST-036,Urban Spaces Interior Studio,BR-02,189520.2,34113.64,223633.84,Net 30,Paid
INV-002962,SO-002962,2025-11-06,2025-12-06,CUST-028,Sri Venkateshwara Hardware & Electricals,BR-02,37786.0,6801.48,44587.48,Net 30,Paid
INV-002963,SO-002963,2025-11-07,2025-12-07,CUST-025,Brigade Vista Apartment Owners Assn,BR-02,1978.0,356.04,2334.04,Net 30,Paid
INV-002964,SO-002964,2025-11-07,2025-11-07,CUST-030,Dr. Arvind Rao Dental Clinic,BR-02,9138.0,1644.84,10782.84,Immediate UPI,Paid
INV-002965,SO-002965,2025-11-07,2025-11-22,CUST-039,Rangasamy Electrician Workshop,BR-03,7737.0,1392.66,9129.66,Net 15,Paid
INV-002966,SO-002966,2025-11-07,2025-12-07,CUST-036,Urban Spaces Interior Studio,BR-02,62408.6,11233.54,73642.14,Net 30,Paid
INV-002967,SO-002967,2025-11-08,2025-12-08,CUST-015,Srinivasan & Sons Contractor,BR-01,106833.8,19230.08,126063.88,Net 30,Paid
INV-002968,SO-002968,2025-11-08,2025-12-08,CUST-022,Global Smart Solutions (P) Ltd,BR-01,64947.2,11690.5,76637.7,Net 30,Paid
INV-002969,SO-002969,2025-11-08,2025-11-08,CUST-033,Suresh Babu (Villa Construction),BR-02,1575.0,283.5,1858.5,Immediate Card,Paid
INV-002970,SO-002970,2025-11-10,2025-11-25,CUST-013,Metro Supermarket Tambaram,BR-01,5580.0,1004.4,6584.4,Net 15,Paid
INV-002971,SO-002971,2025-11-10,2025-12-10,CUST-047,Kovai Elite Residency Hotel,BR-03,2928.0,527.04,3455.04,Net 30,Paid
INV-002972,SO-002972,2025-11-10,2025-12-10,CUST-037,Kovai Textile Mills Facility Team,BR-03,2692.8,484.7,3177.5,Net 30,Paid
INV-002973,SO-002973,2025-11-10,2025-12-10,CUST-032,Cauvery Engineering Contractors,BR-02,13561.6,2441.09,16002.69,Net 30,Paid
INV-002974,SO-002974,2025-11-11,2025-11-26,CUST-023,Kalam Brothers Electrical Store,BR-01,141361.4,25445.05,166806.45,Net 15,Paid
INV-002975,SO-002975,2025-11-11,2025-11-11,CUST-033,Suresh Babu (Villa Construction),BR-02,414.0,74.52,488.52,Immediate Card,Paid
INV-002976,SO-002976,2025-11-11,2025-11-11,CUST-021,Mohammed Riyaz (Home Renovation),BR-01,3400.0,612.0,4012.0,Immediate Cash,Paid
INV-002977,SO-002977,2025-11-11,2025-11-11,CUST-048,Ramachandran (Individual House Owner),BR-03,3450.0,621.0,4071.0,Immediate UPI,Paid
INV-002978,SO-002978,2025-11-11,2025-12-26,CUST-029,Raghavendra Infrastructure Developers,BR-02,211862.0,38135.16,249997.16,Net 45,Paid
INV-002979,SO-002979,2025-11-11,2025-11-18,CUST-035,Gowda Electrical Repairs,BR-02,4899.0,881.82,5780.82,Net 7,Paid
INV-002980,SO-002980,2025-11-11,2025-12-26,CUST-004,Sri Ramakrishna Builders & Infra,BR-01,27964.6,5033.63,32998.23,Net 45,Paid
INV-002981,SO-002981,2025-11-11,2025-12-11,CUST-046,Annamalai Agro Processing Unit,BR-03,4962.4,893.23,5855.63,Net 30,Paid
INV-002982,SO-002982,2025-11-12,2025-11-12,CUST-005,Murugan Auto Garage & Works,BR-01,2175.0,391.5,2566.5,Immediate Cash,Paid
INV-002983,SO-002983,2025-11-12,2025-11-27,CUST-002,Kalaivani Hardware & Paints,BR-01,209053.0,37629.54,246682.54,Net 15,Paid
INV-002984,SO-002984,2025-11-12,2025-11-12,CUST-005,Murugan Auto Garage & Works,BR-01,6814.0,1226.52,8040.52,Immediate Cash,Paid
INV-002985,SO-002985,2025-11-12,2025-12-12,CUST-037,Kovai Textile Mills Facility Team,BR-03,1894.0,340.92,2234.92,Net 30,Paid
INV-002986,SO-002986,2025-11-13,2025-11-28,CUST-013,Metro Supermarket Tambaram,BR-01,5824.0,1048.32,6872.32,Net 15,Paid
INV-002987,SO-002987,2025-11-13,2025-11-13,CUST-031,Nandini Milk Parlour & Mart,BR-02,1100.0,198.0,1298.0,Immediate Cash,Paid
INV-002988,SO-002988,2025-11-13,2025-11-13,CUST-021,Mohammed Riyaz (Home Renovation),BR-01,6900.0,1242.0,8142.0,Immediate Cash,Paid
INV-002989,SO-002989,2025-11-13,2025-11-13,CUST-045,Karthika Departmental Store,BR-03,1575.0,283.5,1858.5,Immediate Cash,Paid
INV-002990,SO-002990,2025-11-13,2025-12-13,CUST-016,Royal Comfort Residency Hotel,BR-01,3085.0,555.3,3640.3,Net 30,Paid
INV-002991,SO-002991,2025-11-13,2025-12-13,CUST-036,Urban Spaces Interior Studio,BR-02,77636.6,13974.59,91611.19,Net 30,Paid
INV-002992,SO-002992,2025-11-13,2025-12-13,CUST-017,Apex Manufacturing Solutions,BR-01,4715.0,848.7,5563.7,Net 30,Paid
INV-002993,SO-002993,2025-11-13,2025-11-13,CUST-005,Murugan Auto Garage & Works,BR-01,1656.0,298.08,1954.08,Immediate Cash,Paid
INV-002994,SO-002994,2025-11-14,2025-11-29,CUST-023,Kalam Brothers Electrical Store,BR-01,90846.0,16352.28,107198.28,Net 15,Paid
INV-002995,SO-002995,2025-11-14,2025-12-14,CUST-025,Brigade Vista Apartment Owners Assn,BR-02,345.0,62.1,407.1,Net 30,Paid
INV-002996,SO-002996,2025-11-14,2025-12-14,CUST-046,Annamalai Agro Processing Unit,BR-03,2910.0,523.8,3433.8,Net 30,Paid
INV-002997,SO-002997,2025-11-14,2025-11-14,CUST-005,Murugan Auto Garage & Works,BR-01,2590.0,466.2,3056.2,Immediate Cash,Paid
INV-002998,SO-002998,2025-11-14,2025-12-29,CUST-029,Raghavendra Infrastructure Developers,BR-02,72828.0,13109.04,85937.04,Net 45,Paid
INV-002999,SO-002999,2025-11-15,2025-11-15,CUST-018,Lakshmi Vilas Sweets & Bakery,BR-01,1205.2,216.94,1422.14,Immediate UPI,Paid
INV-003000,SO-003000,2025-11-15,2025-12-15,CUST-009,Devi Agency & Lighting Store,BR-01,131546.4,23678.35,155224.75,Net 30,Paid
INV-003001,SO-003001,2025-11-15,2025-12-30,CUST-041,Kongu Builders & Real Estate,BR-03,57235.0,10302.3,67537.3,Net 45,Paid
INV-003002,SO-003002,2025-11-15,2025-11-15,CUST-012,Karthik Residential Apartment Owner,BR-01,7950.0,1431.0,9381.0,Immediate Card,Paid
INV-003003,SO-003003,2025-11-15,2025-12-15,CUST-047,Kovai Elite Residency Hotel,BR-03,6900.0,1242.0,8142.0,Net 30,Paid
INV-003004,SO-003004,2025-11-15,2025-12-15,CUST-036,Urban Spaces Interior Studio,BR-02,172600.4,31068.07,203668.47,Net 30,Paid
INV-003005,SO-003005,2025-11-17,2025-11-24,CUST-035,Gowda Electrical Repairs,BR-02,1755.2,315.94,2071.14,Net 7,Paid
INV-003006,SO-003006,2025-11-17,2025-12-17,CUST-046,Annamalai Agro Processing Unit,BR-03,3070.0,552.6,3622.6,Net 30,Paid
INV-003007,SO-003007,2025-11-17,2026-01-01,CUST-011,Victory Housing Projects Phase 2,BR-01,49529.0,8915.22,58444.22,Net 45,Paid
INV-003008,SO-003008,2025-11-17,2025-12-17,CUST-022,Global Smart Solutions (P) Ltd,BR-01,174618.0,31431.24,206049.24,Net 30,Paid
INV-003009,SO-003009,2025-11-17,2025-11-24,CUST-008,Anbu Electricals (Anbazhagan),BR-01,2320.0,417.6,2737.6,Net 7,Paid
INV-003010,SO-003010,2025-11-17,2026-01-01,CUST-011,Victory Housing Projects Phase 2,BR-01,52081.4,9374.65,61456.05,Net 45,Paid
INV-003011,SO-003011,2025-11-17,2025-12-17,CUST-015,Srinivasan & Sons Contractor,BR-01,39834.0,7170.12,47004.12,Net 30,Paid
INV-003012,SO-003012,2025-11-18,2025-12-18,CUST-047,Kovai Elite Residency Hotel,BR-03,5044.0,907.92,5951.92,Net 30,Paid
INV-003013,SO-003013,2025-11-18,2025-12-18,CUST-015,Srinivasan & Sons Contractor,BR-01,128812.8,23186.3,151999.1,Net 30,Paid
INV-003014,SO-003014,2025-11-18,2025-12-03,CUST-039,Rangasamy Electrician Workshop,BR-03,18185.0,3273.3,21458.3,Net 15,Paid
INV-003015,SO-003015,2025-11-18,2025-12-03,CUST-020,Selvam Electrician Services,BR-01,11304.0,2034.72,13338.72,Net 15,Paid
INV-003016,SO-003016,2025-11-18,2025-12-03,CUST-003,Saravana Electric Works (Govindaraj),BR-01,38532.0,6935.76,45467.76,Net 15,Paid
INV-003017,SO-003017,2025-11-18,2025-11-25,CUST-035,Gowda Electrical Repairs,BR-02,8709.6,1567.73,10277.33,Net 7,Paid
INV-003018,SO-003018,2025-11-18,2025-12-18,CUST-022,Global Smart Solutions (P) Ltd,BR-01,46498.2,8369.68,54867.88,Net 30,Paid
INV-003019,SO-003019,2025-11-18,2025-12-18,CUST-036,Urban Spaces Interior Studio,BR-02,14919.0,2685.42,17604.42,Net 30,Paid
INV-003020,SO-003020,2025-11-19,2025-12-19,CUST-037,Kovai Textile Mills Facility Team,BR-03,883.2,158.98,1042.18,Net 30,Paid
INV-003021,SO-003021,2025-11-19,2025-12-04,CUST-039,Rangasamy Electrician Workshop,BR-03,10084.0,1815.12,11899.12,Net 15,Paid
INV-003022,SO-003022,2025-11-19,2025-11-19,CUST-030,Dr. Arvind Rao Dental Clinic,BR-02,202.4,36.43,238.83,Immediate UPI,Paid
INV-003023,SO-003023,2025-11-19,2025-12-04,CUST-020,Selvam Electrician Services,BR-01,21533.0,3875.94,25408.94,Net 15,Paid
INV-003024,SO-003024,2025-11-20,2025-12-20,CUST-034,Silicon Valley PG Hostel Chain,BR-02,6900.0,1242.0,8142.0,Net 30,Paid
INV-003025,SO-003025,2025-11-20,2025-12-05,CUST-002,Kalaivani Hardware & Paints,BR-01,107135.0,19284.3,126419.3,Net 15,Paid
INV-003026,SO-003026,2025-11-20,2025-12-20,CUST-009,Devi Agency & Lighting Store,BR-01,301681.8,54302.72,355984.52,Net 30,Paid
INV-003027,SO-003027,2025-11-20,2025-11-20,CUST-030,Dr. Arvind Rao Dental Clinic,BR-02,202.4,36.43,238.83,Immediate UPI,Paid
INV-003028,SO-003028,2025-11-20,2025-12-05,CUST-039,Rangasamy Electrician Workshop,BR-03,5746.0,1034.28,6780.28,Net 15,Paid
INV-003029,SO-003029,2025-11-21,2026-01-05,CUST-041,Kongu Builders & Real Estate,BR-03,115296.0,20753.28,136049.28,Net 45,Paid
INV-003030,SO-003030,2025-11-21,2025-12-21,CUST-032,Cauvery Engineering Contractors,BR-02,45704.4,8226.79,53931.19,Net 30,Paid
INV-003031,SO-003031,2025-11-21,2025-12-21,CUST-037,Kovai Textile Mills Facility Team,BR-03,1824.0,328.32,2152.32,Net 30,Paid
INV-003032,SO-003032,2025-11-21,2025-12-21,CUST-015,Srinivasan & Sons Contractor,BR-01,40331.4,7259.65,47591.05,Net 30,Paid
INV-003033,SO-003033,2025-11-22,2025-12-22,CUST-028,Sri Venkateshwara Hardware & Electricals,BR-02,200065.8,36011.85,236077.65,Net 30,Paid
INV-003034,SO-003034,2025-11-22,2025-12-22,CUST-037,Kovai Textile Mills Facility Team,BR-03,2590.0,466.2,3056.2,Net 30,Paid
INV-003035,SO-003035,2025-11-22,2025-12-07,CUST-002,Kalaivani Hardware & Paints,BR-01,114525.6,20614.61,135140.21,Net 15,Paid
INV-003036,SO-003036,2025-11-22,2025-12-22,CUST-027,InnoTech Coworking Hub,BR-02,2785.0,501.3,3286.3,Net 30,Paid
INV-003037,SO-003037,2025-11-22,2025-12-22,CUST-025,Brigade Vista Apartment Owners Assn,BR-02,101.2,18.22,119.42,Net 30,Paid
INV-003038,SO-003038,2025-11-22,2025-12-22,CUST-022,Global Smart Solutions (P) Ltd,BR-01,95180.0,17132.4,112312.4,Net 30,Paid
INV-003039,SO-003039,2025-11-22,2025-12-22,CUST-036,Urban Spaces Interior Studio,BR-02,50335.0,9060.3,59395.3,Net 30,Paid
INV-003040,SO-003040,2025-11-24,2025-12-24,CUST-015,Srinivasan & Sons Contractor,BR-01,75478.0,13586.04,89064.04,Net 30,Paid
INV-003041,SO-003041,2025-11-24,2025-12-09,CUST-038,Marutham Electrical & Power Agency,BR-03,169410.0,30493.8,199903.8,Net 15,Paid
INV-003042,SO-003042,2025-11-24,2026-01-08,CUST-029,Raghavendra Infrastructure Developers,BR-02,232488.4,41847.91,274336.31,Net 45,Paid
INV-003043,SO-003043,2025-11-24,2025-11-24,CUST-012,Karthik Residential Apartment Owner,BR-01,883.2,158.98,1042.18,Immediate Card,Paid
INV-003044,SO-003044,2025-11-24,2025-11-24,CUST-012,Karthik Residential Apartment Owner,BR-01,299.0,53.82,352.82,Immediate Card,Paid
INV-003045,SO-003045,2025-11-25,2025-12-25,CUST-046,Annamalai Agro Processing Unit,BR-03,2414.0,434.52,2848.52,Net 30,Paid
INV-003046,SO-003046,2025-11-25,2026-01-09,CUST-041,Kongu Builders & Real Estate,BR-03,230979.0,41576.22,272555.22,Net 45,Paid
INV-003047,SO-003047,2025-11-25,2025-12-02,CUST-044,Mani Bros Electricals (Mani),BR-03,8865.6,1595.81,10461.41,Net 7,Paid
INV-003048,SO-003048,2025-11-26,2025-12-11,CUST-038,Marutham Electrical & Power Agency,BR-03,146722.0,26409.96,173131.96,Net 15,Paid
INV-003049,SO-003049,2025-11-26,2025-12-26,CUST-036,Urban Spaces Interior Studio,BR-02,66169.2,11910.46,78079.66,Net 30,Paid
INV-003050,SO-003050,2025-11-26,2026-01-10,CUST-004,Sri Ramakrishna Builders & Infra,BR-01,55765.2,10037.74,65802.94,Net 45,Paid
INV-003051,SO-003051,2025-11-26,2025-12-26,CUST-032,Cauvery Engineering Contractors,BR-02,174909.2,31483.66,206392.86,Net 30,Paid
INV-003052,SO-003052,2025-11-26,2025-12-26,CUST-010,Vels Vidyashram School Campus,BR-01,2910.0,523.8,3433.8,Net 30,Paid
INV-003053,SO-003053,2025-11-26,2026-01-10,CUST-004,Sri Ramakrishna Builders & Infra,BR-01,72382.0,13028.76,85410.76,Net 45,Paid
INV-003054,SO-003054,2025-11-26,2025-12-11,CUST-002,Kalaivani Hardware & Paints,BR-01,163780.0,29480.4,193260.4,Net 15,Paid
INV-003055,SO-003055,2025-11-27,2025-12-12,CUST-013,Metro Supermarket Tambaram,BR-01,579.6,104.33,683.93,Net 15,Paid
INV-003056,SO-003056,2025-11-27,2025-12-27,CUST-028,Sri Venkateshwara Hardware & Electricals,BR-02,394920.0,71085.6,466005.6,Net 30,Paid
INV-003057,SO-003057,2025-11-27,2025-12-27,CUST-032,Cauvery Engineering Contractors,BR-02,79252.0,14265.36,93517.36,Net 30,Paid
INV-003058,SO-003058,2025-11-27,2025-12-27,CUST-017,Apex Manufacturing Solutions,BR-01,1257.4,226.33,1483.73,Net 30,Paid
INV-003059,SO-003059,2025-11-27,2025-11-27,CUST-012,Karthik Residential Apartment Owner,BR-01,883.2,158.98,1042.18,Immediate Card,Paid
INV-003060,SO-003060,2025-11-27,2025-12-27,CUST-019,Poompuhar Handicrafts Store,BR-01,386.2,69.52,455.72,Net 30,Paid
INV-003061,SO-003061,2025-11-28,2025-12-28,CUST-047,Kovai Elite Residency Hotel,BR-03,7750.0,1395.0,9145.0,Net 30,Paid
INV-003062,SO-003062,2025-11-28,2025-12-13,CUST-020,Selvam Electrician Services,BR-01,19252.0,3465.36,22717.36,Net 15,Paid
INV-003063,SO-003063,2025-11-28,2026-01-12,CUST-041,Kongu Builders & Real Estate,BR-03,20455.0,3681.9,24136.9,Net 45,Paid
INV-003064,SO-003064,2025-11-28,2025-12-05,CUST-008,Anbu Electricals (Anbazhagan),BR-01,9195.0,1655.1,10850.1,Net 7,Paid
INV-003065,SO-003065,2025-11-28,2025-12-28,CUST-010,Vels Vidyashram School Campus,BR-01,30.0,5.4,35.4,Net 30,Paid
INV-003066,SO-003066,2025-11-28,2025-11-28,CUST-045,Karthika Departmental Store,BR-03,4250.0,765.0,5015.0,Immediate Cash,Paid
INV-003067,SO-003067,2025-11-29,2025-12-29,CUST-025,Brigade Vista Apartment Owners Assn,BR-02,4500.0,810.0,5310.0,Net 30,Paid
INV-003068,SO-003068,2025-11-29,2025-12-29,CUST-027,InnoTech Coworking Hub,BR-02,3856.0,694.08,4550.08,Net 30,Paid
INV-003069,SO-003069,2025-11-29,2025-12-29,CUST-040,Sri Krishna Engineering College Hostel,BR-03,1432.2,257.8,1690.0,Net 30,Paid
INV-003070,SO-003070,2025-11-29,2025-12-06,CUST-008,Anbu Electricals (Anbazhagan),BR-01,1460.0,262.8,1722.8,Net 7,Paid
INV-003071,SO-003071,2025-12-01,2025-12-16,CUST-003,Saravana Electric Works (Govindaraj),BR-01,1973.4,355.21,2328.61,Net 15,Paid
INV-003072,SO-003072,2025-12-01,2025-12-31,CUST-001,Balaji Electrical Contractors,BR-01,146827.0,26428.86,173255.86,Net 30,Paid
INV-003073,SO-003073,2025-12-01,2025-12-01,CUST-006,Dr. Priya Sundaram (Home Clinic),BR-01,986.2,177.52,1163.72,Immediate UPI,Paid
INV-003074,SO-003074,2025-12-02,2026-01-01,CUST-028,Sri Venkateshwara Hardware & Electricals,BR-02,80767.2,14538.09,95305.29,Net 30,Paid
INV-003075,SO-003075,2025-12-02,2025-12-17,CUST-023,Kalam Brothers Electrical Store,BR-01,153300.0,27594.0,180894.0,Net 15,Paid
INV-003076,SO-003076,2025-12-02,2025-12-02,CUST-045,Karthika Departmental Store,BR-03,2219.0,399.42,2618.42,Immediate Cash,Paid
INV-003077,SO-003077,2025-12-02,2025-12-09,CUST-008,Anbu Electricals (Anbazhagan),BR-01,5533.0,995.94,6528.94,Net 7,Paid
INV-003078,SO-003078,2025-12-03,2025-12-03,CUST-048,Ramachandran (Individual House Owner),BR-03,220.8,39.74,260.54,Immediate UPI,Paid
INV-003079,SO-003079,2025-12-03,2026-01-02,CUST-034,Silicon Valley PG Hostel Chain,BR-02,836.2,150.52,986.72,Net 30,Paid
INV-003080,SO-003080,2025-12-03,2026-01-02,CUST-037,Kovai Textile Mills Facility Team,BR-03,1051.6,189.29,1240.89,Net 30,Paid
INV-003081,SO-003081,2025-12-03,2026-01-02,CUST-015,Srinivasan & Sons Contractor,BR-01,186805.0,33624.9,220429.9,Net 30,Paid
INV-003082,SO-003082,2025-12-03,2026-01-02,CUST-028,Sri Venkateshwara Hardware & Electricals,BR-02,93672.0,16860.96,110532.96,Net 30,Paid
INV-003083,SO-003083,2025-12-03,2026-01-02,CUST-015,Srinivasan & Sons Contractor,BR-01,46634.4,8394.19,55028.59,Net 30,Paid
INV-003084,SO-003084,2025-12-03,2026-01-02,CUST-007,TechPark Facility Maintenance Team,BR-01,322.0,57.96,379.96,Net 30,Paid
INV-003085,SO-003085,2025-12-04,2025-12-04,CUST-048,Ramachandran (Individual House Owner),BR-03,1050.0,189.0,1239.0,Immediate UPI,Paid
INV-003086,SO-003086,2025-12-04,2025-12-04,CUST-006,Dr. Priya Sundaram (Home Clinic),BR-01,2710.0,487.8,3197.8,Immediate UPI,Paid
INV-003087,SO-003087,2025-12-04,2025-12-04,CUST-048,Ramachandran (Individual House Owner),BR-03,330.0,59.4,389.4,Immediate UPI,Paid
INV-003088,SO-003088,2025-12-04,2026-01-03,CUST-019,Poompuhar Handicrafts Store,BR-01,4914.0,884.52,5798.52,Net 30,Paid
INV-003089,SO-003089,2025-12-04,2025-12-11,CUST-008,Anbu Electricals (Anbazhagan),BR-01,2975.0,535.5,3510.5,Net 7,Paid
INV-003090,SO-003090,2025-12-04,2025-12-19,CUST-013,Metro Supermarket Tambaram,BR-01,1050.0,189.0,1239.0,Net 15,Paid
INV-003091,SO-003091,2025-12-04,2026-01-03,CUST-022,Global Smart Solutions (P) Ltd,BR-01,7290.0,1312.2,8602.2,Net 30,Paid
INV-003092,SO-003092,2025-12-05,2025-12-05,CUST-014,Siva Shankaran (Individual Home),BR-01,720.0,129.6,849.6,Immediate Cash,Paid
INV-003093,SO-003093,2025-12-05,2026-01-04,CUST-007,TechPark Facility Maintenance Team,BR-01,4862.0,875.16,5737.16,Net 30,Paid
INV-003094,SO-003094,2025-12-05,2025-12-12,CUST-044,Mani Bros Electricals (Mani),BR-03,3147.0,566.46,3713.46,Net 7,Paid
INV-003095,SO-003095,2025-12-05,2025-12-05,CUST-033,Suresh Babu (Villa Construction),BR-02,10641.6,1915.49,12557.09,Immediate Card,Paid
INV-003096,SO-003096,2025-12-05,2026-01-04,CUST-022,Global Smart Solutions (P) Ltd,BR-01,85047.6,15308.57,100356.17,Net 30,Paid
INV-003097,SO-003097,2025-12-05,2025-12-20,CUST-039,Rangasamy Electrician Workshop,BR-03,4956.0,892.08,5848.08,Net 15,Paid
INV-003098,SO-003098,2025-12-05,2025-12-05,CUST-006,Dr. Priya Sundaram (Home Clinic),BR-01,1090.0,196.2,1286.2,Immediate UPI,Paid
INV-003099,SO-003099,2025-12-05,2025-12-05,CUST-030,Dr. Arvind Rao Dental Clinic,BR-02,1541.6,277.49,1819.09,Immediate UPI,Paid
INV-003100,SO-003100,2025-12-06,2025-12-06,CUST-012,Karthik Residential Apartment Owner,BR-01,3250.0,585.0,3835.0,Immediate Card,Paid
INV-003101,SO-003101,2025-12-06,2026-01-05,CUST-034,Silicon Valley PG Hostel Chain,BR-02,1050.0,189.0,1239.0,Net 30,Paid
INV-003102,SO-003102,2025-12-06,2025-12-06,CUST-045,Karthika Departmental Store,BR-03,65.0,11.7,76.7,Immediate Cash,Paid
INV-003103,SO-003103,2025-12-06,2025-12-06,CUST-048,Ramachandran (Individual House Owner),BR-03,3450.0,621.0,4071.0,Immediate UPI,Paid
INV-003104,SO-003104,2025-12-06,2025-12-21,CUST-002,Kalaivani Hardware & Paints,BR-01,34517.0,6213.06,40730.06,Net 15,Paid
INV-003105,SO-003105,2025-12-06,2026-01-05,CUST-017,Apex Manufacturing Solutions,BR-01,5348.8,962.78,6311.58,Net 30,Paid
INV-003106,SO-003106,2025-12-08,2025-12-15,CUST-035,Gowda Electrical Repairs,BR-02,3351.0,603.18,3954.18,Net 7,Paid
INV-003107,SO-003107,2025-12-08,2025-12-08,CUST-030,Dr. Arvind Rao Dental Clinic,BR-02,30.0,5.4,35.4,Immediate UPI,Paid
INV-003108,SO-003108,2025-12-08,2026-01-22,CUST-011,Victory Housing Projects Phase 2,BR-01,24760.8,4456.94,29217.74,Net 45,Paid
INV-003109,SO-003109,2025-12-08,2025-12-15,CUST-044,Mani Bros Electricals (Mani),BR-03,7371.6,1326.89,8698.49,Net 7,Paid
INV-003110,SO-003110,2025-12-09,2025-12-24,CUST-013,Metro Supermarket Tambaram,BR-01,938.4,168.91,1107.31,Net 15,Paid
INV-003111,SO-003111,2025-12-09,2025-12-09,CUST-033,Suresh Babu (Villa Construction),BR-02,6930.0,1247.4,8177.4,Immediate Card,Paid
INV-003112,SO-003112,2025-12-09,2025-12-24,CUST-023,Kalam Brothers Electrical Store,BR-01,184215.0,33158.7,217373.7,Net 15,Paid
INV-003113,SO-003113,2025-12-09,2025-12-24,CUST-042,Velan Pump & Motor Spares Store,BR-03,135515.0,24392.7,159907.7,Net 15,Paid
INV-003114,SO-003114,2025-12-09,2026-01-23,CUST-004,Sri Ramakrishna Builders & Infra,BR-01,15443.4,2779.81,18223.21,Net 45,Paid
INV-003115,SO-003115,2025-12-09,2025-12-09,CUST-045,Karthika Departmental Store,BR-03,207.0,37.26,244.26,Immediate Cash,Paid
INV-003116,SO-003116,2025-12-10,2025-12-25,CUST-038,Marutham Electrical & Power Agency,BR-03,109173.2,19651.18,128824.38,Net 15,Paid
INV-003117,SO-003117,2025-12-10,2025-12-25,CUST-026,Manjunatha Electrical Works,BR-02,370.0,66.6,436.6,Net 15,Paid
INV-003118,SO-003118,2025-12-10,2026-01-24,CUST-004,Sri Ramakrishna Builders & Infra,BR-01,52960.0,9532.8,62492.8,Net 45,Paid
INV-003119,SO-003119,2025-12-10,2026-01-09,CUST-032,Cauvery Engineering Contractors,BR-02,30101.0,5418.18,35519.18,Net 30,Paid
INV-003120,SO-003120,2025-12-10,2026-01-09,CUST-043,Sundaram Hospital Maintenance,BR-03,8364.0,1505.52,9869.52,Net 30,Paid
INV-003121,SO-003121,2025-12-10,2026-01-09,CUST-022,Global Smart Solutions (P) Ltd,BR-01,32261.2,5807.02,38068.22,Net 30,Paid
INV-003122,SO-003122,2025-12-10,2025-12-25,CUST-026,Manjunatha Electrical Works,BR-02,5493.0,988.74,6481.74,Net 15,Paid
INV-003123,SO-003123,2025-12-10,2026-01-24,CUST-029,Raghavendra Infrastructure Developers,BR-02,52809.2,9505.66,62314.86,Net 45,Paid
INV-003124,SO-003124,2025-12-11,2025-12-26,CUST-013,Metro Supermarket Tambaram,BR-01,69.0,12.42,81.42,Net 15,Paid
INV-003125,SO-003125,2025-12-11,2025-12-26,CUST-020,Selvam Electrician Services,BR-01,26620.0,4791.6,31411.6,Net 15,Paid
INV-003126,SO-003126,2025-12-11,2025-12-26,CUST-038,Marutham Electrical & Power Agency,BR-03,39267.0,7068.06,46335.06,Net 15,Paid
INV-003127,SO-003127,2025-12-11,2025-12-11,CUST-045,Karthika Departmental Store,BR-03,3600.0,648.0,4248.0,Immediate Cash,Paid
INV-003128,SO-003128,2025-12-11,2026-01-10,CUST-027,InnoTech Coworking Hub,BR-02,2619.0,471.42,3090.42,Net 30,Paid
INV-003129,SO-003129,2025-12-12,2026-01-11,CUST-047,Kovai Elite Residency Hotel,BR-03,2150.0,387.0,2537.0,Net 30,Paid
INV-003130,SO-003130,2025-12-12,2026-01-11,CUST-043,Sundaram Hospital Maintenance,BR-03,495.0,89.1,584.1,Net 30,Paid
INV-003131,SO-003131,2025-12-12,2026-01-11,CUST-046,Annamalai Agro Processing Unit,BR-03,2648.6,476.75,3125.35,Net 30,Paid
INV-003132,SO-003132,2025-12-12,2025-12-27,CUST-013,Metro Supermarket Tambaram,BR-01,1940.0,349.2,2289.2,Net 15,Paid
INV-003133,SO-003133,2025-12-12,2025-12-12,CUST-014,Siva Shankaran (Individual Home),BR-01,586.6,105.59,692.19,Immediate Cash,Paid
INV-003134,SO-003134,2025-12-13,2026-01-12,CUST-047,Kovai Elite Residency Hotel,BR-03,6245.6,1124.21,7369.81,Net 30,Paid
INV-003135,SO-003135,2025-12-13,2026-01-12,CUST-040,Sri Krishna Engineering College Hostel,BR-03,4702.4,846.43,5548.83,Net 30,Paid
INV-003136,SO-003136,2025-12-13,2026-01-27,CUST-029,Raghavendra Infrastructure Developers,BR-02,184890.0,33280.2,218170.2,Net 45,Paid
INV-003137,SO-003137,2025-12-13,2026-01-12,CUST-043,Sundaram Hospital Maintenance,BR-03,2430.0,437.4,2867.4,Net 30,Paid
INV-003138,SO-003138,2025-12-15,2025-12-30,CUST-039,Rangasamy Electrician Workshop,BR-03,7160.0,1288.8,8448.8,Net 15,Paid
INV-003139,SO-003139,2025-12-15,2026-01-14,CUST-001,Balaji Electrical Contractors,BR-01,317576.0,57163.68,374739.68,Net 30,Paid
INV-003140,SO-003140,2025-12-15,2025-12-15,CUST-033,Suresh Babu (Villa Construction),BR-02,8000.0,1440.0,9440.0,Immediate Card,Paid
INV-003141,SO-003141,2025-12-15,2026-01-14,CUST-015,Srinivasan & Sons Contractor,BR-01,67820.0,12207.6,80027.6,Net 30,Paid
INV-003142,SO-003142,2025-12-16,2025-12-16,CUST-021,Mohammed Riyaz (Home Renovation),BR-01,1100.0,198.0,1298.0,Immediate Cash,Paid
INV-003143,SO-003143,2025-12-16,2026-01-15,CUST-001,Balaji Electrical Contractors,BR-01,14680.0,2642.4,17322.4,Net 30,Paid
INV-003144,SO-003144,2025-12-16,2025-12-31,CUST-039,Rangasamy Electrician Workshop,BR-03,2478.0,446.04,2924.04,Net 15,Paid
INV-003145,SO-003145,2025-12-17,2025-12-17,CUST-012,Karthik Residential Apartment Owner,BR-01,280.0,50.4,330.4,Immediate Card,Paid
INV-003146,SO-003146,2025-12-17,2025-12-24,CUST-035,Gowda Electrical Repairs,BR-02,8271.0,1488.78,9759.78,Net 7,Paid
INV-003147,SO-003147,2025-12-17,2025-12-17,CUST-021,Mohammed Riyaz (Home Renovation),BR-01,1151.2,207.22,1358.42,Immediate Cash,Paid
INV-003148,SO-003148,2025-12-17,2025-12-24,CUST-044,Mani Bros Electricals (Mani),BR-03,21566.0,3881.88,25447.88,Net 7,Paid
INV-003149,SO-003149,2025-12-17,2026-01-01,CUST-013,Metro Supermarket Tambaram,BR-01,1080.0,194.4,1274.4,Net 15,Paid
INV-003150,SO-003150,2025-12-18,2026-01-17,CUST-019,Poompuhar Handicrafts Store,BR-01,2350.0,423.0,2773.0,Net 30,Paid
INV-003151,SO-003151,2025-12-18,2026-01-17,CUST-010,Vels Vidyashram School Campus,BR-01,1740.6,313.31,2053.91,Net 30,Paid
INV-003152,SO-003152,2025-12-18,2026-01-17,CUST-028,Sri Venkateshwara Hardware & Electricals,BR-02,245386.8,44169.62,289556.42,Net 30,Paid
INV-003153,SO-003153,2025-12-18,2026-01-17,CUST-047,Kovai Elite Residency Hotel,BR-03,2350.0,423.0,2773.0,Net 30,Paid
INV-003154,SO-003154,2025-12-18,2026-01-17,CUST-009,Devi Agency & Lighting Store,BR-01,215124.4,38722.39,253846.79,Net 30,Paid
INV-003155,SO-003155,2025-12-18,2026-01-17,CUST-028,Sri Venkateshwara Hardware & Electricals,BR-02,141287.0,25431.66,166718.66,Net 30,Paid
INV-003156,SO-003156,2025-12-18,2026-01-02,CUST-002,Kalaivani Hardware & Paints,BR-01,190794.0,34342.92,225136.92,Net 15,Paid
INV-003157,SO-003157,2025-12-19,2026-02-02,CUST-029,Raghavendra Infrastructure Developers,BR-02,93302.4,16794.43,110096.83,Net 45,Paid
INV-003158,SO-003158,2025-12-19,2025-12-19,CUST-048,Ramachandran (Individual House Owner),BR-03,330.0,59.4,389.4,Immediate UPI,Paid
INV-003159,SO-003159,2025-12-19,2026-01-18,CUST-027,InnoTech Coworking Hub,BR-02,1215.0,218.7,1433.7,Net 30,Paid
INV-003160,SO-003160,2025-12-19,2025-12-19,CUST-021,Mohammed Riyaz (Home Renovation),BR-01,2552.4,459.43,3011.83,Immediate Cash,Paid
INV-003161,SO-003161,2025-12-19,2025-12-26,CUST-035,Gowda Electrical Repairs,BR-02,12407.2,2233.3,14640.5,Net 7,Paid
INV-003162,SO-003162,2025-12-20,2026-01-19,CUST-043,Sundaram Hospital Maintenance,BR-03,3301.2,594.22,3895.42,Net 30,Paid
INV-003163,SO-003163,2025-12-20,2025-12-20,CUST-021,Mohammed Riyaz (Home Renovation),BR-01,6120.0,1101.6,7221.6,Immediate Cash,Paid
INV-003164,SO-003164,2025-12-20,2026-01-19,CUST-032,Cauvery Engineering Contractors,BR-02,116400.0,20952.0,137352.0,Net 30,Paid
INV-003165,SO-003165,2025-12-20,2026-01-19,CUST-034,Silicon Valley PG Hostel Chain,BR-02,2182.8,392.9,2575.7,Net 30,Paid
INV-003166,SO-003166,2025-12-20,2026-01-04,CUST-013,Metro Supermarket Tambaram,BR-01,1700.0,306.0,2006.0,Net 15,Paid
INV-003167,SO-003167,2025-12-20,2026-01-04,CUST-020,Selvam Electrician Services,BR-01,4740.0,853.2,5593.2,Net 15,Paid
INV-003168,SO-003168,2025-12-20,2026-01-04,CUST-023,Kalam Brothers Electrical Store,BR-01,214258.0,38566.44,252824.44,Net 15,Paid
INV-003169,SO-003169,2025-12-22,2026-01-21,CUST-017,Apex Manufacturing Solutions,BR-01,2583.0,464.94,3047.94,Net 30,Paid
INV-003170,SO-003170,2025-12-22,2026-01-21,CUST-001,Balaji Electrical Contractors,BR-01,53260.0,9586.8,62846.8,Net 30,Paid
INV-003171,SO-003171,2025-12-22,2026-01-21,CUST-025,Brigade Vista Apartment Owners Assn,BR-02,4512.4,812.23,5324.63,Net 30,Paid
INV-003172,SO-003172,2025-12-22,2025-12-22,CUST-018,Lakshmi Vilas Sweets & Bakery,BR-01,720.0,129.6,849.6,Immediate UPI,Paid
INV-003173,SO-003173,2025-12-23,2026-01-07,CUST-023,Kalam Brothers Electrical Store,BR-01,263105.6,47359.01,310464.61,Net 15,Paid
INV-003174,SO-003174,2025-12-23,2025-12-23,CUST-030,Dr. Arvind Rao Dental Clinic,BR-02,720.0,129.6,849.6,Immediate UPI,Paid
INV-003175,SO-003175,2025-12-23,2026-01-22,CUST-034,Silicon Valley PG Hostel Chain,BR-02,2150.0,387.0,2537.0,Net 30,Paid
INV-003176,SO-003176,2025-12-23,2025-12-23,CUST-030,Dr. Arvind Rao Dental Clinic,BR-02,6900.0,1242.0,8142.0,Immediate UPI,Paid
INV-003177,SO-003177,2025-12-23,2026-01-22,CUST-022,Global Smart Solutions (P) Ltd,BR-01,7398.0,1331.64,8729.64,Net 30,Paid
INV-003178,SO-003178,2025-12-24,2026-01-23,CUST-025,Brigade Vista Apartment Owners Assn,BR-02,2100.0,378.0,2478.0,Net 30,Paid
INV-003179,SO-003179,2025-12-24,2026-01-23,CUST-043,Sundaram Hospital Maintenance,BR-03,3850.0,693.0,4543.0,Net 30,Paid
INV-003180,SO-003180,2025-12-24,2026-01-23,CUST-019,Poompuhar Handicrafts Store,BR-01,65.0,11.7,76.7,Net 30,Paid
INV-003181,SO-003181,2025-12-24,2026-01-23,CUST-001,Balaji Electrical Contractors,BR-01,14709.8,2647.76,17357.56,Net 30,Paid
INV-003182,SO-003182,2025-12-24,2026-01-08,CUST-003,Saravana Electric Works (Govindaraj),BR-01,13408.0,2413.44,15821.44,Net 15,Paid
INV-003183,SO-003183,2025-12-24,2026-01-23,CUST-036,Urban Spaces Interior Studio,BR-02,58205.6,10477.01,68682.61,Net 30,Paid
INV-003184,SO-003184,2025-12-24,2026-01-23,CUST-028,Sri Venkateshwara Hardware & Electricals,BR-02,42647.2,7676.5,50323.7,Net 30,Paid
INV-003185,SO-003185,2025-12-24,2025-12-24,CUST-048,Ramachandran (Individual House Owner),BR-03,4428.0,797.04,5225.04,Immediate UPI,Paid
INV-003186,SO-003186,2025-12-25,2026-01-09,CUST-013,Metro Supermarket Tambaram,BR-01,3339.0,601.02,3940.02,Net 15,Paid
INV-003187,SO-003187,2025-12-25,2026-01-24,CUST-032,Cauvery Engineering Contractors,BR-02,46320.0,8337.6,54657.6,Net 30,Paid
INV-003188,SO-003188,2025-12-25,2025-12-25,CUST-005,Murugan Auto Garage & Works,BR-01,850.0,153.0,1003.0,Immediate Cash,Paid
INV-003189,SO-003189,2025-12-25,2026-01-24,CUST-007,TechPark Facility Maintenance Team,BR-01,5978.0,1076.04,7054.04,Net 30,Paid
INV-003190,SO-003190,2025-12-25,2026-01-24,CUST-009,Devi Agency & Lighting Store,BR-01,77958.0,14032.44,91990.44,Net 30,Paid
INV-003191,SO-003191,2025-12-25,2025-12-25,CUST-033,Suresh Babu (Villa Construction),BR-02,483.0,86.94,569.94,Immediate Card,Paid
INV-003192,SO-003192,2025-12-25,2026-01-09,CUST-039,Rangasamy Electrician Workshop,BR-03,9600.0,1728.0,11328.0,Net 15,Paid
INV-003193,SO-003193,2025-12-26,2025-12-26,CUST-014,Siva Shankaran (Individual Home),BR-01,1080.0,194.4,1274.4,Immediate Cash,Paid
INV-003194,SO-003194,2025-12-26,2026-01-25,CUST-022,Global Smart Solutions (P) Ltd,BR-01,78405.0,14112.9,92517.9,Net 30,Paid
INV-003195,SO-003195,2025-12-26,2026-01-10,CUST-002,Kalaivani Hardware & Paints,BR-01,368639.4,66355.09,434994.49,Net 15,Paid
INV-003196,SO-003196,2025-12-27,2026-01-26,CUST-025,Brigade Vista Apartment Owners Assn,BR-02,280.0,50.4,330.4,Net 30,Paid
INV-003197,SO-003197,2025-12-27,2025-12-27,CUST-021,Mohammed Riyaz (Home Renovation),BR-01,1600.0,288.0,1888.0,Immediate Cash,Paid
INV-003198,SO-003198,2025-12-27,2025-12-27,CUST-031,Nandini Milk Parlour & Mart,BR-02,1242.0,223.56,1465.56,Immediate Cash,Paid
INV-003199,SO-003199,2025-12-27,2026-01-26,CUST-028,Sri Venkateshwara Hardware & Electricals,BR-02,113425.0,20416.5,133841.5,Net 30,Paid
INV-003200,SO-003200,2025-12-27,2026-01-03,CUST-044,Mani Bros Electricals (Mani),BR-03,8475.0,1525.5,10000.5,Net 7,Paid
INV-003201,SO-003201,2025-12-29,2025-12-29,CUST-014,Siva Shankaran (Individual Home),BR-01,1980.0,356.4,2336.4,Immediate Cash,Paid
INV-003202,SO-003202,2025-12-29,2026-02-12,CUST-011,Victory Housing Projects Phase 2,BR-01,9410.0,1693.8,11103.8,Net 45,Paid
INV-003203,SO-003203,2025-12-29,2025-12-29,CUST-021,Mohammed Riyaz (Home Renovation),BR-01,6900.0,1242.0,8142.0,Immediate Cash,Paid
INV-003204,SO-003204,2025-12-29,2026-01-13,CUST-023,Kalam Brothers Electrical Store,BR-01,99656.0,17938.08,117594.08,Net 15,Paid
INV-003205,SO-003205,2025-12-29,2025-12-29,CUST-012,Karthik Residential Apartment Owner,BR-01,130.0,23.4,153.4,Immediate Card,Paid
INV-003206,SO-003206,2025-12-30,2026-01-29,CUST-037,Kovai Textile Mills Facility Team,BR-03,7675.0,1381.5,9056.5,Net 30,Paid
INV-003207,SO-003207,2025-12-30,2025-12-30,CUST-018,Lakshmi Vilas Sweets & Bakery,BR-01,4700.0,846.0,5546.0,Immediate UPI,Paid
INV-003208,SO-003208,2025-12-30,2025-12-30,CUST-045,Karthika Departmental Store,BR-03,2460.0,442.8,2902.8,Immediate Cash,Paid
INV-003209,SO-003209,2025-12-30,2025-12-30,CUST-012,Karthik Residential Apartment Owner,BR-01,662.4,119.23,781.63,Immediate Card,Paid
INV-003210,SO-003210,2025-12-30,2026-01-14,CUST-020,Selvam Electrician Services,BR-01,5776.6,1039.79,6816.39,Net 15,Paid
INV-003211,SO-003211,2025-12-30,2026-01-29,CUST-007,TechPark Facility Maintenance Team,BR-01,1675.6,301.61,1977.21,Net 30,Paid
INV-003212,SO-003212,2025-12-30,2026-02-13,CUST-004,Sri Ramakrishna Builders & Infra,BR-01,60358.6,10864.55,71223.15,Net 45,Paid
INV-003213,SO-003213,2025-12-30,2025-12-30,CUST-012,Karthik Residential Apartment Owner,BR-01,850.0,153.0,1003.0,Immediate Card,Paid
INV-003214,SO-003214,2025-12-31,2026-01-15,CUST-002,Kalaivani Hardware & Paints,BR-01,132780.0,23900.4,156680.4,Net 15,Paid
INV-003215,SO-003215,2025-12-31,2026-01-15,CUST-020,Selvam Electrician Services,BR-01,7390.0,1330.2,8720.2,Net 15,Paid
INV-003216,SO-003216,2025-12-31,2026-01-30,CUST-027,InnoTech Coworking Hub,BR-02,525.0,94.5,619.5,Net 30,Paid
INV-003217,SO-003217,2025-12-31,2026-01-30,CUST-028,Sri Venkateshwara Hardware & Electricals,BR-02,99927.0,17986.86,117913.86,Net 30,Paid
INV-003218,SO-003218,2026-01-01,2026-02-15,CUST-041,Kongu Builders & Real Estate,BR-03,19391.0,3490.38,22881.38,Net 45,Paid
INV-003219,SO-003219,2026-01-01,2026-01-01,CUST-012,Karthik Residential Apartment Owner,BR-01,395.0,71.1,466.1,Immediate Card,Paid
INV-003220,SO-003220,2026-01-01,2026-01-01,CUST-006,Dr. Priya Sundaram (Home Clinic),BR-01,2391.6,430.49,2822.09,Immediate UPI,Paid
INV-003221,SO-003221,2026-01-01,2026-02-15,CUST-029,Raghavendra Infrastructure Developers,BR-02,9809.6,1765.73,11575.33,Net 45,Paid
INV-003222,SO-003222,2026-01-01,2026-01-08,CUST-008,Anbu Electricals (Anbazhagan),BR-01,6517.0,1173.06,7690.06,Net 7,Paid
INV-003223,SO-003223,2026-01-01,2026-01-01,CUST-006,Dr. Priya Sundaram (Home Clinic),BR-01,360.0,64.8,424.8,Immediate UPI,Paid
INV-003224,SO-003224,2026-01-02,2026-02-16,CUST-011,Victory Housing Projects Phase 2,BR-01,153151.4,27567.25,180718.65,Net 45,Paid
INV-003225,SO-003225,2026-01-02,2026-02-16,CUST-004,Sri Ramakrishna Builders & Infra,BR-01,59339.0,10681.02,70020.02,Net 45,Paid
INV-003226,SO-003226,2026-01-02,2026-01-02,CUST-014,Siva Shankaran (Individual Home),BR-01,4700.0,846.0,5546.0,Immediate Cash,Paid
INV-003227,SO-003227,2026-01-02,2026-02-01,CUST-037,Kovai Textile Mills Facility Team,BR-03,4962.2,893.2,5855.4,Net 30,Paid
INV-003228,SO-003228,2026-01-03,2026-01-10,CUST-035,Gowda Electrical Repairs,BR-02,14845.0,2672.1,17517.1,Net 7,Paid
INV-003229,SO-003229,2026-01-03,2026-01-10,CUST-044,Mani Bros Electricals (Mani),BR-03,4006.0,721.08,4727.08,Net 7,Paid
INV-003230,SO-003230,2026-01-03,2026-01-03,CUST-045,Karthika Departmental Store,BR-03,616.4,110.95,727.35,Immediate Cash,Paid
INV-003231,SO-003231,2026-01-03,2026-01-03,CUST-014,Siva Shankaran (Individual Home),BR-01,138.0,24.84,162.84,Immediate Cash,Paid
INV-003232,SO-003232,2026-01-03,2026-01-18,CUST-042,Velan Pump & Motor Spares Store,BR-03,63084.0,11355.12,74439.12,Net 15,Paid
INV-003233,SO-003233,2026-01-03,2026-02-02,CUST-022,Global Smart Solutions (P) Ltd,BR-01,33032.0,5945.76,38977.76,Net 30,Paid
INV-003234,SO-003234,2026-01-05,2026-01-05,CUST-005,Murugan Auto Garage & Works,BR-01,1100.0,198.0,1298.0,Immediate Cash,Paid
INV-003235,SO-003235,2026-01-05,2026-01-05,CUST-012,Karthik Residential Apartment Owner,BR-01,5350.0,963.0,6313.0,Immediate Card,Paid
INV-003236,SO-003236,2026-01-05,2026-01-12,CUST-035,Gowda Electrical Repairs,BR-02,2591.0,466.38,3057.38,Net 7,Paid
INV-003237,SO-003237,2026-01-05,2026-01-05,CUST-018,Lakshmi Vilas Sweets & Bakery,BR-01,1920.8,345.74,2266.54,Immediate UPI,Paid
INV-003238,SO-003238,2026-01-05,2026-02-04,CUST-007,TechPark Facility Maintenance Team,BR-01,560.0,100.8,660.8,Net 30,Paid
INV-003239,SO-003239,2026-01-06,2026-02-05,CUST-016,Royal Comfort Residency Hotel,BR-01,1280.0,230.4,1510.4,Net 30,Paid
INV-003240,SO-003240,2026-01-06,2026-01-06,CUST-006,Dr. Priya Sundaram (Home Clinic),BR-01,600.0,108.0,708.0,Immediate UPI,Paid
INV-003241,SO-003241,2026-01-06,2026-01-21,CUST-026,Manjunatha Electrical Works,BR-02,6800.0,1224.0,8024.0,Net 15,Paid
INV-003242,SO-003242,2026-01-06,2026-02-20,CUST-029,Raghavendra Infrastructure Developers,BR-02,6118.0,1101.24,7219.24,Net 45,Paid
INV-003243,SO-003243,2026-01-06,2026-01-06,CUST-012,Karthik Residential Apartment Owner,BR-01,3772.0,678.96,4450.96,Immediate Card,Paid
INV-003244,SO-003244,2026-01-06,2026-02-05,CUST-019,Poompuhar Handicrafts Store,BR-01,750.0,135.0,885.0,Net 30,Paid
INV-003245,SO-003245,2026-01-06,2026-01-21,CUST-038,Marutham Electrical & Power Agency,BR-03,98075.0,17653.5,115728.5,Net 15,Paid
INV-003246,SO-003246,2026-01-07,2026-01-22,CUST-026,Manjunatha Electrical Works,BR-02,6516.0,1172.88,7688.88,Net 15,Paid
INV-003247,SO-003247,2026-01-07,2026-01-22,CUST-039,Rangasamy Electrician Workshop,BR-03,5645.0,1016.1,6661.1,Net 15,Paid
INV-003248,SO-003248,2026-01-07,2026-02-06,CUST-015,Srinivasan & Sons Contractor,BR-01,69119.0,12441.42,81560.42,Net 30,Paid
INV-003249,SO-003249,2026-01-07,2026-02-06,CUST-034,Silicon Valley PG Hostel Chain,BR-02,1115.0,200.7,1315.7,Net 30,Paid
INV-003250,SO-003250,2026-01-07,2026-01-07,CUST-006,Dr. Priya Sundaram (Home Clinic),BR-01,65.0,11.7,76.7,Immediate UPI,Paid
INV-003251,SO-003251,2026-01-07,2026-02-06,CUST-025,Brigade Vista Apartment Owners Assn,BR-02,3420.8,615.74,4036.54,Net 30,Paid
INV-003252,SO-003252,2026-01-07,2026-02-06,CUST-032,Cauvery Engineering Contractors,BR-02,35413.2,6374.38,41787.58,Net 30,Paid
INV-003253,SO-003253,2026-01-07,2026-01-07,CUST-030,Dr. Arvind Rao Dental Clinic,BR-02,4861.0,874.98,5735.98,Immediate UPI,Paid
INV-003254,SO-003254,2026-01-08,2026-02-07,CUST-017,Apex Manufacturing Solutions,BR-01,597.4,107.53,704.93,Net 30,Paid
INV-003255,SO-003255,2026-01-08,2026-01-08,CUST-014,Siva Shankaran (Individual Home),BR-01,441.6,79.49,521.09,Immediate Cash,Paid
INV-003256,SO-003256,2026-01-08,2026-02-07,CUST-016,Royal Comfort Residency Hotel,BR-01,850.0,153.0,1003.0,Net 30,Paid
INV-003257,SO-003257,2026-01-08,2026-02-07,CUST-043,Sundaram Hospital Maintenance,BR-03,304.8,54.86,359.66,Net 30,Paid
INV-003258,SO-003258,2026-01-08,2026-01-08,CUST-021,Mohammed Riyaz (Home Renovation),BR-01,3029.2,545.26,3574.46,Immediate Cash,Paid
INV-003259,SO-003259,2026-01-08,2026-01-23,CUST-013,Metro Supermarket Tambaram,BR-01,542.8,97.7,640.5,Net 15,Paid
INV-003260,SO-003260,2026-01-08,2026-02-07,CUST-025,Brigade Vista Apartment Owners Assn,BR-02,562.0,101.16,663.16,Net 30,Paid
INV-003261,SO-003261,2026-01-08,2026-01-23,CUST-023,Kalam Brothers Electrical Store,BR-01,56415.0,10154.7,66569.7,Net 15,Paid
INV-003262,SO-003262,2026-01-09,2026-01-09,CUST-006,Dr. Priya Sundaram (Home Clinic),BR-01,2900.0,522.0,3422.0,Immediate UPI,Paid
INV-003263,SO-003263,2026-01-09,2026-02-08,CUST-037,Kovai Textile Mills Facility Team,BR-03,1700.0,306.0,2006.0,Net 30,Paid
INV-003264,SO-003264,2026-01-09,2026-02-08,CUST-016,Royal Comfort Residency Hotel,BR-01,8600.0,1548.0,10148.0,Net 30,Paid
INV-003265,SO-003265,2026-01-09,2026-02-08,CUST-028,Sri Venkateshwara Hardware & Electricals,BR-02,207566.0,37361.88,244927.88,Net 30,Paid
INV-003266,SO-003266,2026-01-09,2026-02-08,CUST-019,Poompuhar Handicrafts Store,BR-01,280.0,50.4,330.4,Net 30,Paid
INV-003267,SO-003267,2026-01-09,2026-02-08,CUST-046,Annamalai Agro Processing Unit,BR-03,1412.4,254.23,1666.63,Net 30,Paid
INV-003268,SO-003268,2026-01-09,2026-01-09,CUST-030,Dr. Arvind Rao Dental Clinic,BR-02,2350.0,423.0,2773.0,Immediate UPI,Paid
INV-003269,SO-003269,2026-01-10,2026-01-10,CUST-045,Karthika Departmental Store,BR-03,736.0,132.48,868.48,Immediate Cash,Paid
INV-003270,SO-003270,2026-01-10,2026-02-09,CUST-010,Vels Vidyashram School Campus,BR-01,5938.0,1068.84,7006.84,Net 30,Paid
INV-003271,SO-003271,2026-01-10,2026-01-25,CUST-003,Saravana Electric Works (Govindaraj),BR-01,2905.0,522.9,3427.9,Net 15,Paid
INV-003272,SO-003272,2026-01-10,2026-01-10,CUST-030,Dr. Arvind Rao Dental Clinic,BR-02,441.6,79.49,521.09,Immediate UPI,Paid
INV-003273,SO-003273,2026-01-10,2026-02-09,CUST-046,Annamalai Agro Processing Unit,BR-03,84.0,15.12,99.12,Net 30,Paid
INV-003274,SO-003274,2026-01-10,2026-01-10,CUST-031,Nandini Milk Parlour & Mart,BR-02,545.0,98.1,643.1,Immediate Cash,Paid
INV-003275,SO-003275,2026-01-12,2026-01-12,CUST-018,Lakshmi Vilas Sweets & Bakery,BR-01,30.0,5.4,35.4,Immediate UPI,Paid
INV-003276,SO-003276,2026-01-12,2026-01-19,CUST-035,Gowda Electrical Repairs,BR-02,24920.0,4485.6,29405.6,Net 7,Paid
INV-003277,SO-003277,2026-01-12,2026-02-11,CUST-036,Urban Spaces Interior Studio,BR-02,69168.8,12450.38,81619.18,Net 30,Paid
INV-003278,SO-003278,2026-01-12,2026-01-12,CUST-012,Karthik Residential Apartment Owner,BR-01,305.0,54.9,359.9,Immediate Card,Paid
INV-003279,SO-003279,2026-01-13,2026-02-12,CUST-001,Balaji Electrical Contractors,BR-01,19812.0,3566.16,23378.16,Net 30,Paid
INV-003280,SO-003280,2026-01-13,2026-01-28,CUST-023,Kalam Brothers Electrical Store,BR-01,61254.0,11025.72,72279.72,Net 15,Paid
INV-003281,SO-003281,2026-01-13,2026-02-27,CUST-041,Kongu Builders & Real Estate,BR-03,40974.0,7375.32,48349.32,Net 45,Paid
INV-003282,SO-003282,2026-01-13,2026-02-12,CUST-017,Apex Manufacturing Solutions,BR-01,4450.0,801.0,5251.0,Net 30,Paid
INV-003283,SO-003283,2026-01-14,2026-01-29,CUST-003,Saravana Electric Works (Govindaraj),BR-01,19412.0,3494.16,22906.16,Net 15,Paid
INV-003284,SO-003284,2026-01-14,2026-01-14,CUST-005,Murugan Auto Garage & Works,BR-01,828.0,149.04,977.04,Immediate Cash,Paid
INV-003285,SO-003285,2026-01-14,2026-02-28,CUST-041,Kongu Builders & Real Estate,BR-03,134694.0,24244.92,158938.92,Net 45,Paid
INV-003286,SO-003286,2026-01-15,2026-02-14,CUST-007,TechPark Facility Maintenance Team,BR-01,1784.0,321.12,2105.12,Net 30,Paid
INV-003287,SO-003287,2026-01-15,2026-01-15,CUST-030,Dr. Arvind Rao Dental Clinic,BR-02,1016.2,182.92,1199.12,Immediate UPI,Paid
INV-003288,SO-003288,2026-01-15,2026-02-14,CUST-022,Global Smart Solutions (P) Ltd,BR-01,166225.8,29920.64,196146.44,Net 30,Paid
INV-003289,SO-003289,2026-01-15,2026-01-15,CUST-006,Dr. Priya Sundaram (Home Clinic),BR-01,740.0,133.2,873.2,Immediate UPI,Paid
INV-003290,SO-003290,2026-01-15,2026-02-14,CUST-009,Devi Agency & Lighting Store,BR-01,138011.2,24842.01,162853.21,Net 30,Paid
INV-003291,SO-003291,2026-01-15,2026-02-14,CUST-040,Sri Krishna Engineering College Hostel,BR-03,101.2,18.22,119.42,Net 30,Paid
INV-003292,SO-003292,2026-01-16,2026-03-02,CUST-041,Kongu Builders & Real Estate,BR-03,14242.0,2563.56,16805.56,Net 45,Paid
INV-003293,SO-003293,2026-01-16,2026-01-16,CUST-012,Karthik Residential Apartment Owner,BR-01,130.0,23.4,153.4,Immediate Card,Paid
INV-003294,SO-003294,2026-01-16,2026-01-31,CUST-039,Rangasamy Electrician Workshop,BR-03,7667.0,1380.06,9047.06,Net 15,Paid
INV-003295,SO-003295,2026-01-16,2026-01-16,CUST-018,Lakshmi Vilas Sweets & Bakery,BR-01,414.0,74.52,488.52,Immediate UPI,Paid
INV-003296,SO-003296,2026-01-16,2026-02-15,CUST-027,InnoTech Coworking Hub,BR-02,131.2,23.62,154.82,Net 30,Paid
INV-003297,SO-003297,2026-01-17,2026-01-24,CUST-008,Anbu Electricals (Anbazhagan),BR-01,3990.0,718.2,4708.2,Net 7,Paid
INV-003298,SO-003298,2026-01-17,2026-02-16,CUST-037,Kovai Textile Mills Facility Team,BR-03,6965.0,1253.7,8218.7,Net 30,Paid
INV-003299,SO-003299,2026-01-17,2026-02-01,CUST-013,Metro Supermarket Tambaram,BR-01,685.0,123.3,808.3,Net 15,Paid
INV-003300,SO-003300,2026-01-17,2026-03-03,CUST-029,Raghavendra Infrastructure Developers,BR-02,118076.0,21253.68,139329.68,Net 45,Paid
INV-003301,SO-003301,2026-01-19,2026-03-05,CUST-004,Sri Ramakrishna Builders & Infra,BR-01,39962.0,7193.16,47155.16,Net 45,Paid
INV-003302,SO-003302,2026-01-19,2026-01-26,CUST-035,Gowda Electrical Repairs,BR-02,4350.0,783.0,5133.0,Net 7,Paid
INV-003303,SO-003303,2026-01-19,2026-02-03,CUST-026,Manjunatha Electrical Works,BR-02,2260.0,406.8,2666.8,Net 15,Paid
INV-003304,SO-003304,2026-01-19,2026-02-18,CUST-022,Global Smart Solutions (P) Ltd,BR-01,20450.0,3681.0,24131.0,Net 30,Paid
INV-003305,SO-003305,2026-01-20,2026-02-19,CUST-043,Sundaram Hospital Maintenance,BR-03,5665.0,1019.7,6684.7,Net 30,Paid
INV-003306,SO-003306,2026-01-20,2026-02-19,CUST-032,Cauvery Engineering Contractors,BR-02,22763.0,4097.34,26860.34,Net 30,Paid
INV-003307,SO-003307,2026-01-20,2026-02-19,CUST-010,Vels Vidyashram School Campus,BR-01,1100.0,198.0,1298.0,Net 30,Paid
INV-003308,SO-003308,2026-01-20,2026-02-19,CUST-028,Sri Venkateshwara Hardware & Electricals,BR-02,75109.8,13519.76,88629.56,Net 30,Paid
INV-003309,SO-003309,2026-01-20,2026-01-20,CUST-033,Suresh Babu (Villa Construction),BR-02,3749.0,674.82,4423.82,Immediate Card,Paid
INV-003310,SO-003310,2026-01-20,2026-02-19,CUST-015,Srinivasan & Sons Contractor,BR-01,6365.0,1145.7,7510.7,Net 30,Paid
INV-003311,SO-003311,2026-01-20,2026-02-19,CUST-015,Srinivasan & Sons Contractor,BR-01,93714.8,16868.66,110583.46,Net 30,Paid
INV-003312,SO-003312,2026-01-20,2026-01-20,CUST-048,Ramachandran (Individual House Owner),BR-03,1065.0,191.7,1256.7,Immediate UPI,Paid
INV-003313,SO-003313,2026-01-21,2026-02-20,CUST-043,Sundaram Hospital Maintenance,BR-03,161.0,28.98,189.98,Net 30,Paid
INV-003314,SO-003314,2026-01-21,2026-02-05,CUST-003,Saravana Electric Works (Govindaraj),BR-01,11360.0,2044.8,13404.8,Net 15,Paid
INV-003315,SO-003315,2026-01-21,2026-02-20,CUST-025,Brigade Vista Apartment Owners Assn,BR-02,2350.0,423.0,2773.0,Net 30,Paid
INV-003316,SO-003316,2026-01-21,2026-01-21,CUST-031,Nandini Milk Parlour & Mart,BR-02,230.0,41.4,271.4,Immediate Cash,Paid
INV-003317,SO-003317,2026-01-21,2026-02-20,CUST-016,Royal Comfort Residency Hotel,BR-01,240.0,43.2,283.2,Net 30,Paid
INV-003318,SO-003318,2026-01-21,2026-02-20,CUST-007,TechPark Facility Maintenance Team,BR-01,2680.8,482.54,3163.34,Net 30,Paid
INV-003319,SO-003319,2026-01-22,2026-02-21,CUST-043,Sundaram Hospital Maintenance,BR-03,1050.0,189.0,1239.0,Net 30,Paid
INV-003320,SO-003320,2026-01-22,2026-02-21,CUST-019,Poompuhar Handicrafts Store,BR-01,2692.8,484.71,3177.51,Net 30,Paid
INV-003321,SO-003321,2026-01-22,2026-03-08,CUST-029,Raghavendra Infrastructure Developers,BR-02,180291.6,32452.48,212744.08,Net 45,Paid
INV-003322,SO-003322,2026-01-22,2026-02-21,CUST-032,Cauvery Engineering Contractors,BR-02,24091.2,4336.42,28427.62,Net 30,Paid
INV-003323,SO-003323,2026-01-22,2026-03-08,CUST-004,Sri Ramakrishna Builders & Infra,BR-01,17571.8,3162.92,20734.72,Net 45,Paid
INV-003324,SO-003324,2026-01-22,2026-01-22,CUST-005,Murugan Auto Garage & Works,BR-01,789.0,142.02,931.02,Immediate Cash,Paid
INV-003325,SO-003325,2026-01-22,2026-03-08,CUST-029,Raghavendra Infrastructure Developers,BR-02,103649.0,18656.82,122305.82,Net 45,Paid
INV-003326,SO-003326,2026-01-23,2026-01-30,CUST-008,Anbu Electricals (Anbazhagan),BR-01,32610.0,5869.8,38479.8,Net 7,Paid
INV-003327,SO-003327,2026-01-23,2026-02-07,CUST-038,Marutham Electrical & Power Agency,BR-03,136046.4,24488.35,160534.75,Net 15,Paid
INV-003328,SO-003328,2026-01-23,2026-02-22,CUST-019,Poompuhar Handicrafts Store,BR-01,2645.0,476.1,3121.1,Net 30,Paid
INV-003329,SO-003329,2026-01-23,2026-01-23,CUST-021,Mohammed Riyaz (Home Renovation),BR-01,130.0,23.4,153.4,Immediate Cash,Paid
INV-003330,SO-003330,2026-01-23,2026-02-22,CUST-047,Kovai Elite Residency Hotel,BR-03,240.0,43.2,283.2,Net 30,Paid
INV-003331,SO-003331,2026-01-23,2026-02-22,CUST-036,Urban Spaces Interior Studio,BR-02,44342.2,7981.6,52323.8,Net 30,Paid
INV-003332,SO-003332,2026-01-23,2026-02-07,CUST-038,Marutham Electrical & Power Agency,BR-03,218902.0,39402.36,258304.36,Net 15,Paid
INV-003333,SO-003333,2026-01-23,2026-02-22,CUST-047,Kovai Elite Residency Hotel,BR-03,1930.0,347.4,2277.4,Net 30,Paid
INV-003334,SO-003334,2026-01-24,2026-02-23,CUST-001,Balaji Electrical Contractors,BR-01,79596.8,14327.42,93924.22,Net 30,Paid
INV-003335,SO-003335,2026-01-24,2026-01-24,CUST-012,Karthik Residential Apartment Owner,BR-01,789.0,142.02,931.02,Immediate Card,Paid
INV-003336,SO-003336,2026-01-24,2026-02-23,CUST-046,Annamalai Agro Processing Unit,BR-03,414.0,74.52,488.52,Net 30,Paid
INV-003337,SO-003337,2026-01-24,2026-02-23,CUST-001,Balaji Electrical Contractors,BR-01,228118.0,41061.24,269179.24,Net 30,Paid
INV-003338,SO-003338,2026-01-24,2026-03-10,CUST-041,Kongu Builders & Real Estate,BR-03,32262.8,5807.3,38070.1,Net 45,Paid
INV-003339,SO-003339,2026-01-24,2026-01-24,CUST-005,Murugan Auto Garage & Works,BR-01,3772.0,678.96,4450.96,Immediate Cash,Paid
INV-003340,SO-003340,2026-01-26,2026-02-25,CUST-015,Srinivasan & Sons Contractor,BR-01,17731.0,3191.58,20922.58,Net 30,Paid
INV-003341,SO-003341,2026-01-26,2026-02-10,CUST-038,Marutham Electrical & Power Agency,BR-03,215020.4,38703.67,253724.07,Net 15,Paid
INV-003342,SO-003342,2026-01-26,2026-02-25,CUST-017,Apex Manufacturing Solutions,BR-01,2811.2,506.02,3317.22,Net 30,Paid
INV-003343,SO-003343,2026-01-26,2026-01-26,CUST-018,Lakshmi Vilas Sweets & Bakery,BR-01,165.0,29.7,194.7,Immediate UPI,Paid
INV-003344,SO-003344,2026-01-26,2026-02-25,CUST-047,Kovai Elite Residency Hotel,BR-03,1550.8,279.14,1829.94,Net 30,Paid
INV-003345,SO-003345,2026-01-27,2026-02-26,CUST-028,Sri Venkateshwara Hardware & Electricals,BR-02,126975.0,22855.5,149830.5,Net 30,Paid
INV-003346,SO-003346,2026-01-27,2026-02-11,CUST-042,Velan Pump & Motor Spares Store,BR-03,285991.0,51478.38,337469.38,Net 15,Paid
INV-003347,SO-003347,2026-01-27,2026-02-26,CUST-046,Annamalai Agro Processing Unit,BR-03,1541.6,277.49,1819.09,Net 30,Paid
INV-003348,SO-003348,2026-01-27,2026-02-26,CUST-046,Annamalai Agro Processing Unit,BR-03,2488.0,447.84,2935.84,Net 30,Paid
INV-003349,SO-003349,2026-01-27,2026-02-26,CUST-028,Sri Venkateshwara Hardware & Electricals,BR-02,185553.0,33399.54,218952.54,Net 30,Paid
INV-003350,SO-003350,2026-01-27,2026-02-26,CUST-010,Vels Vidyashram School Campus,BR-01,1145.0,206.1,1351.1,Net 30,Paid
INV-003351,SO-003351,2026-01-27,2026-02-26,CUST-009,Devi Agency & Lighting Store,BR-01,222170.0,39990.6,262160.6,Net 30,Paid
INV-003352,SO-003352,2026-01-28,2026-03-14,CUST-029,Raghavendra Infrastructure Developers,BR-02,49016.6,8822.99,57839.59,Net 45,Paid
INV-003353,SO-003353,2026-01-28,2026-02-04,CUST-008,Anbu Electricals (Anbazhagan),BR-01,9023.0,1624.14,10647.14,Net 7,Paid
INV-003354,SO-003354,2026-01-28,2026-02-27,CUST-036,Urban Spaces Interior Studio,BR-02,42582.8,7664.9,50247.7,Net 30,Paid
INV-003355,SO-003355,2026-01-28,2026-02-04,CUST-008,Anbu Electricals (Anbazhagan),BR-01,9600.0,1728.0,11328.0,Net 7,Paid
INV-003356,SO-003356,2026-01-28,2026-02-27,CUST-032,Cauvery Engineering Contractors,BR-02,44389.0,7990.02,52379.02,Net 30,Paid
INV-003357,SO-003357,2026-01-28,2026-03-14,CUST-011,Victory Housing Projects Phase 2,BR-01,81954.6,14751.83,96706.43,Net 45,Paid
INV-003358,SO-003358,2026-01-28,2026-01-28,CUST-033,Suresh Babu (Villa Construction),BR-02,3960.0,712.8,4672.8,Immediate Card,Paid
INV-003359,SO-003359,2026-01-29,2026-02-13,CUST-002,Kalaivani Hardware & Paints,BR-01,178577.2,32143.9,210721.1,Net 15,Paid
INV-003360,SO-003360,2026-01-29,2026-02-28,CUST-037,Kovai Textile Mills Facility Team,BR-03,4630.0,833.4,5463.4,Net 30,Paid
INV-003361,SO-003361,2026-01-29,2026-02-13,CUST-020,Selvam Electrician Services,BR-01,4105.0,738.9,4843.9,Net 15,Paid
INV-003362,SO-003362,2026-01-30,2026-03-01,CUST-015,Srinivasan & Sons Contractor,BR-01,103221.6,18579.89,121801.49,Net 30,Paid
INV-003363,SO-003363,2026-01-30,2026-02-06,CUST-035,Gowda Electrical Repairs,BR-02,2909.6,523.73,3433.33,Net 7,Paid
INV-003364,SO-003364,2026-01-30,2026-02-14,CUST-038,Marutham Electrical & Power Agency,BR-03,47545.4,8558.17,56103.57,Net 15,Paid
INV-003365,SO-003365,2026-01-30,2026-03-01,CUST-007,TechPark Facility Maintenance Team,BR-01,65.0,11.7,76.7,Net 30,Paid
INV-003366,SO-003366,2026-01-30,2026-01-30,CUST-033,Suresh Babu (Villa Construction),BR-02,2650.8,477.14,3127.94,Immediate Card,Paid
INV-003367,SO-003367,2026-01-30,2026-01-30,CUST-005,Murugan Auto Garage & Works,BR-01,2570.8,462.74,3033.54,Immediate Cash,Paid
INV-003368,SO-003368,2026-01-31,2026-01-31,CUST-014,Siva Shankaran (Individual Home),BR-01,9000.0,1620.0,10620.0,Immediate Cash,Paid
INV-003369,SO-003369,2026-01-31,2026-03-02,CUST-019,Poompuhar Handicrafts Store,BR-01,2517.4,453.13,2970.53,Net 30,Paid
INV-003370,SO-003370,2026-01-31,2026-02-15,CUST-013,Metro Supermarket Tambaram,BR-01,360.0,64.8,424.8,Net 15,Paid
INV-003371,SO-003371,2026-01-31,2026-03-02,CUST-022,Global Smart Solutions (P) Ltd,BR-01,133619.4,24051.49,157670.89,Net 30,Paid
INV-003372,SO-003372,2026-01-31,2026-03-02,CUST-022,Global Smart Solutions (P) Ltd,BR-01,136590.4,24586.27,161176.67,Net 30,Paid
INV-003373,SO-003373,2026-01-31,2026-01-31,CUST-030,Dr. Arvind Rao Dental Clinic,BR-02,1768.8,318.38,2087.18,Immediate UPI,Paid
INV-003374,SO-003374,2026-01-31,2026-03-17,CUST-041,Kongu Builders & Real Estate,BR-03,89329.0,16079.22,105408.22,Net 45,Paid
INV-003375,SO-003375,2026-01-31,2026-01-31,CUST-006,Dr. Priya Sundaram (Home Clinic),BR-01,2850.8,513.14,3363.94,Immediate UPI,Paid
INV-003376,SO-003376,2026-02-02,2026-02-17,CUST-039,Rangasamy Electrician Workshop,BR-03,5394.0,970.92,6364.92,Net 15,Paid
INV-003377,SO-003377,2026-02-02,2026-02-02,CUST-005,Murugan Auto Garage & Works,BR-01,6719.0,1209.42,7928.42,Immediate Cash,Paid
INV-003378,SO-003378,2026-02-02,2026-02-17,CUST-020,Selvam Electrician Services,BR-01,9820.0,1767.6,11587.6,Net 15,Paid
INV-003379,SO-003379,2026-02-02,2026-03-04,CUST-025,Brigade Vista Apartment Owners Assn,BR-02,1240.0,223.2,1463.2,Net 30,Paid
INV-003380,SO-003380,2026-02-02,2026-03-04,CUST-009,Devi Agency & Lighting Store,BR-01,163302.4,29394.43,192696.83,Net 30,Paid
INV-003381,SO-003381,2026-02-03,2026-02-18,CUST-042,Velan Pump & Motor Spares Store,BR-03,204423.0,36796.14,241219.14,Net 15,Paid
INV-003382,SO-003382,2026-02-03,2026-03-05,CUST-022,Global Smart Solutions (P) Ltd,BR-01,51590.0,9286.2,60876.2,Net 30,Paid
INV-003383,SO-003383,2026-02-03,2026-02-03,CUST-030,Dr. Arvind Rao Dental Clinic,BR-02,2350.0,423.0,2773.0,Immediate UPI,Paid
INV-003384,SO-003384,2026-02-03,2026-02-03,CUST-005,Murugan Auto Garage & Works,BR-01,7620.0,1371.6,8991.6,Immediate Cash,Paid
INV-003385,SO-003385,2026-02-03,2026-03-05,CUST-027,InnoTech Coworking Hub,BR-02,15.0,2.7,17.7,Net 30,Paid
INV-003386,SO-003386,2026-02-03,2026-03-05,CUST-010,Vels Vidyashram School Campus,BR-01,2350.0,423.0,2773.0,Net 30,Paid
INV-003387,SO-003387,2026-02-03,2026-02-03,CUST-014,Siva Shankaran (Individual Home),BR-01,280.0,50.4,330.4,Immediate Cash,Paid
INV-003388,SO-003388,2026-02-04,2026-03-06,CUST-007,TechPark Facility Maintenance Team,BR-01,1054.0,189.72,1243.72,Net 30,Paid
INV-003389,SO-003389,2026-02-04,2026-02-04,CUST-045,Karthika Departmental Store,BR-03,3450.0,621.0,4071.0,Immediate Cash,Paid
INV-003390,SO-003390,2026-02-04,2026-03-06,CUST-037,Kovai Textile Mills Facility Team,BR-03,7636.0,1374.48,9010.48,Net 30,Paid
INV-003391,SO-003391,2026-02-05,2026-03-07,CUST-015,Srinivasan & Sons Contractor,BR-01,33180.6,5972.51,39153.11,Net 30,Paid
INV-003392,SO-003392,2026-02-05,2026-03-07,CUST-025,Brigade Vista Apartment Owners Assn,BR-02,3900.0,702.0,4602.0,Net 30,Paid
INV-003393,SO-003393,2026-02-05,2026-02-05,CUST-021,Mohammed Riyaz (Home Renovation),BR-01,280.0,50.4,330.4,Immediate Cash,Paid
INV-003394,SO-003394,2026-02-06,2026-02-06,CUST-014,Siva Shankaran (Individual Home),BR-01,886.2,159.52,1045.72,Immediate Cash,Paid
INV-003395,SO-003395,2026-02-06,2026-03-23,CUST-041,Kongu Builders & Real Estate,BR-03,9096.0,1637.28,10733.28,Net 45,Paid
INV-003396,SO-003396,2026-02-06,2026-02-21,CUST-003,Saravana Electric Works (Govindaraj),BR-01,6555.0,1179.9,7734.9,Net 15,Paid
INV-003397,SO-003397,2026-02-06,2026-02-06,CUST-012,Karthik Residential Apartment Owner,BR-01,30.0,5.4,35.4,Immediate Card,Paid
INV-003398,SO-003398,2026-02-06,2026-02-06,CUST-012,Karthik Residential Apartment Owner,BR-01,589.0,106.02,695.02,Immediate Card,Paid
INV-003399,SO-003399,2026-02-06,2026-02-13,CUST-035,Gowda Electrical Repairs,BR-02,1310.0,235.8,1545.8,Net 7,Paid
INV-003400,SO-003400,2026-02-06,2026-02-21,CUST-039,Rangasamy Electrician Workshop,BR-03,4943.2,889.78,5832.98,Net 15,Paid
INV-003401,SO-003401,2026-02-07,2026-02-07,CUST-005,Murugan Auto Garage & Works,BR-01,2352.4,423.43,2775.83,Immediate Cash,Paid
INV-003402,SO-003402,2026-02-07,2026-03-09,CUST-010,Vels Vidyashram School Campus,BR-01,1700.0,306.0,2006.0,Net 30,Paid
INV-003403,SO-003403,2026-02-07,2026-02-07,CUST-048,Ramachandran (Individual House Owner),BR-03,5550.0,999.0,6549.0,Immediate UPI,Paid
INV-003404,SO-003404,2026-02-09,2026-02-24,CUST-026,Manjunatha Electrical Works,BR-02,3786.0,681.48,4467.48,Net 15,Paid
INV-003405,SO-003405,2026-02-09,2026-03-26,CUST-029,Raghavendra Infrastructure Developers,BR-02,41433.0,7457.94,48890.94,Net 45,Paid
INV-003406,SO-003406,2026-02-09,2026-03-11,CUST-022,Global Smart Solutions (P) Ltd,BR-01,145825.6,26248.61,172074.21,Net 30,Paid
INV-003407,SO-003407,2026-02-09,2026-03-26,CUST-041,Kongu Builders & Real Estate,BR-03,6207.4,1117.33,7324.73,Net 45,Paid
INV-003408,SO-003408,2026-02-09,2026-02-16,CUST-044,Mani Bros Electricals (Mani),BR-03,10758.0,1936.44,12694.44,Net 7,Paid
INV-003409,SO-003409,2026-02-09,2026-02-24,CUST-003,Saravana Electric Works (Govindaraj),BR-01,799.0,143.82,942.82,Net 15,Paid
INV-003410,SO-003410,2026-02-09,2026-03-11,CUST-010,Vels Vidyashram School Campus,BR-01,322.0,57.96,379.96,Net 30,Paid
INV-003411,SO-003411,2026-02-09,2026-03-11,CUST-015,Srinivasan & Sons Contractor,BR-01,139380.0,25088.4,164468.4,Net 30,Paid
INV-003412,SO-003412,2026-02-10,2026-03-27,CUST-029,Raghavendra Infrastructure Developers,BR-02,150618.6,27111.35,177729.95,Net 45,Paid
INV-003413,SO-003413,2026-02-10,2026-02-25,CUST-013,Metro Supermarket Tambaram,BR-01,220.8,39.74,260.54,Net 15,Paid
INV-003414,SO-003414,2026-02-10,2026-03-12,CUST-015,Srinivasan & Sons Contractor,BR-01,20588.8,3705.98,24294.78,Net 30,Paid
INV-003415,SO-003415,2026-02-10,2026-03-12,CUST-015,Srinivasan & Sons Contractor,BR-01,44597.6,8027.57,52625.17,Net 30,Paid
INV-003416,SO-003416,2026-02-10,2026-03-27,CUST-004,Sri Ramakrishna Builders & Infra,BR-01,244136.0,43944.48,288080.48,Net 45,Paid
INV-003417,SO-003417,2026-02-10,2026-02-10,CUST-012,Karthik Residential Apartment Owner,BR-01,1016.2,182.92,1199.12,Immediate Card,Paid
INV-003418,SO-003418,2026-02-11,2026-03-28,CUST-004,Sri Ramakrishna Builders & Infra,BR-01,145403.8,26172.68,171576.48,Net 45,Paid
INV-003419,SO-003419,2026-02-11,2026-02-18,CUST-044,Mani Bros Electricals (Mani),BR-03,5880.0,1058.4,6938.4,Net 7,Paid
INV-003420,SO-003420,2026-02-11,2026-03-13,CUST-019,Poompuhar Handicrafts Store,BR-01,8219.0,1479.42,9698.42,Net 30,Paid
INV-003421,SO-003421,2026-02-12,2026-02-12,CUST-033,Suresh Babu (Villa Construction),BR-02,429.0,77.22,506.22,Immediate Card,Paid
INV-003422,SO-003422,2026-02-12,2026-03-14,CUST-028,Sri Venkateshwara Hardware & Electricals,BR-02,30040.4,5407.27,35447.67,Net 30,Paid
INV-003423,SO-003423,2026-02-12,2026-03-14,CUST-034,Silicon Valley PG Hostel Chain,BR-02,2764.0,497.52,3261.52,Net 30,Paid
INV-003424,SO-003424,2026-02-12,2026-02-12,CUST-014,Siva Shankaran (Individual Home),BR-01,1050.0,189.0,1239.0,Immediate Cash,Paid
INV-003425,SO-003425,2026-02-13,2026-03-15,CUST-043,Sundaram Hospital Maintenance,BR-03,2150.0,387.0,2537.0,Net 30,Paid
INV-003426,SO-003426,2026-02-13,2026-02-13,CUST-021,Mohammed Riyaz (Home Renovation),BR-01,646.2,116.32,762.52,Immediate Cash,Paid
INV-003427,SO-003427,2026-02-13,2026-03-30,CUST-004,Sri Ramakrishna Builders & Infra,BR-01,8304.0,1494.72,9798.72,Net 45,Paid
INV-003428,SO-003428,2026-02-13,2026-03-15,CUST-019,Poompuhar Handicrafts Store,BR-01,1050.0,189.0,1239.0,Net 30,Paid
INV-003429,SO-003429,2026-02-13,2026-03-15,CUST-043,Sundaram Hospital Maintenance,BR-03,690.0,124.2,814.2,Net 30,Paid
INV-003430,SO-003430,2026-02-13,2026-03-15,CUST-047,Kovai Elite Residency Hotel,BR-03,2303.0,414.54,2717.54,Net 30,Paid
INV-003431,SO-003431,2026-02-13,2026-03-15,CUST-037,Kovai Textile Mills Facility Team,BR-03,3138.0,564.84,3702.84,Net 30,Paid
INV-003432,SO-003432,2026-02-14,2026-02-14,CUST-018,Lakshmi Vilas Sweets & Bakery,BR-01,8170.8,1470.74,9641.54,Immediate UPI,Paid
INV-003433,SO-003433,2026-02-14,2026-02-14,CUST-030,Dr. Arvind Rao Dental Clinic,BR-02,2511.0,451.98,2962.98,Immediate UPI,Paid
INV-003434,SO-003434,2026-02-14,2026-03-31,CUST-041,Kongu Builders & Real Estate,BR-03,13450.0,2421.0,15871.0,Net 45,Paid
INV-003435,SO-003435,2026-02-14,2026-02-14,CUST-031,Nandini Milk Parlour & Mart,BR-02,5564.0,1001.52,6565.52,Immediate Cash,Paid
INV-003436,SO-003436,2026-02-14,2026-03-31,CUST-011,Victory Housing Projects Phase 2,BR-01,123186.0,22173.48,145359.48,Net 45,Paid
INV-003437,SO-003437,2026-02-14,2026-03-16,CUST-009,Devi Agency & Lighting Store,BR-01,28386.2,5109.52,33495.72,Net 30,Paid
INV-003438,SO-003438,2026-02-14,2026-03-16,CUST-047,Kovai Elite Residency Hotel,BR-03,785.0,141.3,926.3,Net 30,Paid
INV-003439,SO-003439,2026-02-14,2026-02-21,CUST-008,Anbu Electricals (Anbazhagan),BR-01,17080.0,3074.4,20154.4,Net 7,Paid
INV-003440,SO-003440,2026-02-16,2026-04-02,CUST-041,Kongu Builders & Real Estate,BR-03,91349.4,16442.89,107792.29,Net 45,Paid
INV-003441,SO-003441,2026-02-16,2026-04-02,CUST-004,Sri Ramakrishna Builders & Infra,BR-01,83705.4,15066.97,98772.37,Net 45,Paid
INV-003442,SO-003442,2026-02-16,2026-03-18,CUST-015,Srinivasan & Sons Contractor,BR-01,117229.6,21101.33,138330.93,Net 30,Paid
INV-003443,SO-003443,2026-02-16,2026-04-02,CUST-041,Kongu Builders & Real Estate,BR-03,232827.2,41908.9,274736.1,Net 45,Paid
INV-003444,SO-003444,2026-02-16,2026-04-02,CUST-029,Raghavendra Infrastructure Developers,BR-02,15286.0,2751.48,18037.48,Net 45,Paid
INV-003445,SO-003445,2026-02-16,2026-03-18,CUST-032,Cauvery Engineering Contractors,BR-02,99045.6,17828.21,116873.81,Net 30,Paid
INV-003446,SO-003446,2026-02-16,2026-03-03,CUST-002,Kalaivani Hardware & Paints,BR-01,15766.0,2837.88,18603.88,Net 15,Paid
INV-003447,SO-003447,2026-02-16,2026-02-16,CUST-018,Lakshmi Vilas Sweets & Bakery,BR-01,1131.6,203.69,1335.29,Immediate UPI,Paid
INV-003448,SO-003448,2026-02-17,2026-02-17,CUST-045,Karthika Departmental Store,BR-03,414.0,74.52,488.52,Immediate Cash,Paid
INV-003449,SO-003449,2026-02-17,2026-03-04,CUST-038,Marutham Electrical & Power Agency,BR-03,14310.0,2575.8,16885.8,Net 15,Paid
INV-003450,SO-003450,2026-02-17,2026-03-04,CUST-003,Saravana Electric Works (Govindaraj),BR-01,4832.0,869.76,5701.76,Net 15,Paid
INV-003451,SO-003451,2026-02-17,2026-02-17,CUST-018,Lakshmi Vilas Sweets & Bakery,BR-01,2531.8,455.72,2987.52,Immediate UPI,Paid
INV-003452,SO-003452,2026-02-18,2026-03-20,CUST-009,Devi Agency & Lighting Store,BR-01,453610.0,81649.8,535259.8,Net 30,Paid
INV-003453,SO-003453,2026-02-18,2026-03-20,CUST-047,Kovai Elite Residency Hotel,BR-03,1820.0,327.6,2147.6,Net 30,Paid
INV-003454,SO-003454,2026-02-18,2026-02-25,CUST-008,Anbu Electricals (Anbazhagan),BR-01,10328.0,1859.04,12187.04,Net 7,Paid
INV-003455,SO-003455,2026-02-19,2026-03-06,CUST-026,Manjunatha Electrical Works,BR-02,13032.0,2345.76,15377.76,Net 15,Paid
INV-003456,SO-003456,2026-02-19,2026-03-06,CUST-002,Kalaivani Hardware & Paints,BR-01,47775.0,8599.5,56374.5,Net 15,Paid
INV-003457,SO-003457,2026-02-19,2026-02-19,CUST-012,Karthik Residential Apartment Owner,BR-01,363.4,65.41,428.81,Immediate Card,Paid
INV-003458,SO-003458,2026-02-19,2026-03-21,CUST-010,Vels Vidyashram School Campus,BR-01,240.0,43.2,283.2,Net 30,Paid
INV-003459,SO-003459,2026-02-19,2026-02-19,CUST-012,Karthik Residential Apartment Owner,BR-01,6930.0,1247.4,8177.4,Immediate Card,Paid
INV-003460,SO-003460,2026-02-20,2026-04-06,CUST-029,Raghavendra Infrastructure Developers,BR-02,60345.0,10862.1,71207.1,Net 45,Paid
INV-003461,SO-003461,2026-02-20,2026-02-27,CUST-035,Gowda Electrical Repairs,BR-02,6198.0,1115.64,7313.64,Net 7,Paid
INV-003462,SO-003462,2026-02-20,2026-03-07,CUST-003,Saravana Electric Works (Govindaraj),BR-01,5840.0,1051.2,6891.2,Net 15,Paid
INV-003463,SO-003463,2026-02-20,2026-02-27,CUST-044,Mani Bros Electricals (Mani),BR-03,3460.0,622.8,4082.8,Net 7,Paid
INV-003464,SO-003464,2026-02-20,2026-02-20,CUST-012,Karthik Residential Apartment Owner,BR-01,322.0,57.96,379.96,Immediate Card,Paid
INV-003465,SO-003465,2026-02-20,2026-03-07,CUST-042,Velan Pump & Motor Spares Store,BR-03,121390.0,21850.2,143240.2,Net 15,Paid
INV-003466,SO-003466,2026-02-21,2026-02-21,CUST-031,Nandini Milk Parlour & Mart,BR-02,1011.0,181.98,1192.98,Immediate Cash,Paid
INV-003467,SO-003467,2026-02-21,2026-03-08,CUST-020,Selvam Electrician Services,BR-01,21420.0,3855.6,25275.6,Net 15,Paid
INV-003468,SO-003468,2026-02-21,2026-02-21,CUST-048,Ramachandran (Individual House Owner),BR-03,5800.0,1044.0,6844.0,Immediate UPI,Paid
INV-003469,SO-003469,2026-02-21,2026-03-23,CUST-017,Apex Manufacturing Solutions,BR-01,2350.0,423.0,2773.0,Net 30,Paid
INV-003470,SO-003470,2026-02-23,2026-03-02,CUST-044,Mani Bros Electricals (Mani),BR-03,12828.0,2309.04,15137.04,Net 7,Paid
INV-003471,SO-003471,2026-02-23,2026-03-25,CUST-040,Sri Krishna Engineering College Hostel,BR-03,270.0,48.6,318.6,Net 30,Paid
INV-003472,SO-003472,2026-02-23,2026-03-25,CUST-040,Sri Krishna Engineering College Hostel,BR-03,170.2,30.64,200.84,Net 30,Paid
INV-003473,SO-003473,2026-02-23,2026-03-25,CUST-019,Poompuhar Handicrafts Store,BR-01,10078.0,1814.04,11892.04,Net 30,Paid
INV-003474,SO-003474,2026-02-23,2026-02-23,CUST-018,Lakshmi Vilas Sweets & Bakery,BR-01,4822.0,867.96,5689.96,Immediate UPI,Paid
INV-003475,SO-003475,2026-02-24,2026-03-26,CUST-046,Annamalai Agro Processing Unit,BR-03,828.0,149.04,977.04,Net 30,Paid
INV-003476,SO-003476,2026-02-24,2026-03-26,CUST-016,Royal Comfort Residency Hotel,BR-01,4601.2,828.22,5429.42,Net 30,Paid
INV-003477,SO-003477,2026-02-24,2026-02-24,CUST-006,Dr. Priya Sundaram (Home Clinic),BR-01,345.0,62.1,407.1,Immediate UPI,Paid
INV-003478,SO-003478,2026-02-25,2026-03-12,CUST-013,Metro Supermarket Tambaram,BR-01,562.0,101.16,663.16,Net 15,Paid
INV-003479,SO-003479,2026-02-25,2026-03-12,CUST-020,Selvam Electrician Services,BR-01,14776.0,2659.68,17435.68,Net 15,Paid
INV-003480,SO-003480,2026-02-25,2026-04-11,CUST-041,Kongu Builders & Real Estate,BR-03,117264.0,21107.52,138371.52,Net 45,Paid
INV-003481,SO-003481,2026-02-25,2026-02-25,CUST-031,Nandini Milk Parlour & Mart,BR-02,363.4,65.41,428.81,Immediate Cash,Paid
INV-003482,SO-003482,2026-02-25,2026-03-12,CUST-026,Manjunatha Electrical Works,BR-02,1493.6,268.85,1762.45,Net 15,Paid
INV-003483,SO-003483,2026-02-26,2026-03-13,CUST-026,Manjunatha Electrical Works,BR-02,8800.0,1584.0,10384.0,Net 15,Paid
INV-003484,SO-003484,2026-02-26,2026-03-13,CUST-042,Velan Pump & Motor Spares Store,BR-03,265262.0,47747.16,313009.16,Net 15,Paid
INV-003485,SO-003485,2026-02-26,2026-04-12,CUST-029,Raghavendra Infrastructure Developers,BR-02,46571.8,8382.92,54954.72,Net 45,Paid
INV-003486,SO-003486,2026-02-26,2026-02-26,CUST-033,Suresh Babu (Villa Construction),BR-02,1005.0,180.9,1185.9,Immediate Card,Paid
INV-003487,SO-003487,2026-02-26,2026-03-28,CUST-010,Vels Vidyashram School Campus,BR-01,305.0,54.9,359.9,Net 30,Paid
INV-003488,SO-003488,2026-02-26,2026-03-13,CUST-013,Metro Supermarket Tambaram,BR-01,880.0,158.4,1038.4,Net 15,Paid
INV-003489,SO-003489,2026-02-26,2026-03-28,CUST-019,Poompuhar Handicrafts Store,BR-01,850.0,153.0,1003.0,Net 30,Paid
INV-003490,SO-003490,2026-02-26,2026-03-28,CUST-019,Poompuhar Handicrafts Store,BR-01,789.0,142.02,931.02,Net 30,Paid
INV-003491,SO-003491,2026-02-27,2026-03-29,CUST-009,Devi Agency & Lighting Store,BR-01,117102.0,21078.36,138180.36,Net 30,Paid
INV-003492,SO-003492,2026-02-27,2026-03-29,CUST-007,TechPark Facility Maintenance Team,BR-01,4365.0,785.7,5150.7,Net 30,Paid
INV-003493,SO-003493,2026-02-27,2026-03-29,CUST-019,Poompuhar Handicrafts Store,BR-01,930.0,167.4,1097.4,Net 30,Paid
INV-003494,SO-003494,2026-02-28,2026-02-28,CUST-018,Lakshmi Vilas Sweets & Bakery,BR-01,861.2,155.02,1016.22,Immediate UPI,Paid
INV-003495,SO-003495,2026-02-28,2026-03-15,CUST-038,Marutham Electrical & Power Agency,BR-03,166913.8,30044.48,196958.28,Net 15,Paid
INV-003496,SO-003496,2026-02-28,2026-02-28,CUST-005,Murugan Auto Garage & Works,BR-01,220.8,39.74,260.54,Immediate Cash,Paid
INV-003497,SO-003497,2026-02-28,2026-03-07,CUST-035,Gowda Electrical Repairs,BR-02,9159.0,1648.62,10807.62,Net 7,Paid
INV-003498,SO-003498,2026-02-28,2026-02-28,CUST-012,Karthik Residential Apartment Owner,BR-01,202.4,36.43,238.83,Immediate Card,Paid
INV-003499,SO-003499,2026-03-02,2026-04-01,CUST-022,Global Smart Solutions (P) Ltd,BR-01,175312.0,31556.16,206868.16,Net 30,Paid
INV-003500,SO-003500,2026-03-02,2026-04-01,CUST-016,Royal Comfort Residency Hotel,BR-01,4700.0,846.0,5546.0,Net 30,Paid
INV-003501,SO-003501,2026-03-02,2026-03-17,CUST-026,Manjunatha Electrical Works,BR-02,3744.0,673.92,4417.92,Net 15,Paid
INV-003502,SO-003502,2026-03-02,2026-04-01,CUST-027,InnoTech Coworking Hub,BR-02,370.0,66.6,436.6,Net 30,Paid
INV-003503,SO-003503,2026-03-03,2026-03-03,CUST-045,Karthika Departmental Store,BR-03,4300.0,774.0,5074.0,Immediate Cash,Paid
INV-003504,SO-003504,2026-03-03,2026-03-18,CUST-003,Saravana Electric Works (Govindaraj),BR-01,3715.0,668.7,4383.7,Net 15,Paid
INV-003505,SO-003505,2026-03-04,2026-03-19,CUST-020,Selvam Electrician Services,BR-01,5770.0,1038.6,6808.6,Net 15,Paid
INV-003506,SO-003506,2026-03-04,2026-03-04,CUST-018,Lakshmi Vilas Sweets & Bakery,BR-01,280.0,50.4,330.4,Immediate UPI,Paid
INV-003507,SO-003507,2026-03-04,2026-04-18,CUST-004,Sri Ramakrishna Builders & Infra,BR-01,149854.2,26973.76,176827.96,Net 45,Paid
INV-003508,SO-003508,2026-03-04,2026-04-03,CUST-046,Annamalai Agro Processing Unit,BR-03,360.0,64.8,424.8,Net 30,Paid
INV-003509,SO-003509,2026-03-04,2026-03-19,CUST-020,Selvam Electrician Services,BR-01,14480.8,2606.54,17087.34,Net 15,Paid
INV-003510,SO-003510,2026-03-05,2026-04-19,CUST-041,Kongu Builders & Real Estate,BR-03,74010.0,13321.8,87331.8,Net 45,Paid
INV-003511,SO-003511,2026-03-05,2026-03-20,CUST-002,Kalaivani Hardware & Paints,BR-01,328810.0,59185.8,387995.8,Net 15,Paid
INV-003512,SO-003512,2026-03-05,2026-04-04,CUST-034,Silicon Valley PG Hostel Chain,BR-02,2591.0,466.38,3057.38,Net 30,Paid
INV-003513,SO-003513,2026-03-06,2026-04-20,CUST-004,Sri Ramakrishna Builders & Infra,BR-01,24488.4,4407.91,28896.31,Net 45,Paid
INV-003514,SO-003514,2026-03-06,2026-03-06,CUST-006,Dr. Priya Sundaram (Home Clinic),BR-01,2583.0,464.94,3047.94,Immediate UPI,Paid
INV-003515,SO-003515,2026-03-06,2026-03-06,CUST-045,Karthika Departmental Store,BR-03,1514.0,272.52,1786.52,Immediate Cash,Paid
INV-003516,SO-003516,2026-03-06,2026-04-05,CUST-009,Devi Agency & Lighting Store,BR-01,122238.0,22002.84,144240.84,Net 30,Paid
INV-003517,SO-003517,2026-03-06,2026-03-06,CUST-006,Dr. Priya Sundaram (Home Clinic),BR-01,2316.2,416.92,2733.12,Immediate UPI,Paid
INV-003518,SO-003518,2026-03-06,2026-04-05,CUST-025,Brigade Vista Apartment Owners Assn,BR-02,4353.0,783.54,5136.54,Net 30,Paid
INV-003519,SO-003519,2026-03-07,2026-04-06,CUST-019,Poompuhar Handicrafts Store,BR-01,549.0,98.82,647.82,Net 30,Paid
INV-003520,SO-003520,2026-03-07,2026-04-21,CUST-029,Raghavendra Infrastructure Developers,BR-02,99062.0,17831.16,116893.16,Net 45,Paid
INV-003521,SO-003521,2026-03-07,2026-03-22,CUST-002,Kalaivani Hardware & Paints,BR-01,196843.0,35431.74,232274.74,Net 15,Paid
INV-003522,SO-003522,2026-03-07,2026-04-06,CUST-009,Devi Agency & Lighting Store,BR-01,97670.0,17580.6,115250.6,Net 30,Paid
INV-003523,SO-003523,2026-03-07,2026-04-06,CUST-036,Urban Spaces Interior Studio,BR-02,13669.0,2460.42,16129.42,Net 30,Paid
INV-003524,SO-003524,2026-03-09,2026-04-08,CUST-034,Silicon Valley PG Hostel Chain,BR-02,1176.0,211.68,1387.68,Net 30,Paid
INV-003525,SO-003525,2026-03-09,2026-04-08,CUST-017,Apex Manufacturing Solutions,BR-01,1320.8,237.74,1558.54,Net 30,Paid
INV-003526,SO-003526,2026-03-09,2026-03-09,CUST-006,Dr. Priya Sundaram (Home Clinic),BR-01,730.2,131.44,861.64,Immediate UPI,Paid
INV-003527,SO-003527,2026-03-09,2026-03-09,CUST-018,Lakshmi Vilas Sweets & Bakery,BR-01,101.2,18.22,119.42,Immediate UPI,Paid
INV-003528,SO-003528,2026-03-09,2026-03-16,CUST-035,Gowda Electrical Repairs,BR-02,9956.0,1792.08,11748.08,Net 7,Paid
INV-003529,SO-003529,2026-03-09,2026-04-23,CUST-041,Kongu Builders & Real Estate,BR-03,132206.0,23797.08,156003.08,Net 45,Paid
INV-003530,SO-003530,2026-03-10,2026-04-24,CUST-011,Victory Housing Projects Phase 2,BR-01,213418.0,38415.24,251833.24,Net 45,Paid
INV-003531,SO-003531,2026-03-10,2026-04-09,CUST-022,Global Smart Solutions (P) Ltd,BR-01,58860.8,10594.94,69455.74,Net 30,Paid
INV-003532,SO-003532,2026-03-10,2026-04-09,CUST-007,TechPark Facility Maintenance Team,BR-01,130.0,23.4,153.4,Net 30,Paid
INV-003533,SO-003533,2026-03-10,2026-04-09,CUST-027,InnoTech Coworking Hub,BR-02,850.0,153.0,1003.0,Net 30,Paid
INV-003534,SO-003534,2026-03-10,2026-03-10,CUST-014,Siva Shankaran (Individual Home),BR-01,6900.0,1242.0,8142.0,Immediate Cash,Paid
INV-003535,SO-003535,2026-03-10,2026-04-09,CUST-037,Kovai Textile Mills Facility Team,BR-03,175.0,31.5,206.5,Net 30,Paid
INV-003536,SO-003536,2026-03-10,2026-03-25,CUST-020,Selvam Electrician Services,BR-01,9895.0,1781.1,11676.1,Net 15,Paid
INV-003537,SO-003537,2026-03-10,2026-04-24,CUST-041,Kongu Builders & Real Estate,BR-03,120087.2,21615.7,141702.9,Net 45,Paid
INV-003538,SO-003538,2026-03-11,2026-03-26,CUST-038,Marutham Electrical & Power Agency,BR-03,83037.0,14946.66,97983.66,Net 15,Paid
INV-003539,SO-003539,2026-03-11,2026-03-11,CUST-033,Suresh Babu (Villa Construction),BR-02,1784.0,321.12,2105.12,Immediate Card,Paid
INV-003540,SO-003540,2026-03-11,2026-03-18,CUST-044,Mani Bros Electricals (Mani),BR-03,4981.0,896.58,5877.58,Net 7,Paid
INV-003541,SO-003541,2026-03-11,2026-03-26,CUST-042,Velan Pump & Motor Spares Store,BR-03,210426.0,37876.68,248302.68,Net 15,Paid
INV-003542,SO-003542,2026-03-11,2026-04-10,CUST-043,Sundaram Hospital Maintenance,BR-03,720.0,129.6,849.6,Net 30,Paid
INV-003543,SO-003543,2026-03-11,2026-04-10,CUST-027,InnoTech Coworking Hub,BR-02,3615.0,650.7,4265.7,Net 30,Paid
INV-003544,SO-003544,2026-03-11,2026-03-26,CUST-003,Saravana Electric Works (Govindaraj),BR-01,11469.0,2064.42,13533.42,Net 15,Paid
INV-003545,SO-003545,2026-03-12,2026-03-12,CUST-048,Ramachandran (Individual House Owner),BR-03,130.0,23.4,153.4,Immediate UPI,Paid
INV-003546,SO-003546,2026-03-12,2026-04-11,CUST-025,Brigade Vista Apartment Owners Assn,BR-02,11520.0,2073.6,13593.6,Net 30,Paid
INV-003547,SO-003547,2026-03-12,2026-04-26,CUST-029,Raghavendra Infrastructure Developers,BR-02,214382.0,38588.76,252970.76,Net 45,Paid
INV-003548,SO-003548,2026-03-13,2026-03-13,CUST-048,Ramachandran (Individual House Owner),BR-03,1080.0,194.4,1274.4,Immediate UPI,Paid
INV-003549,SO-003549,2026-03-13,2026-04-12,CUST-034,Silicon Valley PG Hostel Chain,BR-02,850.0,153.0,1003.0,Net 30,Paid
INV-003550,SO-003550,2026-03-13,2026-04-12,CUST-027,InnoTech Coworking Hub,BR-02,9000.0,1620.0,10620.0,Net 30,Paid
INV-003551,SO-003551,2026-03-13,2026-04-12,CUST-036,Urban Spaces Interior Studio,BR-02,97886.0,17619.48,115505.48,Net 30,Paid
INV-003552,SO-003552,2026-03-14,2026-03-29,CUST-003,Saravana Electric Works (Govindaraj),BR-01,7720.0,1389.6,9109.6,Net 15,Paid
INV-003553,SO-003553,2026-03-14,2026-03-29,CUST-039,Rangasamy Electrician Workshop,BR-03,37020.0,6663.6,43683.6,Net 15,Paid
INV-003554,SO-003554,2026-03-14,2026-03-14,CUST-018,Lakshmi Vilas Sweets & Bakery,BR-01,2733.0,491.94,3224.94,Immediate UPI,Paid
INV-003555,SO-003555,2026-03-14,2026-03-14,CUST-006,Dr. Priya Sundaram (Home Clinic),BR-01,2200.0,396.0,2596.0,Immediate UPI,Paid
INV-003556,SO-003556,2026-03-14,2026-03-29,CUST-013,Metro Supermarket Tambaram,BR-01,3645.0,656.1,4301.1,Net 15,Paid
INV-003557,SO-003557,2026-03-14,2026-04-13,CUST-036,Urban Spaces Interior Studio,BR-02,29260.0,5266.8,34526.8,Net 30,Paid
INV-003558,SO-003558,2026-03-14,2026-03-14,CUST-033,Suresh Babu (Villa Construction),BR-02,161.0,28.98,189.98,Immediate Card,Paid
INV-003559,SO-003559,2026-03-14,2026-04-13,CUST-040,Sri Krishna Engineering College Hostel,BR-03,14574.0,2623.32,17197.32,Net 30,Paid
INV-003560,SO-003560,2026-03-16,2026-04-15,CUST-010,Vels Vidyashram School Campus,BR-01,1803.0,324.54,2127.54,Net 30,Paid
INV-003561,SO-003561,2026-03-16,2026-03-16,CUST-018,Lakshmi Vilas Sweets & Bakery,BR-01,2514.0,452.52,2966.52,Immediate UPI,Paid
INV-003562,SO-003562,2026-03-16,2026-03-31,CUST-039,Rangasamy Electrician Workshop,BR-03,5736.0,1032.48,6768.48,Net 15,Paid
INV-003563,SO-003563,2026-03-16,2026-03-16,CUST-005,Murugan Auto Garage & Works,BR-01,206.0,37.08,243.08,Immediate Cash,Paid
INV-003564,SO-003564,2026-03-17,2026-04-16,CUST-016,Royal Comfort Residency Hotel,BR-01,460.0,82.8,542.8,Net 30,Paid
INV-003565,SO-003565,2026-03-17,2026-04-16,CUST-025,Brigade Vista Apartment Owners Assn,BR-02,195.0,35.1,230.1,Net 30,Paid
INV-003566,SO-003566,2026-03-17,2026-03-17,CUST-031,Nandini Milk Parlour & Mart,BR-02,325.0,58.5,383.5,Immediate Cash,Paid
INV-003567,SO-003567,2026-03-17,2026-04-01,CUST-002,Kalaivani Hardware & Paints,BR-01,502333.0,90419.94,592752.94,Net 15,Paid
INV-003568,SO-003568,2026-03-18,2026-03-18,CUST-021,Mohammed Riyaz (Home Renovation),BR-01,495.0,89.1,584.1,Immediate Cash,Paid
INV-003569,SO-003569,2026-03-18,2026-04-02,CUST-020,Selvam Electrician Services,BR-01,2816.0,506.88,3322.88,Net 15,Paid
INV-003570,SO-003570,2026-03-18,2026-05-02,CUST-004,Sri Ramakrishna Builders & Infra,BR-01,106643.8,19195.88,125839.68,Net 45,Paid
INV-003571,SO-003571,2026-03-19,2026-05-03,CUST-004,Sri Ramakrishna Builders & Infra,BR-01,31500.6,5670.11,37170.71,Net 45,Paid
INV-003572,SO-003572,2026-03-19,2026-05-03,CUST-004,Sri Ramakrishna Builders & Infra,BR-01,96898.0,17441.64,114339.64,Net 45,Paid
INV-003573,SO-003573,2026-03-19,2026-04-03,CUST-042,Velan Pump & Motor Spares Store,BR-03,23953.2,4311.58,28264.78,Net 15,Paid
INV-003574,SO-003574,2026-03-20,2026-04-19,CUST-010,Vels Vidyashram School Campus,BR-01,2094.4,376.99,2471.39,Net 30,Paid
INV-003575,SO-003575,2026-03-20,2026-04-19,CUST-036,Urban Spaces Interior Studio,BR-02,26148.8,4706.78,30855.58,Net 30,Paid
INV-003576,SO-003576,2026-03-20,2026-03-20,CUST-048,Ramachandran (Individual House Owner),BR-03,4056.0,730.08,4786.08,Immediate UPI,Paid
INV-003577,SO-003577,2026-03-20,2026-04-04,CUST-039,Rangasamy Electrician Workshop,BR-03,1275.0,229.5,1504.5,Net 15,Paid
INV-003578,SO-003578,2026-03-20,2026-05-04,CUST-029,Raghavendra Infrastructure Developers,BR-02,92921.2,16725.82,109647.02,Net 45,Paid
INV-003579,SO-003579,2026-03-20,2026-04-19,CUST-016,Royal Comfort Residency Hotel,BR-01,2083.8,375.08,2458.88,Net 30,Paid
INV-003580,SO-003580,2026-03-20,2026-04-04,CUST-042,Velan Pump & Motor Spares Store,BR-03,159231.0,28661.58,187892.58,Net 15,Paid
INV-003581,SO-003581,2026-03-21,2026-04-20,CUST-043,Sundaram Hospital Maintenance,BR-03,12448.0,2240.64,14688.64,Net 30,Paid
INV-003582,SO-003582,2026-03-21,2026-03-28,CUST-035,Gowda Electrical Repairs,BR-02,11630.0,2093.4,13723.4,Net 7,Paid
INV-003583,SO-003583,2026-03-21,2026-03-21,CUST-006,Dr. Priya Sundaram (Home Clinic),BR-01,99.0,17.82,116.82,Immediate UPI,Paid
INV-003584,SO-003584,2026-03-23,2026-05-07,CUST-004,Sri Ramakrishna Builders & Infra,BR-01,206486.8,37167.62,243654.42,Net 45,Paid
INV-003585,SO-003585,2026-03-23,2026-04-22,CUST-019,Poompuhar Handicrafts Store,BR-01,101.2,18.22,119.42,Net 30,Paid
INV-003586,SO-003586,2026-03-23,2026-03-23,CUST-033,Suresh Babu (Villa Construction),BR-02,2200.0,396.0,2596.0,Immediate Card,Paid
INV-003587,SO-003587,2026-03-24,2026-03-24,CUST-006,Dr. Priya Sundaram (Home Clinic),BR-01,45.0,8.1,53.1,Immediate UPI,Paid
INV-003588,SO-003588,2026-03-24,2026-03-24,CUST-021,Mohammed Riyaz (Home Renovation),BR-01,1334.0,240.12,1574.12,Immediate Cash,Paid
INV-003589,SO-003589,2026-03-24,2026-04-23,CUST-015,Srinivasan & Sons Contractor,BR-01,104692.0,18844.56,123536.56,Net 30,Paid
INV-003590,SO-003590,2026-03-24,2026-04-23,CUST-040,Sri Krishna Engineering College Hostel,BR-03,1928.0,347.04,2275.04,Net 30,Paid
INV-003591,SO-003591,2026-03-24,2026-04-23,CUST-047,Kovai Elite Residency Hotel,BR-03,2558.8,460.58,3019.38,Net 30,Paid
INV-003592,SO-003592,2026-03-24,2026-04-23,CUST-034,Silicon Valley PG Hostel Chain,BR-02,1220.8,219.74,1440.54,Net 30,Paid
INV-003593,SO-003593,2026-03-25,2026-04-24,CUST-015,Srinivasan & Sons Contractor,BR-01,10845.0,1952.1,12797.1,Net 30,Paid
INV-003594,SO-003594,2026-03-25,2026-04-09,CUST-042,Velan Pump & Motor Spares Store,BR-03,110554.0,19899.72,130453.72,Net 15,Paid
INV-003595,SO-003595,2026-03-25,2026-04-24,CUST-001,Balaji Electrical Contractors,BR-01,81166.0,14609.88,95775.88,Net 30,Paid
INV-003596,SO-003596,2026-03-26,2026-04-25,CUST-019,Poompuhar Handicrafts Store,BR-01,1201.2,216.22,1417.42,Net 30,Paid
INV-003597,SO-003597,2026-03-26,2026-04-02,CUST-035,Gowda Electrical Repairs,BR-02,13823.6,2488.25,16311.85,Net 7,Paid
INV-003598,SO-003598,2026-03-26,2026-03-26,CUST-021,Mohammed Riyaz (Home Renovation),BR-01,220.8,39.74,260.54,Immediate Cash,Paid
INV-003599,SO-003599,2026-03-27,2026-04-11,CUST-038,Marutham Electrical & Power Agency,BR-03,70169.0,12630.42,82799.42,Net 15,Paid
INV-003600,SO-003600,2026-03-27,2026-04-26,CUST-027,InnoTech Coworking Hub,BR-02,130.0,23.4,153.4,Net 30,Paid
INV-003601,SO-003601,2026-03-27,2026-04-11,CUST-038,Marutham Electrical & Power Agency,BR-03,21812.4,3926.23,25738.63,Net 15,Paid
INV-003602,SO-003602,2026-03-27,2026-03-27,CUST-048,Ramachandran (Individual House Owner),BR-03,69.0,12.42,81.42,Immediate UPI,Paid
INV-003603,SO-003603,2026-03-27,2026-04-26,CUST-015,Srinivasan & Sons Contractor,BR-01,230928.0,41567.04,272495.04,Net 30,Paid
INV-003604,SO-003604,2026-03-27,2026-03-27,CUST-012,Karthik Residential Apartment Owner,BR-01,1700.0,306.0,2006.0,Immediate Card,Paid
INV-003605,SO-003605,2026-03-27,2026-04-26,CUST-032,Cauvery Engineering Contractors,BR-02,39116.8,7041.02,46157.82,Net 30,Paid
INV-003606,SO-003606,2026-03-28,2026-04-04,CUST-008,Anbu Electricals (Anbazhagan),BR-01,33295.0,5993.1,39288.1,Net 7,Paid
INV-003607,SO-003607,2026-03-28,2026-04-27,CUST-019,Poompuhar Handicrafts Store,BR-01,7613.0,1370.34,8983.34,Net 30,Paid
INV-003608,SO-003608,2026-03-28,2026-04-27,CUST-047,Kovai Elite Residency Hotel,BR-03,6218.2,1119.28,7337.48,Net 30,Paid
INV-003609,SO-003609,2026-03-28,2026-04-27,CUST-015,Srinivasan & Sons Contractor,BR-01,68655.6,12358.01,81013.61,Net 30,Paid
INV-003610,SO-003610,2026-03-28,2026-04-12,CUST-042,Velan Pump & Motor Spares Store,BR-03,73268.0,13188.24,86456.24,Net 15,Paid
INV-003611,SO-003611,2026-03-28,2026-04-27,CUST-036,Urban Spaces Interior Studio,BR-02,42237.0,7602.66,49839.66,Net 30,Paid
INV-003612,SO-003612,2026-03-28,2026-04-12,CUST-026,Manjunatha Electrical Works,BR-02,5540.0,997.2,6537.2,Net 15,Paid
INV-003613,SO-003613,2026-03-28,2026-04-12,CUST-026,Manjunatha Electrical Works,BR-02,3810.0,685.8,4495.8,Net 15,Paid
INV-003614,SO-003614,2026-03-30,2026-04-06,CUST-008,Anbu Electricals (Anbazhagan),BR-01,3870.0,696.6,4566.6,Net 7,Paid
INV-003615,SO-003615,2026-03-30,2026-04-29,CUST-037,Kovai Textile Mills Facility Team,BR-03,1560.0,280.8,1840.8,Net 30,Paid
INV-003616,SO-003616,2026-03-30,2026-03-30,CUST-014,Siva Shankaran (Individual Home),BR-01,914.8,164.66,1079.46,Immediate Cash,Paid
INV-003617,SO-003617,2026-03-30,2026-04-14,CUST-020,Selvam Electrician Services,BR-01,2135.0,384.3,2519.3,Net 15,Paid
INV-003618,SO-003618,2026-03-30,2026-04-14,CUST-042,Velan Pump & Motor Spares Store,BR-03,40445.0,7280.1,47725.1,Net 15,Paid
INV-003619,SO-003619,2026-03-30,2026-03-30,CUST-021,Mohammed Riyaz (Home Renovation),BR-01,1295.0,233.1,1528.1,Immediate Cash,Paid
INV-003620,SO-003620,2026-03-31,2026-04-30,CUST-010,Vels Vidyashram School Campus,BR-01,3472.0,624.96,4096.96,Net 30,Paid
INV-003621,SO-003621,2026-03-31,2026-04-30,CUST-034,Silicon Valley PG Hostel Chain,BR-02,12327.0,2218.86,14545.86,Net 30,Paid
INV-003622,SO-003622,2026-03-31,2026-04-30,CUST-007,TechPark Facility Maintenance Team,BR-01,3168.8,570.38,3739.18,Net 30,Paid
INV-003623,SO-003623,2026-03-31,2026-03-31,CUST-031,Nandini Milk Parlour & Mart,BR-02,4340.0,781.2,5121.2,Immediate Cash,Paid
INV-003624,SO-003624,2026-03-31,2026-04-30,CUST-047,Kovai Elite Residency Hotel,BR-03,2563.8,461.48,3025.28,Net 30,Paid
INV-003625,SO-003625,2026-04-01,2026-05-01,CUST-017,Apex Manufacturing Solutions,BR-01,5676.0,1021.68,6697.68,Net 30,Paid
INV-003626,SO-003626,2026-04-01,2026-04-16,CUST-003,Saravana Electric Works (Govindaraj),BR-01,8625.0,1552.5,10177.5,Net 15,Paid
INV-003627,SO-003627,2026-04-01,2026-05-01,CUST-019,Poompuhar Handicrafts Store,BR-01,954.0,171.72,1125.72,Net 30,Paid
INV-003628,SO-003628,2026-04-02,2026-05-02,CUST-010,Vels Vidyashram School Campus,BR-01,45.0,8.1,53.1,Net 30,Paid
INV-003629,SO-003629,2026-04-02,2026-04-17,CUST-003,Saravana Electric Works (Govindaraj),BR-01,3958.2,712.48,4670.68,Net 15,Paid
INV-003630,SO-003630,2026-04-02,2026-04-02,CUST-012,Karthik Residential Apartment Owner,BR-01,1769.0,318.42,2087.42,Immediate Card,Paid
INV-003631,SO-003631,2026-04-02,2026-05-02,CUST-036,Urban Spaces Interior Studio,BR-02,146628.4,26393.11,173021.51,Net 30,Paid
INV-003632,SO-003632,2026-04-03,2026-05-03,CUST-037,Kovai Textile Mills Facility Team,BR-03,486.6,87.59,574.19,Net 30,Paid
INV-003633,SO-003633,2026-04-03,2026-04-18,CUST-003,Saravana Electric Works (Govindaraj),BR-01,2615.0,470.7,3085.7,Net 15,Paid
INV-003634,SO-003634,2026-04-03,2026-05-03,CUST-027,InnoTech Coworking Hub,BR-02,3352.0,603.36,3955.36,Net 30,Paid
INV-003635,SO-003635,2026-04-03,2026-04-03,CUST-031,Nandini Milk Parlour & Mart,BR-02,1659.0,298.62,1957.62,Immediate Cash,Paid
INV-003636,SO-003636,2026-04-04,2026-05-19,CUST-041,Kongu Builders & Real Estate,BR-03,85552.0,15399.36,100951.36,Net 45,Paid
INV-003637,SO-003637,2026-04-04,2026-04-11,CUST-035,Gowda Electrical Repairs,BR-02,8775.0,1579.5,10354.5,Net 7,Paid
INV-003638,SO-003638,2026-04-04,2026-04-19,CUST-026,Manjunatha Electrical Works,BR-02,5538.0,996.84,6534.84,Net 15,Paid
INV-003639,SO-003639,2026-04-04,2026-05-04,CUST-034,Silicon Valley PG Hostel Chain,BR-02,379.0,68.22,447.22,Net 30,Paid
INV-003640,SO-003640,2026-04-06,2026-04-21,CUST-042,Velan Pump & Motor Spares Store,BR-03,96159.2,17308.66,113467.86,Net 15,Paid
INV-003641,SO-003641,2026-04-06,2026-04-06,CUST-033,Suresh Babu (Villa Construction),BR-02,552.0,99.36,651.36,Immediate Card,Paid
INV-003642,SO-003642,2026-04-06,2026-04-21,CUST-002,Kalaivani Hardware & Paints,BR-01,14894.6,2681.03,17575.63,Net 15,Paid
INV-003643,SO-003643,2026-04-06,2026-04-21,CUST-026,Manjunatha Electrical Works,BR-02,3945.0,710.1,4655.1,Net 15,Paid
INV-003644,SO-003644,2026-04-06,2026-04-21,CUST-002,Kalaivani Hardware & Paints,BR-01,64976.0,11695.68,76671.68,Net 15,Paid
INV-003645,SO-003645,2026-04-07,2026-05-22,CUST-011,Victory Housing Projects Phase 2,BR-01,162667.0,29280.06,191947.06,Net 45,Paid
INV-003646,SO-003646,2026-04-07,2026-05-07,CUST-043,Sundaram Hospital Maintenance,BR-03,439.0,79.02,518.02,Net 30,Paid
INV-003647,SO-003647,2026-04-07,2026-05-07,CUST-015,Srinivasan & Sons Contractor,BR-01,26604.0,4788.72,31392.72,Net 30,Paid
INV-003648,SO-003648,2026-04-08,2026-05-08,CUST-016,Royal Comfort Residency Hotel,BR-01,8128.0,1463.04,9591.04,Net 30,Paid
INV-003649,SO-003649,2026-04-08,2026-04-23,CUST-026,Manjunatha Electrical Works,BR-02,4830.0,869.4,5699.4,Net 15,Paid
INV-003650,SO-003650,2026-04-08,2026-04-23,CUST-002,Kalaivani Hardware & Paints,BR-01,270125.4,48622.57,318747.97,Net 15,Paid
INV-003651,SO-003651,2026-04-08,2026-05-23,CUST-004,Sri Ramakrishna Builders & Infra,BR-01,77256.0,13906.08,91162.08,Net 45,Paid
INV-003652,SO-003652,2026-04-09,2026-05-09,CUST-017,Apex Manufacturing Solutions,BR-01,5236.0,942.48,6178.48,Net 30,Paid
INV-003653,SO-003653,2026-04-09,2026-04-24,CUST-023,Kalam Brothers Electrical Store,BR-01,109159.0,19648.62,128807.62,Net 15,Paid
INV-003654,SO-003654,2026-04-09,2026-05-24,CUST-011,Victory Housing Projects Phase 2,BR-01,116433.0,20957.94,137390.94,Net 45,Paid
INV-003655,SO-003655,2026-04-10,2026-05-10,CUST-046,Annamalai Agro Processing Unit,BR-03,630.8,113.54,744.34,Net 30,Paid
INV-003656,SO-003656,2026-04-10,2026-05-10,CUST-034,Silicon Valley PG Hostel Chain,BR-02,2387.0,429.66,2816.66,Net 30,Paid
INV-003657,SO-003657,2026-04-10,2026-04-10,CUST-021,Mohammed Riyaz (Home Renovation),BR-01,280.0,50.4,330.4,Immediate Cash,Paid
INV-003658,SO-003658,2026-04-10,2026-04-25,CUST-023,Kalam Brothers Electrical Store,BR-01,55443.6,9979.85,65423.45,Net 15,Paid
INV-003659,SO-003659,2026-04-10,2026-05-10,CUST-032,Cauvery Engineering Contractors,BR-02,8540.0,1537.2,10077.2,Net 30,Paid
INV-003660,SO-003660,2026-04-10,2026-04-25,CUST-002,Kalaivani Hardware & Paints,BR-01,188608.0,33949.44,222557.44,Net 15,Paid
INV-003661,SO-003661,2026-04-11,2026-04-11,CUST-014,Siva Shankaran (Individual Home),BR-01,1377.0,247.86,1624.86,Immediate Cash,Paid
INV-003662,SO-003662,2026-04-11,2026-05-11,CUST-032,Cauvery Engineering Contractors,BR-02,10252.0,1845.36,12097.36,Net 30,Paid
INV-003663,SO-003663,2026-04-11,2026-05-11,CUST-007,TechPark Facility Maintenance Team,BR-01,1780.8,320.54,2101.34,Net 30,Paid
INV-003664,SO-003664,2026-04-11,2026-04-26,CUST-020,Selvam Electrician Services,BR-01,6611.0,1189.98,7800.98,Net 15,Paid
INV-003665,SO-003665,2026-04-13,2026-04-13,CUST-005,Murugan Auto Garage & Works,BR-01,1149.0,206.82,1355.82,Immediate Cash,Paid
INV-003666,SO-003666,2026-04-13,2026-04-13,CUST-033,Suresh Babu (Villa Construction),BR-02,560.0,100.8,660.8,Immediate Card,Paid
INV-003667,SO-003667,2026-04-13,2026-04-20,CUST-035,Gowda Electrical Repairs,BR-02,23670.0,4260.6,27930.6,Net 7,Paid
INV-003668,SO-003668,2026-04-13,2026-05-13,CUST-047,Kovai Elite Residency Hotel,BR-03,1095.6,197.21,1292.81,Net 30,Paid
INV-003669,SO-003669,2026-04-13,2026-04-28,CUST-042,Velan Pump & Motor Spares Store,BR-03,64587.0,11625.66,76212.66,Net 15,Paid
INV-003670,SO-003670,2026-04-13,2026-04-13,CUST-048,Ramachandran (Individual House Owner),BR-03,8433.0,1517.94,9950.94,Immediate UPI,Paid
INV-003671,SO-003671,2026-04-13,2026-05-13,CUST-037,Kovai Textile Mills Facility Team,BR-03,6330.0,1139.4,7469.4,Net 30,Paid
INV-003672,SO-003672,2026-04-14,2026-04-29,CUST-026,Manjunatha Electrical Works,BR-02,27875.0,5017.5,32892.5,Net 15,Paid
INV-003673,SO-003673,2026-04-14,2026-04-14,CUST-006,Dr. Priya Sundaram (Home Clinic),BR-01,2989.6,538.13,3527.73,Immediate UPI,Paid
INV-003674,SO-003674,2026-04-14,2026-05-29,CUST-041,Kongu Builders & Real Estate,BR-03,215423.4,38776.21,254199.61,Net 45,Paid
INV-003675,SO-003675,2026-04-15,2026-05-15,CUST-027,InnoTech Coworking Hub,BR-02,686.0,123.48,809.48,Net 30,Paid
INV-003676,SO-003676,2026-04-15,2026-05-30,CUST-041,Kongu Builders & Real Estate,BR-03,57891.0,10420.38,68311.38,Net 45,Paid
INV-003677,SO-003677,2026-04-15,2026-05-15,CUST-001,Balaji Electrical Contractors,BR-01,16630.0,2993.4,19623.4,Net 30,Paid
INV-003678,SO-003678,2026-04-15,2026-05-30,CUST-004,Sri Ramakrishna Builders & Infra,BR-01,58900.0,10602.0,69502.0,Net 45,Paid
INV-003679,SO-003679,2026-04-16,2026-05-01,CUST-042,Velan Pump & Motor Spares Store,BR-03,63305.2,11394.94,74700.14,Net 15,Paid
INV-003680,SO-003680,2026-04-16,2026-05-01,CUST-026,Manjunatha Electrical Works,BR-02,30168.0,5430.24,35598.24,Net 15,Paid
INV-003681,SO-003681,2026-04-16,2026-05-16,CUST-010,Vels Vidyashram School Campus,BR-01,360.0,64.8,424.8,Net 30,Paid
INV-003682,SO-003682,2026-04-16,2026-05-01,CUST-013,Metro Supermarket Tambaram,BR-01,656.0,118.08,774.08,Net 15,Paid
INV-003683,SO-003683,2026-04-16,2026-05-01,CUST-020,Selvam Electrician Services,BR-01,4498.8,809.78,5308.58,Net 15,Paid
INV-003684,SO-003684,2026-04-16,2026-05-16,CUST-016,Royal Comfort Residency Hotel,BR-01,8690.0,1564.2,10254.2,Net 30,Paid
INV-003685,SO-003685,2026-04-17,2026-04-17,CUST-030,Dr. Arvind Rao Dental Clinic,BR-02,1080.0,194.4,1274.4,Immediate UPI,Paid
INV-003686,SO-003686,2026-04-17,2026-04-17,CUST-045,Karthika Departmental Store,BR-03,542.8,97.7,640.5,Immediate Cash,Paid
INV-003687,SO-003687,2026-04-17,2026-04-24,CUST-044,Mani Bros Electricals (Mani),BR-03,13014.0,2342.52,15356.52,Net 7,Paid
INV-003688,SO-003688,2026-04-17,2026-05-17,CUST-016,Royal Comfort Residency Hotel,BR-01,1892.0,340.56,2232.56,Net 30,Paid
INV-003689,SO-003689,2026-04-17,2026-04-17,CUST-006,Dr. Priya Sundaram (Home Clinic),BR-01,1030.0,185.4,1215.4,Immediate UPI,Paid
INV-003690,SO-003690,2026-04-17,2026-06-01,CUST-011,Victory Housing Projects Phase 2,BR-01,78669.0,14160.42,92829.42,Net 45,Paid
INV-003691,SO-003691,2026-04-17,2026-04-17,CUST-006,Dr. Priya Sundaram (Home Clinic),BR-01,694.0,124.92,818.92,Immediate UPI,Paid
INV-003692,SO-003692,2026-04-18,2026-05-18,CUST-025,Brigade Vista Apartment Owners Assn,BR-02,1700.0,306.0,2006.0,Net 30,Paid
INV-003693,SO-003693,2026-04-18,2026-04-25,CUST-008,Anbu Electricals (Anbazhagan),BR-01,3770.0,678.6,4448.6,Net 7,Paid
INV-003694,SO-003694,2026-04-18,2026-05-03,CUST-013,Metro Supermarket Tambaram,BR-01,4136.0,744.48,4880.48,Net 15,Paid
INV-003695,SO-003695,2026-04-18,2026-05-18,CUST-028,Sri Venkateshwara Hardware & Electricals,BR-02,440368.4,79266.31,519634.71,Net 30,Paid
INV-003696,SO-003696,2026-04-18,2026-05-18,CUST-010,Vels Vidyashram School Campus,BR-01,1100.0,198.0,1298.0,Net 30,Paid
INV-003697,SO-003697,2026-04-18,2026-05-18,CUST-010,Vels Vidyashram School Campus,BR-01,3266.0,587.88,3853.88,Net 30,Paid
INV-003698,SO-003698,2026-04-18,2026-05-18,CUST-016,Royal Comfort Residency Hotel,BR-01,6197.0,1115.46,7312.46,Net 30,Paid
INV-003699,SO-003699,2026-04-20,2026-05-20,CUST-028,Sri Venkateshwara Hardware & Electricals,BR-02,363334.0,65400.12,428734.12,Net 30,Paid
INV-003700,SO-003700,2026-04-20,2026-05-20,CUST-017,Apex Manufacturing Solutions,BR-01,3916.8,705.02,4621.82,Net 30,Paid
INV-003701,SO-003701,2026-04-20,2026-05-20,CUST-046,Annamalai Agro Processing Unit,BR-03,2758.0,496.44,3254.44,Net 30,Paid
INV-003702,SO-003702,2026-04-20,2026-05-20,CUST-043,Sundaram Hospital Maintenance,BR-03,2816.0,506.88,3322.88,Net 30,Paid
INV-003703,SO-003703,2026-04-20,2026-05-20,CUST-032,Cauvery Engineering Contractors,BR-02,135143.2,24325.78,159468.98,Net 30,Paid
INV-003704,SO-003704,2026-04-20,2026-04-20,CUST-031,Nandini Milk Parlour & Mart,BR-02,12209.0,2197.62,14406.62,Immediate Cash,Paid
INV-003705,SO-003705,2026-04-20,2026-04-20,CUST-045,Karthika Departmental Store,BR-03,8272.0,1488.96,9760.96,Immediate Cash,Paid
INV-003706,SO-003706,2026-04-21,2026-05-06,CUST-002,Kalaivani Hardware & Paints,BR-01,149000.0,26820.0,175820.0,Net 15,Paid
INV-003707,SO-003707,2026-04-21,2026-04-21,CUST-021,Mohammed Riyaz (Home Renovation),BR-01,5676.0,1021.68,6697.68,Immediate Cash,Paid
INV-003708,SO-003708,2026-04-21,2026-04-21,CUST-014,Siva Shankaran (Individual Home),BR-01,1080.0,194.4,1274.4,Immediate Cash,Paid
INV-003709,SO-003709,2026-04-21,2026-05-21,CUST-032,Cauvery Engineering Contractors,BR-02,123608.0,22249.44,145857.44,Net 30,Paid
INV-003710,SO-003710,2026-04-21,2026-05-21,CUST-046,Annamalai Agro Processing Unit,BR-03,3960.0,712.8,4672.8,Net 30,Paid
INV-003711,SO-003711,2026-04-21,2026-05-21,CUST-032,Cauvery Engineering Contractors,BR-02,90855.4,16353.97,107209.37,Net 30,Paid
INV-003712,SO-003712,2026-04-21,2026-05-06,CUST-039,Rangasamy Electrician Workshop,BR-03,1512.0,272.16,1784.16,Net 15,Paid
INV-003713,SO-003713,2026-04-22,2026-04-29,CUST-035,Gowda Electrical Repairs,BR-02,8273.2,1489.18,9762.38,Net 7,Paid
INV-003714,SO-003714,2026-04-22,2026-05-22,CUST-043,Sundaram Hospital Maintenance,BR-03,195.0,35.1,230.1,Net 30,Paid
INV-003715,SO-003715,2026-04-22,2026-04-29,CUST-035,Gowda Electrical Repairs,BR-02,1985.0,357.3,2342.3,Net 7,Paid
INV-003716,SO-003716,2026-04-22,2026-04-29,CUST-008,Anbu Electricals (Anbazhagan),BR-01,3517.0,633.06,4150.06,Net 7,Paid
INV-003717,SO-003717,2026-04-22,2026-05-22,CUST-043,Sundaram Hospital Maintenance,BR-03,280.0,50.4,330.4,Net 30,Paid
INV-003718,SO-003718,2026-04-22,2026-05-22,CUST-016,Royal Comfort Residency Hotel,BR-01,924.0,166.32,1090.32,Net 30,Paid
INV-003719,SO-003719,2026-04-22,2026-06-06,CUST-041,Kongu Builders & Real Estate,BR-03,21198.0,3815.64,25013.64,Net 45,Paid
INV-003720,SO-003720,2026-04-22,2026-05-22,CUST-010,Vels Vidyashram School Campus,BR-01,7450.0,1341.0,8791.0,Net 30,Paid
INV-003721,SO-003721,2026-04-23,2026-05-23,CUST-009,Devi Agency & Lighting Store,BR-01,49578.0,8924.04,58502.04,Net 30,Paid
INV-003722,SO-003722,2026-04-23,2026-05-23,CUST-032,Cauvery Engineering Contractors,BR-02,13090.6,2356.31,15446.91,Net 30,Paid
INV-003723,SO-003723,2026-04-23,2026-05-23,CUST-009,Devi Agency & Lighting Store,BR-01,93036.0,16746.48,109782.48,Net 30,Paid
INV-003724,SO-003724,2026-04-24,2026-05-24,CUST-040,Sri Krishna Engineering College Hostel,BR-03,596.2,107.32,703.52,Net 30,Paid
INV-003725,SO-003725,2026-04-24,2026-05-24,CUST-025,Brigade Vista Apartment Owners Assn,BR-02,640.0,115.2,755.2,Net 30,Paid
INV-003726,SO-003726,2026-04-24,2026-05-09,CUST-002,Kalaivani Hardware & Paints,BR-01,211219.6,38019.53,249239.13,Net 15,Paid
INV-003727,SO-003727,2026-04-24,2026-05-24,CUST-015,Srinivasan & Sons Contractor,BR-01,65363.0,11765.34,77128.34,Net 30,Paid
INV-003728,SO-003728,2026-04-24,2026-05-24,CUST-032,Cauvery Engineering Contractors,BR-02,22429.6,4037.33,26466.93,Net 30,Paid
INV-003729,SO-003729,2026-04-24,2026-04-24,CUST-021,Mohammed Riyaz (Home Renovation),BR-01,2992.8,538.7,3531.5,Immediate Cash,Paid
INV-003730,SO-003730,2026-04-25,2026-05-25,CUST-016,Royal Comfort Residency Hotel,BR-01,330.0,59.4,389.4,Net 30,Paid
INV-003731,SO-003731,2026-04-25,2026-04-25,CUST-045,Karthika Departmental Store,BR-03,1080.0,194.4,1274.4,Immediate Cash,Paid
INV-003732,SO-003732,2026-04-25,2026-05-25,CUST-032,Cauvery Engineering Contractors,BR-02,118591.4,21346.45,139937.85,Net 30,Paid
INV-003733,SO-003733,2026-04-25,2026-05-25,CUST-043,Sundaram Hospital Maintenance,BR-03,1165.0,209.7,1374.7,Net 30,Paid
INV-003734,SO-003734,2026-04-25,2026-05-25,CUST-007,TechPark Facility Maintenance Team,BR-01,3406.0,613.08,4019.08,Net 30,Paid
INV-003735,SO-003735,2026-04-27,2026-05-27,CUST-028,Sri Venkateshwara Hardware & Electricals,BR-02,96188.2,17313.87,113502.07,Net 30,Paid
INV-003736,SO-003736,2026-04-27,2026-05-27,CUST-015,Srinivasan & Sons Contractor,BR-01,77301.0,13914.18,91215.18,Net 30,Paid
INV-003737,SO-003737,2026-04-27,2026-05-12,CUST-003,Saravana Electric Works (Govindaraj),BR-01,28185.0,5073.3,33258.3,Net 15,Paid
INV-003738,SO-003738,2026-04-27,2026-05-27,CUST-028,Sri Venkateshwara Hardware & Electricals,BR-02,130512.0,23492.16,154004.16,Net 30,Paid
INV-003739,SO-003739,2026-04-27,2026-05-27,CUST-040,Sri Krishna Engineering College Hostel,BR-03,4587.0,825.66,5412.66,Net 30,Paid
INV-003740,SO-003740,2026-04-27,2026-05-27,CUST-043,Sundaram Hospital Maintenance,BR-03,9603.0,1728.54,11331.54,Net 30,Paid
INV-003741,SO-003741,2026-04-27,2026-05-27,CUST-043,Sundaram Hospital Maintenance,BR-03,526.2,94.72,620.92,Net 30,Paid
INV-003742,SO-003742,2026-04-28,2026-05-28,CUST-025,Brigade Vista Apartment Owners Assn,BR-02,3036.0,546.48,3582.48,Net 30,Paid
INV-003743,SO-003743,2026-04-28,2026-05-28,CUST-001,Balaji Electrical Contractors,BR-01,14331.8,2579.72,16911.52,Net 30,Paid
INV-003744,SO-003744,2026-04-28,2026-05-28,CUST-022,Global Smart Solutions (P) Ltd,BR-01,18157.0,3268.26,21425.26,Net 30,Paid
INV-003745,SO-003745,2026-04-28,2026-05-13,CUST-020,Selvam Electrician Services,BR-01,4301.2,774.22,5075.42,Net 15,Paid
INV-003746,SO-003746,2026-04-28,2026-05-13,CUST-002,Kalaivani Hardware & Paints,BR-01,276678.0,49802.04,326480.04,Net 15,Paid
INV-003747,SO-003747,2026-04-28,2026-06-12,CUST-041,Kongu Builders & Real Estate,BR-03,171335.0,30840.3,202175.3,Net 45,Paid
INV-003748,SO-003748,2026-04-28,2026-05-28,CUST-043,Sundaram Hospital Maintenance,BR-03,2689.0,484.02,3173.02,Net 30,Paid
INV-003749,SO-003749,2026-04-28,2026-04-28,CUST-014,Siva Shankaran (Individual Home),BR-01,202.4,36.43,238.83,Immediate Cash,Paid
INV-003750,SO-003750,2026-04-29,2026-05-29,CUST-043,Sundaram Hospital Maintenance,BR-03,6396.0,1151.28,7547.28,Net 30,Paid
INV-003751,SO-003751,2026-04-29,2026-06-13,CUST-011,Victory Housing Projects Phase 2,BR-01,77663.6,13979.45,91643.05,Net 45,Paid
INV-003752,SO-003752,2026-04-29,2026-05-29,CUST-016,Royal Comfort Residency Hotel,BR-01,542.8,97.7,640.5,Net 30,Paid
INV-003753,SO-003753,2026-04-29,2026-04-29,CUST-006,Dr. Priya Sundaram (Home Clinic),BR-01,580.8,104.54,685.34,Immediate UPI,Paid
INV-003754,SO-003754,2026-04-30,2026-04-30,CUST-006,Dr. Priya Sundaram (Home Clinic),BR-01,1380.0,248.4,1628.4,Immediate UPI,Paid
INV-003755,SO-003755,2026-04-30,2026-05-30,CUST-046,Annamalai Agro Processing Unit,BR-03,9636.0,1734.48,11370.48,Net 30,Paid
INV-003756,SO-003756,2026-04-30,2026-06-14,CUST-029,Raghavendra Infrastructure Developers,BR-02,115787.0,20841.66,136628.66,Net 45,Paid
INV-003757,SO-003757,2026-04-30,2026-06-14,CUST-011,Victory Housing Projects Phase 2,BR-01,83266.0,14987.88,98253.88,Net 45,Paid
INV-003758,SO-003758,2026-04-30,2026-04-30,CUST-021,Mohammed Riyaz (Home Renovation),BR-01,5110.0,919.8,6029.8,Immediate Cash,Paid
INV-003759,SO-003759,2026-05-01,2026-05-16,CUST-026,Manjunatha Electrical Works,BR-02,8160.0,1468.8,9628.8,Net 15,Paid
INV-003760,SO-003760,2026-05-01,2026-05-31,CUST-032,Cauvery Engineering Contractors,BR-02,67899.0,12221.82,80120.82,Net 30,Paid
INV-003761,SO-003761,2026-05-01,2026-06-15,CUST-004,Sri Ramakrishna Builders & Infra,BR-01,69534.0,12516.12,82050.12,Net 45,Paid
INV-003762,SO-003762,2026-05-01,2026-05-16,CUST-002,Kalaivani Hardware & Paints,BR-01,176242.0,31723.56,207965.56,Net 15,Paid
INV-003763,SO-003763,2026-05-01,2026-05-16,CUST-026,Manjunatha Electrical Works,BR-02,22879.0,4118.22,26997.22,Net 15,Paid
INV-003764,SO-003764,2026-05-01,2026-05-31,CUST-040,Sri Krishna Engineering College Hostel,BR-03,4628.0,833.04,5461.04,Net 30,Paid
INV-003765,SO-003765,2026-05-01,2026-05-01,CUST-018,Lakshmi Vilas Sweets & Bakery,BR-01,924.0,166.32,1090.32,Immediate UPI,Paid
INV-003766,SO-003766,2026-05-02,2026-05-02,CUST-030,Dr. Arvind Rao Dental Clinic,BR-02,9561.2,1721.02,11282.22,Immediate UPI,Paid
INV-003767,SO-003767,2026-05-02,2026-05-02,CUST-012,Karthik Residential Apartment Owner,BR-01,624.0,112.32,736.32,Immediate Card,Paid
INV-003768,SO-003768,2026-05-02,2026-06-01,CUST-037,Kovai Textile Mills Facility Team,BR-03,8154.0,1467.72,9621.72,Net 30,Paid
INV-003769,SO-003769,2026-05-02,2026-05-17,CUST-003,Saravana Electric Works (Govindaraj),BR-01,7800.0,1404.0,9204.0,Net 15,Paid
INV-003770,SO-003770,2026-05-02,2026-05-02,CUST-045,Karthika Departmental Store,BR-03,495.0,89.1,584.1,Immediate Cash,Paid
INV-003771,SO-003771,2026-05-02,2026-06-01,CUST-046,Annamalai Agro Processing Unit,BR-03,2720.0,489.6,3209.6,Net 30,Paid
INV-003772,SO-003772,2026-05-02,2026-06-01,CUST-047,Kovai Elite Residency Hotel,BR-03,2191.0,394.38,2585.38,Net 30,Paid
INV-003773,SO-003773,2026-05-02,2026-06-01,CUST-047,Kovai Elite Residency Hotel,BR-03,11088.0,1995.84,13083.84,Net 30,Paid
INV-003774,SO-003774,2026-05-04,2026-06-03,CUST-047,Kovai Elite Residency Hotel,BR-03,6090.0,1096.2,7186.2,Net 30,Paid
INV-003775,SO-003775,2026-05-04,2026-05-19,CUST-013,Metro Supermarket Tambaram,BR-01,15.0,2.7,17.7,Net 15,Paid
INV-003776,SO-003776,2026-05-04,2026-06-03,CUST-036,Urban Spaces Interior Studio,BR-02,48657.6,8758.37,57415.97,Net 30,Paid
INV-003777,SO-003777,2026-05-04,2026-06-18,CUST-011,Victory Housing Projects Phase 2,BR-01,73440.0,13219.2,86659.2,Net 45,Paid
INV-003778,SO-003778,2026-05-05,2026-06-04,CUST-028,Sri Venkateshwara Hardware & Electricals,BR-02,184350.8,33183.14,217533.94,Net 30,Paid
INV-003779,SO-003779,2026-05-05,2026-06-19,CUST-004,Sri Ramakrishna Builders & Infra,BR-01,67490.2,12148.24,79638.44,Net 45,Paid
INV-003780,SO-003780,2026-05-05,2026-05-20,CUST-003,Saravana Electric Works (Govindaraj),BR-01,6885.0,1239.3,8124.3,Net 15,Paid
INV-003781,SO-003781,2026-05-05,2026-06-04,CUST-046,Annamalai Agro Processing Unit,BR-03,2172.0,390.96,2562.96,Net 30,Paid
INV-003782,SO-003782,2026-05-05,2026-05-20,CUST-020,Selvam Electrician Services,BR-01,9675.0,1741.5,11416.5,Net 15,Paid
INV-003783,SO-003783,2026-05-05,2026-06-19,CUST-041,Kongu Builders & Real Estate,BR-03,5892.0,1060.56,6952.56,Net 45,Paid
INV-003784,SO-003784,2026-05-06,2026-05-13,CUST-008,Anbu Electricals (Anbazhagan),BR-01,1119.0,201.42,1320.42,Net 7,Paid
INV-003785,SO-003785,2026-05-06,2026-06-05,CUST-019,Poompuhar Handicrafts Store,BR-01,69.0,12.42,81.42,Net 30,Paid
INV-003786,SO-003786,2026-05-06,2026-05-21,CUST-026,Manjunatha Electrical Works,BR-02,21612.0,3890.16,25502.16,Net 15,Paid
INV-003787,SO-003787,2026-05-06,2026-05-21,CUST-039,Rangasamy Electrician Workshop,BR-03,5918.0,1065.24,6983.24,Net 15,Paid
INV-003788,SO-003788,2026-05-06,2026-06-05,CUST-007,TechPark Facility Maintenance Team,BR-01,1961.0,352.98,2313.98,Net 30,Paid
INV-003789,SO-003789,2026-05-06,2026-06-05,CUST-019,Poompuhar Handicrafts Store,BR-01,799.8,143.96,943.76,Net 30,Paid
INV-003790,SO-003790,2026-05-07,2026-06-06,CUST-043,Sundaram Hospital Maintenance,BR-03,1100.0,198.0,1298.0,Net 30,Paid
INV-003791,SO-003791,2026-05-07,2026-05-07,CUST-006,Dr. Priya Sundaram (Home Clinic),BR-01,101.2,18.22,119.42,Immediate UPI,Paid
INV-003792,SO-003792,2026-05-07,2026-05-22,CUST-038,Marutham Electrical & Power Agency,BR-03,152160.0,27388.8,179548.8,Net 15,Paid
INV-003793,SO-003793,2026-05-07,2026-06-06,CUST-001,Balaji Electrical Contractors,BR-01,34648.0,6236.64,40884.64,Net 30,Paid
INV-003794,SO-003794,2026-05-07,2026-05-07,CUST-014,Siva Shankaran (Individual Home),BR-01,423.2,76.17,499.37,Immediate Cash,Paid
INV-003795,SO-003795,2026-05-07,2026-06-06,CUST-001,Balaji Electrical Contractors,BR-01,36395.0,6551.1,42946.1,Net 30,Paid
INV-003796,SO-003796,2026-05-07,2026-05-14,CUST-035,Gowda Electrical Repairs,BR-02,2350.6,423.11,2773.71,Net 7,Paid
INV-003797,SO-003797,2026-05-08,2026-05-23,CUST-023,Kalam Brothers Electrical Store,BR-01,222084.0,39975.12,262059.12,Net 15,Paid
INV-003798,SO-003798,2026-05-08,2026-06-07,CUST-046,Annamalai Agro Processing Unit,BR-03,11225.0,2020.5,13245.5,Net 30,Paid
INV-003799,SO-003799,2026-05-08,2026-06-07,CUST-019,Poompuhar Handicrafts Store,BR-01,634.8,114.26,749.06,Net 30,Paid
INV-003800,SO-003800,2026-05-08,2026-06-22,CUST-004,Sri Ramakrishna Builders & Infra,BR-01,35477.2,6385.9,41863.1,Net 45,Paid
INV-003801,SO-003801,2026-05-08,2026-06-07,CUST-001,Balaji Electrical Contractors,BR-01,69570.0,12522.6,82092.6,Net 30,Paid
INV-003802,SO-003802,2026-05-09,2026-06-08,CUST-037,Kovai Textile Mills Facility Team,BR-03,1254.0,225.72,1479.72,Net 30,Paid
INV-003803,SO-003803,2026-05-09,2026-05-24,CUST-026,Manjunatha Electrical Works,BR-02,10270.0,1848.6,12118.6,Net 15,Paid
INV-003804,SO-003804,2026-05-09,2026-05-24,CUST-023,Kalam Brothers Electrical Store,BR-01,87439.0,15739.02,103178.02,Net 15,Paid
INV-003805,SO-003805,2026-05-09,2026-06-08,CUST-036,Urban Spaces Interior Studio,BR-02,87858.0,15814.44,103672.44,Net 30,Paid
INV-003806,SO-003806,2026-05-11,2026-05-18,CUST-035,Gowda Electrical Repairs,BR-02,21608.0,3889.44,25497.44,Net 7,Paid
INV-003807,SO-003807,2026-05-11,2026-06-10,CUST-046,Annamalai Agro Processing Unit,BR-03,1700.0,306.0,2006.0,Net 30,Paid
INV-003808,SO-003808,2026-05-11,2026-05-26,CUST-039,Rangasamy Electrician Workshop,BR-03,11028.0,1985.04,13013.04,Net 15,Paid
INV-003809,SO-003809,2026-05-11,2026-06-10,CUST-047,Kovai Elite Residency Hotel,BR-03,7010.0,1261.8,8271.8,Net 30,Paid
INV-003810,SO-003810,2026-05-12,2026-06-11,CUST-019,Poompuhar Handicrafts Store,BR-01,322.0,57.96,379.96,Net 30,Paid
INV-003811,SO-003811,2026-05-12,2026-05-27,CUST-023,Kalam Brothers Electrical Store,BR-01,142791.0,25702.38,168493.38,Net 15,Paid
INV-003812,SO-003812,2026-05-12,2026-05-19,CUST-044,Mani Bros Electricals (Mani),BR-03,7571.0,1362.78,8933.78,Net 7,Paid
INV-003813,SO-003813,2026-05-12,2026-05-27,CUST-013,Metro Supermarket Tambaram,BR-01,500.8,90.14,590.94,Net 15,Paid
INV-003814,SO-003814,2026-05-12,2026-05-12,CUST-033,Suresh Babu (Villa Construction),BR-02,2200.0,396.0,2596.0,Immediate Card,Paid
INV-003815,SO-003815,2026-05-12,2026-06-11,CUST-040,Sri Krishna Engineering College Hostel,BR-03,19961.0,3592.98,23553.98,Net 30,Paid
INV-003816,SO-003816,2026-05-13,2026-05-13,CUST-021,Mohammed Riyaz (Home Renovation),BR-01,3450.0,621.0,4071.0,Immediate Cash,Paid
INV-003817,SO-003817,2026-05-13,2026-05-13,CUST-033,Suresh Babu (Villa Construction),BR-02,390.0,70.2,460.2,Immediate Card,Paid
INV-003818,SO-003818,2026-05-13,2026-06-12,CUST-016,Royal Comfort Residency Hotel,BR-01,4748.0,854.64,5602.64,Net 30,Paid
INV-003819,SO-003819,2026-05-13,2026-05-13,CUST-048,Ramachandran (Individual House Owner),BR-03,6444.0,1159.92,7603.92,Immediate UPI,Paid
INV-003820,SO-003820,2026-05-13,2026-05-28,CUST-042,Velan Pump & Motor Spares Store,BR-03,119522.0,21513.96,141035.96,Net 15,Paid
INV-003821,SO-003821,2026-05-13,2026-06-27,CUST-004,Sri Ramakrishna Builders & Infra,BR-01,23479.4,4226.29,27705.69,Net 45,Paid
INV-003822,SO-003822,2026-05-14,2026-05-14,CUST-033,Suresh Babu (Villa Construction),BR-02,3028.0,545.04,3573.04,Immediate Card,Paid
INV-003823,SO-003823,2026-05-14,2026-06-13,CUST-027,InnoTech Coworking Hub,BR-02,69.0,12.42,81.42,Net 30,Paid
INV-003824,SO-003824,2026-05-14,2026-05-14,CUST-006,Dr. Priya Sundaram (Home Clinic),BR-01,9782.0,1760.76,11542.76,Immediate UPI,Paid
INV-003825,SO-003825,2026-05-15,2026-06-14,CUST-017,Apex Manufacturing Solutions,BR-01,720.0,129.6,849.6,Net 30,Paid
INV-003826,SO-003826,2026-05-15,2026-06-14,CUST-022,Global Smart Solutions (P) Ltd,BR-01,21122.0,3801.96,24923.96,Net 30,Paid
INV-003827,SO-003827,2026-05-15,2026-05-15,CUST-021,Mohammed Riyaz (Home Renovation),BR-01,2648.8,476.78,3125.58,Immediate Cash,Paid
INV-003828,SO-003828,2026-05-15,2026-06-29,CUST-004,Sri Ramakrishna Builders & Infra,BR-01,124915.0,22484.7,147399.7,Net 45,Paid
INV-003829,SO-003829,2026-05-15,2026-05-15,CUST-012,Karthik Residential Apartment Owner,BR-01,9663.0,1739.34,11402.34,Immediate Card,Paid
INV-003830,SO-003830,2026-05-15,2026-05-30,CUST-003,Saravana Electric Works (Govindaraj),BR-01,27471.0,4944.78,32415.78,Net 15,Paid
INV-003831,SO-003831,2026-05-15,2026-05-30,CUST-042,Velan Pump & Motor Spares Store,BR-03,28177.0,5071.86,33248.86,Net 15,Paid
INV-003832,SO-003832,2026-05-15,2026-06-14,CUST-015,Srinivasan & Sons Contractor,BR-01,135527.2,24394.9,159922.1,Net 30,Paid
INV-003833,SO-003833,2026-05-16,2026-06-15,CUST-040,Sri Krishna Engineering College Hostel,BR-03,675.0,121.5,796.5,Net 30,Paid
INV-003834,SO-003834,2026-05-16,2026-05-16,CUST-030,Dr. Arvind Rao Dental Clinic,BR-02,12991.0,2338.38,15329.38,Immediate UPI,Paid
INV-003835,SO-003835,2026-05-16,2026-06-15,CUST-015,Srinivasan & Sons Contractor,BR-01,43730.4,7871.47,51601.87,Net 30,Paid
INV-003836,SO-003836,2026-05-18,2026-06-02,CUST-023,Kalam Brothers Electrical Store,BR-01,145030.0,26105.4,171135.4,Net 15,Paid
INV-003837,SO-003837,2026-05-18,2026-05-18,CUST-006,Dr. Priya Sundaram (Home Clinic),BR-01,475.0,85.5,560.5,Immediate UPI,Paid
INV-003838,SO-003838,2026-05-18,2026-05-18,CUST-048,Ramachandran (Individual House Owner),BR-03,3036.0,546.48,3582.48,Immediate UPI,Paid
INV-003839,SO-003839,2026-05-18,2026-07-02,CUST-011,Victory Housing Projects Phase 2,BR-01,56229.0,10121.22,66350.22,Net 45,Paid
INV-003840,SO-003840,2026-05-19,2026-05-26,CUST-044,Mani Bros Electricals (Mani),BR-03,10195.0,1835.1,12030.1,Net 7,Paid
INV-003841,SO-003841,2026-05-19,2026-05-19,CUST-021,Mohammed Riyaz (Home Renovation),BR-01,3330.0,599.4,3929.4,Immediate Cash,Paid
INV-003842,SO-003842,2026-05-19,2026-07-03,CUST-041,Kongu Builders & Real Estate,BR-03,110291.4,19852.45,130143.85,Net 45,Paid
INV-003843,SO-003843,2026-05-19,2026-05-26,CUST-044,Mani Bros Electricals (Mani),BR-03,19298.0,3473.64,22771.64,Net 7,Paid
INV-003844,SO-003844,2026-05-19,2026-05-19,CUST-030,Dr. Arvind Rao Dental Clinic,BR-02,435.0,78.3,513.3,Immediate UPI,Paid
INV-003845,SO-003845,2026-05-19,2026-05-19,CUST-018,Lakshmi Vilas Sweets & Bakery,BR-01,954.0,171.72,1125.72,Immediate UPI,Paid
INV-003846,SO-003846,2026-05-19,2026-06-18,CUST-032,Cauvery Engineering Contractors,BR-02,42308.0,7615.44,49923.44,Net 30,Paid
INV-003847,SO-003847,2026-05-20,2026-06-19,CUST-015,Srinivasan & Sons Contractor,BR-01,4923.4,886.21,5809.61,Net 30,Paid
INV-003848,SO-003848,2026-05-20,2026-07-04,CUST-011,Victory Housing Projects Phase 2,BR-01,44648.0,8036.64,52684.64,Net 45,Paid
INV-003849,SO-003849,2026-05-20,2026-06-04,CUST-002,Kalaivani Hardware & Paints,BR-01,162963.0,29333.34,192296.34,Net 15,Paid
INV-003850,SO-003850,2026-05-20,2026-06-19,CUST-047,Kovai Elite Residency Hotel,BR-03,1299.6,233.93,1533.53,Net 30,Paid
INV-003851,SO-003851,2026-05-20,2026-06-19,CUST-036,Urban Spaces Interior Studio,BR-02,268107.0,48259.26,316366.26,Net 30,Paid
INV-003852,SO-003852,2026-05-20,2026-05-20,CUST-018,Lakshmi Vilas Sweets & Bakery,BR-01,11337.0,2040.66,13377.66,Immediate UPI,Paid
INV-003853,SO-003853,2026-05-20,2026-06-04,CUST-038,Marutham Electrical & Power Agency,BR-03,167650.0,30177.0,197827.0,Net 15,Paid
INV-003854,SO-003854,2026-05-20,2026-06-04,CUST-002,Kalaivani Hardware & Paints,BR-01,36344.0,6541.92,42885.92,Net 15,Paid
INV-003855,SO-003855,2026-05-21,2026-06-20,CUST-025,Brigade Vista Apartment Owners Assn,BR-02,10340.0,1861.2,12201.2,Net 30,Paid
INV-003856,SO-003856,2026-05-21,2026-05-21,CUST-006,Dr. Priya Sundaram (Home Clinic),BR-01,1001.0,180.18,1181.18,Immediate UPI,Paid
INV-003857,SO-003857,2026-05-21,2026-06-05,CUST-002,Kalaivani Hardware & Paints,BR-01,24710.0,4447.8,29157.8,Net 15,Paid
INV-003858,SO-003858,2026-05-21,2026-06-20,CUST-028,Sri Venkateshwara Hardware & Electricals,BR-02,199955.2,35991.94,235947.14,Net 30,Paid
INV-003859,SO-003859,2026-05-22,2026-06-21,CUST-025,Brigade Vista Apartment Owners Assn,BR-02,495.0,89.1,584.1,Net 30,Paid
INV-003860,SO-003860,2026-05-22,2026-06-06,CUST-042,Velan Pump & Motor Spares Store,BR-03,271424.8,48856.46,320281.26,Net 15,Paid
INV-003861,SO-003861,2026-05-22,2026-05-22,CUST-030,Dr. Arvind Rao Dental Clinic,BR-02,3231.0,581.58,3812.58,Immediate UPI,Paid
INV-003862,SO-003862,2026-05-22,2026-06-06,CUST-020,Selvam Electrician Services,BR-01,4396.0,791.28,5187.28,Net 15,Paid
INV-003863,SO-003863,2026-05-22,2026-06-06,CUST-038,Marutham Electrical & Power Agency,BR-03,550672.0,99120.96,649792.96,Net 15,Paid
INV-003864,SO-003864,2026-05-22,2026-05-22,CUST-021,Mohammed Riyaz (Home Renovation),BR-01,746.6,134.39,880.99,Immediate Cash,Paid
INV-003865,SO-003865,2026-05-22,2026-06-21,CUST-015,Srinivasan & Sons Contractor,BR-01,9031.8,1625.72,10657.52,Net 30,Paid
INV-003866,SO-003866,2026-05-22,2026-05-22,CUST-012,Karthik Residential Apartment Owner,BR-01,640.0,115.2,755.2,Immediate Card,Paid
INV-003867,SO-003867,2026-05-23,2026-05-23,CUST-033,Suresh Babu (Villa Construction),BR-02,1950.0,351.0,2301.0,Immediate Card,Paid
INV-003868,SO-003868,2026-05-23,2026-06-07,CUST-042,Velan Pump & Motor Spares Store,BR-03,77439.0,13939.02,91378.02,Net 15,Paid
INV-003869,SO-003869,2026-05-23,2026-06-07,CUST-042,Velan Pump & Motor Spares Store,BR-03,371958.0,66952.44,438910.44,Net 15,Paid
INV-003870,SO-003870,2026-05-25,2026-06-24,CUST-047,Kovai Elite Residency Hotel,BR-03,3332.0,599.76,3931.76,Net 30,Paid
INV-003871,SO-003871,2026-05-25,2026-06-24,CUST-017,Apex Manufacturing Solutions,BR-01,828.0,149.04,977.04,Net 30,Paid
INV-003872,SO-003872,2026-05-25,2026-06-01,CUST-044,Mani Bros Electricals (Mani),BR-03,15244.0,2743.92,17987.92,Net 7,Paid
INV-003873,SO-003873,2026-05-25,2026-05-25,CUST-018,Lakshmi Vilas Sweets & Bakery,BR-01,7014.0,1262.52,8276.52,Immediate UPI,Paid
INV-003874,SO-003874,2026-05-25,2026-06-09,CUST-013,Metro Supermarket Tambaram,BR-01,630.8,113.54,744.34,Net 15,Paid
INV-003875,SO-003875,2026-05-25,2026-06-24,CUST-046,Annamalai Agro Processing Unit,BR-03,9238.0,1662.84,10900.84,Net 30,Paid
INV-003876,SO-003876,2026-05-26,2026-06-25,CUST-022,Global Smart Solutions (P) Ltd,BR-01,26501.0,4770.18,31271.18,Net 30,Paid
INV-003877,SO-003877,2026-05-26,2026-06-25,CUST-019,Poompuhar Handicrafts Store,BR-01,2802.0,504.36,3306.36,Net 30,Paid
INV-003878,SO-003878,2026-05-26,2026-06-25,CUST-015,Srinivasan & Sons Contractor,BR-01,26925.0,4846.5,31771.5,Net 30,Paid
INV-003879,SO-003879,2026-05-26,2026-05-26,CUST-030,Dr. Arvind Rao Dental Clinic,BR-02,2772.0,498.96,3270.96,Immediate UPI,Paid
INV-003880,SO-003880,2026-05-26,2026-06-02,CUST-008,Anbu Electricals (Anbazhagan),BR-01,5120.0,921.6,6041.6,Net 7,Paid
INV-003881,SO-003881,2026-05-26,2026-05-26,CUST-033,Suresh Babu (Villa Construction),BR-02,2992.0,538.56,3530.56,Immediate Card,Paid
INV-003882,SO-003882,2026-05-26,2026-06-02,CUST-044,Mani Bros Electricals (Mani),BR-03,2463.2,443.38,2906.58,Net 7,Paid
INV-003883,SO-003883,2026-05-26,2026-06-25,CUST-034,Silicon Valley PG Hostel Chain,BR-02,7540.0,1357.2,8897.2,Net 30,Paid
INV-003884,SO-003884,2026-05-27,2026-05-27,CUST-033,Suresh Babu (Villa Construction),BR-02,1060.4,190.87,1251.27,Immediate Card,Paid
INV-003885,SO-003885,2026-05-27,2026-06-03,CUST-008,Anbu Electricals (Anbazhagan),BR-01,4285.0,771.3,5056.3,Net 7,Paid
INV-003886,SO-003886,2026-05-27,2026-06-03,CUST-035,Gowda Electrical Repairs,BR-02,13493.0,2428.74,15921.74,Net 7,Paid
INV-003887,SO-003887,2026-05-28,2026-05-28,CUST-045,Karthika Departmental Store,BR-03,185.2,33.34,218.54,Immediate Cash,Paid
INV-003888,SO-003888,2026-05-28,2026-06-27,CUST-007,TechPark Facility Maintenance Team,BR-01,914.8,164.66,1079.46,Net 30,Paid
INV-003889,SO-003889,2026-05-28,2026-06-27,CUST-022,Global Smart Solutions (P) Ltd,BR-01,56668.0,10200.24,66868.24,Net 30,Paid
INV-003890,SO-003890,2026-05-29,2026-06-13,CUST-039,Rangasamy Electrician Workshop,BR-03,6731.0,1211.58,7942.58,Net 15,Paid
INV-003891,SO-003891,2026-05-29,2026-06-05,CUST-044,Mani Bros Electricals (Mani),BR-03,11460.0,2062.8,13522.8,Net 7,Paid
INV-003892,SO-003892,2026-05-29,2026-06-28,CUST-047,Kovai Elite Residency Hotel,BR-03,4433.0,797.94,5230.94,Net 30,Paid
INV-003893,SO-003893,2026-05-29,2026-06-28,CUST-022,Global Smart Solutions (P) Ltd,BR-01,13020.0,2343.6,15363.6,Net 30,Paid
INV-003894,SO-003894,2026-05-29,2026-06-28,CUST-034,Silicon Valley PG Hostel Chain,BR-02,9966.0,1793.88,11759.88,Net 30,Paid
INV-003895,SO-003895,2026-05-29,2026-06-28,CUST-007,TechPark Facility Maintenance Team,BR-01,15460.0,2782.8,18242.8,Net 30,Paid
INV-003896,SO-003896,2026-05-29,2026-05-29,CUST-048,Ramachandran (Individual House Owner),BR-03,1345.0,242.1,1587.1,Immediate UPI,Paid
INV-003897,SO-003897,2026-05-29,2026-06-28,CUST-015,Srinivasan & Sons Contractor,BR-01,23766.8,4278.02,28044.82,Net 30,Paid
INV-003898,SO-003898,2026-05-30,2026-06-29,CUST-047,Kovai Elite Residency Hotel,BR-03,45.0,8.1,53.1,Net 30,Paid
INV-003899,SO-003899,2026-05-30,2026-06-29,CUST-015,Srinivasan & Sons Contractor,BR-01,73331.8,13199.72,86531.52,Net 30,Paid
INV-003900,SO-003900,2026-05-30,2026-06-29,CUST-032,Cauvery Engineering Contractors,BR-02,68930.6,12407.51,81338.11,Net 30,Paid
INV-003901,SO-003901,2026-05-30,2026-06-29,CUST-046,Annamalai Agro Processing Unit,BR-03,2068.0,372.24,2440.24,Net 30,Paid
INV-003902,SO-003902,2026-06-01,2026-06-16,CUST-026,Manjunatha Electrical Works,BR-02,3802.4,684.43,4486.83,Net 15,Paid
INV-003903,SO-003903,2026-06-01,2026-07-01,CUST-043,Sundaram Hospital Maintenance,BR-03,3802.0,684.36,4486.36,Net 30,Paid
INV-003904,SO-003904,2026-06-01,2026-06-16,CUST-042,Velan Pump & Motor Spares Store,BR-03,84172.0,15150.96,99322.96,Net 15,Paid
INV-003905,SO-003905,2026-06-02,2026-06-17,CUST-002,Kalaivani Hardware & Paints,BR-01,173954.8,31311.87,205266.67,Net 15,Paid
INV-003906,SO-003906,2026-06-02,2026-07-17,CUST-041,Kongu Builders & Real Estate,BR-03,9490.0,1708.2,11198.2,Net 45,Paid
INV-003907,SO-003907,2026-06-02,2026-07-02,CUST-007,TechPark Facility Maintenance Team,BR-01,69.0,12.42,81.42,Net 30,Paid
INV-003908,SO-003908,2026-06-02,2026-07-02,CUST-036,Urban Spaces Interior Studio,BR-02,110126.0,19822.68,129948.68,Net 30,Paid
INV-003909,SO-003909,2026-06-03,2026-06-03,CUST-048,Ramachandran (Individual House Owner),BR-03,4595.0,827.1,5422.1,Immediate UPI,Paid
INV-003910,SO-003910,2026-06-03,2026-06-03,CUST-048,Ramachandran (Individual House Owner),BR-03,10365.0,1865.7,12230.7,Immediate UPI,Paid
INV-003911,SO-003911,2026-06-03,2026-06-10,CUST-008,Anbu Electricals (Anbazhagan),BR-01,3360.0,604.8,3964.8,Net 7,Paid
INV-003912,SO-003912,2026-06-03,2026-07-03,CUST-009,Devi Agency & Lighting Store,BR-01,89031.6,16025.69,105057.29,Net 30,Paid
INV-003913,SO-003913,2026-06-03,2026-07-03,CUST-017,Apex Manufacturing Solutions,BR-01,2302.4,414.43,2716.83,Net 30,Paid
INV-003914,SO-003914,2026-06-03,2026-06-18,CUST-023,Kalam Brothers Electrical Store,BR-01,58038.6,10446.95,68485.55,Net 15,Paid
INV-003915,SO-003915,2026-06-03,2026-06-03,CUST-014,Siva Shankaran (Individual Home),BR-01,220.8,39.74,260.54,Immediate Cash,Paid
INV-003916,SO-003916,2026-06-03,2026-06-18,CUST-038,Marutham Electrical & Power Agency,BR-03,294905.0,53082.9,347987.9,Net 15,Paid
INV-003917,SO-003917,2026-06-04,2026-07-19,CUST-029,Raghavendra Infrastructure Developers,BR-02,14333.8,2580.08,16913.88,Net 45,Paid
INV-003918,SO-003918,2026-06-04,2026-07-04,CUST-028,Sri Venkateshwara Hardware & Electricals,BR-02,89953.2,16191.58,106144.78,Net 30,Paid
INV-003919,SO-003919,2026-06-04,2026-07-04,CUST-019,Poompuhar Handicrafts Store,BR-01,30.0,5.4,35.4,Net 30,Paid
INV-003920,SO-003920,2026-06-04,2026-07-19,CUST-029,Raghavendra Infrastructure Developers,BR-02,77756.0,13996.08,91752.08,Net 45,Paid
INV-003921,SO-003921,2026-06-04,2026-06-19,CUST-026,Manjunatha Electrical Works,BR-02,2840.0,511.2,3351.2,Net 15,Paid
INV-003922,SO-003922,2026-06-05,2026-07-05,CUST-015,Srinivasan & Sons Contractor,BR-01,78545.0,14138.1,92683.1,Net 30,Paid
INV-003923,SO-003923,2026-06-05,2026-06-05,CUST-048,Ramachandran (Individual House Owner),BR-03,2200.0,396.0,2596.0,Immediate UPI,Paid
INV-003924,SO-003924,2026-06-05,2026-07-20,CUST-004,Sri Ramakrishna Builders & Infra,BR-01,71440.0,12859.2,84299.2,Net 45,Paid
INV-003925,SO-003925,2026-06-05,2026-06-05,CUST-048,Ramachandran (Individual House Owner),BR-03,17880.0,3218.4,21098.4,Immediate UPI,Paid
INV-003926,SO-003926,2026-06-05,2026-06-12,CUST-044,Mani Bros Electricals (Mani),BR-03,6754.4,1215.79,7970.19,Net 7,Paid
INV-003927,SO-003927,2026-06-05,2026-06-20,CUST-013,Metro Supermarket Tambaram,BR-01,7621.0,1371.78,8992.78,Net 15,Paid
INV-003928,SO-003928,2026-06-05,2026-07-05,CUST-025,Brigade Vista Apartment Owners Assn,BR-02,3865.0,695.7,4560.7,Net 30,Paid
INV-003929,SO-003929,2026-06-06,2026-07-21,CUST-029,Raghavendra Infrastructure Developers,BR-02,10934.0,1968.12,12902.12,Net 45,Paid
INV-003930,SO-003930,2026-06-06,2026-06-06,CUST-012,Karthik Residential Apartment Owner,BR-01,4461.0,802.98,5263.98,Immediate Card,Paid
INV-003931,SO-003931,2026-06-06,2026-06-06,CUST-012,Karthik Residential Apartment Owner,BR-01,10791.6,1942.49,12734.09,Immediate Card,Paid
INV-003932,SO-003932,2026-06-06,2026-06-21,CUST-039,Rangasamy Electrician Workshop,BR-03,4425.0,796.5,5221.5,Net 15,Paid
INV-003933,SO-003933,2026-06-06,2026-07-06,CUST-027,InnoTech Coworking Hub,BR-02,1119.0,201.42,1320.42,Net 30,Paid
INV-003934,SO-003934,2026-06-06,2026-06-21,CUST-026,Manjunatha Electrical Works,BR-02,14570.0,2622.6,17192.6,Net 15,Paid
INV-003935,SO-003935,2026-06-06,2026-06-06,CUST-014,Siva Shankaran (Individual Home),BR-01,4534.0,816.12,5350.12,Immediate Cash,Paid
INV-003936,SO-003936,2026-06-06,2026-06-21,CUST-026,Manjunatha Electrical Works,BR-02,2530.0,455.4,2985.4,Net 15,Paid
INV-003937,SO-003937,2026-06-08,2026-06-23,CUST-038,Marutham Electrical & Power Agency,BR-03,300924.4,54166.39,355090.79,Net 15,Paid
INV-003938,SO-003938,2026-06-08,2026-07-08,CUST-017,Apex Manufacturing Solutions,BR-01,10320.0,1857.6,12177.6,Net 30,Paid
INV-003939,SO-003939,2026-06-08,2026-06-08,CUST-018,Lakshmi Vilas Sweets & Bakery,BR-01,9165.0,1649.7,10814.7,Immediate UPI,Paid
INV-003940,SO-003940,2026-06-08,2026-06-23,CUST-026,Manjunatha Electrical Works,BR-02,11127.4,2002.93,13130.33,Net 15,Paid
INV-003941,SO-003941,2026-06-08,2026-06-23,CUST-013,Metro Supermarket Tambaram,BR-01,11710.0,2107.8,13817.8,Net 15,Paid
INV-003942,SO-003942,2026-06-08,2026-07-08,CUST-046,Annamalai Agro Processing Unit,BR-03,2150.0,387.0,2537.0,Net 30,Paid
INV-003943,SO-003943,2026-06-08,2026-07-08,CUST-016,Royal Comfort Residency Hotel,BR-01,1950.0,351.0,2301.0,Net 30,Paid
INV-003944,SO-003944,2026-06-08,2026-07-08,CUST-028,Sri Venkateshwara Hardware & Electricals,BR-02,119153.8,21447.68,140601.48,Net 30,Paid
INV-003945,SO-003945,2026-06-09,2026-07-24,CUST-041,Kongu Builders & Real Estate,BR-03,94116.2,16940.92,111057.12,Net 45,Paid
INV-003946,SO-003946,2026-06-09,2026-06-24,CUST-042,Velan Pump & Motor Spares Store,BR-03,25542.2,4597.6,30139.8,Net 15,Paid
INV-003947,SO-003947,2026-06-09,2026-06-09,CUST-033,Suresh Babu (Villa Construction),BR-02,2215.0,398.7,2613.7,Immediate Card,Paid
INV-003948,SO-003948,2026-06-09,2026-06-24,CUST-003,Saravana Electric Works (Govindaraj),BR-01,1397.0,251.46,1648.46,Net 15,Paid
INV-003949,SO-003949,2026-06-09,2026-07-09,CUST-036,Urban Spaces Interior Studio,BR-02,26206.0,4717.08,30923.08,Net 30,Paid
INV-003950,SO-003950,2026-06-10,2026-07-10,CUST-028,Sri Venkateshwara Hardware & Electricals,BR-02,153777.8,27680.01,181457.81,Net 30,Paid
INV-003951,SO-003951,2026-06-10,2026-07-25,CUST-029,Raghavendra Infrastructure Developers,BR-02,3487.0,627.66,4114.66,Net 45,Paid
INV-003952,SO-003952,2026-06-10,2026-06-17,CUST-035,Gowda Electrical Repairs,BR-02,740.0,133.2,873.2,Net 7,Paid
INV-003953,SO-003953,2026-06-10,2026-07-10,CUST-028,Sri Venkateshwara Hardware & Electricals,BR-02,180848.6,32552.75,213401.35,Net 30,Paid
INV-003954,SO-003954,2026-06-10,2026-07-10,CUST-046,Annamalai Agro Processing Unit,BR-03,760.0,136.8,896.8,Net 30,Paid
INV-003955,SO-003955,2026-06-10,2026-06-10,CUST-014,Siva Shankaran (Individual Home),BR-01,2639.8,475.16,3114.96,Immediate Cash,Paid
INV-003956,SO-003956,2026-06-11,2026-06-18,CUST-044,Mani Bros Electricals (Mani),BR-03,5861.0,1054.98,6915.98,Net 7,Paid
INV-003957,SO-003957,2026-06-11,2026-07-11,CUST-007,TechPark Facility Maintenance Team,BR-01,1281.2,230.62,1511.82,Net 30,Paid
INV-003958,SO-003958,2026-06-11,2026-07-11,CUST-007,TechPark Facility Maintenance Team,BR-01,990.0,178.2,1168.2,Net 30,Paid
INV-003959,SO-003959,2026-06-11,2026-07-11,CUST-022,Global Smart Solutions (P) Ltd,BR-01,83050.0,14949.0,97999.0,Net 30,Paid
INV-003960,SO-003960,2026-06-11,2026-06-11,CUST-018,Lakshmi Vilas Sweets & Bakery,BR-01,10515.0,1892.7,12407.7,Immediate UPI,Paid
INV-003961,SO-003961,2026-06-11,2026-06-26,CUST-023,Kalam Brothers Electrical Store,BR-01,70698.0,12725.64,83423.64,Net 15,Paid
INV-003962,SO-003962,2026-06-11,2026-06-26,CUST-038,Marutham Electrical & Power Agency,BR-03,158239.4,28483.09,186722.49,Net 15,Paid
INV-003963,SO-003963,2026-06-11,2026-07-11,CUST-009,Devi Agency & Lighting Store,BR-01,181196.2,32615.32,213811.52,Net 30,Paid
INV-003964,SO-003964,2026-06-12,2026-06-12,CUST-033,Suresh Babu (Villa Construction),BR-02,763.6,137.45,901.05,Immediate Card,Paid
INV-003965,SO-003965,2026-06-12,2026-07-12,CUST-036,Urban Spaces Interior Studio,BR-02,8705.0,1566.9,10271.9,Net 30,Paid
INV-003966,SO-003966,2026-06-12,2026-06-12,CUST-033,Suresh Babu (Villa Construction),BR-02,3730.0,671.4,4401.4,Immediate Card,Paid
INV-003967,SO-003967,2026-06-12,2026-07-12,CUST-040,Sri Krishna Engineering College Hostel,BR-03,165.0,29.7,194.7,Net 30,Paid
INV-003968,SO-003968,2026-06-12,2026-06-27,CUST-042,Velan Pump & Motor Spares Store,BR-03,166789.2,30022.06,196811.26,Net 15,Paid
INV-003969,SO-003969,2026-06-12,2026-07-27,CUST-004,Sri Ramakrishna Builders & Infra,BR-01,31757.0,5716.26,37473.26,Net 45,Paid
INV-003970,SO-003970,2026-06-13,2026-06-13,CUST-021,Mohammed Riyaz (Home Renovation),BR-01,165.0,29.7,194.7,Immediate Cash,Paid
INV-003971,SO-003971,2026-06-13,2026-07-13,CUST-037,Kovai Textile Mills Facility Team,BR-03,360.0,64.8,424.8,Net 30,Paid
INV-003972,SO-003972,2026-06-13,2026-07-13,CUST-010,Vels Vidyashram School Campus,BR-01,8000.0,1440.0,9440.0,Net 30,Paid
INV-003973,SO-003973,2026-06-15,2026-07-30,CUST-029,Raghavendra Infrastructure Developers,BR-02,15556.8,2800.22,18357.02,Net 45,Paid
INV-003974,SO-003974,2026-06-15,2026-07-15,CUST-007,TechPark Facility Maintenance Team,BR-01,7372.0,1326.96,8698.96,Net 30,Paid
INV-003975,SO-003975,2026-06-16,2026-07-31,CUST-041,Kongu Builders & Real Estate,BR-03,165664.0,29819.52,195483.52,Net 45,Paid
INV-003976,SO-003976,2026-06-16,2026-07-16,CUST-032,Cauvery Engineering Contractors,BR-02,56200.0,10116.0,66316.0,Net 30,Paid
INV-003977,SO-003977,2026-06-16,2026-06-16,CUST-005,Murugan Auto Garage & Works,BR-01,980.0,176.4,1156.4,Immediate Cash,Paid
INV-003978,SO-003978,2026-06-16,2026-06-16,CUST-030,Dr. Arvind Rao Dental Clinic,BR-02,7680.8,1382.54,9063.34,Immediate UPI,Paid
INV-003979,SO-003979,2026-06-16,2026-07-16,CUST-028,Sri Venkateshwara Hardware & Electricals,BR-02,37946.0,6830.28,44776.28,Net 30,Paid
INV-003980,SO-003980,2026-06-16,2026-07-31,CUST-004,Sri Ramakrishna Builders & Infra,BR-01,16088.0,2895.84,18983.84,Net 45,Paid
INV-003981,SO-003981,2026-06-16,2026-06-23,CUST-008,Anbu Electricals (Anbazhagan),BR-01,9222.0,1659.96,10881.96,Net 7,Paid
INV-003982,SO-003982,2026-06-17,2026-06-24,CUST-035,Gowda Electrical Repairs,BR-02,7910.0,1423.8,9333.8,Net 7,Paid
INV-003983,SO-003983,2026-06-17,2026-06-17,CUST-030,Dr. Arvind Rao Dental Clinic,BR-02,3772.0,678.96,4450.96,Immediate UPI,Paid
INV-003984,SO-003984,2026-06-17,2026-06-17,CUST-021,Mohammed Riyaz (Home Renovation),BR-01,7038.0,1266.84,8304.84,Immediate Cash,Paid
INV-003985,SO-003985,2026-06-17,2026-07-02,CUST-023,Kalam Brothers Electrical Store,BR-01,126640.0,22795.2,149435.2,Net 15,Paid
INV-003986,SO-003986,2026-06-17,2026-07-17,CUST-036,Urban Spaces Interior Studio,BR-02,77376.4,13927.75,91304.15,Net 30,Paid
INV-003987,SO-003987,2026-06-17,2026-06-17,CUST-045,Karthika Departmental Store,BR-03,4300.0,774.0,5074.0,Immediate Cash,Paid
INV-003988,SO-003988,2026-06-18,2026-07-18,CUST-025,Brigade Vista Apartment Owners Assn,BR-02,3886.0,699.48,4585.48,Net 30,Paid
INV-003989,SO-003989,2026-06-18,2026-06-18,CUST-033,Suresh Babu (Villa Construction),BR-02,5650.0,1017.0,6667.0,Immediate Card,Paid
INV-003990,SO-003990,2026-06-18,2026-07-03,CUST-002,Kalaivani Hardware & Paints,BR-01,101735.6,18312.41,120048.01,Net 15,Paid
INV-003991,SO-003991,2026-06-18,2026-06-18,CUST-005,Murugan Auto Garage & Works,BR-01,3150.0,567.0,3717.0,Immediate Cash,Paid
INV-003992,SO-003992,2026-06-19,2026-07-19,CUST-032,Cauvery Engineering Contractors,BR-02,41754.2,7515.76,49269.96,Net 30,Paid
INV-003993,SO-003993,2026-06-19,2026-07-04,CUST-039,Rangasamy Electrician Workshop,BR-03,2690.0,484.2,3174.2,Net 15,Paid
INV-003994,SO-003994,2026-06-19,2026-07-19,CUST-017,Apex Manufacturing Solutions,BR-01,165.0,29.7,194.7,Net 30,Paid
INV-003995,SO-003995,2026-06-19,2026-07-19,CUST-019,Poompuhar Handicrafts Store,BR-01,226.0,40.68,266.68,Net 30,Paid
INV-003996,SO-003996,2026-06-19,2026-06-19,CUST-030,Dr. Arvind Rao Dental Clinic,BR-02,506.6,91.19,597.79,Immediate UPI,Paid
INV-003997,SO-003997,2026-06-20,2026-06-27,CUST-035,Gowda Electrical Repairs,BR-02,24760.0,4456.8,29216.8,Net 7,Paid
INV-003998,SO-003998,2026-06-20,2026-07-05,CUST-013,Metro Supermarket Tambaram,BR-01,202.4,36.43,238.83,Net 15,Paid
INV-003999,SO-003999,2026-06-20,2026-07-20,CUST-028,Sri Venkateshwara Hardware & Electricals,BR-02,210903.4,37962.61,248866.01,Net 30,Paid
INV-004000,SO-004000,2026-06-20,2026-07-05,CUST-039,Rangasamy Electrician Workshop,BR-03,565.0,101.7,666.7,Net 15,Paid
INV-004001,SO-004001,2026-06-20,2026-07-05,CUST-038,Marutham Electrical & Power Agency,BR-03,115796.0,20843.28,136639.28,Net 15,Paid
INV-004002,SO-004002,2026-06-20,2026-06-20,CUST-005,Murugan Auto Garage & Works,BR-01,396.8,71.42,468.22,Immediate Cash,Paid
INV-004003,SO-004003,2026-06-20,2026-07-20,CUST-034,Silicon Valley PG Hostel Chain,BR-02,1312.2,236.2,1548.4,Net 30,Paid
INV-004004,SO-004004,2026-06-20,2026-08-04,CUST-041,Kongu Builders & Real Estate,BR-03,21094.0,3796.92,24890.92,Net 45,Paid
INV-004005,SO-004005,2026-06-22,2026-08-06,CUST-004,Sri Ramakrishna Builders & Infra,BR-01,17753.6,3195.65,20949.25,Net 45,Paid
INV-004006,SO-004006,2026-06-22,2026-07-22,CUST-019,Poompuhar Handicrafts Store,BR-01,1595.0,287.1,1882.1,Net 30,Paid
INV-004007,SO-004007,2026-06-22,2026-06-22,CUST-021,Mohammed Riyaz (Home Renovation),BR-01,423.2,76.18,499.38,Immediate Cash,Paid
INV-004008,SO-004008,2026-06-22,2026-07-22,CUST-019,Poompuhar Handicrafts Store,BR-01,3265.0,587.7,3852.7,Net 30,Paid
INV-004009,SO-004009,2026-06-22,2026-07-22,CUST-015,Srinivasan & Sons Contractor,BR-01,11820.0,2127.6,13947.6,Net 30,Paid
INV-004010,SO-004010,2026-06-23,2026-06-30,CUST-035,Gowda Electrical Repairs,BR-02,3523.0,634.14,4157.14,Net 7,Paid
INV-004011,SO-004011,2026-06-23,2026-07-23,CUST-046,Annamalai Agro Processing Unit,BR-03,322.0,57.96,379.96,Net 30,Paid
INV-004012,SO-004012,2026-06-23,2026-06-23,CUST-033,Suresh Babu (Villa Construction),BR-02,3150.0,567.0,3717.0,Immediate Card,Paid
INV-004013,SO-004013,2026-06-24,2026-08-08,CUST-004,Sri Ramakrishna Builders & Infra,BR-01,56990.0,10258.2,67248.2,Net 45,Paid
INV-004014,SO-004014,2026-06-24,2026-07-09,CUST-023,Kalam Brothers Electrical Store,BR-01,33403.0,6012.54,39415.54,Net 15,Paid
INV-004015,SO-004015,2026-06-24,2026-06-24,CUST-031,Nandini Milk Parlour & Mart,BR-02,778.6,140.15,918.75,Immediate Cash,Paid
INV-004016,SO-004016,2026-06-25,2026-08-09,CUST-041,Kongu Builders & Real Estate,BR-03,143554.6,25839.83,169394.43,Net 45,Paid
INV-004017,SO-004017,2026-06-25,2026-08-09,CUST-004,Sri Ramakrishna Builders & Infra,BR-01,62183.8,11193.08,73376.88,Net 45,Paid
INV-004018,SO-004018,2026-06-25,2026-08-09,CUST-029,Raghavendra Infrastructure Developers,BR-02,56951.2,10251.22,67202.42,Net 45,Paid
INV-004019,SO-004019,2026-06-25,2026-07-25,CUST-001,Balaji Electrical Contractors,BR-01,48390.0,8710.2,57100.2,Net 30,Paid
INV-004020,SO-004020,2026-06-25,2026-08-09,CUST-029,Raghavendra Infrastructure Developers,BR-02,22959.2,4132.66,27091.86,Net 45,Paid
INV-004021,SO-004021,2026-06-25,2026-07-25,CUST-010,Vels Vidyashram School Campus,BR-01,515.2,92.74,607.94,Net 30,Paid
INV-004022,SO-004022,2026-06-25,2026-07-25,CUST-037,Kovai Textile Mills Facility Team,BR-03,2580.0,464.4,3044.4,Net 30,Paid
INV-004023,SO-004023,2026-06-25,2026-07-10,CUST-002,Kalaivani Hardware & Paints,BR-01,159876.0,28777.68,188653.68,Net 15,Paid
INV-004024,SO-004024,2026-06-26,2026-07-26,CUST-022,Global Smart Solutions (P) Ltd,BR-01,211512.4,38072.23,249584.63,Net 30,Paid
INV-004025,SO-004025,2026-06-26,2026-07-11,CUST-023,Kalam Brothers Electrical Store,BR-01,146063.8,26291.48,172355.28,Net 15,Paid
INV-004026,SO-004026,2026-06-26,2026-08-10,CUST-004,Sri Ramakrishna Builders & Infra,BR-01,45342.0,8161.56,53503.56,Net 45,Paid
INV-004027,SO-004027,2026-06-26,2026-07-26,CUST-001,Balaji Electrical Contractors,BR-01,54213.0,9758.34,63971.34,Net 30,Paid
INV-004028,SO-004028,2026-06-27,2026-07-27,CUST-009,Devi Agency & Lighting Store,BR-01,64532.4,11615.83,76148.23,Net 30,Paid
INV-004029,SO-004029,2026-06-27,2026-07-12,CUST-013,Metro Supermarket Tambaram,BR-01,220.8,39.74,260.54,Net 15,Paid
INV-004030,SO-004030,2026-06-27,2026-07-27,CUST-001,Balaji Electrical Contractors,BR-01,59900.0,10782.0,70682.0,Net 30,Paid
INV-004031,SO-004031,2026-06-27,2026-06-27,CUST-005,Murugan Auto Garage & Works,BR-01,322.0,57.96,379.96,Immediate Cash,Paid
INV-004032,SO-004032,2026-06-29,2026-06-29,CUST-031,Nandini Milk Parlour & Mart,BR-02,3784.8,681.26,4466.06,Immediate Cash,Paid
INV-004033,SO-004033,2026-06-29,2026-07-29,CUST-025,Brigade Vista Apartment Owners Assn,BR-02,2623.2,472.18,3095.38,Net 30,Paid
INV-004034,SO-004034,2026-06-29,2026-07-14,CUST-042,Velan Pump & Motor Spares Store,BR-03,143146.0,25766.28,168912.28,Net 15,Paid
INV-004035,SO-004035,2026-06-29,2026-06-29,CUST-018,Lakshmi Vilas Sweets & Bakery,BR-01,1090.0,196.2,1286.2,Immediate UPI,Paid
INV-004036,SO-004036,2026-06-29,2026-07-29,CUST-037,Kovai Textile Mills Facility Team,BR-03,11350.0,2043.0,13393.0,Net 30,Paid
INV-004037,SO-004037,2026-06-30,2026-06-30,CUST-031,Nandini Milk Parlour & Mart,BR-02,460.8,82.94,543.74,Immediate Cash,Paid
INV-004038,SO-004038,2026-06-30,2026-06-30,CUST-012,Karthik Residential Apartment Owner,BR-01,1430.8,257.54,1688.34,Immediate Card,Paid
INV-004039,SO-004039,2026-06-30,2026-07-15,CUST-020,Selvam Electrician Services,BR-01,16450.0,2961.0,19411.0,Net 15,Paid
INV-004040,SO-004040,2026-07-01,2026-07-31,CUST-007,TechPark Facility Maintenance Team,BR-01,4980.0,896.4,5876.4,Net 30,Paid
INV-004041,SO-004041,2026-07-01,2026-08-15,CUST-029,Raghavendra Infrastructure Developers,BR-02,3963.0,713.34,4676.34,Net 45,Paid
INV-004042,SO-004042,2026-07-01,2026-08-15,CUST-029,Raghavendra Infrastructure Developers,BR-02,28103.2,5058.58,33161.78,Net 45,Paid
INV-004043,SO-004043,2026-07-01,2026-07-31,CUST-040,Sri Krishna Engineering College Hostel,BR-03,220.8,39.74,260.54,Net 30,Paid
INV-004044,SO-004044,2026-07-01,2026-07-31,CUST-016,Royal Comfort Residency Hotel,BR-01,235.8,42.44,278.24,Net 30,Paid
INV-004045,SO-004045,2026-07-01,2026-07-31,CUST-034,Silicon Valley PG Hostel Chain,BR-02,1928.0,347.04,2275.04,Net 30,Paid
INV-004046,SO-004046,2026-07-01,2026-07-31,CUST-017,Apex Manufacturing Solutions,BR-01,414.0,74.52,488.52,Net 30,Paid
INV-004047,SO-004047,2026-07-02,2026-08-01,CUST-009,Devi Agency & Lighting Store,BR-01,173791.0,31282.38,205073.38,Net 30,Paid
INV-004048,SO-004048,2026-07-02,2026-07-09,CUST-044,Mani Bros Electricals (Mani),BR-03,20624.0,3712.32,24336.32,Net 7,Paid
INV-004049,SO-004049,2026-07-02,2026-08-01,CUST-040,Sri Krishna Engineering College Hostel,BR-03,5352.0,963.36,6315.36,Net 30,Paid
INV-004050,SO-004050,2026-07-02,2026-08-01,CUST-009,Devi Agency & Lighting Store,BR-01,197156.4,35488.15,232644.55,Net 30,Paid
INV-004051,SO-004051,2026-07-02,2026-08-01,CUST-022,Global Smart Solutions (P) Ltd,BR-01,146001.0,26280.18,172281.18,Net 30,Paid
INV-004052,SO-004052,2026-07-02,2026-07-17,CUST-023,Kalam Brothers Electrical Store,BR-01,135360.0,24364.8,159724.8,Net 15,Paid
INV-004053,SO-004053,2026-07-03,2026-07-18,CUST-023,Kalam Brothers Electrical Store,BR-01,247368.0,44526.24,291894.24,Net 15,Paid
INV-004054,SO-004054,2026-07-03,2026-08-02,CUST-022,Global Smart Solutions (P) Ltd,BR-01,37054.4,6669.79,43724.19,Net 30,Paid
INV-004055,SO-004055,2026-07-03,2026-07-18,CUST-026,Manjunatha Electrical Works,BR-02,6330.0,1139.4,7469.4,Net 15,Paid
INV-004056,SO-004056,2026-07-03,2026-08-02,CUST-007,TechPark Facility Maintenance Team,BR-01,4780.0,860.4,5640.4,Net 30,Paid
INV-004057,SO-004057,2026-07-03,2026-08-02,CUST-009,Devi Agency & Lighting Store,BR-01,151032.6,27185.87,178218.47,Net 30,Paid
INV-004058,SO-004058,2026-07-03,2026-08-02,CUST-025,Brigade Vista Apartment Owners Assn,BR-02,3670.8,660.74,4331.54,Net 30,Paid
INV-004059,SO-004059,2026-07-04,2026-07-04,CUST-031,Nandini Milk Parlour & Mart,BR-02,7379.0,1328.22,8707.22,Immediate Cash,Paid
INV-004060,SO-004060,2026-07-04,2026-07-04,CUST-012,Karthik Residential Apartment Owner,BR-01,65.0,11.7,76.7,Immediate Card,Paid
INV-004061,SO-004061,2026-07-04,2026-07-04,CUST-033,Suresh Babu (Villa Construction),BR-02,7765.0,1397.7,9162.7,Immediate Card,Paid
INV-004062,SO-004062,2026-07-04,2026-08-03,CUST-016,Royal Comfort Residency Hotel,BR-01,69.0,12.42,81.42,Net 30,Paid
INV-004063,SO-004063,2026-07-04,2026-08-03,CUST-010,Vels Vidyashram School Campus,BR-01,65.0,11.7,76.7,Net 30,Paid
INV-004064,SO-004064,2026-07-04,2026-07-04,CUST-048,Ramachandran (Individual House Owner),BR-03,562.0,101.16,663.16,Immediate UPI,Paid
INV-004065,SO-004065,2026-07-04,2026-07-04,CUST-048,Ramachandran (Individual House Owner),BR-03,7305.0,1314.9,8619.9,Immediate UPI,Paid
INV-004066,SO-004066,2026-07-06,2026-07-21,CUST-026,Manjunatha Electrical Works,BR-02,11529.6,2075.32,13604.92,Net 15,Paid
INV-004067,SO-004067,2026-07-06,2026-08-05,CUST-016,Royal Comfort Residency Hotel,BR-01,240.0,43.2,283.2,Net 30,Paid
INV-004068,SO-004068,2026-07-06,2026-07-21,CUST-013,Metro Supermarket Tambaram,BR-01,414.0,74.52,488.52,Net 15,Paid
INV-004069,SO-004069,2026-07-06,2026-08-05,CUST-043,Sundaram Hospital Maintenance,BR-03,915.0,164.7,1079.7,Net 30,Paid
INV-004070,SO-004070,2026-07-06,2026-08-05,CUST-043,Sundaram Hospital Maintenance,BR-03,2830.0,509.4,3339.4,Net 30,Paid
INV-004071,SO-004071,2026-07-06,2026-08-05,CUST-007,TechPark Facility Maintenance Team,BR-01,828.0,149.04,977.04,Net 30,Paid
INV-004072,SO-004072,2026-07-06,2026-08-05,CUST-010,Vels Vidyashram School Campus,BR-01,1579.0,284.22,1863.22,Net 30,Paid
INV-004073,SO-004073,2026-07-06,2026-08-20,CUST-029,Raghavendra Infrastructure Developers,BR-02,15572.2,2803.0,18375.2,Net 45,Paid
INV-004074,SO-004074,2026-07-07,2026-07-22,CUST-002,Kalaivani Hardware & Paints,BR-01,36952.4,6651.43,43603.83,Net 15,Paid
INV-004075,SO-004075,2026-07-07,2026-08-06,CUST-028,Sri Venkateshwara Hardware & Electricals,BR-02,212816.6,38306.99,251123.59,Net 30,Paid
INV-004076,SO-004076,2026-07-07,2026-07-07,CUST-030,Dr. Arvind Rao Dental Clinic,BR-02,3910.0,703.8,4613.8,Immediate UPI,Paid
INV-004077,SO-004077,2026-07-07,2026-08-06,CUST-019,Poompuhar Handicrafts Store,BR-01,375.0,67.5,442.5,Net 30,Paid
INV-004078,SO-004078,2026-07-07,2026-08-21,CUST-011,Victory Housing Projects Phase 2,BR-01,46437.6,8358.77,54796.37,Net 45,Paid
INV-004079,SO-004079,2026-07-07,2026-07-22,CUST-003,Saravana Electric Works (Govindaraj),BR-01,674.0,121.32,795.32,Net 15,Overdue
INV-004080,SO-004080,2026-07-08,2026-08-22,CUST-011,Victory Housing Projects Phase 2,BR-01,124270.8,22368.74,146639.54,Net 45,Paid
INV-004081,SO-004081,2026-07-08,2026-08-07,CUST-046,Annamalai Agro Processing Unit,BR-03,1211.0,217.98,1428.98,Net 30,Paid
INV-004082,SO-004082,2026-07-08,2026-07-08,CUST-018,Lakshmi Vilas Sweets & Bakery,BR-01,161.0,28.98,189.98,Immediate UPI,Paid
INV-004083,SO-004083,2026-07-08,2026-08-07,CUST-016,Royal Comfort Residency Hotel,BR-01,555.0,99.9,654.9,Net 30,Paid
INV-004084,SO-004084,2026-07-08,2026-08-22,CUST-041,Kongu Builders & Real Estate,BR-03,53401.0,9612.18,63013.18,Net 45,Paid
INV-004085,SO-004085,2026-07-08,2026-07-23,CUST-003,Saravana Electric Works (Govindaraj),BR-01,4263.4,767.41,5030.81,Net 15,Paid
INV-004086,SO-004086,2026-07-09,2026-07-09,CUST-018,Lakshmi Vilas Sweets & Bakery,BR-01,982.2,176.8,1159.0,Immediate UPI,Paid
INV-004087,SO-004087,2026-07-09,2026-08-23,CUST-029,Raghavendra Infrastructure Developers,BR-02,94593.2,17026.78,111619.98,Net 45,Paid
INV-004088,SO-004088,2026-07-09,2026-07-24,CUST-038,Marutham Electrical & Power Agency,BR-03,15059.4,2710.69,17770.09,Net 15,Paid
INV-004089,SO-004089,2026-07-09,2026-07-24,CUST-013,Metro Supermarket Tambaram,BR-01,360.0,64.8,424.8,Net 15,Paid
INV-004090,SO-004090,2026-07-09,2026-08-08,CUST-022,Global Smart Solutions (P) Ltd,BR-01,47653.2,8577.58,56230.78,Net 30,Paid
INV-004091,SO-004091,2026-07-10,2026-07-25,CUST-026,Manjunatha Electrical Works,BR-02,7380.0,1328.4,8708.4,Net 15,Paid
INV-004092,SO-004092,2026-07-10,2026-08-09,CUST-027,InnoTech Coworking Hub,BR-02,2710.0,487.8,3197.8,Net 30,Paid
INV-004093,SO-004093,2026-07-10,2026-07-25,CUST-042,Velan Pump & Motor Spares Store,BR-03,40442.2,7279.6,47721.8,Net 15,Paid
INV-004094,SO-004094,2026-07-11,2026-08-10,CUST-043,Sundaram Hospital Maintenance,BR-03,7140.0,1285.2,8425.2,Net 30,Paid
INV-004095,SO-004095,2026-07-11,2026-08-10,CUST-022,Global Smart Solutions (P) Ltd,BR-01,72747.6,13094.57,85842.17,Net 30,Paid
INV-004096,SO-004096,2026-07-11,2026-08-25,CUST-041,Kongu Builders & Real Estate,BR-03,34296.0,6173.28,40469.28,Net 45,Paid
INV-004097,SO-004097,2026-07-11,2026-07-18,CUST-035,Gowda Electrical Repairs,BR-02,14438.0,2598.84,17036.84,Net 7,Paid
INV-004098,SO-004098,2026-07-11,2026-08-10,CUST-001,Balaji Electrical Contractors,BR-01,180345.8,32462.24,212808.04,Net 30,Paid
INV-004099,SO-004099,2026-07-11,2026-07-11,CUST-018,Lakshmi Vilas Sweets & Bakery,BR-01,1150.0,207.0,1357.0,Immediate UPI,Paid
INV-004100,SO-004100,2026-07-11,2026-07-11,CUST-045,Karthika Departmental Store,BR-03,2535.8,456.44,2992.24,Immediate Cash,Paid
INV-004101,SO-004101,2026-07-13,2026-07-20,CUST-035,Gowda Electrical Repairs,BR-02,1697.0,305.46,2002.46,Net 7,Paid
INV-004102,SO-004102,2026-07-13,2026-07-28,CUST-003,Saravana Electric Works (Govindaraj),BR-01,18233.8,3282.08,21515.88,Net 15,Paid
INV-004103,SO-004103,2026-07-13,2026-07-28,CUST-023,Kalam Brothers Electrical Store,BR-01,276420.0,49755.6,326175.6,Net 15,Paid
INV-004104,SO-004104,2026-07-13,2026-07-13,CUST-030,Dr. Arvind Rao Dental Clinic,BR-02,4300.0,774.0,5074.0,Immediate UPI,Paid
INV-004105,SO-004105,2026-07-13,2026-07-13,CUST-014,Siva Shankaran (Individual Home),BR-01,392.2,70.6,462.8,Immediate Cash,Paid
INV-004106,SO-004106,2026-07-13,2026-08-12,CUST-046,Annamalai Agro Processing Unit,BR-03,441.6,79.49,521.09,Net 30,Paid
INV-004107,SO-004107,2026-07-13,2026-07-13,CUST-018,Lakshmi Vilas Sweets & Bakery,BR-01,1123.0,202.14,1325.14,Immediate UPI,Paid
INV-004108,SO-004108,2026-07-13,2026-08-12,CUST-007,TechPark Facility Maintenance Team,BR-01,506.6,91.19,597.79,Net 30,Paid
INV-004109,SO-004109,2026-07-14,2026-07-14,CUST-031,Nandini Milk Parlour & Mart,BR-02,1050.0,189.0,1239.0,Immediate Cash,Paid
INV-004110,SO-004110,2026-07-14,2026-07-29,CUST-003,Saravana Electric Works (Govindaraj),BR-01,6269.0,1128.42,7397.42,Net 15,Paid
INV-004111,SO-004111,2026-07-14,2026-08-28,CUST-011,Victory Housing Projects Phase 2,BR-01,81851.0,14733.18,96584.18,Net 45,Paid
INV-004112,SO-004112,2026-07-14,2026-08-13,CUST-047,Kovai Elite Residency Hotel,BR-03,230.0,41.4,271.4,Net 30,Paid
INV-004113,SO-004113,2026-07-14,2026-07-14,CUST-045,Karthika Departmental Store,BR-03,202.4,36.43,238.83,Immediate Cash,Paid
INV-004114,SO-004114,2026-07-14,2026-07-21,CUST-044,Mani Bros Electricals (Mani),BR-03,23907.0,4303.26,28210.26,Net 7,Paid
INV-004115,SO-004115,2026-07-14,2026-07-14,CUST-018,Lakshmi Vilas Sweets & Bakery,BR-01,285.8,51.44,337.24,Immediate UPI,Paid
INV-004116,SO-004116,2026-07-14,2026-08-13,CUST-047,Kovai Elite Residency Hotel,BR-03,391.0,70.38,461.38,Net 30,Paid
INV-004117,SO-004117,2026-07-15,2026-07-22,CUST-035,Gowda Electrical Repairs,BR-02,8325.0,1498.5,9823.5,Net 7,Paid
INV-004118,SO-004118,2026-07-15,2026-08-14,CUST-015,Srinivasan & Sons Contractor,BR-01,11890.4,2140.27,14030.67,Net 30,Paid
INV-004119,SO-004119,2026-07-15,2026-08-14,CUST-007,TechPark Facility Maintenance Team,BR-01,3511.6,632.09,4143.69,Net 30,Overdue
INV-004120,SO-004120,2026-07-15,2026-08-29,CUST-011,Victory Housing Projects Phase 2,BR-01,45537.0,8196.66,53733.66,Net 45,Paid
INV-004121,SO-004121,2026-07-15,2026-08-14,CUST-007,TechPark Facility Maintenance Team,BR-01,828.0,149.04,977.04,Net 30,Paid
INV-004122,SO-004122,2026-07-15,2026-07-15,CUST-031,Nandini Milk Parlour & Mart,BR-02,6041.6,1087.49,7129.09,Immediate Cash,Paid
INV-004123,SO-004123,2026-07-16,2026-08-15,CUST-019,Poompuhar Handicrafts Store,BR-01,1211.0,217.98,1428.98,Net 30,Paid
INV-004124,SO-004124,2026-07-16,2026-07-16,CUST-031,Nandini Milk Parlour & Mart,BR-02,735.0,132.3,867.3,Immediate Cash,Paid
INV-004125,SO-004125,2026-07-16,2026-07-16,CUST-030,Dr. Arvind Rao Dental Clinic,BR-02,441.6,79.49,521.09,Immediate UPI,Paid
INV-004126,SO-004126,2026-07-16,2026-07-16,CUST-012,Karthik Residential Apartment Owner,BR-01,414.0,74.52,488.52,Immediate Card,Paid
INV-004127,SO-004127,2026-07-17,2026-07-24,CUST-035,Gowda Electrical Repairs,BR-02,23807.0,4285.26,28092.26,Net 7,Paid
INV-004128,SO-004128,2026-07-17,2026-07-17,CUST-012,Karthik Residential Apartment Owner,BR-01,600.0,108.0,708.0,Immediate Card,Paid
INV-004129,SO-004129,2026-07-17,2026-08-16,CUST-019,Poompuhar Handicrafts Store,BR-01,1320.8,237.74,1558.54,Net 30,Paid
INV-004130,SO-004130,2026-07-17,2026-08-16,CUST-047,Kovai Elite Residency Hotel,BR-03,202.4,36.43,238.83,Net 30,Paid
INV-004131,SO-004131,2026-07-18,2026-08-17,CUST-040,Sri Krishna Engineering College Hostel,BR-03,1041.6,187.49,1229.09,Net 30,Paid
INV-004132,SO-004132,2026-07-18,2026-09-01,CUST-011,Victory Housing Projects Phase 2,BR-01,16206.8,2917.22,19124.02,Net 45,Paid
INV-004133,SO-004133,2026-07-18,2026-08-17,CUST-046,Annamalai Agro Processing Unit,BR-03,536.0,96.48,632.48,Net 30,Paid
INV-004134,SO-004134,2026-07-18,2026-08-02,CUST-038,Marutham Electrical & Power Agency,BR-03,55774.8,10039.46,65814.26,Net 15,Paid
INV-004135,SO-004135,2026-07-18,2026-09-01,CUST-011,Victory Housing Projects Phase 2,BR-01,14742.0,2653.56,17395.56,Net 45,Paid
INV-004136,SO-004136,2026-07-18,2026-08-17,CUST-017,Apex Manufacturing Solutions,BR-01,2886.0,519.48,3405.48,Net 30,Paid
INV-004137,SO-004137,2026-07-20,2026-08-19,CUST-036,Urban Spaces Interior Studio,BR-02,13783.0,2480.94,16263.94,Net 30,Paid
INV-004138,SO-004138,2026-07-20,2026-08-19,CUST-047,Kovai Elite Residency Hotel,BR-03,360.0,64.8,424.8,Net 30,Paid
INV-004139,SO-004139,2026-07-20,2026-08-19,CUST-043,Sundaram Hospital Maintenance,BR-03,1015.0,182.7,1197.7,Net 30,Paid
INV-004140,SO-004140,2026-07-20,2026-08-04,CUST-002,Kalaivani Hardware & Paints,BR-01,111808.0,20125.44,131933.44,Net 15,Paid
INV-004141,SO-004141,2026-07-20,2026-08-19,CUST-047,Kovai Elite Residency Hotel,BR-03,425.0,76.5,501.5,Net 30,Paid
INV-004142,SO-004142,2026-07-20,2026-08-19,CUST-046,Annamalai Agro Processing Unit,BR-03,360.0,64.8,424.8,Net 30,Paid
INV-004143,SO-004143,2026-07-21,2026-08-20,CUST-043,Sundaram Hospital Maintenance,BR-03,303.0,54.54,357.54,Net 30,Paid
INV-004144,SO-004144,2026-07-21,2026-08-20,CUST-010,Vels Vidyashram School Campus,BR-01,1380.0,248.4,1628.4,Net 30,Paid
INV-004145,SO-004145,2026-07-21,2026-07-21,CUST-045,Karthika Departmental Store,BR-03,3450.0,621.0,4071.0,Immediate Cash,Paid
INV-004146,SO-004146,2026-07-22,2026-07-22,CUST-048,Ramachandran (Individual House Owner),BR-03,4940.0,889.2,5829.2,Immediate UPI,Paid
INV-004147,SO-004147,2026-07-22,2026-08-06,CUST-002,Kalaivani Hardware & Paints,BR-01,218609.4,39349.69,257959.09,Net 15,Paid
INV-004148,SO-004148,2026-07-22,2026-07-22,CUST-021,Mohammed Riyaz (Home Renovation),BR-01,3519.0,633.42,4152.42,Immediate Cash,Paid
INV-004149,SO-004149,2026-07-22,2026-08-21,CUST-025,Brigade Vista Apartment Owners Assn,BR-02,1761.2,317.02,2078.22,Net 30,Paid
INV-004150,SO-004150,2026-07-22,2026-08-21,CUST-019,Poompuhar Handicrafts Store,BR-01,4822.0,867.96,5689.96,Net 30,Paid
INV-004151,SO-004151,2026-07-22,2026-08-06,CUST-039,Rangasamy Electrician Workshop,BR-03,3480.0,626.4,4106.4,Net 15,Paid
INV-004152,SO-004152,2026-07-22,2026-08-21,CUST-046,Annamalai Agro Processing Unit,BR-03,2710.0,487.8,3197.8,Net 30,Paid
INV-004153,SO-004153,2026-07-23,2026-07-23,CUST-006,Dr. Priya Sundaram (Home Clinic),BR-01,560.0,100.8,660.8,Immediate UPI,Paid
INV-004154,SO-004154,2026-07-23,2026-08-22,CUST-001,Balaji Electrical Contractors,BR-01,52512.2,9452.2,61964.4,Net 30,Paid
INV-004155,SO-004155,2026-07-23,2026-07-23,CUST-045,Karthika Departmental Store,BR-03,460.8,82.94,543.74,Immediate Cash,Paid
INV-004156,SO-004156,2026-07-23,2026-07-23,CUST-014,Siva Shankaran (Individual Home),BR-01,322.0,57.96,379.96,Immediate Cash,Paid
INV-004157,SO-004157,2026-07-23,2026-07-23,CUST-005,Murugan Auto Garage & Works,BR-01,2100.0,378.0,2478.0,Immediate Cash,Paid
INV-004158,SO-004158,2026-07-24,2026-08-23,CUST-019,Poompuhar Handicrafts Store,BR-01,280.0,50.4,330.4,Net 30,Paid
INV-004159,SO-004159,2026-07-24,2026-08-08,CUST-003,Saravana Electric Works (Govindaraj),BR-01,6966.0,1253.88,8219.88,Net 15,Paid
INV-004160,SO-004160,2026-07-24,2026-08-08,CUST-003,Saravana Electric Works (Govindaraj),BR-01,3685.0,663.3,4348.3,Net 15,Paid
INV-004161,SO-004161,2026-07-24,2026-08-08,CUST-023,Kalam Brothers Electrical Store,BR-01,28155.0,5067.9,33222.9,Net 15,Paid
INV-004162,SO-004162,2026-07-24,2026-08-23,CUST-046,Annamalai Agro Processing Unit,BR-03,165.0,29.7,194.7,Net 30,Paid
INV-004163,SO-004163,2026-07-24,2026-09-07,CUST-011,Victory Housing Projects Phase 2,BR-01,49428.0,8897.04,58325.04,Net 45,Paid
INV-004164,SO-004164,2026-07-24,2026-07-24,CUST-012,Karthik Residential Apartment Owner,BR-01,2590.0,466.2,3056.2,Immediate Card,Paid
INV-004165,SO-004165,2026-07-24,2026-08-23,CUST-034,Silicon Valley PG Hostel Chain,BR-02,3745.0,674.1,4419.1,Net 30,Paid
INV-004166,SO-004166,2026-07-25,2026-08-24,CUST-028,Sri Venkateshwara Hardware & Electricals,BR-02,68677.0,12361.86,81038.86,Net 30,Paid
INV-004167,SO-004167,2026-07-25,2026-08-24,CUST-040,Sri Krishna Engineering College Hostel,BR-03,525.0,94.5,619.5,Net 30,Paid
INV-004168,SO-004168,2026-07-25,2026-08-24,CUST-019,Poompuhar Handicrafts Store,BR-01,6965.0,1253.7,8218.7,Net 30,Paid
INV-004169,SO-004169,2026-07-25,2026-08-24,CUST-047,Kovai Elite Residency Hotel,BR-03,4638.0,834.84,5472.84,Net 30,Paid
INV-004170,SO-004170,2026-07-25,2026-09-08,CUST-004,Sri Ramakrishna Builders & Infra,BR-01,50853.2,9153.58,60006.78,Net 45,Paid
INV-004171,SO-004171,2026-07-25,2026-08-24,CUST-036,Urban Spaces Interior Studio,BR-02,8159.8,1468.76,9628.56,Net 30,Paid
INV-004172,SO-004172,2026-07-25,2026-08-09,CUST-013,Metro Supermarket Tambaram,BR-01,5150.0,927.0,6077.0,Net 15,Paid
INV-004173,SO-004173,2026-07-25,2026-08-01,CUST-035,Gowda Electrical Repairs,BR-02,16100.0,2898.0,18998.0,Net 7,Paid
INV-004174,SO-004174,2026-07-27,2026-08-11,CUST-026,Manjunatha Electrical Works,BR-02,7820.0,1407.6,9227.6,Net 15,Paid
INV-004175,SO-004175,2026-07-27,2026-09-10,CUST-004,Sri Ramakrishna Builders & Infra,BR-01,41699.0,7505.82,49204.82,Net 45,Paid
INV-004176,SO-004176,2026-07-27,2026-08-26,CUST-016,Royal Comfort Residency Hotel,BR-01,202.4,36.43,238.83,Net 30,Overdue
INV-004177,SO-004177,2026-07-27,2026-08-11,CUST-023,Kalam Brothers Electrical Store,BR-01,89490.0,16108.2,105598.2,Net 15,Overdue
INV-004178,SO-004178,2026-07-27,2026-08-26,CUST-016,Royal Comfort Residency Hotel,BR-01,309.0,55.62,364.62,Net 30,Paid
INV-004179,SO-004179,2026-07-27,2026-08-26,CUST-037,Kovai Textile Mills Facility Team,BR-03,615.8,110.84,726.64,Net 30,Paid
INV-004180,SO-004180,2026-07-27,2026-08-11,CUST-020,Selvam Electrician Services,BR-01,3675.0,661.5,4336.5,Net 15,Paid
INV-004181,SO-004181,2026-07-28,2026-08-27,CUST-017,Apex Manufacturing Solutions,BR-01,1700.0,306.0,2006.0,Net 30,Overdue
INV-004182,SO-004182,2026-07-28,2026-08-27,CUST-007,TechPark Facility Maintenance Team,BR-01,2215.0,398.7,2613.7,Net 30,Overdue
INV-004183,SO-004183,2026-07-28,2026-08-27,CUST-001,Balaji Electrical Contractors,BR-01,55523.2,9994.18,65517.38,Net 30,Paid
INV-004184,SO-004184,2026-07-28,2026-07-28,CUST-045,Karthika Departmental Store,BR-03,138.0,24.84,162.84,Immediate Cash,Paid
INV-004185,SO-004185,2026-07-28,2026-08-27,CUST-015,Srinivasan & Sons Contractor,BR-01,43975.2,7915.54,51890.74,Net 30,Paid
INV-004186,SO-004186,2026-07-29,2026-07-29,CUST-031,Nandini Milk Parlour & Mart,BR-02,4250.0,765.0,5015.0,Immediate Cash,Paid
INV-004187,SO-004187,2026-07-29,2026-07-29,CUST-021,Mohammed Riyaz (Home Renovation),BR-01,240.0,43.2,283.2,Immediate Cash,Paid
INV-004188,SO-004188,2026-07-29,2026-09-12,CUST-011,Victory Housing Projects Phase 2,BR-01,49065.0,8831.7,57896.7,Net 45,Paid
INV-004189,SO-004189,2026-07-29,2026-08-28,CUST-037,Kovai Textile Mills Facility Team,BR-03,487.0,87.66,574.66,Net 30,Paid
INV-004190,SO-004190,2026-07-29,2026-08-28,CUST-007,TechPark Facility Maintenance Team,BR-01,161.0,28.98,189.98,Net 30,Paid
INV-004191,SO-004191,2026-07-30,2026-09-13,CUST-041,Kongu Builders & Real Estate,BR-03,72004.0,12960.72,84964.72,Net 45,Paid
INV-004192,SO-004192,2026-07-30,2026-08-29,CUST-036,Urban Spaces Interior Studio,BR-02,49528.4,8915.11,58443.51,Net 30,Paid
INV-004193,SO-004193,2026-07-30,2026-08-29,CUST-025,Brigade Vista Apartment Owners Assn,BR-02,4765.0,857.7,5622.7,Net 30,Paid
INV-004194,SO-004194,2026-07-30,2026-08-29,CUST-036,Urban Spaces Interior Studio,BR-02,86174.2,15511.36,101685.56,Net 30,Paid
INV-004195,SO-004195,2026-07-31,2026-08-30,CUST-022,Global Smart Solutions (P) Ltd,BR-01,11337.8,2040.8,13378.6,Net 30,Paid
INV-004196,SO-004196,2026-07-31,2026-08-15,CUST-038,Marutham Electrical & Power Agency,BR-03,136332.0,24539.76,160871.76,Net 15,Paid
INV-004197,SO-004197,2026-07-31,2026-09-14,CUST-041,Kongu Builders & Real Estate,BR-03,52918.0,9525.24,62443.24,Net 45,Paid
INV-004198,SO-004198,2026-07-31,2026-07-31,CUST-031,Nandini Milk Parlour & Mart,BR-02,1608.8,289.58,1898.38,Immediate Cash,Paid
INV-004199,SO-004199,2026-08-01,2026-08-31,CUST-028,Sri Venkateshwara Hardware & Electricals,BR-02,129684.41,23343.19,153027.6,Net 30,Paid
INV-004200,SO-004200,2026-08-01,2026-08-31,CUST-047,Kovai Elite Residency Hotel,BR-03,495.0,89.1,584.1,Net 30,Paid
INV-004201,SO-004201,2026-08-01,2026-08-01,CUST-005,Murugan Auto Garage & Works,BR-01,2680.0,482.4,3162.4,Immediate Cash,Paid
INV-004202,SO-004202,2026-08-03,2026-08-03,CUST-014,Siva Shankaran (Individual Home),BR-01,3117.0,561.06,3678.06,Immediate Cash,Paid
INV-004203,SO-004203,2026-08-03,2026-08-18,CUST-023,Kalam Brothers Electrical Store,BR-01,133574.35,24043.38,157617.73,Net 15,Paid
INV-004204,SO-004204,2026-08-03,2026-08-03,CUST-005,Murugan Auto Garage & Works,BR-01,2733.0,491.94,3224.94,Immediate Cash,Paid
INV-004205,SO-004205,2026-08-03,2026-09-02,CUST-015,Srinivasan & Sons Contractor,BR-01,61722.56,11110.06,72832.62,Net 30,Overdue
INV-004206,SO-004206,2026-08-03,2026-09-02,CUST-025,Brigade Vista Apartment Owners Assn,BR-02,843.0,151.74,994.74,Net 30,Paid
INV-004207,SO-004207,2026-08-03,2026-08-03,CUST-021,Mohammed Riyaz (Home Renovation),BR-01,1350.6,243.11,1593.71,Immediate Cash,Paid
INV-004208,SO-004208,2026-08-03,2026-09-02,CUST-019,Poompuhar Handicrafts Store,BR-01,8170.8,1470.74,9641.54,Net 30,Paid
INV-004209,SO-004209,2026-08-04,2026-09-03,CUST-009,Devi Agency & Lighting Store,BR-01,159568.08,28722.25,188290.33,Net 30,Paid
INV-004210,SO-004210,2026-08-04,2026-08-04,CUST-031,Nandini Milk Parlour & Mart,BR-02,8053.6,1449.65,9503.25,Immediate Cash,Paid
INV-004211,SO-004211,2026-08-04,2026-09-03,CUST-047,Kovai Elite Residency Hotel,BR-03,850.0,153.0,1003.0,Net 30,Paid
INV-004212,SO-004212,2026-08-04,2026-08-04,CUST-018,Lakshmi Vilas Sweets & Bakery,BR-01,2004.6,360.83,2365.43,Immediate UPI,Paid
INV-004213,SO-004213,2026-08-04,2026-08-11,CUST-035,Gowda Electrical Repairs,BR-02,3200.0,576.0,3776.0,Net 7,Paid
INV-004214,SO-004214,2026-08-04,2026-08-11,CUST-044,Mani Bros Electricals (Mani),BR-03,634.0,114.12,748.12,Net 7,Paid
INV-004215,SO-004215,2026-08-05,2026-09-04,CUST-043,Sundaram Hospital Maintenance,BR-03,2550.0,459.0,3009.0,Net 30,Paid
INV-004216,SO-004216,2026-08-05,2026-08-20,CUST-042,Velan Pump & Motor Spares Store,BR-03,154868.24,27876.28,182744.52,Net 15,Paid
INV-004217,SO-004217,2026-08-05,2026-08-12,CUST-008,Anbu Electricals (Anbazhagan),BR-01,4529.4,815.29,5344.69,Net 7,Paid
INV-004218,SO-004218,2026-08-06,2026-08-06,CUST-033,Suresh Babu (Villa Construction),BR-02,3900.0,702.0,4602.0,Immediate Card,Paid
INV-004219,SO-004219,2026-08-06,2026-09-05,CUST-016,Royal Comfort Residency Hotel,BR-01,3705.0,666.9,4371.9,Net 30,Paid
INV-004220,SO-004220,2026-08-06,2026-09-05,CUST-046,Annamalai Agro Processing Unit,BR-03,656.0,118.08,774.08,Net 30,Paid
INV-004221,SO-004221,2026-08-06,2026-08-06,CUST-033,Suresh Babu (Villa Construction),BR-02,1070.8,192.74,1263.54,Immediate Card,Paid
INV-004222,SO-004222,2026-08-06,2026-09-05,CUST-036,Urban Spaces Interior Studio,BR-02,35510.2,6391.84,41902.04,Net 30,Paid
INV-004223,SO-004223,2026-08-06,2026-08-06,CUST-033,Suresh Babu (Villa Construction),BR-02,1700.0,306.0,2006.0,Immediate Card,Paid
INV-004224,SO-004224,2026-08-06,2026-09-05,CUST-015,Srinivasan & Sons Contractor,BR-01,72960.92,13132.97,86093.89,Net 30,Paid
INV-004225,SO-004225,2026-08-06,2026-09-05,CUST-010,Vels Vidyashram School Campus,BR-01,2150.0,387.0,2537.0,Net 30,Paid
INV-004226,SO-004226,2026-08-07,2026-09-06,CUST-017,Apex Manufacturing Solutions,BR-01,303.6,54.65,358.25,Net 30,Paid
INV-004227,SO-004227,2026-08-07,2026-08-22,CUST-023,Kalam Brothers Electrical Store,BR-01,52242.0,9403.56,61645.56,Net 15,Paid
INV-004228,SO-004228,2026-08-07,2026-09-21,CUST-011,Victory Housing Projects Phase 2,BR-01,286664.0,51599.53,338263.53,Net 45,Paid
INV-004229,SO-004229,2026-08-07,2026-09-06,CUST-016,Royal Comfort Residency Hotel,BR-01,3461.0,622.98,4083.98,Net 30,Paid
INV-004230,SO-004230,2026-08-08,2026-09-07,CUST-022,Global Smart Solutions (P) Ltd,BR-01,43294.62,7793.03,51087.65,Net 30,Paid
INV-004231,SO-004231,2026-08-08,2026-09-07,CUST-046,Annamalai Agro Processing Unit,BR-03,280.0,50.4,330.4,Net 30,Paid
INV-004232,SO-004232,2026-08-08,2026-09-07,CUST-017,Apex Manufacturing Solutions,BR-01,936.0,168.48,1104.48,Net 30,Paid
INV-004233,SO-004233,2026-08-10,2026-09-09,CUST-022,Global Smart Solutions (P) Ltd,BR-01,34510.92,6211.96,40722.88,Net 30,Paid
INV-004234,SO-004234,2026-08-10,2026-08-10,CUST-030,Dr. Arvind Rao Dental Clinic,BR-02,15.0,2.7,17.7,Immediate UPI,Paid
INV-004235,SO-004235,2026-08-10,2026-08-25,CUST-039,Rangasamy Electrician Workshop,BR-03,24160.0,4348.8,28508.8,Net 15,Paid
INV-004236,SO-004236,2026-08-10,2026-09-09,CUST-001,Balaji Electrical Contractors,BR-01,23466.5,4223.97,27690.47,Net 30,Paid
INV-004237,SO-004237,2026-08-10,2026-08-25,CUST-013,Metro Supermarket Tambaram,BR-01,2820.0,507.6,3327.6,Net 15,Paid
INV-004238,SO-004238,2026-08-10,2026-09-09,CUST-034,Silicon Valley PG Hostel Chain,BR-02,4507.0,811.26,5318.26,Net 30,Paid
INV-004239,SO-004239,2026-08-11,2026-09-10,CUST-047,Kovai Elite Residency Hotel,BR-03,1706.6,307.19,2013.79,Net 30,Paid
INV-004240,SO-004240,2026-08-11,2026-09-10,CUST-036,Urban Spaces Interior Studio,BR-02,188351.14,33903.21,222254.35,Net 30,Paid
INV-004241,SO-004241,2026-08-11,2026-09-10,CUST-009,Devi Agency & Lighting Store,BR-01,44090.2,7936.24,52026.44,Net 30,Paid
INV-004242,SO-004242,2026-08-11,2026-08-18,CUST-035,Gowda Electrical Repairs,BR-02,23484.0,4227.12,27711.12,Net 7,Paid
INV-004243,SO-004243,2026-08-11,2026-09-10,CUST-017,Apex Manufacturing Solutions,BR-01,322.0,57.96,379.96,Net 30,Paid
INV-004244,SO-004244,2026-08-11,2026-08-11,CUST-030,Dr. Arvind Rao Dental Clinic,BR-02,1050.0,189.0,1239.0,Immediate UPI,Paid
INV-004245,SO-004245,2026-08-11,2026-08-26,CUST-002,Kalaivani Hardware & Paints,BR-01,158932.4,28607.83,187540.23,Net 15,Paid
INV-004246,SO-004246,2026-08-11,2026-08-11,CUST-045,Karthika Departmental Store,BR-03,4140.0,745.2,4885.2,Immediate Cash,Paid
INV-004247,SO-004247,2026-08-12,2026-08-27,CUST-038,Marutham Electrical & Power Agency,BR-03,173917.68,31305.18,205222.86,Net 15,Paid
INV-004248,SO-004248,2026-08-12,2026-08-27,CUST-020,Selvam Electrician Services,BR-01,10590.0,1906.2,12496.2,Net 15,Paid
INV-004249,SO-004249,2026-08-12,2026-08-12,CUST-031,Nandini Milk Parlour & Mart,BR-02,4630.0,833.4,5463.4,Immediate Cash,Paid
INV-004250,SO-004250,2026-08-12,2026-08-27,CUST-002,Kalaivani Hardware & Paints,BR-01,289376.62,52087.79,341464.41,Net 15,Paid
INV-004251,SO-004251,2026-08-12,2026-09-11,CUST-009,Devi Agency & Lighting Store,BR-01,141015.0,25382.7,166397.7,Net 30,Paid
INV-004252,SO-004252,2026-08-12,2026-09-11,CUST-032,Cauvery Engineering Contractors,BR-02,24198.87,4355.8,28554.67,Net 30,Paid
INV-004253,SO-004253,2026-08-12,2026-09-11,CUST-017,Apex Manufacturing Solutions,BR-01,340.4,61.27,401.67,Net 30,Paid
INV-004254,SO-004254,2026-08-12,2026-09-11,CUST-040,Sri Krishna Engineering College Hostel,BR-03,220.8,39.74,260.54,Net 30,Paid
INV-004255,SO-004255,2026-08-13,2026-08-28,CUST-013,Metro Supermarket Tambaram,BR-01,202.4,36.43,238.83,Net 15,Overdue
INV-004256,SO-004256,2026-08-13,2026-09-12,CUST-001,Balaji Electrical Contractors,BR-01,23085.92,4155.46,27241.38,Net 30,Paid
INV-004257,SO-004257,2026-08-13,2026-09-27,CUST-029,Raghavendra Infrastructure Developers,BR-02,86342.52,15541.65,101884.17,Net 45,Paid
INV-004258,SO-004258,2026-08-13,2026-08-13,CUST-014,Siva Shankaran (Individual Home),BR-01,5622.4,1012.03,6634.43,Immediate Cash,Paid
INV-004259,SO-004259,2026-08-14,2026-08-29,CUST-038,Marutham Electrical & Power Agency,BR-03,116638.0,20994.84,137632.84,Net 15,Paid
INV-004260,SO-004260,2026-08-14,2026-08-29,CUST-003,Saravana Electric Works (Govindaraj),BR-01,10460.0,1882.8,12342.8,Net 15,Paid
INV-004261,SO-004261,2026-08-14,2026-08-29,CUST-002,Kalaivani Hardware & Paints,BR-01,12335.6,2220.41,14556.01,Net 15,Paid
INV-004262,SO-004262,2026-08-14,2026-09-13,CUST-036,Urban Spaces Interior Studio,BR-02,84727.68,15250.99,99978.67,Net 30,Paid
INV-004263,SO-004263,2026-08-14,2026-09-13,CUST-036,Urban Spaces Interior Studio,BR-02,32776.8,5899.82,38676.62,Net 30,Paid
INV-004264,SO-004264,2026-08-14,2026-08-29,CUST-042,Velan Pump & Motor Spares Store,BR-03,163099.28,29357.87,192457.15,Net 15,Overdue
INV-004265,SO-004265,2026-08-15,2026-08-15,CUST-012,Karthik Residential Apartment Owner,BR-01,280.0,50.4,330.4,Immediate Card,Paid
INV-004266,SO-004266,2026-08-15,2026-08-15,CUST-048,Ramachandran (Individual House Owner),BR-03,3369.0,606.42,3975.42,Immediate UPI,Paid
INV-004267,SO-004267,2026-08-15,2026-09-14,CUST-034,Silicon Valley PG Hostel Chain,BR-02,2643.6,475.85,3119.45,Net 30,Paid
INV-004268,SO-004268,2026-08-17,2026-08-24,CUST-008,Anbu Electricals (Anbazhagan),BR-01,33677.0,6061.86,39738.86,Net 7,Paid
INV-004269,SO-004269,2026-08-17,2026-10-01,CUST-004,Sri Ramakrishna Builders & Infra,BR-01,271845.92,48932.26,320778.18,Net 45,Paid
INV-004270,SO-004270,2026-08-17,2026-09-16,CUST-015,Srinivasan & Sons Contractor,BR-01,77151.08,13887.19,91038.27,Net 30,Paid
INV-004271,SO-004271,2026-08-17,2026-08-17,CUST-021,Mohammed Riyaz (Home Renovation),BR-01,678.0,122.04,800.04,Immediate Cash,Paid
INV-004272,SO-004272,2026-08-18,2026-08-18,CUST-005,Murugan Auto Garage & Works,BR-01,483.0,86.94,569.94,Immediate Cash,Paid
INV-004273,SO-004273,2026-08-18,2026-08-18,CUST-018,Lakshmi Vilas Sweets & Bakery,BR-01,2350.0,423.0,2773.0,Immediate UPI,Paid
INV-004274,SO-004274,2026-08-18,2026-09-17,CUST-032,Cauvery Engineering Contractors,BR-02,47484.36,8547.18,56031.54,Net 30,Paid
INV-004275,SO-004275,2026-08-19,2026-09-18,CUST-025,Brigade Vista Apartment Owners Assn,BR-02,3962.4,713.23,4675.63,Net 30,Paid
INV-004276,SO-004276,2026-08-19,2026-09-03,CUST-039,Rangasamy Electrician Workshop,BR-03,14630.0,2633.4,17263.4,Net 15,Paid
INV-004277,SO-004277,2026-08-19,2026-09-03,CUST-038,Marutham Electrical & Power Agency,BR-03,37645.2,6776.14,44421.34,Net 15,Paid
INV-004278,SO-004278,2026-08-19,2026-10-03,CUST-041,Kongu Builders & Real Estate,BR-03,132293.3,23812.8,156106.1,Net 45,Paid
INV-004279,SO-004279,2026-08-20,2026-09-19,CUST-009,Devi Agency & Lighting Store,BR-01,80859.0,14554.62,95413.62,Net 30,Paid
INV-004280,SO-004280,2026-08-20,2026-08-20,CUST-045,Karthika Departmental Store,BR-03,3450.0,621.0,4071.0,Immediate Cash,Paid
INV-004281,SO-004281,2026-08-20,2026-08-20,CUST-030,Dr. Arvind Rao Dental Clinic,BR-02,920.0,165.6,1085.6,Immediate UPI,Paid
INV-004282,SO-004282,2026-08-20,2026-09-19,CUST-016,Royal Comfort Residency Hotel,BR-01,285.8,51.44,337.24,Net 30,Overdue
INV-004283,SO-004283,2026-08-21,2026-09-05,CUST-026,Manjunatha Electrical Works,BR-02,3728.0,671.04,4399.04,Net 15,Paid
INV-004284,SO-004284,2026-08-21,2026-08-28,CUST-008,Anbu Electricals (Anbazhagan),BR-01,7090.0,1276.2,8366.2,Net 7,Paid
INV-004285,SO-004285,2026-08-21,2026-09-20,CUST-047,Kovai Elite Residency Hotel,BR-03,1242.0,223.56,1465.56,Net 30,Paid
INV-004286,SO-004286,2026-08-22,2026-09-21,CUST-034,Silicon Valley PG Hostel Chain,BR-02,3611.0,649.98,4260.98,Net 30,Paid
INV-004287,SO-004287,2026-08-22,2026-08-29,CUST-044,Mani Bros Electricals (Mani),BR-03,6525.0,1174.5,7699.5,Net 7,Paid
INV-004288,SO-004288,2026-08-22,2026-09-06,CUST-020,Selvam Electrician Services,BR-01,507.0,91.26,598.26,Net 15,Paid
INV-004289,SO-004289,2026-08-22,2026-08-22,CUST-031,Nandini Milk Parlour & Mart,BR-02,4971.6,894.89,5866.49,Immediate Cash,Paid
INV-004290,SO-004290,2026-08-22,2026-09-21,CUST-016,Royal Comfort Residency Hotel,BR-01,1085.8,195.44,1281.24,Net 30,Paid
INV-004291,SO-004291,2026-08-22,2026-08-22,CUST-030,Dr. Arvind Rao Dental Clinic,BR-02,2350.0,423.0,2773.0,Immediate UPI,Paid
INV-004292,SO-004292,2026-08-24,2026-08-24,CUST-005,Murugan Auto Garage & Works,BR-01,207.0,37.26,244.26,Immediate Cash,Paid
INV-004293,SO-004293,2026-08-24,2026-09-08,CUST-023,Kalam Brothers Electrical Store,BR-01,121742.2,21913.59,143655.79,Net 15,Overdue
INV-004294,SO-004294,2026-08-24,2026-08-31,CUST-008,Anbu Electricals (Anbazhagan),BR-01,4627.4,832.93,5460.33,Net 7,Paid
INV-004295,SO-004295,2026-08-24,2026-09-23,CUST-047,Kovai Elite Residency Hotel,BR-03,498.6,89.75,588.35,Net 30,Paid
INV-004296,SO-004296,2026-08-24,2026-09-08,CUST-039,Rangasamy Electrician Workshop,BR-03,3401.0,612.18,4013.18,Net 15,Paid
INV-004297,SO-004297,2026-08-25,2026-09-09,CUST-013,Metro Supermarket Tambaram,BR-01,3890.0,700.2,4590.2,Net 15,Paid
INV-004298,SO-004298,2026-08-25,2026-09-09,CUST-038,Marutham Electrical & Power Agency,BR-03,300356.4,54064.15,354420.55,Net 15,Paid
INV-004299,SO-004299,2026-08-25,2026-09-24,CUST-034,Silicon Valley PG Hostel Chain,BR-02,295.0,53.1,348.1,Net 30,Paid
INV-004300,SO-004300,2026-08-25,2026-10-09,CUST-004,Sri Ramakrishna Builders & Infra,BR-01,23503.2,4230.58,27733.78,Net 45,Pending
INV-004301,SO-004301,2026-08-25,2026-08-25,CUST-045,Karthika Departmental Store,BR-03,5033.0,905.94,5938.94,Immediate Cash,Paid
INV-004302,SO-004302,2026-08-26,2026-09-10,CUST-002,Kalaivani Hardware & Paints,BR-01,313963.0,56513.34,370476.34,Net 15,Paid
INV-004303,SO-004303,2026-08-26,2026-09-25,CUST-025,Brigade Vista Apartment Owners Assn,BR-02,2160.8,388.94,2549.74,Net 30,Paid
INV-004304,SO-004304,2026-08-26,2026-09-25,CUST-047,Kovai Elite Residency Hotel,BR-03,1070.8,192.74,1263.54,Net 30,Paid
INV-004305,SO-004305,2026-08-26,2026-09-25,CUST-032,Cauvery Engineering Contractors,BR-02,118367.0,21306.06,139673.06,Net 30,Paid
INV-004306,SO-004306,2026-08-26,2026-09-25,CUST-009,Devi Agency & Lighting Store,BR-01,167240.2,30103.24,197343.44,Net 30,Paid
INV-004307,SO-004307,2026-08-26,2026-09-10,CUST-002,Kalaivani Hardware & Paints,BR-01,92960.0,16732.8,109692.8,Net 15,Paid
INV-004308,SO-004308,2026-08-27,2026-09-11,CUST-038,Marutham Electrical & Power Agency,BR-03,191604.0,34488.72,226092.72,Net 15,Overdue
INV-004309,SO-004309,2026-08-27,2026-09-26,CUST-046,Annamalai Agro Processing Unit,BR-03,249.0,44.82,293.82,Net 30,Paid
INV-004310,SO-004310,2026-08-27,2026-09-26,CUST-015,Srinivasan & Sons Contractor,BR-01,114140.0,20545.2,134685.2,Net 30,Paid
INV-004311,SO-004311,2026-08-27,2026-10-11,CUST-004,Sri Ramakrishna Builders & Infra,BR-01,25472.8,4585.1,30057.9,Net 45,Paid
INV-004312,SO-004312,2026-08-27,2026-09-03,CUST-044,Mani Bros Electricals (Mani),BR-03,5041.0,907.38,5948.38,Net 7,Paid
INV-004313,SO-004313,2026-08-27,2026-09-11,CUST-039,Rangasamy Electrician Workshop,BR-03,8194.4,1474.99,9669.39,Net 15,Paid
INV-004314,SO-004314,2026-08-27,2026-09-11,CUST-038,Marutham Electrical & Power Agency,BR-03,127415.6,22934.81,150350.41,Net 15,Overdue
INV-004315,SO-004315,2026-08-27,2026-09-26,CUST-040,Sri Krishna Engineering College Hostel,BR-03,2777.8,500.0,3277.8,Net 30,Paid
INV-004316,SO-004316,2026-08-28,2026-09-12,CUST-003,Saravana Electric Works (Govindaraj),BR-01,7228.0,1301.04,8529.04,Net 15,Overdue
INV-004317,SO-004317,2026-08-28,2026-09-27,CUST-032,Cauvery Engineering Contractors,BR-02,91446.8,16460.42,107907.22,Net 30,Paid
INV-004318,SO-004318,2026-08-28,2026-09-27,CUST-019,Poompuhar Handicrafts Store,BR-01,3430.0,617.4,4047.4,Net 30,Paid
INV-004319,SO-004319,2026-08-29,2026-09-28,CUST-015,Srinivasan & Sons Contractor,BR-01,58921.0,10605.78,69526.78,Net 30,Paid
INV-004320,SO-004320,2026-08-29,2026-09-28,CUST-036,Urban Spaces Interior Studio,BR-02,59920.0,10785.6,70705.6,Net 30,Overdue
INV-004321,SO-004321,2026-08-29,2026-08-29,CUST-005,Murugan Auto Garage & Works,BR-01,662.4,119.23,781.63,Immediate Cash,Paid
INV-004322,SO-004322,2026-08-29,2026-08-29,CUST-030,Dr. Arvind Rao Dental Clinic,BR-02,2356.0,424.08,2780.08,Immediate UPI,Paid
INV-004323,SO-004323,2026-08-29,2026-09-28,CUST-040,Sri Krishna Engineering College Hostel,BR-03,2750.0,495.0,3245.0,Net 30,Paid
INV-004324,SO-004324,2026-08-29,2026-09-28,CUST-047,Kovai Elite Residency Hotel,BR-03,206.0,37.08,243.08,Net 30,Paid
INV-004325,SO-004325,2026-08-31,2026-09-15,CUST-026,Manjunatha Electrical Works,BR-02,1025.8,184.64,1210.44,Net 15,Paid
INV-004326,SO-004326,2026-08-31,2026-09-30,CUST-019,Poompuhar Handicrafts Store,BR-01,994.2,178.96,1173.16,Net 30,Paid
INV-004327,SO-004327,2026-08-31,2026-09-30,CUST-009,Devi Agency & Lighting Store,BR-01,158206.0,28477.08,186683.08,Net 30,Paid
INV-004328,SO-004328,2026-08-31,2026-09-30,CUST-040,Sri Krishna Engineering College Hostel,BR-03,1100.0,198.0,1298.0,Net 30,Paid
INV-004329,SO-004329,2026-09-01,2026-10-01,CUST-028,Sri Venkateshwara Hardware & Electricals,BR-02,223240.6,40183.31,263423.91,Net 30,Paid
INV-004330,SO-004330,2026-09-01,2026-10-01,CUST-028,Sri Venkateshwara Hardware & Electricals,BR-02,117734.0,21192.12,138926.12,Net 30,Paid
INV-004331,SO-004331,2026-09-01,2026-10-01,CUST-043,Sundaram Hospital Maintenance,BR-03,960.0,172.8,1132.8,Net 30,Paid
INV-004332,SO-004332,2026-09-01,2026-10-01,CUST-028,Sri Venkateshwara Hardware & Electricals,BR-02,128559.2,23140.66,151699.86,Net 30,Pending
INV-004333,SO-004333,2026-09-01,2026-09-01,CUST-045,Karthika Departmental Store,BR-03,1671.0,300.78,1971.78,Immediate Cash,Paid
INV-004334,SO-004334,2026-09-02,2026-09-17,CUST-002,Kalaivani Hardware & Paints,BR-01,279130.0,50243.4,329373.4,Net 15,Overdue
INV-004335,SO-004335,2026-09-02,2026-09-09,CUST-044,Mani Bros Electricals (Mani),BR-03,23522.0,4233.96,27755.96,Net 7,Overdue
INV-004336,SO-004336,2026-09-02,2026-10-17,CUST-011,Victory Housing Projects Phase 2,BR-01,127368.4,22926.31,150294.71,Net 45,Pending
INV-004337,SO-004337,2026-09-02,2026-09-17,CUST-023,Kalam Brothers Electrical Store,BR-01,32168.6,5790.35,37958.95,Net 15,Paid
INV-004338,SO-004338,2026-09-02,2026-10-02,CUST-037,Kovai Textile Mills Facility Team,BR-03,590.0,106.2,696.2,Net 30,Paid
INV-004339,SO-004339,2026-09-03,2026-09-03,CUST-030,Dr. Arvind Rao Dental Clinic,BR-02,7460.0,1342.8,8802.8,Immediate UPI,Paid
INV-004340,SO-004340,2026-09-03,2026-09-10,CUST-035,Gowda Electrical Repairs,BR-02,6899.0,1241.82,8140.82,Net 7,Paid
INV-004341,SO-004341,2026-09-03,2026-09-18,CUST-020,Selvam Electrician Services,BR-01,26913.2,4844.38,31757.58,Net 15,Overdue
INV-004342,SO-004342,2026-09-04,2026-09-04,CUST-033,Suresh Babu (Villa Construction),BR-02,4197.0,755.46,4952.46,Immediate Card,Paid
INV-004343,SO-004343,2026-09-04,2026-09-19,CUST-003,Saravana Electric Works (Govindaraj),BR-01,4077.0,733.86,4810.86,Net 15,Overdue
INV-004344,SO-004344,2026-09-04,2026-10-19,CUST-041,Kongu Builders & Real Estate,BR-03,150738.0,27132.84,177870.84,Net 45,Pending
INV-004345,SO-004345,2026-09-04,2026-09-04,CUST-045,Karthika Departmental Store,BR-03,4386.6,789.59,5176.19,Immediate Cash,Paid
INV-004346,SO-004346,2026-09-04,2026-09-04,CUST-018,Lakshmi Vilas Sweets & Bakery,BR-01,3250.0,585.0,3835.0,Immediate UPI,Paid
INV-004347,SO-004347,2026-09-04,2026-10-04,CUST-034,Silicon Valley PG Hostel Chain,BR-02,1047.0,188.46,1235.46,Net 30,Pending
INV-004348,SO-004348,2026-09-04,2026-10-19,CUST-029,Raghavendra Infrastructure Developers,BR-02,83978.8,15116.19,99094.99,Net 45,Pending
INV-004349,SO-004349,2026-09-05,2026-10-05,CUST-047,Kovai Elite Residency Hotel,BR-03,840.0,151.2,991.2,Net 30,Paid
INV-004350,SO-004350,2026-09-05,2026-10-05,CUST-010,Vels Vidyashram School Campus,BR-01,1835.0,330.3,2165.3,Net 30,Paid
INV-004351,SO-004351,2026-09-05,2026-09-05,CUST-045,Karthika Departmental Store,BR-03,502.6,90.47,593.07,Immediate Cash,Paid
INV-004352,SO-004352,2026-09-07,2026-10-07,CUST-022,Global Smart Solutions (P) Ltd,BR-01,25226.0,4540.68,29766.68,Net 30,Pending
INV-004353,SO-004353,2026-09-07,2026-09-14,CUST-044,Mani Bros Electricals (Mani),BR-03,7148.0,1286.64,8434.64,Net 7,Overdue
INV-004354,SO-004354,2026-09-07,2026-10-07,CUST-027,InnoTech Coworking Hub,BR-02,3891.6,700.49,4592.09,Net 30,Paid
INV-004355,SO-004355,2026-09-07,2026-10-07,CUST-043,Sundaram Hospital Maintenance,BR-03,1305.0,234.9,1539.9,Net 30,Pending
INV-004356,SO-004356,2026-09-07,2026-09-22,CUST-038,Marutham Electrical & Power Agency,BR-03,358903.2,64602.57,423505.77,Net 15,Overdue
INV-004357,SO-004357,2026-09-07,2026-09-07,CUST-012,Karthik Residential Apartment Owner,BR-01,7016.2,1262.92,8279.12,Immediate Card,Paid
INV-004358,SO-004358,2026-09-07,2026-10-07,CUST-019,Poompuhar Handicrafts Store,BR-01,1433.6,258.05,1691.65,Net 30,Paid
INV-004359,SO-004359,2026-09-08,2026-09-08,CUST-030,Dr. Arvind Rao Dental Clinic,BR-02,974.0,175.32,1149.32,Immediate UPI,Paid
INV-004360,SO-004360,2026-09-08,2026-10-08,CUST-032,Cauvery Engineering Contractors,BR-02,161710.0,29107.8,190817.8,Net 30,Pending
INV-004361,SO-004361,2026-09-08,2026-10-08,CUST-007,TechPark Facility Maintenance Team,BR-01,1050.0,189.0,1239.0,Net 30,Paid
INV-004362,SO-004362,2026-09-08,2026-10-08,CUST-025,Brigade Vista Apartment Owners Assn,BR-02,3300.0,594.0,3894.0,Net 30,Pending
INV-004363,SO-004363,2026-09-08,2026-10-08,CUST-028,Sri Venkateshwara Hardware & Electricals,BR-02,154042.0,27727.56,181769.56,Net 30,Paid
INV-004364,SO-004364,2026-09-08,2026-10-08,CUST-043,Sundaram Hospital Maintenance,BR-03,45.0,8.1,53.1,Net 30,Paid
INV-004365,SO-004365,2026-09-08,2026-10-08,CUST-028,Sri Venkateshwara Hardware & Electricals,BR-02,297622.0,53571.96,351193.96,Net 30,Pending
INV-004366,SO-004366,2026-09-09,2026-10-09,CUST-007,TechPark Facility Maintenance Team,BR-01,545.0,98.1,643.1,Net 30,Paid
INV-004367,SO-004367,2026-09-09,2026-09-24,CUST-003,Saravana Electric Works (Govindaraj),BR-01,9570.0,1722.6,11292.6,Net 15,Paid
INV-004368,SO-004368,2026-09-09,2026-09-09,CUST-018,Lakshmi Vilas Sweets & Bakery,BR-01,4190.0,754.2,4944.2,Immediate UPI,Paid
INV-004369,SO-004369,2026-09-10,2026-09-10,CUST-006,Dr. Priya Sundaram (Home Clinic),BR-01,4028.0,725.04,4753.04,Immediate UPI,Paid
INV-004370,SO-004370,2026-09-10,2026-10-10,CUST-040,Sri Krishna Engineering College Hostel,BR-03,2232.4,401.83,2634.23,Net 30,Paid
INV-004371,SO-004371,2026-09-10,2026-09-17,CUST-008,Anbu Electricals (Anbazhagan),BR-01,23830.8,4289.54,28120.34,Net 7,Overdue
INV-004372,SO-004372,2026-09-11,2026-09-11,CUST-030,Dr. Arvind Rao Dental Clinic,BR-02,2150.0,387.0,2537.0,Immediate UPI,Paid
INV-004373,SO-004373,2026-09-11,2026-09-26,CUST-013,Metro Supermarket Tambaram,BR-01,1479.0,266.22,1745.22,Net 15,Overdue
INV-004374,SO-004374,2026-09-11,2026-10-11,CUST-047,Kovai Elite Residency Hotel,BR-03,1835.0,330.3,2165.3,Net 30,Pending
INV-004375,SO-004375,2026-09-11,2026-09-11,CUST-006,Dr. Priya Sundaram (Home Clinic),BR-01,2338.0,420.84,2758.84,Immediate UPI,Paid
INV-004376,SO-004376,2026-09-11,2026-09-18,CUST-035,Gowda Electrical Repairs,BR-02,5420.0,975.6,6395.6,Net 7,Overdue
INV-004377,SO-004377,2026-09-11,2026-09-11,CUST-012,Karthik Residential Apartment Owner,BR-01,1790.8,322.34,2113.14,Immediate Card,Paid
INV-004378,SO-004378,2026-09-11,2026-09-11,CUST-014,Siva Shankaran (Individual Home),BR-01,456.6,82.19,538.79,Immediate Cash,Paid
INV-004379,SO-004379,2026-09-11,2026-10-11,CUST-009,Devi Agency & Lighting Store,BR-01,129909.0,23383.62,153292.62,Net 30,Pending
INV-004380,SO-004380,2026-09-12,2026-09-12,CUST-031,Nandini Milk Parlour & Mart,BR-02,441.6,79.49,521.09,Immediate Cash,Paid
INV-004381,SO-004381,2026-09-12,2026-10-12,CUST-043,Sundaram Hospital Maintenance,BR-03,207.0,37.26,244.26,Net 30,Pending
INV-004382,SO-004382,2026-09-12,2026-10-12,CUST-043,Sundaram Hospital Maintenance,BR-03,869.4,156.49,1025.89,Net 30,Pending
INV-004383,SO-004383,2026-09-12,2026-10-12,CUST-017,Apex Manufacturing Solutions,BR-01,1700.0,306.0,2006.0,Net 30,Pending
INV-004384,SO-004384,2026-09-12,2026-10-12,CUST-001,Balaji Electrical Contractors,BR-01,31971.4,5754.85,37726.25,Net 30,Pending
INV-004385,SO-004385,2026-09-14,2026-10-14,CUST-032,Cauvery Engineering Contractors,BR-02,92502.0,16650.36,109152.36,Net 30,Paid
INV-004386,SO-004386,2026-09-14,2026-09-14,CUST-048,Ramachandran (Individual House Owner),BR-03,1172.0,210.96,1382.96,Immediate UPI,Paid
INV-004387,SO-004387,2026-09-14,2026-09-14,CUST-021,Mohammed Riyaz (Home Renovation),BR-01,65.0,11.7,76.7,Immediate Cash,Paid
INV-004388,SO-004388,2026-09-14,2026-10-14,CUST-016,Royal Comfort Residency Hotel,BR-01,2806.6,505.19,3311.79,Net 30,Pending
INV-004389,SO-004389,2026-09-14,2026-10-29,CUST-011,Victory Housing Projects Phase 2,BR-01,82905.0,14922.9,97827.9,Net 45,Pending
INV-004390,SO-004390,2026-09-14,2026-09-14,CUST-012,Karthik Residential Apartment Owner,BR-01,7587.0,1365.66,8952.66,Immediate Card,Paid
INV-004391,SO-004391,2026-09-14,2026-09-14,CUST-005,Murugan Auto Garage & Works,BR-01,840.0,151.2,991.2,Immediate Cash,Paid
INV-004392,SO-004392,2026-09-15,2026-10-15,CUST-037,Kovai Textile Mills Facility Team,BR-03,7380.0,1328.4,8708.4,Net 30,Pending
INV-004393,SO-004393,2026-09-15,2026-09-30,CUST-003,Saravana Electric Works (Govindaraj),BR-01,7844.0,1411.92,9255.92,Net 15,Pending
INV-004394,SO-004394,2026-09-15,2026-10-15,CUST-016,Royal Comfort Residency Hotel,BR-01,101.2,18.22,119.42,Net 30,Pending
INV-004395,SO-004395,2026-09-16,2026-10-01,CUST-002,Kalaivani Hardware & Paints,BR-01,236091.6,42496.49,278588.09,Net 15,Paid
INV-004396,SO-004396,2026-09-16,2026-10-16,CUST-015,Srinivasan & Sons Contractor,BR-01,49450.0,8901.0,58351.0,Net 30,Pending
INV-004397,SO-004397,2026-09-16,2026-10-01,CUST-003,Saravana Electric Works (Govindaraj),BR-01,23500.0,4230.0,27730.0,Net 15,Pending
INV-004398,SO-004398,2026-09-16,2026-10-16,CUST-007,TechPark Facility Maintenance Team,BR-01,552.0,99.36,651.36,Net 30,Paid
INV-004399,SO-004399,2026-09-17,2026-10-17,CUST-016,Royal Comfort Residency Hotel,BR-01,2797.4,503.53,3300.93,Net 30,Pending
INV-004400,SO-004400,2026-09-17,2026-09-17,CUST-033,Suresh Babu (Villa Construction),BR-02,840.0,151.2,991.2,Immediate Card,Paid
INV-004401,SO-004401,2026-09-17,2026-10-17,CUST-010,Vels Vidyashram School Campus,BR-01,202.4,36.43,238.83,Net 30,Paid
INV-004402,SO-004402,2026-09-17,2026-09-17,CUST-031,Nandini Milk Parlour & Mart,BR-02,850.0,153.0,1003.0,Immediate Cash,Paid
INV-004403,SO-004403,2026-09-17,2026-10-17,CUST-001,Balaji Electrical Contractors,BR-01,183818.8,33087.38,216906.18,Net 30,Paid
INV-004404,SO-004404,2026-09-17,2026-09-17,CUST-045,Karthika Departmental Store,BR-03,195.0,35.1,230.1,Immediate Cash,Paid
INV-004405,SO-004405,2026-09-18,2026-10-18,CUST-025,Brigade Vista Apartment Owners Assn,BR-02,828.0,149.04,977.04,Net 30,Paid
INV-004406,SO-004406,2026-09-18,2026-10-18,CUST-043,Sundaram Hospital Maintenance,BR-03,4128.0,743.04,4871.04,Net 30,Pending
INV-004407,SO-004407,2026-09-18,2026-10-03,CUST-023,Kalam Brothers Electrical Store,BR-01,115140.0,20725.2,135865.2,Net 15,Paid
INV-004408,SO-004408,2026-09-18,2026-10-18,CUST-025,Brigade Vista Apartment Owners Assn,BR-02,1242.0,223.56,1465.56,Net 30,Paid
INV-004409,SO-004409,2026-09-18,2026-10-18,CUST-019,Poompuhar Handicrafts Store,BR-01,1235.2,222.34,1457.54,Net 30,Pending
INV-004410,SO-004410,2026-09-18,2026-09-25,CUST-035,Gowda Electrical Repairs,BR-02,10157.0,1828.26,11985.26,Net 7,Overdue
INV-004411,SO-004411,2026-09-18,2026-09-18,CUST-006,Dr. Priya Sundaram (Home Clinic),BR-01,840.0,151.2,991.2,Immediate UPI,Paid
INV-004412,SO-004412,2026-09-18,2026-11-02,CUST-011,Victory Housing Projects Phase 2,BR-01,110840.0,19951.2,130791.2,Net 45,Pending
INV-004413,SO-004413,2026-09-19,2026-10-19,CUST-034,Silicon Valley PG Hostel Chain,BR-02,1065.0,191.7,1256.7,Net 30,Pending
INV-004414,SO-004414,2026-09-19,2026-11-03,CUST-041,Kongu Builders & Real Estate,BR-03,74421.0,13395.78,87816.78,Net 45,Pending
INV-004415,SO-004415,2026-09-19,2026-09-19,CUST-045,Karthika Departmental Store,BR-03,1384.0,249.12,1633.12,Immediate Cash,Paid
INV-004416,SO-004416,2026-09-19,2026-10-04,CUST-038,Marutham Electrical & Power Agency,BR-03,99850.0,17973.0,117823.0,Net 15,Paid
INV-004417,SO-004417,2026-09-19,2026-10-04,CUST-023,Kalam Brothers Electrical Store,BR-01,185838.0,33450.84,219288.84,Net 15,Pending
INV-004418,SO-004418,2026-09-19,2026-09-19,CUST-005,Murugan Auto Garage & Works,BR-01,8142.0,1465.56,9607.56,Immediate Cash,Paid
INV-004419,SO-004419,2026-09-19,2026-10-19,CUST-019,Poompuhar Handicrafts Store,BR-01,165.0,29.7,194.7,Net 30,Pending
INV-004420,SO-004420,2026-09-19,2026-10-04,CUST-042,Velan Pump & Motor Spares Store,BR-03,22750.0,4095.0,26845.0,Net 15,Pending
INV-004421,SO-004421,2026-09-21,2026-09-21,CUST-048,Ramachandran (Individual House Owner),BR-03,441.6,79.49,521.09,Immediate UPI,Paid
INV-004422,SO-004422,2026-09-21,2026-11-05,CUST-011,Victory Housing Projects Phase 2,BR-01,77485.0,13947.3,91432.3,Net 45,Pending
INV-004423,SO-004423,2026-09-21,2026-10-21,CUST-037,Kovai Textile Mills Facility Team,BR-03,1861.0,334.98,2195.98,Net 30,Pending
INV-004424,SO-004424,2026-09-21,2026-10-06,CUST-042,Velan Pump & Motor Spares Store,BR-03,218345.0,39302.1,257647.1,Net 15,Pending
INV-004425,SO-004425,2026-09-21,2026-10-21,CUST-015,Srinivasan & Sons Contractor,BR-01,41727.0,7510.86,49237.86,Net 30,Pending
INV-004426,SO-004426,2026-09-21,2026-10-21,CUST-015,Srinivasan & Sons Contractor,BR-01,15368.4,2766.31,18134.71,Net 30,Paid
INV-004427,SO-004427,2026-09-21,2026-10-06,CUST-003,Saravana Electric Works (Govindaraj),BR-01,15450.0,2781.0,18231.0,Net 15,Pending
INV-004428,SO-004428,2026-09-21,2026-10-21,CUST-028,Sri Venkateshwara Hardware & Electricals,BR-02,90245.2,16244.14,106489.34,Net 30,Paid
INV-004429,SO-004429,2026-09-22,2026-10-22,CUST-036,Urban Spaces Interior Studio,BR-02,48228.4,8681.11,56909.51,Net 30,Pending
INV-004430,SO-004430,2026-09-22,2026-09-29,CUST-035,Gowda Electrical Repairs,BR-02,855.0,153.9,1008.9,Net 7,Overdue
INV-004431,SO-004431,2026-09-22,2026-10-22,CUST-001,Balaji Electrical Contractors,BR-01,81393.8,14650.88,96044.68,Net 30,Pending
INV-004432,SO-004432,2026-09-23,2026-10-23,CUST-036,Urban Spaces Interior Studio,BR-02,352378.0,63428.04,415806.04,Net 30,Pending
INV-004433,SO-004433,2026-09-23,2026-10-23,CUST-015,Srinivasan & Sons Contractor,BR-01,62182.0,11192.76,73374.76,Net 30,Pending
INV-004434,SO-004434,2026-09-23,2026-11-07,CUST-041,Kongu Builders & Real Estate,BR-03,56929.8,10247.36,67177.16,Net 45,Pending
INV-004435,SO-004435,2026-09-23,2026-09-23,CUST-033,Suresh Babu (Villa Construction),BR-02,2770.8,498.74,3269.54,Immediate Card,Paid
INV-004436,SO-004436,2026-09-23,2026-09-23,CUST-033,Suresh Babu (Villa Construction),BR-02,240.0,43.2,283.2,Immediate Card,Paid
INV-004437,SO-004437,2026-09-23,2026-10-08,CUST-026,Manjunatha Electrical Works,BR-02,36492.0,6568.56,43060.56,Net 15,Pending
INV-004438,SO-004438,2026-09-24,2026-10-24,CUST-001,Balaji Electrical Contractors,BR-01,70510.0,12691.8,83201.8,Net 30,Pending
INV-004439,SO-004439,2026-09-24,2026-10-24,CUST-043,Sundaram Hospital Maintenance,BR-03,6900.0,1242.0,8142.0,Net 30,Pending
INV-004440,SO-004440,2026-09-24,2026-11-08,CUST-029,Raghavendra Infrastructure Developers,BR-02,48002.2,8640.4,56642.6,Net 45,Pending
INV-004441,SO-004441,2026-09-24,2026-10-09,CUST-038,Marutham Electrical & Power Agency,BR-03,80013.2,14402.38,94415.58,Net 15,Paid
INV-004442,SO-004442,2026-09-24,2026-09-24,CUST-012,Karthik Residential Apartment Owner,BR-01,8150.0,1467.0,9617.0,Immediate Card,Paid
INV-004443,SO-004443,2026-09-25,2026-10-10,CUST-023,Kalam Brothers Electrical Store,BR-01,115820.0,20847.6,136667.6,Net 15,Pending
INV-004444,SO-004444,2026-09-25,2026-10-25,CUST-036,Urban Spaces Interior Studio,BR-02,17371.8,3126.92,20498.72,Net 30,Pending
INV-004445,SO-004445,2026-09-25,2026-09-25,CUST-006,Dr. Priya Sundaram (Home Clinic),BR-01,993.0,178.74,1171.74,Immediate UPI,Paid
INV-004446,SO-004446,2026-09-25,2026-10-10,CUST-002,Kalaivani Hardware & Paints,BR-01,180213.0,32438.34,212651.34,Net 15,Pending
INV-004447,SO-004447,2026-09-25,2026-10-25,CUST-009,Devi Agency & Lighting Store,BR-01,399312.0,71876.16,471188.16,Net 30,Pending
INV-004448,SO-004448,2026-09-25,2026-10-25,CUST-028,Sri Venkateshwara Hardware & Electricals,BR-02,83900.2,15102.04,99002.24,Net 30,Pending
INV-004449,SO-004449,2026-09-25,2026-09-25,CUST-018,Lakshmi Vilas Sweets & Bakery,BR-01,727.0,130.86,857.86,Immediate UPI,Paid
INV-004450,SO-004450,2026-09-26,2026-10-26,CUST-022,Global Smart Solutions (P) Ltd,BR-01,61092.0,10996.56,72088.56,Net 30,Pending
INV-004451,SO-004451,2026-09-26,2026-10-11,CUST-013,Metro Supermarket Tambaram,BR-01,3008.0,541.44,3549.44,Net 15,Pending
INV-004452,SO-004452,2026-09-26,2026-10-26,CUST-047,Kovai Elite Residency Hotel,BR-03,1700.0,306.0,2006.0,Net 30,Pending
INV-004453,SO-004453,2026-09-26,2026-10-26,CUST-046,Annamalai Agro Processing Unit,BR-03,6322.0,1137.96,7459.96,Net 30,Pending
INV-004454,SO-004454,2026-09-28,2026-10-13,CUST-039,Rangasamy Electrician Workshop,BR-03,3310.0,595.8,3905.8,Net 15,Pending
INV-004455,SO-004455,2026-09-28,2026-10-13,CUST-003,Saravana Electric Works (Govindaraj),BR-01,3200.0,576.0,3776.0,Net 15,Pending
INV-004456,SO-004456,2026-09-28,2026-10-05,CUST-035,Gowda Electrical Repairs,BR-02,13860.0,2494.8,16354.8,Net 7,Pending
INV-004457,SO-004457,2026-09-29,2026-10-29,CUST-027,InnoTech Coworking Hub,BR-02,4902.4,882.43,5784.83,Net 30,Pending
INV-004458,SO-004458,2026-09-29,2026-11-13,CUST-011,Victory Housing Projects Phase 2,BR-01,164488.0,29607.84,194095.84,Net 45,Pending
INV-004459,SO-004459,2026-09-29,2026-09-29,CUST-006,Dr. Priya Sundaram (Home Clinic),BR-01,240.0,43.2,283.2,Immediate UPI,Paid
INV-004460,SO-004460,2026-09-30,2026-09-30,CUST-021,Mohammed Riyaz (Home Renovation),BR-01,441.6,79.49,521.09,Immediate Cash,Paid
INV-004461,SO-004461,2026-09-30,2026-10-30,CUST-009,Devi Agency & Lighting Store,BR-01,99079.8,17834.36,116914.16,Net 30,Pending
INV-004462,SO-004462,2026-09-30,2026-09-30,CUST-033,Suresh Babu (Villa Construction),BR-02,1662.4,299.23,1961.63,Immediate Card,Paid
INV-004463,SO-004463,2026-09-30,2026-10-30,CUST-043,Sundaram Hospital Maintenance,BR-03,1721.0,309.78,2030.78,Net 30,Pending
INV-004464,SO-004464,2026-09-30,2026-09-30,CUST-030,Dr. Arvind Rao Dental Clinic,BR-02,1305.0,234.9,1539.9,Immediate UPI,Paid
INV-004465,SO-004465,2026-09-30,2026-09-30,CUST-006,Dr. Priya Sundaram (Home Clinic),BR-01,2550.0,459.0,3009.0,Immediate UPI,Paid
INV-004466,SO-004466,2026-09-30,2026-10-30,CUST-034,Silicon Valley PG Hostel Chain,BR-02,629.0,113.22,742.22,Net 30,Pending
