order_id,order_date,customer_id,customer_name,customer_type,branch_id,salesperson_id,subtotal,tax_amount,grand_total,order_status
SO-000001,2024-01-01,CUST-026,Manjunatha Electrical Works,Electrician,BR-02,EMP-006,3385.0,609.3,3994.3,Invoiced
SO-000002,2024-01-01,CUST-008,Anbu Electricals (Anbazhagan),Electrician,BR-01,EMP-002,7727.0,1390.86,9117.86,Invoiced
SO-000003,2024-01-01,CUST-011,Victory Housing Projects Phase 2,Builder / Commercial,BR-01,EMP-002,171583.0,30884.94,202467.94,Invoiced
SO-000004,2024-01-01,CUST-028,Sri Venkateshwara Hardware & Electricals,Retailer / Trader,BR-02,EMP-006,123670.0,22260.6,145930.6,Invoiced
SO-000005,2024-01-01,CUST-003,Saravana Electric Works (Govindaraj),Electrician,BR-01,EMP-002,7875.0,1417.5,9292.5,Invoiced
SO-000006,2024-01-01,CUST-028,Sri Venkateshwara Hardware & Electricals,Retailer / Trader,BR-02,EMP-006,86400.0,15552.0,101952.0,Invoiced
SO-000007,2024-01-01,CUST-005,Murugan Auto Garage & Works,Small Commercial,BR-01,EMP-002,700.0,126.0,826.0,Invoiced
SO-000008,2024-01-02,CUST-027,InnoTech Coworking Hub,Small Commercial,BR-02,EMP-006,1090.0,196.2,1286.2,Invoiced
SO-000009,2024-01-03,CUST-011,Victory Housing Projects Phase 2,Builder / Commercial,BR-01,EMP-002,77850.0,14013.0,91863.0,Invoiced
SO-000010,2024-01-03,CUST-017,Apex Manufacturing Solutions,Small Commercial,BR-01,EMP-003,1050.0,189.0,1239.0,Invoiced
SO-000011,2024-01-03,CUST-014,Siva Shankaran (Individual Home),Residential / B2C,BR-01,EMP-003,2615.0,470.7,3085.7,Invoiced
SO-000012,2024-01-03,CUST-029,Raghavendra Infrastructure Developers,Builder / Commercial,BR-02,EMP-006,84022.0,15123.96,99145.96,Invoiced
SO-000013,2024-01-03,CUST-028,Sri Venkateshwara Hardware & Electricals,Retailer / Trader,BR-02,EMP-006,162145.0,29186.1,191331.1,Invoiced
SO-000014,2024-01-03,CUST-003,Saravana Electric Works (Govindaraj),Electrician,BR-01,EMP-003,5250.0,945.0,6195.0,Invoiced
SO-000015,2024-01-03,CUST-002,Kalaivani Hardware & Paints,Retailer / Trader,BR-01,EMP-002,136075.0,24493.5,160568.5,Invoiced
SO-000016,2024-01-04,CUST-018,Lakshmi Vilas Sweets & Bakery,Small Commercial,BR-01,EMP-003,1050.0,189.0,1239.0,Invoiced
SO-000017,2024-01-04,CUST-008,Anbu Electricals (Anbazhagan),Electrician,BR-01,EMP-003,5300.0,954.0,6254.0,Invoiced
SO-000018,2024-01-04,CUST-001,Balaji Electrical Contractors,Contractor,BR-01,EMP-003,137460.0,24742.8,162202.8,Invoiced
SO-000019,2024-01-05,CUST-026,Manjunatha Electrical Works,Electrician,BR-02,EMP-007,9124.0,1642.32,10766.32,Invoiced
SO-000020,2024-01-05,CUST-041,Kongu Builders & Real Estate,Builder / Commercial,BR-03,EMP-009,58523.0,10534.14,69057.14,Invoiced
SO-000021,2024-01-05,CUST-007,TechPark Facility Maintenance Team,Institution,BR-01,EMP-003,2760.0,496.8,3256.8,Invoiced
SO-000022,2024-01-06,CUST-029,Raghavendra Infrastructure Developers,Builder / Commercial,BR-02,EMP-007,49635.0,8934.3,58569.3,Invoiced
SO-000023,2024-01-06,CUST-005,Murugan Auto Garage & Works,Small Commercial,BR-01,EMP-003,1180.0,212.4,1392.4,Invoiced
SO-000024,2024-01-06,CUST-027,InnoTech Coworking Hub,Small Commercial,BR-02,EMP-007,435.0,78.3,513.3,Invoiced
SO-000025,2024-01-06,CUST-032,Cauvery Engineering Contractors,Contractor,BR-02,EMP-006,7370.0,1326.6,8696.6,Invoiced
SO-000026,2024-01-06,CUST-025,Brigade Vista Apartment Owners Assn,Residential / B2C,BR-02,EMP-007,865.0,155.7,1020.7,Invoiced
SO-000027,2024-01-06,CUST-023,Kalam Brothers Electrical Store,Retailer / Trader,BR-01,EMP-002,22050.0,3969.0,26019.0,Invoiced
SO-000028,2024-01-08,CUST-022,Global Smart Solutions (P) Ltd,Contractor,BR-01,EMP-003,64330.0,11579.4,75909.4,Invoiced
SO-000029,2024-01-08,CUST-016,Royal Comfort Residency Hotel,Small Commercial,BR-01,EMP-002,2150.0,387.0,2537.0,Invoiced
SO-000030,2024-01-08,CUST-017,Apex Manufacturing Solutions,Small Commercial,BR-01,EMP-002,4465.0,803.7,5268.7,Invoiced
SO-000031,2024-01-08,CUST-002,Kalaivani Hardware & Paints,Retailer / Trader,BR-01,EMP-003,11238.0,2022.84,13260.84,Invoiced
SO-000032,2024-01-08,CUST-017,Apex Manufacturing Solutions,Small Commercial,BR-01,EMP-002,480.0,86.4,566.4,Invoiced
SO-000033,2024-01-08,CUST-018,Lakshmi Vilas Sweets & Bakery,Small Commercial,BR-01,EMP-003,3725.0,670.5,4395.5,Invoiced
SO-000034,2024-01-08,CUST-001,Balaji Electrical Contractors,Contractor,BR-01,EMP-003,137212.0,24698.16,161910.16,Invoiced
SO-000035,2024-01-09,CUST-027,InnoTech Coworking Hub,Small Commercial,BR-02,EMP-007,1790.0,322.2,2112.2,Invoiced
SO-000036,2024-01-09,CUST-006,Dr. Priya Sundaram (Home Clinic),Residential / B2C,BR-01,EMP-002,1100.0,198.0,1298.0,Invoiced
SO-000037,2024-01-09,CUST-027,InnoTech Coworking Hub,Small Commercial,BR-02,EMP-007,3690.0,664.2,4354.2,Invoiced
SO-000038,2024-01-09,CUST-015,Srinivasan & Sons Contractor,Contractor,BR-01,EMP-003,16930.0,3047.4,19977.4,Invoiced
SO-000039,2024-01-09,CUST-021,Mohammed Riyaz (Home Renovation),Residential / B2C,BR-01,EMP-002,2520.0,453.6,2973.6,Invoiced
SO-000040,2024-01-10,CUST-026,Manjunatha Electrical Works,Electrician,BR-02,EMP-007,1960.0,352.8,2312.8,Invoiced
SO-000041,2024-01-10,CUST-024,Vivek Enterprises (Old Partner),Retailer / Trader,BR-01,EMP-002,228600.0,41148.0,269748.0,Invoiced
SO-000042,2024-01-10,CUST-008,Anbu Electricals (Anbazhagan),Electrician,BR-01,EMP-003,13355.0,2403.9,15758.9,Invoiced
SO-000043,2024-01-11,CUST-038,Marutham Electrical & Power Agency,Retailer / Trader,BR-03,EMP-009,362880.0,65318.4,428198.4,Invoiced
SO-000044,2024-01-11,CUST-025,Brigade Vista Apartment Owners Assn,Residential / B2C,BR-02,EMP-007,690.0,124.2,814.2,Invoiced
SO-000045,2024-01-11,CUST-042,Velan Pump & Motor Spares Store,Retailer / Trader,BR-03,EMP-012,92135.0,16584.3,108719.3,Invoiced
SO-000046,2024-01-12,CUST-006,Dr. Priya Sundaram (Home Clinic),Residential / B2C,BR-01,EMP-003,405.0,72.9,477.9,Invoiced
SO-000047,2024-01-12,CUST-003,Saravana Electric Works (Govindaraj),Electrician,BR-01,EMP-003,3097.0,557.46,3654.46,Invoiced
SO-000048,2024-01-12,CUST-010,Vels Vidyashram School Campus,Institution,BR-01,EMP-003,30.0,5.4,35.4,Invoiced
SO-000049,2024-01-12,CUST-020,Selvam Electrician Services,Electrician,BR-01,EMP-003,9640.0,1735.2,11375.2,Invoiced
SO-000050,2024-01-12,CUST-004,Sri Ramakrishna Builders & Infra,Builder / Commercial,BR-01,EMP-002,118663.0,21359.34,140022.34,Invoiced
SO-000051,2024-01-12,CUST-009,Devi Agency & Lighting Store,Retailer / Trader,BR-01,EMP-002,377295.0,67913.1,445208.1,Invoiced
SO-000052,2024-01-13,CUST-030,Dr. Arvind Rao Dental Clinic,Small Commercial,BR-02,EMP-006,4660.0,838.8,5498.8,Invoiced
SO-000053,2024-01-13,CUST-031,Nandini Milk Parlour & Mart,Small Commercial,BR-02,EMP-006,2100.0,378.0,2478.0,Invoiced
SO-000054,2024-01-13,CUST-041,Kongu Builders & Real Estate,Builder / Commercial,BR-03,EMP-009,11488.0,2067.84,13555.84,Invoiced
SO-000055,2024-01-15,CUST-039,Rangasamy Electrician Workshop,Electrician,BR-03,EMP-009,1620.0,291.6,1911.6,Invoiced
SO-000056,2024-01-15,CUST-010,Vels Vidyashram School Campus,Institution,BR-01,EMP-003,2355.0,423.9,2778.9,Invoiced
SO-000057,2024-01-15,CUST-004,Sri Ramakrishna Builders & Infra,Builder / Commercial,BR-01,EMP-002,41570.0,7482.6,49052.6,Invoiced
SO-000058,2024-01-15,CUST-026,Manjunatha Electrical Works,Electrician,BR-02,EMP-006,10870.0,1956.6,12826.6,Invoiced
SO-000059,2024-01-15,CUST-039,Rangasamy Electrician Workshop,Electrician,BR-03,EMP-010,11940.0,2149.2,14089.2,Invoiced
SO-000060,2024-01-15,CUST-017,Apex Manufacturing Solutions,Small Commercial,BR-01,EMP-002,690.0,124.2,814.2,Invoiced
SO-000061,2024-01-16,CUST-028,Sri Venkateshwara Hardware & Electricals,Retailer / Trader,BR-02,EMP-007,120910.0,21763.8,142673.8,Invoiced
SO-000062,2024-01-16,CUST-028,Sri Venkateshwara Hardware & Electricals,Retailer / Trader,BR-02,EMP-007,198275.0,35689.5,233964.5,Invoiced
SO-000063,2024-01-16,CUST-030,Dr. Arvind Rao Dental Clinic,Small Commercial,BR-02,EMP-007,4980.0,896.4,5876.4,Invoiced
SO-000064,2024-01-16,CUST-037,Kovai Textile Mills Facility Team,Small Commercial,BR-03,EMP-012,560.0,100.8,660.8,Invoiced
SO-000065,2024-01-17,CUST-019,Poompuhar Handicrafts Store,Small Commercial,BR-01,EMP-003,390.0,70.2,460.2,Invoiced
SO-000066,2024-01-17,CUST-003,Saravana Electric Works (Govindaraj),Electrician,BR-01,EMP-003,6931.0,1247.58,8178.58,Invoiced
SO-000067,2024-01-17,CUST-007,TechPark Facility Maintenance Team,Institution,BR-01,EMP-003,130.0,23.4,153.4,Invoiced
SO-000068,2024-01-17,CUST-013,Metro Supermarket Tambaram,Small Commercial,BR-01,EMP-002,2800.0,504.0,3304.0,Invoiced
SO-000069,2024-01-18,CUST-042,Velan Pump & Motor Spares Store,Retailer / Trader,BR-03,EMP-010,119053.0,21429.54,140482.54,Invoiced
SO-000070,2024-01-18,CUST-033,Suresh Babu (Villa Construction),Residential / B2C,BR-02,EMP-006,235.0,42.3,277.3,Invoiced
SO-000071,2024-01-18,CUST-031,Nandini Milk Parlour & Mart,Small Commercial,BR-02,EMP-006,2760.0,496.8,3256.8,Invoiced
SO-000072,2024-01-18,CUST-012,Karthik Residential Apartment Owner,Residential / B2C,BR-01,EMP-003,2200.0,396.0,2596.0,Invoiced
SO-000073,2024-01-18,CUST-040,Sri Krishna Engineering College Hostel,Institution,BR-03,EMP-010,2350.0,423.0,2773.0,Invoiced
SO-000074,2024-01-19,CUST-010,Vels Vidyashram School Campus,Institution,BR-01,EMP-003,625.0,112.5,737.5,Invoiced
SO-000075,2024-01-19,CUST-024,Vivek Enterprises (Old Partner),Retailer / Trader,BR-01,EMP-002,110167.0,19830.06,129997.06,Invoiced
SO-000076,2024-01-19,CUST-040,Sri Krishna Engineering College Hostel,Institution,BR-03,EMP-010,15.0,2.7,17.7,Invoiced
SO-000077,2024-01-19,CUST-013,Metro Supermarket Tambaram,Small Commercial,BR-01,EMP-003,180.0,32.4,212.4,Invoiced
SO-000078,2024-01-19,CUST-007,TechPark Facility Maintenance Team,Institution,BR-01,EMP-003,855.0,153.9,1008.9,Invoiced
SO-000079,2024-01-20,CUST-042,Velan Pump & Motor Spares Store,Retailer / Trader,BR-03,EMP-009,168815.0,30386.7,199201.7,Invoiced
SO-000080,2024-01-20,CUST-008,Anbu Electricals (Anbazhagan),Electrician,BR-01,EMP-003,13090.0,2356.2,15446.2,Invoiced
SO-000081,2024-01-22,CUST-023,Kalam Brothers Electrical Store,Retailer / Trader,BR-01,EMP-003,207950.0,37431.0,245381.0,Invoiced
SO-000082,2024-01-22,CUST-013,Metro Supermarket Tambaram,Small Commercial,BR-01,EMP-003,1050.0,189.0,1239.0,Invoiced
SO-000083,2024-01-22,CUST-004,Sri Ramakrishna Builders & Infra,Builder / Commercial,BR-01,EMP-003,41140.0,7405.2,48545.2,Invoiced
SO-000084,2024-01-23,CUST-019,Poompuhar Handicrafts Store,Small Commercial,BR-01,EMP-003,145.0,26.1,171.1,Invoiced
SO-000085,2024-01-23,CUST-004,Sri Ramakrishna Builders & Infra,Builder / Commercial,BR-01,EMP-002,10035.0,1806.3,11841.3,Invoiced
SO-000086,2024-01-23,CUST-029,Raghavendra Infrastructure Developers,Builder / Commercial,BR-02,EMP-007,79540.0,14317.2,93857.2,Invoiced
SO-000087,2024-01-23,CUST-040,Sri Krishna Engineering College Hostel,Institution,BR-03,EMP-009,1090.0,196.2,1286.2,Invoiced
SO-000088,2024-01-23,CUST-020,Selvam Electrician Services,Electrician,BR-01,EMP-002,10300.0,1854.0,12154.0,Invoiced
SO-000089,2024-01-23,CUST-009,Devi Agency & Lighting Store,Retailer / Trader,BR-01,EMP-003,62957.0,11332.26,74289.26,Invoiced
SO-000090,2024-01-24,CUST-011,Victory Housing Projects Phase 2,Builder / Commercial,BR-01,EMP-002,11473.0,2065.14,13538.14,Invoiced
SO-000091,2024-01-24,CUST-037,Kovai Textile Mills Facility Team,Small Commercial,BR-03,EMP-009,75.0,13.5,88.5,Invoiced
SO-000092,2024-01-24,CUST-019,Poompuhar Handicrafts Store,Small Commercial,BR-01,EMP-003,7380.0,1328.4,8708.4,Invoiced
SO-000093,2024-01-24,CUST-010,Vels Vidyashram School Campus,Institution,BR-01,EMP-003,3400.0,612.0,4012.0,Invoiced
SO-000094,2024-01-25,CUST-021,Mohammed Riyaz (Home Renovation),Residential / B2C,BR-01,EMP-003,2620.0,471.6,3091.6,Invoiced
SO-000095,2024-01-25,CUST-020,Selvam Electrician Services,Electrician,BR-01,EMP-002,4850.0,873.0,5723.0,Invoiced
SO-000096,2024-01-25,CUST-028,Sri Venkateshwara Hardware & Electricals,Retailer / Trader,BR-02,EMP-007,193720.0,34869.6,228589.6,Invoiced
SO-000097,2024-01-25,CUST-026,Manjunatha Electrical Works,Electrician,BR-02,EMP-007,3910.0,703.8,4613.8,Invoiced
SO-000098,2024-01-26,CUST-021,Mohammed Riyaz (Home Renovation),Residential / B2C,BR-01,EMP-003,720.0,129.6,849.6,Invoiced
SO-000099,2024-01-26,CUST-033,Suresh Babu (Villa Construction),Residential / B2C,BR-02,EMP-006,4790.0,862.2,5652.2,Invoiced
SO-000100,2024-01-26,CUST-038,Marutham Electrical & Power Agency,Retailer / Trader,BR-03,EMP-010,43864.0,7895.52,51759.52,Invoiced
SO-000101,2024-01-26,CUST-027,InnoTech Coworking Hub,Small Commercial,BR-02,EMP-006,130.0,23.4,153.4,Invoiced
SO-000102,2024-01-26,CUST-031,Nandini Milk Parlour & Mart,Small Commercial,BR-02,EMP-007,2635.0,474.3,3109.3,Invoiced
SO-000103,2024-01-27,CUST-031,Nandini Milk Parlour & Mart,Small Commercial,BR-02,EMP-007,1100.0,198.0,1298.0,Invoiced
SO-000104,2024-01-27,CUST-020,Selvam Electrician Services,Electrician,BR-01,EMP-003,9693.0,1744.74,11437.74,Invoiced
SO-000105,2024-01-27,CUST-006,Dr. Priya Sundaram (Home Clinic),Residential / B2C,BR-01,EMP-002,2180.0,392.4,2572.4,Invoiced
SO-000106,2024-01-27,CUST-018,Lakshmi Vilas Sweets & Bakery,Small Commercial,BR-01,EMP-002,5420.0,975.6,6395.6,Invoiced
SO-000107,2024-01-29,CUST-015,Srinivasan & Sons Contractor,Contractor,BR-01,EMP-002,87060.0,15670.8,102730.8,Invoiced
SO-000108,2024-01-29,CUST-030,Dr. Arvind Rao Dental Clinic,Small Commercial,BR-02,EMP-006,4655.0,837.9,5492.9,Invoiced
SO-000109,2024-01-29,CUST-041,Kongu Builders & Real Estate,Builder / Commercial,BR-03,EMP-009,29700.0,5346.0,35046.0,Invoiced
SO-000110,2024-01-29,CUST-024,Vivek Enterprises (Old Partner),Retailer / Trader,BR-01,EMP-003,167980.0,30236.4,198216.4,Invoiced
SO-000111,2024-01-29,CUST-039,Rangasamy Electrician Workshop,Electrician,BR-03,EMP-012,6120.0,1101.6,7221.6,Invoiced
SO-000112,2024-01-30,CUST-010,Vels Vidyashram School Campus,Institution,BR-01,EMP-003,2100.0,378.0,2478.0,Invoiced
SO-000113,2024-01-30,CUST-004,Sri Ramakrishna Builders & Infra,Builder / Commercial,BR-01,EMP-003,31104.0,5598.72,36702.72,Invoiced
SO-000114,2024-01-30,CUST-042,Velan Pump & Motor Spares Store,Retailer / Trader,BR-03,EMP-010,401495.0,72269.1,473764.1,Invoiced
SO-000115,2024-01-30,CUST-020,Selvam Electrician Services,Electrician,BR-01,EMP-003,13810.0,2485.8,16295.8,Invoiced
SO-000116,2024-01-30,CUST-007,TechPark Facility Maintenance Team,Institution,BR-01,EMP-002,3700.0,666.0,4366.0,Invoiced
SO-000117,2024-01-31,CUST-032,Cauvery Engineering Contractors,Contractor,BR-02,EMP-007,9445.0,1700.1,11145.1,Invoiced
SO-000118,2024-01-31,CUST-004,Sri Ramakrishna Builders & Infra,Builder / Commercial,BR-01,EMP-002,140430.0,25277.4,165707.4,Invoiced
SO-000119,2024-01-31,CUST-014,Siva Shankaran (Individual Home),Residential / B2C,BR-01,EMP-002,3525.0,634.5,4159.5,Invoiced
SO-000120,2024-01-31,CUST-031,Nandini Milk Parlour & Mart,Small Commercial,BR-02,EMP-006,850.0,153.0,1003.0,Invoiced
SO-000121,2024-01-31,CUST-019,Poompuhar Handicrafts Store,Small Commercial,BR-01,EMP-003,2365.0,425.7,2790.7,Invoiced
SO-000122,2024-02-01,CUST-002,Kalaivani Hardware & Paints,Retailer / Trader,BR-01,EMP-003,199730.0,35951.4,235681.4,Invoiced
SO-000123,2024-02-01,CUST-023,Kalam Brothers Electrical Store,Retailer / Trader,BR-01,EMP-002,227600.0,40968.0,268568.0,Invoiced
SO-000124,2024-02-01,CUST-004,Sri Ramakrishna Builders & Infra,Builder / Commercial,BR-01,EMP-003,192865.0,34715.7,227580.7,Invoiced
SO-000125,2024-02-02,CUST-006,Dr. Priya Sundaram (Home Clinic),Residential / B2C,BR-01,EMP-002,735.0,132.3,867.3,Invoiced
SO-000126,2024-02-02,CUST-006,Dr. Priya Sundaram (Home Clinic),Residential / B2C,BR-01,EMP-003,1985.0,357.3,2342.3,Invoiced
SO-000127,2024-02-02,CUST-001,Balaji Electrical Contractors,Contractor,BR-01,EMP-002,89290.0,16072.2,105362.2,Invoiced
SO-000128,2024-02-02,CUST-037,Kovai Textile Mills Facility Team,Small Commercial,BR-03,EMP-012,405.0,72.9,477.9,Invoiced
SO-000129,2024-02-02,CUST-009,Devi Agency & Lighting Store,Retailer / Trader,BR-01,EMP-003,103840.0,18691.2,122531.2,Invoiced
SO-000130,2024-02-03,CUST-038,Marutham Electrical & Power Agency,Retailer / Trader,BR-03,EMP-010,33230.0,5981.4,39211.4,Invoiced
SO-000131,2024-02-03,CUST-007,TechPark Facility Maintenance Team,Institution,BR-01,EMP-003,175.0,31.5,206.5,Invoiced
SO-000132,2024-02-03,CUST-006,Dr. Priya Sundaram (Home Clinic),Residential / B2C,BR-01,EMP-003,2430.0,437.4,2867.4,Invoiced
SO-000133,2024-02-05,CUST-029,Raghavendra Infrastructure Developers,Builder / Commercial,BR-02,EMP-007,136240.0,24523.2,160763.2,Invoiced
SO-000134,2024-02-05,CUST-037,Kovai Textile Mills Facility Team,Small Commercial,BR-03,EMP-012,560.0,100.8,660.8,Invoiced
SO-000135,2024-02-05,CUST-009,Devi Agency & Lighting Store,Retailer / Trader,BR-01,EMP-003,107945.0,19430.1,127375.1,Invoiced
SO-000136,2024-02-05,CUST-023,Kalam Brothers Electrical Store,Retailer / Trader,BR-01,EMP-002,62335.0,11220.3,73555.3,Invoiced
SO-000137,2024-02-05,CUST-019,Poompuhar Handicrafts Store,Small Commercial,BR-01,EMP-003,590.0,106.2,696.2,Invoiced
SO-000138,2024-02-06,CUST-020,Selvam Electrician Services,Electrician,BR-01,EMP-003,840.0,151.2,991.2,Invoiced
SO-000139,2024-02-06,CUST-030,Dr. Arvind Rao Dental Clinic,Small Commercial,BR-02,EMP-006,720.0,129.6,849.6,Invoiced
SO-000140,2024-02-07,CUST-041,Kongu Builders & Real Estate,Builder / Commercial,BR-03,EMP-012,234530.0,42215.4,276745.4,Invoiced
SO-000141,2024-02-07,CUST-027,InnoTech Coworking Hub,Small Commercial,BR-02,EMP-006,2510.0,451.8,2961.8,Invoiced
SO-000142,2024-02-07,CUST-023,Kalam Brothers Electrical Store,Retailer / Trader,BR-01,EMP-003,172425.0,31036.5,203461.5,Invoiced
SO-000143,2024-02-07,CUST-002,Kalaivani Hardware & Paints,Retailer / Trader,BR-01,EMP-003,10460.0,1882.8,12342.8,Invoiced
SO-000144,2024-02-07,CUST-029,Raghavendra Infrastructure Developers,Builder / Commercial,BR-02,EMP-006,32464.0,5843.52,38307.52,Invoiced
SO-000145,2024-02-08,CUST-019,Poompuhar Handicrafts Store,Small Commercial,BR-01,EMP-002,2390.0,430.2,2820.2,Invoiced
SO-000146,2024-02-08,CUST-026,Manjunatha Electrical Works,Electrician,BR-02,EMP-007,9600.0,1728.0,11328.0,Invoiced
SO-000147,2024-02-08,CUST-001,Balaji Electrical Contractors,Contractor,BR-01,EMP-003,10045.0,1808.1,11853.1,Invoiced
SO-000148,2024-02-08,CUST-022,Global Smart Solutions (P) Ltd,Contractor,BR-01,EMP-002,4910.0,883.8,5793.8,Invoiced
SO-000149,2024-02-08,CUST-024,Vivek Enterprises (Old Partner),Retailer / Trader,BR-01,EMP-002,317760.0,57196.8,374956.8,Invoiced
SO-000150,2024-02-08,CUST-028,Sri Venkateshwara Hardware & Electricals,Retailer / Trader,BR-02,EMP-007,50034.0,9006.12,59040.12,Invoiced
SO-000151,2024-02-08,CUST-001,Balaji Electrical Contractors,Contractor,BR-01,EMP-002,41050.0,7389.0,48439.0,Invoiced
SO-000152,2024-02-09,CUST-002,Kalaivani Hardware & Paints,Retailer / Trader,BR-01,EMP-002,28043.0,5047.74,33090.74,Invoiced
SO-000153,2024-02-09,CUST-009,Devi Agency & Lighting Store,Retailer / Trader,BR-01,EMP-002,134345.0,24182.1,158527.1,Invoiced
SO-000154,2024-02-09,CUST-040,Sri Krishna Engineering College Hostel,Institution,BR-03,EMP-010,2150.0,387.0,2537.0,Invoiced
SO-000155,2024-02-09,CUST-006,Dr. Priya Sundaram (Home Clinic),Residential / B2C,BR-01,EMP-002,510.0,91.8,601.8,Invoiced
SO-000156,2024-02-10,CUST-009,Devi Agency & Lighting Store,Retailer / Trader,BR-01,EMP-003,295115.0,53120.7,348235.7,Invoiced
SO-000157,2024-02-10,CUST-028,Sri Venkateshwara Hardware & Electricals,Retailer / Trader,BR-02,EMP-006,179420.0,32295.6,211715.6,Invoiced
SO-000158,2024-02-10,CUST-001,Balaji Electrical Contractors,Contractor,BR-01,EMP-003,21610.0,3889.8,25499.8,Invoiced
SO-000159,2024-02-10,CUST-004,Sri Ramakrishna Builders & Infra,Builder / Commercial,BR-01,EMP-003,69520.0,12513.6,82033.6,Invoiced
SO-000160,2024-02-10,CUST-024,Vivek Enterprises (Old Partner),Retailer / Trader,BR-01,EMP-002,197892.0,35620.56,233512.56,Invoiced
SO-000161,2024-02-10,CUST-016,Royal Comfort Residency Hotel,Small Commercial,BR-01,EMP-003,460.0,82.8,542.8,Invoiced
SO-000162,2024-02-10,CUST-006,Dr. Priya Sundaram (Home Clinic),Residential / B2C,BR-01,EMP-002,2790.0,502.2,3292.2,Invoiced
SO-000163,2024-02-10,CUST-009,Devi Agency & Lighting Store,Retailer / Trader,BR-01,EMP-002,43090.0,7756.2,50846.2,Invoiced
SO-000164,2024-02-12,CUST-010,Vels Vidyashram School Campus,Institution,BR-01,EMP-003,1100.0,198.0,1298.0,Invoiced
SO-000165,2024-02-12,CUST-030,Dr. Arvind Rao Dental Clinic,Small Commercial,BR-02,EMP-006,450.0,81.0,531.0,Invoiced
SO-000166,2024-02-12,CUST-015,Srinivasan & Sons Contractor,Contractor,BR-01,EMP-003,43420.0,7815.6,51235.6,Invoiced
SO-000167,2024-02-12,CUST-037,Kovai Textile Mills Facility Team,Small Commercial,BR-03,EMP-012,600.0,108.0,708.0,Invoiced
SO-000168,2024-02-12,CUST-010,Vels Vidyashram School Campus,Institution,BR-01,EMP-003,2200.0,396.0,2596.0,Invoiced
SO-000169,2024-02-13,CUST-025,Brigade Vista Apartment Owners Assn,Residential / B2C,BR-02,EMP-007,6890.0,1240.2,8130.2,Invoiced
SO-000170,2024-02-13,CUST-031,Nandini Milk Parlour & Mart,Small Commercial,BR-02,EMP-006,3800.0,684.0,4484.0,Invoiced
SO-000171,2024-02-14,CUST-016,Royal Comfort Residency Hotel,Small Commercial,BR-01,EMP-003,4480.0,806.4,5286.4,Invoiced
SO-000172,2024-02-14,CUST-006,Dr. Priya Sundaram (Home Clinic),Residential / B2C,BR-01,EMP-002,2200.0,396.0,2596.0,Invoiced
SO-000173,2024-02-14,CUST-031,Nandini Milk Parlour & Mart,Small Commercial,BR-02,EMP-006,2100.0,378.0,2478.0,Invoiced
SO-000174,2024-02-14,CUST-022,Global Smart Solutions (P) Ltd,Contractor,BR-01,EMP-002,36862.0,6635.16,43497.16,Invoiced
SO-000175,2024-02-15,CUST-012,Karthik Residential Apartment Owner,Residential / B2C,BR-01,EMP-003,6850.0,1233.0,8083.0,Invoiced
SO-000176,2024-02-15,CUST-019,Poompuhar Handicrafts Store,Small Commercial,BR-01,EMP-002,560.0,100.8,660.8,Invoiced
SO-000177,2024-02-15,CUST-040,Sri Krishna Engineering College Hostel,Institution,BR-03,EMP-009,240.0,43.2,283.2,Invoiced
SO-000178,2024-02-15,CUST-017,Apex Manufacturing Solutions,Small Commercial,BR-01,EMP-002,2200.0,396.0,2596.0,Invoiced
SO-000179,2024-02-15,CUST-011,Victory Housing Projects Phase 2,Builder / Commercial,BR-01,EMP-002,86720.0,15609.6,102329.6,Invoiced
SO-000180,2024-02-16,CUST-022,Global Smart Solutions (P) Ltd,Contractor,BR-01,EMP-002,203355.0,36603.9,239958.9,Invoiced
SO-000181,2024-02-16,CUST-024,Vivek Enterprises (Old Partner),Retailer / Trader,BR-01,EMP-002,19830.0,3569.4,23399.4,Invoiced
SO-000182,2024-02-17,CUST-012,Karthik Residential Apartment Owner,Residential / B2C,BR-01,EMP-002,2710.0,487.8,3197.8,Invoiced
SO-000183,2024-02-17,CUST-030,Dr. Arvind Rao Dental Clinic,Small Commercial,BR-02,EMP-006,4350.0,783.0,5133.0,Invoiced
SO-000184,2024-02-17,CUST-007,TechPark Facility Maintenance Team,Institution,BR-01,EMP-003,4700.0,846.0,5546.0,Invoiced
SO-000185,2024-02-17,CUST-026,Manjunatha Electrical Works,Electrician,BR-02,EMP-006,5680.0,1022.4,6702.4,Invoiced
SO-000186,2024-02-17,CUST-028,Sri Venkateshwara Hardware & Electricals,Retailer / Trader,BR-02,EMP-006,114620.0,20631.6,135251.6,Invoiced
SO-000187,2024-02-19,CUST-012,Karthik Residential Apartment Owner,Residential / B2C,BR-01,EMP-003,1620.0,291.6,1911.6,Invoiced
SO-000188,2024-02-19,CUST-022,Global Smart Solutions (P) Ltd,Contractor,BR-01,EMP-003,24000.0,4320.0,28320.0,Invoiced
SO-000189,2024-02-19,CUST-027,InnoTech Coworking Hub,Small Commercial,BR-02,EMP-007,3225.0,580.5,3805.5,Invoiced
SO-000190,2024-02-20,CUST-037,Kovai Textile Mills Facility Team,Small Commercial,BR-03,EMP-009,280.0,50.4,330.4,Invoiced
SO-000191,2024-02-20,CUST-030,Dr. Arvind Rao Dental Clinic,Small Commercial,BR-02,EMP-007,1650.0,297.0,1947.0,Invoiced
SO-000192,2024-02-20,CUST-012,Karthik Residential Apartment Owner,Residential / B2C,BR-01,EMP-002,2515.0,452.7,2967.7,Invoiced
SO-000193,2024-02-20,CUST-025,Brigade Vista Apartment Owners Assn,Residential / B2C,BR-02,EMP-006,560.0,100.8,660.8,Invoiced
SO-000194,2024-02-20,CUST-009,Devi Agency & Lighting Store,Retailer / Trader,BR-01,EMP-003,64452.0,11601.36,76053.36,Invoiced
SO-000195,2024-02-20,CUST-043,Sundaram Hospital Maintenance,Institution,BR-03,EMP-010,7065.0,1271.7,8336.7,Invoiced
SO-000196,2024-02-20,CUST-039,Rangasamy Electrician Workshop,Electrician,BR-03,EMP-010,35512.0,6392.16,41904.16,Invoiced
SO-000197,2024-02-21,CUST-022,Global Smart Solutions (P) Ltd,Contractor,BR-01,EMP-003,17820.0,3207.6,21027.6,Invoiced
SO-000198,2024-02-21,CUST-025,Brigade Vista Apartment Owners Assn,Residential / B2C,BR-02,EMP-007,3590.0,646.2,4236.2,Invoiced
SO-000199,2024-02-21,CUST-012,Karthik Residential Apartment Owner,Residential / B2C,BR-01,EMP-002,185.0,33.3,218.3,Invoiced
SO-000200,2024-02-21,CUST-011,Victory Housing Projects Phase 2,Builder / Commercial,BR-01,EMP-002,211030.0,37985.4,249015.4,Invoiced
SO-000201,2024-02-21,CUST-023,Kalam Brothers Electrical Store,Retailer / Trader,BR-01,EMP-003,134230.0,24161.4,158391.4,Invoiced
SO-000202,2024-02-21,CUST-013,Metro Supermarket Tambaram,Small Commercial,BR-01,EMP-002,360.0,64.8,424.8,Invoiced
SO-000203,2024-02-21,CUST-003,Saravana Electric Works (Govindaraj),Electrician,BR-01,EMP-002,10300.0,1854.0,12154.0,Invoiced
SO-000204,2024-02-22,CUST-040,Sri Krishna Engineering College Hostel,Institution,BR-03,EMP-012,1060.0,190.8,1250.8,Invoiced
SO-000205,2024-02-22,CUST-027,InnoTech Coworking Hub,Small Commercial,BR-02,EMP-006,670.0,120.6,790.6,Invoiced
SO-000206,2024-02-22,CUST-006,Dr. Priya Sundaram (Home Clinic),Residential / B2C,BR-01,EMP-003,670.0,120.6,790.6,Invoiced
SO-000207,2024-02-22,CUST-019,Poompuhar Handicrafts Store,Small Commercial,BR-01,EMP-002,125.0,22.5,147.5,Invoiced
SO-000208,2024-02-22,CUST-023,Kalam Brothers Electrical Store,Retailer / Trader,BR-01,EMP-003,332555.0,59859.9,392414.9,Invoiced
SO-000209,2024-02-23,CUST-029,Raghavendra Infrastructure Developers,Builder / Commercial,BR-02,EMP-007,176035.0,31686.3,207721.3,Invoiced
SO-000210,2024-02-23,CUST-037,Kovai Textile Mills Facility Team,Small Commercial,BR-03,EMP-012,8600.0,1548.0,10148.0,Invoiced
SO-000211,2024-02-23,CUST-040,Sri Krishna Engineering College Hostel,Institution,BR-03,EMP-009,150.0,27.0,177.0,Invoiced
SO-000212,2024-02-23,CUST-015,Srinivasan & Sons Contractor,Contractor,BR-01,EMP-003,42820.0,7707.6,50527.6,Invoiced
SO-000213,2024-02-23,CUST-024,Vivek Enterprises (Old Partner),Retailer / Trader,BR-01,EMP-003,159250.0,28665.0,187915.0,Invoiced
SO-000214,2024-02-23,CUST-041,Kongu Builders & Real Estate,Builder / Commercial,BR-03,EMP-009,45055.0,8109.9,53164.9,Invoiced
SO-000215,2024-02-23,CUST-003,Saravana Electric Works (Govindaraj),Electrician,BR-01,EMP-002,1980.0,356.4,2336.4,Invoiced
SO-000216,2024-02-24,CUST-033,Suresh Babu (Villa Construction),Residential / B2C,BR-02,EMP-007,1165.0,209.7,1374.7,Invoiced
SO-000217,2024-02-24,CUST-029,Raghavendra Infrastructure Developers,Builder / Commercial,BR-02,EMP-006,167610.0,30169.8,197779.8,Invoiced
SO-000218,2024-02-24,CUST-023,Kalam Brothers Electrical Store,Retailer / Trader,BR-01,EMP-002,26945.0,4850.1,31795.1,Invoiced
SO-000219,2024-02-24,CUST-029,Raghavendra Infrastructure Developers,Builder / Commercial,BR-02,EMP-007,191570.0,34482.6,226052.6,Invoiced
SO-000220,2024-02-26,CUST-042,Velan Pump & Motor Spares Store,Retailer / Trader,BR-03,EMP-012,84575.0,15223.5,99798.5,Invoiced
SO-000221,2024-02-26,CUST-017,Apex Manufacturing Solutions,Small Commercial,BR-01,EMP-002,1050.0,189.0,1239.0,Invoiced
SO-000222,2024-02-26,CUST-021,Mohammed Riyaz (Home Renovation),Residential / B2C,BR-01,EMP-003,3810.0,685.8,4495.8,Invoiced
SO-000223,2024-02-26,CUST-026,Manjunatha Electrical Works,Electrician,BR-02,EMP-007,11575.0,2083.5,13658.5,Invoiced
SO-000224,2024-02-26,CUST-029,Raghavendra Infrastructure Developers,Builder / Commercial,BR-02,EMP-007,130510.0,23491.8,154001.8,Invoiced
SO-000225,2024-02-27,CUST-001,Balaji Electrical Contractors,Contractor,BR-01,EMP-002,12340.0,2221.2,14561.2,Invoiced
SO-000226,2024-02-27,CUST-004,Sri Ramakrishna Builders & Infra,Builder / Commercial,BR-01,EMP-003,93520.0,16833.6,110353.6,Invoiced
SO-000227,2024-02-27,CUST-038,Marutham Electrical & Power Agency,Retailer / Trader,BR-03,EMP-012,201640.0,36295.2,237935.2,Invoiced
SO-000228,2024-02-27,CUST-015,Srinivasan & Sons Contractor,Contractor,BR-01,EMP-003,85720.0,15429.6,101149.6,Invoiced
SO-000229,2024-02-27,CUST-006,Dr. Priya Sundaram (Home Clinic),Residential / B2C,BR-01,EMP-002,3200.0,576.0,3776.0,Invoiced
SO-000230,2024-02-27,CUST-015,Srinivasan & Sons Contractor,Contractor,BR-01,EMP-002,98300.0,17694.0,115994.0,Invoiced
SO-000231,2024-02-28,CUST-022,Global Smart Solutions (P) Ltd,Contractor,BR-01,EMP-002,87840.0,15811.2,103651.2,Invoiced
SO-000232,2024-02-28,CUST-007,TechPark Facility Maintenance Team,Institution,BR-01,EMP-002,175.0,31.5,206.5,Invoiced
SO-000233,2024-02-28,CUST-038,Marutham Electrical & Power Agency,Retailer / Trader,BR-03,EMP-009,33990.0,6118.2,40108.2,Invoiced
SO-000234,2024-02-28,CUST-043,Sundaram Hospital Maintenance,Institution,BR-03,EMP-009,560.0,100.8,660.8,Invoiced
SO-000235,2024-02-28,CUST-017,Apex Manufacturing Solutions,Small Commercial,BR-01,EMP-003,2310.0,415.8,2725.8,Invoiced
SO-000236,2024-02-28,CUST-034,Silicon Valley PG Hostel Chain,Institution,BR-02,EMP-007,8080.0,1454.4,9534.4,Invoiced
SO-000237,2024-02-29,CUST-033,Suresh Babu (Villa Construction),Residential / B2C,BR-02,EMP-006,15.0,2.7,17.7,Invoiced
SO-000238,2024-02-29,CUST-042,Velan Pump & Motor Spares Store,Retailer / Trader,BR-03,EMP-009,308696.0,55565.28,364261.28,Invoiced
SO-000239,2024-02-29,CUST-009,Devi Agency & Lighting Store,Retailer / Trader,BR-01,EMP-002,165150.0,29727.0,194877.0,Invoiced
SO-000240,2024-03-01,CUST-012,Karthik Residential Apartment Owner,Residential / B2C,BR-01,EMP-003,9270.0,1668.6,10938.6,Invoiced
SO-000241,2024-03-01,CUST-005,Murugan Auto Garage & Works,Small Commercial,BR-01,EMP-002,720.0,129.6,849.6,Invoiced
SO-000242,2024-03-01,CUST-013,Metro Supermarket Tambaram,Small Commercial,BR-01,EMP-002,600.0,108.0,708.0,Invoiced
SO-000243,2024-03-01,CUST-039,Rangasamy Electrician Workshop,Electrician,BR-03,EMP-012,24030.0,4325.4,28355.4,Invoiced
SO-000244,2024-03-01,CUST-025,Brigade Vista Apartment Owners Assn,Residential / B2C,BR-02,EMP-007,370.0,66.6,436.6,Invoiced
SO-000245,2024-03-01,CUST-001,Balaji Electrical Contractors,Contractor,BR-01,EMP-003,17836.0,3210.48,21046.48,Invoiced
SO-000246,2024-03-01,CUST-024,Vivek Enterprises (Old Partner),Retailer / Trader,BR-01,EMP-002,442095.0,79577.1,521672.1,Invoiced
SO-000247,2024-03-02,CUST-031,Nandini Milk Parlour & Mart,Small Commercial,BR-02,EMP-006,415.0,74.7,489.7,Invoiced
SO-000248,2024-03-02,CUST-025,Brigade Vista Apartment Owners Assn,Residential / B2C,BR-02,EMP-006,14295.0,2573.1,16868.1,Invoiced
SO-000249,2024-03-02,CUST-039,Rangasamy Electrician Workshop,Electrician,BR-03,EMP-012,19130.0,3443.4,22573.4,Invoiced
SO-000250,2024-03-04,CUST-008,Anbu Electricals (Anbazhagan),Electrician,BR-01,EMP-003,8985.0,1617.3,10602.3,Invoiced
SO-000251,2024-03-04,CUST-005,Murugan Auto Garage & Works,Small Commercial,BR-01,EMP-003,1430.0,257.4,1687.4,Invoiced
SO-000252,2024-03-04,CUST-001,Balaji Electrical Contractors,Contractor,BR-01,EMP-003,24146.0,4346.28,28492.28,Invoiced
SO-000253,2024-03-04,CUST-013,Metro Supermarket Tambaram,Small Commercial,BR-01,EMP-002,2350.0,423.0,2773.0,Invoiced
SO-000254,2024-03-04,CUST-024,Vivek Enterprises (Old Partner),Retailer / Trader,BR-01,EMP-002,270655.0,48717.9,319372.9,Invoiced
SO-000255,2024-03-05,CUST-014,Siva Shankaran (Individual Home),Residential / B2C,BR-01,EMP-003,4440.0,799.2,5239.2,Invoiced
SO-000256,2024-03-05,CUST-017,Apex Manufacturing Solutions,Small Commercial,BR-01,EMP-003,4300.0,774.0,5074.0,Invoiced
SO-000257,2024-03-06,CUST-027,InnoTech Coworking Hub,Small Commercial,BR-02,EMP-007,2550.0,459.0,3009.0,Invoiced
SO-000258,2024-03-06,CUST-031,Nandini Milk Parlour & Mart,Small Commercial,BR-02,EMP-007,4970.0,894.6,5864.6,Invoiced
SO-000259,2024-03-06,CUST-017,Apex Manufacturing Solutions,Small Commercial,BR-01,EMP-002,205.0,36.9,241.9,Invoiced
SO-000260,2024-03-06,CUST-025,Brigade Vista Apartment Owners Assn,Residential / B2C,BR-02,EMP-007,7665.0,1379.7,9044.7,Invoiced
SO-000261,2024-03-07,CUST-038,Marutham Electrical & Power Agency,Retailer / Trader,BR-03,EMP-009,380480.0,68486.4,448966.4,Invoiced
SO-000262,2024-03-07,CUST-034,Silicon Valley PG Hostel Chain,Institution,BR-02,EMP-006,240.0,43.2,283.2,Invoiced
SO-000263,2024-03-07,CUST-043,Sundaram Hospital Maintenance,Institution,BR-03,EMP-010,2820.0,507.6,3327.6,Invoiced
SO-000264,2024-03-07,CUST-023,Kalam Brothers Electrical Store,Retailer / Trader,BR-01,EMP-002,230612.0,41510.16,272122.16,Invoiced
SO-000265,2024-03-08,CUST-026,Manjunatha Electrical Works,Electrician,BR-02,EMP-006,6200.0,1116.0,7316.0,Invoiced
SO-000266,2024-03-08,CUST-005,Murugan Auto Garage & Works,Small Commercial,BR-01,EMP-002,450.0,81.0,531.0,Invoiced
SO-000267,2024-03-08,CUST-040,Sri Krishna Engineering College Hostel,Institution,BR-03,EMP-009,2630.0,473.4,3103.4,Invoiced
SO-000268,2024-03-08,CUST-010,Vels Vidyashram School Campus,Institution,BR-01,EMP-003,240.0,43.2,283.2,Invoiced
SO-000269,2024-03-08,CUST-026,Manjunatha Electrical Works,Electrician,BR-02,EMP-007,1405.0,252.9,1657.9,Invoiced
SO-000270,2024-03-08,CUST-003,Saravana Electric Works (Govindaraj),Electrician,BR-01,EMP-002,1295.0,233.1,1528.1,Invoiced
SO-000271,2024-03-09,CUST-041,Kongu Builders & Real Estate,Builder / Commercial,BR-03,EMP-010,86770.0,15618.6,102388.6,Invoiced
SO-000272,2024-03-09,CUST-010,Vels Vidyashram School Campus,Institution,BR-01,EMP-002,1275.0,229.5,1504.5,Invoiced
SO-000273,2024-03-09,CUST-015,Srinivasan & Sons Contractor,Contractor,BR-01,EMP-002,98635.0,17754.3,116389.3,Invoiced
SO-000274,2024-03-09,CUST-030,Dr. Arvind Rao Dental Clinic,Small Commercial,BR-02,EMP-007,735.0,132.3,867.3,Invoiced
SO-000275,2024-03-09,CUST-017,Apex Manufacturing Solutions,Small Commercial,BR-01,EMP-002,9520.0,1713.6,11233.6,Invoiced
SO-000276,2024-03-11,CUST-013,Metro Supermarket Tambaram,Small Commercial,BR-01,EMP-002,240.0,43.2,283.2,Invoiced
SO-000277,2024-03-11,CUST-005,Murugan Auto Garage & Works,Small Commercial,BR-01,EMP-003,1700.0,306.0,2006.0,Invoiced
SO-000278,2024-03-12,CUST-004,Sri Ramakrishna Builders & Infra,Builder / Commercial,BR-01,EMP-002,45210.0,8137.8,53347.8,Invoiced
SO-000279,2024-03-12,CUST-016,Royal Comfort Residency Hotel,Small Commercial,BR-01,EMP-003,9875.0,1777.5,11652.5,Invoiced
SO-000280,2024-03-12,CUST-039,Rangasamy Electrician Workshop,Electrician,BR-03,EMP-012,4554.0,819.72,5373.72,Invoiced
SO-000281,2024-03-12,CUST-026,Manjunatha Electrical Works,Electrician,BR-02,EMP-006,1380.0,248.4,1628.4,Invoiced
SO-000282,2024-03-12,CUST-018,Lakshmi Vilas Sweets & Bakery,Small Commercial,BR-01,EMP-002,725.0,130.5,855.5,Invoiced
SO-000283,2024-03-12,CUST-024,Vivek Enterprises (Old Partner),Retailer / Trader,BR-01,EMP-003,109728.0,19751.04,129479.04,Invoiced
SO-000284,2024-03-13,CUST-010,Vels Vidyashram School Campus,Institution,BR-01,EMP-003,1265.0,227.7,1492.7,Invoiced
SO-000285,2024-03-13,CUST-026,Manjunatha Electrical Works,Electrician,BR-02,EMP-006,3975.0,715.5,4690.5,Invoiced
SO-000286,2024-03-13,CUST-028,Sri Venkateshwara Hardware & Electricals,Retailer / Trader,BR-02,EMP-006,270560.0,48700.8,319260.8,Invoiced
SO-000287,2024-03-13,CUST-015,Srinivasan & Sons Contractor,Contractor,BR-01,EMP-002,9270.0,1668.6,10938.6,Invoiced
SO-000288,2024-03-13,CUST-014,Siva Shankaran (Individual Home),Residential / B2C,BR-01,EMP-003,330.0,59.4,389.4,Invoiced
SO-000289,2024-03-13,CUST-010,Vels Vidyashram School Campus,Institution,BR-01,EMP-003,4680.0,842.4,5522.4,Invoiced
SO-000290,2024-03-14,CUST-002,Kalaivani Hardware & Paints,Retailer / Trader,BR-01,EMP-002,67350.0,12123.0,79473.0,Invoiced
SO-000291,2024-03-14,CUST-020,Selvam Electrician Services,Electrician,BR-01,EMP-003,4430.0,797.4,5227.4,Invoiced
SO-000292,2024-03-14,CUST-002,Kalaivani Hardware & Paints,Retailer / Trader,BR-01,EMP-002,651174.0,117211.32,768385.32,Invoiced
SO-000293,2024-03-15,CUST-034,Silicon Valley PG Hostel Chain,Institution,BR-02,EMP-006,65.0,11.7,76.7,Invoiced
SO-000294,2024-03-15,CUST-027,InnoTech Coworking Hub,Small Commercial,BR-02,EMP-007,13845.0,2492.1,16337.1,Invoiced
SO-000295,2024-03-15,CUST-015,Srinivasan & Sons Contractor,Contractor,BR-01,EMP-003,7530.0,1355.4,8885.4,Invoiced
SO-000296,2024-03-15,CUST-027,InnoTech Coworking Hub,Small Commercial,BR-02,EMP-006,850.0,153.0,1003.0,Invoiced
SO-000297,2024-03-15,CUST-003,Saravana Electric Works (Govindaraj),Electrician,BR-01,EMP-002,32163.0,5789.34,37952.34,Invoiced
SO-000298,2024-03-15,CUST-034,Silicon Valley PG Hostel Chain,Institution,BR-02,EMP-007,1410.0,253.8,1663.8,Invoiced
SO-000299,2024-03-15,CUST-038,Marutham Electrical & Power Agency,Retailer / Trader,BR-03,EMP-010,191779.0,34520.22,226299.22,Invoiced
SO-000300,2024-03-15,CUST-006,Dr. Priya Sundaram (Home Clinic),Residential / B2C,BR-01,EMP-002,2210.0,397.8,2607.8,Invoiced
SO-000301,2024-03-16,CUST-011,Victory Housing Projects Phase 2,Builder / Commercial,BR-01,EMP-003,14830.0,2669.4,17499.4,Invoiced
SO-000302,2024-03-16,CUST-001,Balaji Electrical Contractors,Contractor,BR-01,EMP-003,195300.0,35154.0,230454.0,Invoiced
SO-000303,2024-03-16,CUST-020,Selvam Electrician Services,Electrician,BR-01,EMP-002,3795.0,683.1,4478.1,Invoiced
SO-000304,2024-03-16,CUST-005,Murugan Auto Garage & Works,Small Commercial,BR-01,EMP-002,3625.0,652.5,4277.5,Invoiced
SO-000305,2024-03-18,CUST-037,Kovai Textile Mills Facility Team,Small Commercial,BR-03,EMP-012,3045.0,548.1,3593.1,Invoiced
SO-000306,2024-03-18,CUST-032,Cauvery Engineering Contractors,Contractor,BR-02,EMP-006,201240.0,36223.2,237463.2,Invoiced
SO-000307,2024-03-18,CUST-005,Murugan Auto Garage & Works,Small Commercial,BR-01,EMP-003,4500.0,810.0,5310.0,Invoiced
SO-000308,2024-03-19,CUST-012,Karthik Residential Apartment Owner,Residential / B2C,BR-01,EMP-003,2100.0,378.0,2478.0,Invoiced
SO-000309,2024-03-19,CUST-003,Saravana Electric Works (Govindaraj),Electrician,BR-01,EMP-003,11740.0,2113.2,13853.2,Invoiced
SO-000310,2024-03-19,CUST-022,Global Smart Solutions (P) Ltd,Contractor,BR-01,EMP-003,30145.0,5426.1,35571.1,Invoiced
SO-000311,2024-03-20,CUST-013,Metro Supermarket Tambaram,Small Commercial,BR-01,EMP-002,3930.0,707.4,4637.4,Invoiced
SO-000312,2024-03-20,CUST-030,Dr. Arvind Rao Dental Clinic,Small Commercial,BR-02,EMP-007,480.0,86.4,566.4,Invoiced
SO-000313,2024-03-20,CUST-020,Selvam Electrician Services,Electrician,BR-01,EMP-003,8604.0,1548.72,10152.72,Invoiced
SO-000314,2024-03-20,CUST-023,Kalam Brothers Electrical Store,Retailer / Trader,BR-01,EMP-003,184175.0,33151.5,217326.5,Invoiced
SO-000315,2024-03-21,CUST-040,Sri Krishna Engineering College Hostel,Institution,BR-03,EMP-012,7650.0,1377.0,9027.0,Invoiced
SO-000316,2024-03-21,CUST-015,Srinivasan & Sons Contractor,Contractor,BR-01,EMP-003,130750.0,23535.0,154285.0,Invoiced
SO-000317,2024-03-21,CUST-009,Devi Agency & Lighting Store,Retailer / Trader,BR-01,EMP-003,103548.0,18638.64,122186.64,Invoiced
SO-000318,2024-03-21,CUST-016,Royal Comfort Residency Hotel,Small Commercial,BR-01,EMP-003,350.0,63.0,413.0,Invoiced
SO-000319,2024-03-21,CUST-005,Murugan Auto Garage & Works,Small Commercial,BR-01,EMP-002,1880.0,338.4,2218.4,Invoiced
SO-000320,2024-03-21,CUST-009,Devi Agency & Lighting Store,Retailer / Trader,BR-01,EMP-003,143240.0,25783.2,169023.2,Invoiced
SO-000321,2024-03-22,CUST-023,Kalam Brothers Electrical Store,Retailer / Trader,BR-01,EMP-003,16715.0,3008.7,19723.7,Invoiced
SO-000322,2024-03-23,CUST-027,InnoTech Coworking Hub,Small Commercial,BR-02,EMP-006,13800.0,2484.0,16284.0,Invoiced
SO-000323,2024-03-23,CUST-009,Devi Agency & Lighting Store,Retailer / Trader,BR-01,EMP-003,148030.0,26645.4,174675.4,Invoiced
SO-000324,2024-03-23,CUST-016,Royal Comfort Residency Hotel,Small Commercial,BR-01,EMP-002,9945.0,1790.1,11735.1,Invoiced
SO-000325,2024-03-23,CUST-034,Silicon Valley PG Hostel Chain,Institution,BR-02,EMP-006,395.0,71.1,466.1,Invoiced
SO-000326,2024-03-25,CUST-040,Sri Krishna Engineering College Hostel,Institution,BR-03,EMP-009,6900.0,1242.0,8142.0,Invoiced
SO-000327,2024-03-25,CUST-038,Marutham Electrical & Power Agency,Retailer / Trader,BR-03,EMP-009,249410.0,44893.8,294303.8,Invoiced
SO-000328,2024-03-25,CUST-016,Royal Comfort Residency Hotel,Small Commercial,BR-01,EMP-002,845.0,152.1,997.1,Invoiced
SO-000329,2024-03-25,CUST-015,Srinivasan & Sons Contractor,Contractor,BR-01,EMP-003,36250.0,6525.0,42775.0,Invoiced
SO-000330,2024-03-25,CUST-038,Marutham Electrical & Power Agency,Retailer / Trader,BR-03,EMP-010,242005.0,43560.9,285565.9,Invoiced
SO-000331,2024-03-25,CUST-002,Kalaivani Hardware & Paints,Retailer / Trader,BR-01,EMP-002,112102.0,20178.36,132280.36,Invoiced
SO-000332,2024-03-26,CUST-017,Apex Manufacturing Solutions,Small Commercial,BR-01,EMP-002,175.0,31.5,206.5,Invoiced
SO-000333,2024-03-26,CUST-032,Cauvery Engineering Contractors,Contractor,BR-02,EMP-007,166920.0,30045.6,196965.6,Invoiced
SO-000334,2024-03-26,CUST-002,Kalaivani Hardware & Paints,Retailer / Trader,BR-01,EMP-003,282150.0,50787.0,332937.0,Invoiced
SO-000335,2024-03-26,CUST-031,Nandini Milk Parlour & Mart,Small Commercial,BR-02,EMP-007,4700.0,846.0,5546.0,Invoiced
SO-000336,2024-03-27,CUST-022,Global Smart Solutions (P) Ltd,Contractor,BR-01,EMP-002,21225.0,3820.5,25045.5,Invoiced
SO-000337,2024-03-27,CUST-041,Kongu Builders & Real Estate,Builder / Commercial,BR-03,EMP-012,30335.0,5460.3,35795.3,Invoiced
SO-000338,2024-03-27,CUST-014,Siva Shankaran (Individual Home),Residential / B2C,BR-01,EMP-002,4710.0,847.8,5557.8,Invoiced
SO-000339,2024-03-27,CUST-003,Saravana Electric Works (Govindaraj),Electrician,BR-01,EMP-002,10885.0,1959.3,12844.3,Invoiced
SO-000340,2024-03-27,CUST-038,Marutham Electrical & Power Agency,Retailer / Trader,BR-03,EMP-010,92000.0,16560.0,108560.0,Invoiced
SO-000341,2024-03-27,CUST-038,Marutham Electrical & Power Agency,Retailer / Trader,BR-03,EMP-012,237050.0,42669.0,279719.0,Invoiced
SO-000342,2024-03-27,CUST-041,Kongu Builders & Real Estate,Builder / Commercial,BR-03,EMP-012,62050.0,11169.0,73219.0,Invoiced
SO-000343,2024-03-28,CUST-041,Kongu Builders & Real Estate,Builder / Commercial,BR-03,EMP-010,52200.0,9396.0,61596.0,Invoiced
SO-000344,2024-03-28,CUST-031,Nandini Milk Parlour & Mart,Small Commercial,BR-02,EMP-006,725.0,130.5,855.5,Invoiced
SO-000345,2024-03-28,CUST-019,Poompuhar Handicrafts Store,Small Commercial,BR-01,EMP-003,130.0,23.4,153.4,Invoiced
SO-000346,2024-03-29,CUST-029,Raghavendra Infrastructure Developers,Builder / Commercial,BR-02,EMP-006,91799.0,16523.82,108322.82,Invoiced
SO-000347,2024-03-29,CUST-025,Brigade Vista Apartment Owners Assn,Residential / B2C,BR-02,EMP-007,915.0,164.7,1079.7,Invoiced
SO-000348,2024-03-29,CUST-030,Dr. Arvind Rao Dental Clinic,Small Commercial,BR-02,EMP-007,410.0,73.8,483.8,Invoiced
SO-000349,2024-03-30,CUST-011,Victory Housing Projects Phase 2,Builder / Commercial,BR-01,EMP-002,148305.0,26694.9,174999.9,Invoiced
SO-000350,2024-03-30,CUST-033,Suresh Babu (Villa Construction),Residential / B2C,BR-02,EMP-007,195.0,35.1,230.1,Invoiced
SO-000351,2024-03-30,CUST-007,TechPark Facility Maintenance Team,Institution,BR-01,EMP-002,2440.0,439.2,2879.2,Invoiced
SO-000352,2024-03-30,CUST-037,Kovai Textile Mills Facility Team,Small Commercial,BR-03,EMP-009,1220.0,219.6,1439.6,Invoiced
SO-000353,2024-03-30,CUST-019,Poompuhar Handicrafts Store,Small Commercial,BR-01,EMP-003,9450.0,1701.0,11151.0,Invoiced
SO-000354,2024-03-30,CUST-012,Karthik Residential Apartment Owner,Residential / B2C,BR-01,EMP-002,1520.0,273.6,1793.6,Invoiced
SO-000355,2024-04-01,CUST-021,Mohammed Riyaz (Home Renovation),Residential / B2C,BR-01,EMP-002,5999.0,1079.82,7078.82,Invoiced
SO-000356,2024-04-01,CUST-029,Raghavendra Infrastructure Developers,Builder / Commercial,BR-02,EMP-006,151070.0,27192.6,178262.6,Invoiced
SO-000357,2024-04-01,CUST-032,Cauvery Engineering Contractors,Contractor,BR-02,EMP-006,66950.0,12051.0,79001.0,Invoiced
SO-000358,2024-04-01,CUST-034,Silicon Valley PG Hostel Chain,Institution,BR-02,EMP-007,15789.0,2842.02,18631.02,Invoiced
SO-000359,2024-04-02,CUST-019,Poompuhar Handicrafts Store,Small Commercial,BR-01,EMP-003,1055.0,189.9,1244.9,Invoiced
SO-000360,2024-04-02,CUST-021,Mohammed Riyaz (Home Renovation),Residential / B2C,BR-01,EMP-002,630.0,113.4,743.4,Invoiced
SO-000361,2024-04-02,CUST-023,Kalam Brothers Electrical Store,Retailer / Trader,BR-01,EMP-003,199966.0,35993.88,235959.88,Invoiced
SO-000362,2024-04-02,CUST-037,Kovai Textile Mills Facility Team,Small Commercial,BR-03,EMP-010,1475.0,265.5,1740.5,Invoiced
SO-000363,2024-04-02,CUST-015,Srinivasan & Sons Contractor,Contractor,BR-01,EMP-002,101664.0,18299.52,119963.52,Invoiced
SO-000364,2024-04-03,CUST-001,Balaji Electrical Contractors,Contractor,BR-01,EMP-003,115041.0,20707.38,135748.38,Invoiced
SO-000365,2024-04-03,CUST-005,Murugan Auto Garage & Works,Small Commercial,BR-01,EMP-003,1145.0,206.1,1351.1,Invoiced
SO-000366,2024-04-03,CUST-030,Dr. Arvind Rao Dental Clinic,Small Commercial,BR-02,EMP-007,1650.0,297.0,1947.0,Invoiced
SO-000367,2024-04-03,CUST-020,Selvam Electrician Services,Electrician,BR-01,EMP-003,1815.0,326.7,2141.7,Invoiced
SO-000368,2024-04-04,CUST-039,Rangasamy Electrician Workshop,Electrician,BR-03,EMP-010,7740.0,1393.2,9133.2,Invoiced
SO-000369,2024-04-04,CUST-009,Devi Agency & Lighting Store,Retailer / Trader,BR-01,EMP-002,412518.0,74253.24,486771.24,Invoiced
SO-000370,2024-04-05,CUST-018,Lakshmi Vilas Sweets & Bakery,Small Commercial,BR-01,EMP-002,10866.0,1955.88,12821.88,Invoiced
SO-000371,2024-04-05,CUST-019,Poompuhar Handicrafts Store,Small Commercial,BR-01,EMP-002,545.0,98.1,643.1,Invoiced
SO-000372,2024-04-05,CUST-005,Murugan Auto Garage & Works,Small Commercial,BR-01,EMP-003,450.0,81.0,531.0,Invoiced
SO-000373,2024-04-06,CUST-008,Anbu Electricals (Anbazhagan),Electrician,BR-01,EMP-002,8090.0,1456.2,9546.2,Invoiced
SO-000374,2024-04-06,CUST-028,Sri Venkateshwara Hardware & Electricals,Retailer / Trader,BR-02,EMP-007,17230.0,3101.4,20331.4,Invoiced
SO-000375,2024-04-06,CUST-013,Metro Supermarket Tambaram,Small Commercial,BR-01,EMP-002,2162.0,389.16,2551.16,Invoiced
SO-000376,2024-04-06,CUST-038,Marutham Electrical & Power Agency,Retailer / Trader,BR-03,EMP-009,9963.0,1793.34,11756.34,Invoiced
SO-000377,2024-04-06,CUST-007,TechPark Facility Maintenance Team,Institution,BR-01,EMP-003,6486.0,1167.48,7653.48,Invoiced
SO-000378,2024-04-06,CUST-019,Poompuhar Handicrafts Store,Small Commercial,BR-01,EMP-003,565.0,101.7,666.7,Invoiced
SO-000379,2024-04-06,CUST-028,Sri Venkateshwara Hardware & Electricals,Retailer / Trader,BR-02,EMP-007,307537.0,55356.66,362893.66,Invoiced
SO-000380,2024-04-08,CUST-032,Cauvery Engineering Contractors,Contractor,BR-02,EMP-007,148430.0,26717.4,175147.4,Invoiced
SO-000381,2024-04-08,CUST-004,Sri Ramakrishna Builders & Infra,Builder / Commercial,BR-01,EMP-003,18705.0,3366.9,22071.9,Invoiced
SO-000382,2024-04-08,CUST-017,Apex Manufacturing Solutions,Small Commercial,BR-01,EMP-003,1401.0,252.18,1653.18,Invoiced
SO-000383,2024-04-08,CUST-020,Selvam Electrician Services,Electrician,BR-01,EMP-002,5190.0,934.2,6124.2,Invoiced
SO-000384,2024-04-09,CUST-040,Sri Krishna Engineering College Hostel,Institution,BR-03,EMP-009,5896.0,1061.28,6957.28,Invoiced
SO-000385,2024-04-09,CUST-004,Sri Ramakrishna Builders & Infra,Builder / Commercial,BR-01,EMP-003,49900.0,8982.0,58882.0,Invoiced
SO-000386,2024-04-09,CUST-021,Mohammed Riyaz (Home Renovation),Residential / B2C,BR-01,EMP-003,2046.0,368.28,2414.28,Invoiced
SO-000387,2024-04-09,CUST-044,Mani Bros Electricals (Mani),Electrician,BR-03,EMP-012,2499.0,449.82,2948.82,Invoiced
SO-000388,2024-04-09,CUST-020,Selvam Electrician Services,Electrician,BR-01,EMP-002,31370.0,5646.6,37016.6,Invoiced
SO-000389,2024-04-09,CUST-035,Gowda Electrical Repairs,Electrician,BR-02,EMP-006,11255.0,2025.9,13280.9,Invoiced
SO-000390,2024-04-10,CUST-016,Royal Comfort Residency Hotel,Small Commercial,BR-01,EMP-002,1340.0,241.2,1581.2,Invoiced
SO-000391,2024-04-10,CUST-018,Lakshmi Vilas Sweets & Bakery,Small Commercial,BR-01,EMP-003,75.0,13.5,88.5,Invoiced
SO-000392,2024-04-10,CUST-012,Karthik Residential Apartment Owner,Residential / B2C,BR-01,EMP-003,710.0,127.8,837.8,Invoiced
SO-000393,2024-04-10,CUST-005,Murugan Auto Garage & Works,Small Commercial,BR-01,EMP-002,6836.0,1230.48,8066.48,Invoiced
SO-000394,2024-04-10,CUST-037,Kovai Textile Mills Facility Team,Small Commercial,BR-03,EMP-010,8887.0,1599.66,10486.66,Invoiced
SO-000395,2024-04-10,CUST-016,Royal Comfort Residency Hotel,Small Commercial,BR-01,EMP-002,1300.0,234.0,1534.0,Invoiced
SO-000396,2024-04-11,CUST-042,Velan Pump & Motor Spares Store,Retailer / Trader,BR-03,EMP-010,230650.0,41517.0,272167.0,Invoiced
SO-000397,2024-04-11,CUST-016,Royal Comfort Residency Hotel,Small Commercial,BR-01,EMP-003,1410.0,253.8,1663.8,Invoiced
SO-000398,2024-04-11,CUST-022,Global Smart Solutions (P) Ltd,Contractor,BR-01,EMP-003,49490.0,8908.2,58398.2,Invoiced
SO-000399,2024-04-12,CUST-009,Devi Agency & Lighting Store,Retailer / Trader,BR-01,EMP-003,260648.0,46916.64,307564.64,Invoiced
SO-000400,2024-04-12,CUST-042,Velan Pump & Motor Spares Store,Retailer / Trader,BR-03,EMP-009,100817.0,18147.06,118964.06,Invoiced
SO-000401,2024-04-12,CUST-014,Siva Shankaran (Individual Home),Residential / B2C,BR-01,EMP-003,5934.0,1068.12,7002.12,Invoiced
SO-000402,2024-04-12,CUST-028,Sri Venkateshwara Hardware & Electricals,Retailer / Trader,BR-02,EMP-007,77037.0,13866.66,90903.66,Invoiced
SO-000403,2024-04-12,CUST-021,Mohammed Riyaz (Home Renovation),Residential / B2C,BR-01,EMP-003,8906.0,1603.08,10509.08,Invoiced
SO-000404,2024-04-12,CUST-004,Sri Ramakrishna Builders & Infra,Builder / Commercial,BR-01,EMP-002,59896.0,10781.28,70677.28,Invoiced
SO-000405,2024-04-13,CUST-006,Dr. Priya Sundaram (Home Clinic),Residential / B2C,BR-01,EMP-002,295.0,53.1,348.1,Invoiced
SO-000406,2024-04-13,CUST-009,Devi Agency & Lighting Store,Retailer / Trader,BR-01,EMP-002,269500.0,48510.0,318010.0,Invoiced
SO-000407,2024-04-13,CUST-017,Apex Manufacturing Solutions,Small Commercial,BR-01,EMP-002,30.0,5.4,35.4,Invoiced
SO-000408,2024-04-15,CUST-043,Sundaram Hospital Maintenance,Institution,BR-03,EMP-009,7709.0,1387.62,9096.62,Invoiced
SO-000409,2024-04-15,CUST-038,Marutham Electrical & Power Agency,Retailer / Trader,BR-03,EMP-010,247856.0,44614.08,292470.08,Invoiced
SO-000410,2024-04-15,CUST-037,Kovai Textile Mills Facility Team,Small Commercial,BR-03,EMP-012,850.0,153.0,1003.0,Invoiced
SO-000411,2024-04-15,CUST-016,Royal Comfort Residency Hotel,Small Commercial,BR-01,EMP-003,250.0,45.0,295.0,Invoiced
SO-000412,2024-04-15,CUST-028,Sri Venkateshwara Hardware & Electricals,Retailer / Trader,BR-02,EMP-007,402673.0,72481.14,475154.14,Invoiced
SO-000413,2024-04-16,CUST-042,Velan Pump & Motor Spares Store,Retailer / Trader,BR-03,EMP-010,139420.0,25095.6,164515.6,Invoiced
SO-000414,2024-04-16,CUST-005,Murugan Auto Garage & Works,Small Commercial,BR-01,EMP-003,165.0,29.7,194.7,Invoiced
SO-000415,2024-04-16,CUST-030,Dr. Arvind Rao Dental Clinic,Small Commercial,BR-02,EMP-006,10974.0,1975.32,12949.32,Invoiced
SO-000416,2024-04-17,CUST-040,Sri Krishna Engineering College Hostel,Institution,BR-03,EMP-009,1246.0,224.28,1470.28,Invoiced
SO-000417,2024-04-17,CUST-030,Dr. Arvind Rao Dental Clinic,Small Commercial,BR-02,EMP-007,2250.0,405.0,2655.0,Invoiced
SO-000418,2024-04-17,CUST-006,Dr. Priya Sundaram (Home Clinic),Residential / B2C,BR-01,EMP-002,450.0,81.0,531.0,Invoiced
SO-000419,2024-04-17,CUST-002,Kalaivani Hardware & Paints,Retailer / Trader,BR-01,EMP-002,228966.0,41213.88,270179.88,Invoiced
SO-000420,2024-04-17,CUST-010,Vels Vidyashram School Campus,Institution,BR-01,EMP-002,2695.0,485.1,3180.1,Invoiced
SO-000421,2024-04-17,CUST-032,Cauvery Engineering Contractors,Contractor,BR-02,EMP-006,250118.0,45021.24,295139.24,Invoiced
SO-000422,2024-04-18,CUST-033,Suresh Babu (Villa Construction),Residential / B2C,BR-02,EMP-007,3864.0,695.52,4559.52,Invoiced
SO-000423,2024-04-18,CUST-019,Poompuhar Handicrafts Store,Small Commercial,BR-01,EMP-003,1995.0,359.1,2354.1,Invoiced
SO-000424,2024-04-18,CUST-011,Victory Housing Projects Phase 2,Builder / Commercial,BR-01,EMP-002,94992.0,17098.56,112090.56,Invoiced
SO-000425,2024-04-18,CUST-023,Kalam Brothers Electrical Store,Retailer / Trader,BR-01,EMP-002,88794.0,15982.92,104776.92,Invoiced
SO-000426,2024-04-19,CUST-029,Raghavendra Infrastructure Developers,Builder / Commercial,BR-02,EMP-007,31029.0,5585.22,36614.22,Invoiced
SO-000427,2024-04-19,CUST-034,Silicon Valley PG Hostel Chain,Institution,BR-02,EMP-007,1550.0,279.0,1829.0,Invoiced
SO-000428,2024-04-19,CUST-026,Manjunatha Electrical Works,Electrician,BR-02,EMP-006,19960.0,3592.8,23552.8,Invoiced
SO-000429,2024-04-19,CUST-026,Manjunatha Electrical Works,Electrician,BR-02,EMP-007,36970.0,6654.6,43624.6,Invoiced
SO-000430,2024-04-20,CUST-020,Selvam Electrician Services,Electrician,BR-01,EMP-002,11505.0,2070.9,13575.9,Invoiced
SO-000431,2024-04-20,CUST-023,Kalam Brothers Electrical Store,Retailer / Trader,BR-01,EMP-003,77720.0,13989.6,91709.6,Invoiced
SO-000432,2024-04-20,CUST-034,Silicon Valley PG Hostel Chain,Institution,BR-02,EMP-007,5212.0,938.16,6150.16,Invoiced
SO-000433,2024-04-20,CUST-034,Silicon Valley PG Hostel Chain,Institution,BR-02,EMP-007,8392.0,1510.56,9902.56,Invoiced
SO-000434,2024-04-20,CUST-008,Anbu Electricals (Anbazhagan),Electrician,BR-01,EMP-002,2875.0,517.5,3392.5,Invoiced
SO-000435,2024-04-22,CUST-029,Raghavendra Infrastructure Developers,Builder / Commercial,BR-02,EMP-007,92490.0,16648.2,109138.2,Invoiced
SO-000436,2024-04-22,CUST-003,Saravana Electric Works (Govindaraj),Electrician,BR-01,EMP-002,14085.0,2535.3,16620.3,Invoiced
SO-000437,2024-04-22,CUST-002,Kalaivani Hardware & Paints,Retailer / Trader,BR-01,EMP-003,61912.0,11144.16,73056.16,Invoiced
SO-000438,2024-04-22,CUST-027,InnoTech Coworking Hub,Small Commercial,BR-02,EMP-007,330.0,59.4,389.4,Invoiced
SO-000439,2024-04-22,CUST-006,Dr. Priya Sundaram (Home Clinic),Residential / B2C,BR-01,EMP-002,9522.0,1713.96,11235.96,Invoiced
SO-000440,2024-04-22,CUST-021,Mohammed Riyaz (Home Renovation),Residential / B2C,BR-01,EMP-002,150.0,27.0,177.0,Invoiced
SO-000441,2024-04-22,CUST-007,TechPark Facility Maintenance Team,Institution,BR-01,EMP-003,580.0,104.4,684.4,Invoiced
SO-000442,2024-04-23,CUST-041,Kongu Builders & Real Estate,Builder / Commercial,BR-03,EMP-009,196830.0,35429.4,232259.4,Invoiced
SO-000443,2024-04-23,CUST-035,Gowda Electrical Repairs,Electrician,BR-02,EMP-006,5350.0,963.0,6313.0,Invoiced
SO-000444,2024-04-23,CUST-033,Suresh Babu (Villa Construction),Residential / B2C,BR-02,EMP-006,780.0,140.4,920.4,Invoiced
SO-000445,2024-04-23,CUST-026,Manjunatha Electrical Works,Electrician,BR-02,EMP-007,3900.0,702.0,4602.0,Invoiced
SO-000446,2024-04-23,CUST-021,Mohammed Riyaz (Home Renovation),Residential / B2C,BR-01,EMP-002,1730.0,311.4,2041.4,Invoiced
SO-000447,2024-04-23,CUST-009,Devi Agency & Lighting Store,Retailer / Trader,BR-01,EMP-003,142844.0,25711.92,168555.92,Invoiced
SO-000448,2024-04-24,CUST-001,Balaji Electrical Contractors,Contractor,BR-01,EMP-002,12175.0,2191.5,14366.5,Invoiced
SO-000449,2024-04-25,CUST-033,Suresh Babu (Villa Construction),Residential / B2C,BR-02,EMP-006,2260.0,406.8,2666.8,Invoiced
SO-000450,2024-04-25,CUST-009,Devi Agency & Lighting Store,Retailer / Trader,BR-01,EMP-003,137550.0,24759.0,162309.0,Invoiced
SO-000451,2024-04-25,CUST-042,Velan Pump & Motor Spares Store,Retailer / Trader,BR-03,EMP-010,38220.0,6879.6,45099.6,Invoiced
SO-000452,2024-04-25,CUST-026,Manjunatha Electrical Works,Electrician,BR-02,EMP-006,3876.0,697.68,4573.68,Invoiced
SO-000453,2024-04-25,CUST-002,Kalaivani Hardware & Paints,Retailer / Trader,BR-01,EMP-002,231771.0,41718.78,273489.78,Invoiced
SO-000454,2024-04-25,CUST-003,Saravana Electric Works (Govindaraj),Electrician,BR-01,EMP-003,9041.0,1627.38,10668.38,Invoiced
SO-000455,2024-04-25,CUST-040,Sri Krishna Engineering College Hostel,Institution,BR-03,EMP-010,1175.0,211.5,1386.5,Invoiced
SO-000456,2024-04-26,CUST-029,Raghavendra Infrastructure Developers,Builder / Commercial,BR-02,EMP-007,42800.0,7704.0,50504.0,Invoiced
SO-000457,2024-04-26,CUST-001,Balaji Electrical Contractors,Contractor,BR-01,EMP-002,195930.0,35267.4,231197.4,Invoiced
SO-000458,2024-04-26,CUST-030,Dr. Arvind Rao Dental Clinic,Small Commercial,BR-02,EMP-006,240.0,43.2,283.2,Invoiced
SO-000459,2024-04-26,CUST-015,Srinivasan & Sons Contractor,Contractor,BR-01,EMP-002,164176.0,29551.68,193727.68,Invoiced
SO-000460,2024-04-26,CUST-002,Kalaivani Hardware & Paints,Retailer / Trader,BR-01,EMP-002,84766.0,15257.88,100023.88,Invoiced
SO-000461,2024-04-26,CUST-009,Devi Agency & Lighting Store,Retailer / Trader,BR-01,EMP-003,346446.0,62360.28,408806.28,Invoiced
SO-000462,2024-04-27,CUST-041,Kongu Builders & Real Estate,Builder / Commercial,BR-03,EMP-010,158610.0,28549.8,187159.8,Invoiced
SO-000463,2024-04-27,CUST-040,Sri Krishna Engineering College Hostel,Institution,BR-03,EMP-010,560.0,100.8,660.8,Invoiced
SO-000464,2024-04-27,CUST-038,Marutham Electrical & Power Agency,Retailer / Trader,BR-03,EMP-010,20690.0,3724.2,24414.2,Invoiced
SO-000465,2024-04-27,CUST-003,Saravana Electric Works (Govindaraj),Electrician,BR-01,EMP-003,20719.0,3729.42,24448.42,Invoiced
SO-000466,2024-04-27,CUST-006,Dr. Priya Sundaram (Home Clinic),Residential / B2C,BR-01,EMP-002,505.0,90.9,595.9,Invoiced
SO-000467,2024-04-29,CUST-013,Metro Supermarket Tambaram,Small Commercial,BR-01,EMP-003,6459.0,1162.62,7621.62,Invoiced
SO-000468,2024-04-29,CUST-014,Siva Shankaran (Individual Home),Residential / B2C,BR-01,EMP-003,2230.0,401.4,2631.4,Invoiced
SO-000469,2024-04-29,CUST-021,Mohammed Riyaz (Home Renovation),Residential / B2C,BR-01,EMP-003,195.0,35.1,230.1,Invoiced
SO-000470,2024-04-29,CUST-029,Raghavendra Infrastructure Developers,Builder / Commercial,BR-02,EMP-007,156087.0,28095.66,184182.66,Invoiced
SO-000471,2024-04-30,CUST-014,Siva Shankaran (Individual Home),Residential / B2C,BR-01,EMP-002,895.0,161.1,1056.1,Invoiced
SO-000472,2024-04-30,CUST-029,Raghavendra Infrastructure Developers,Builder / Commercial,BR-02,EMP-006,25455.0,4581.9,30036.9,Invoiced
SO-000473,2024-04-30,CUST-011,Victory Housing Projects Phase 2,Builder / Commercial,BR-01,EMP-002,32520.0,5853.6,38373.6,Invoiced
SO-000474,2024-04-30,CUST-001,Balaji Electrical Contractors,Contractor,BR-01,EMP-003,27560.0,4960.8,32520.8,Invoiced
SO-000475,2024-04-30,CUST-012,Karthik Residential Apartment Owner,Residential / B2C,BR-01,EMP-003,2760.0,496.8,3256.8,Invoiced
SO-000476,2024-04-30,CUST-043,Sundaram Hospital Maintenance,Institution,BR-03,EMP-012,240.0,43.2,283.2,Invoiced
SO-000477,2024-05-01,CUST-027,InnoTech Coworking Hub,Small Commercial,BR-02,EMP-006,10170.0,1830.6,12000.6,Invoiced
SO-000478,2024-05-01,CUST-013,Metro Supermarket Tambaram,Small Commercial,BR-01,EMP-002,185.0,33.3,218.3,Invoiced
SO-000479,2024-05-01,CUST-018,Lakshmi Vilas Sweets & Bakery,Small Commercial,BR-01,EMP-002,280.0,50.4,330.4,Invoiced
SO-000480,2024-05-01,CUST-008,Anbu Electricals (Anbazhagan),Electrician,BR-01,EMP-002,15140.0,2725.2,17865.2,Invoiced
SO-000481,2024-05-01,CUST-020,Selvam Electrician Services,Electrician,BR-01,EMP-002,12665.0,2279.7,14944.7,Invoiced
SO-000482,2024-05-02,CUST-011,Victory Housing Projects Phase 2,Builder / Commercial,BR-01,EMP-002,33900.0,6102.0,40002.0,Invoiced
SO-000483,2024-05-02,CUST-026,Manjunatha Electrical Works,Electrician,BR-02,EMP-007,11300.0,2034.0,13334.0,Invoiced
SO-000484,2024-05-02,CUST-007,TechPark Facility Maintenance Team,Institution,BR-01,EMP-002,5520.0,993.6,6513.6,Invoiced
SO-000485,2024-05-03,CUST-016,Royal Comfort Residency Hotel,Small Commercial,BR-01,EMP-003,4339.0,781.02,5120.02,Invoiced
SO-000486,2024-05-03,CUST-039,Rangasamy Electrician Workshop,Electrician,BR-03,EMP-009,9060.0,1630.8,10690.8,Invoiced
SO-000487,2024-05-03,CUST-025,Brigade Vista Apartment Owners Assn,Residential / B2C,BR-02,EMP-007,6210.0,1117.8,7327.8,Invoiced
SO-000488,2024-05-03,CUST-038,Marutham Electrical & Power Agency,Retailer / Trader,BR-03,EMP-010,170049.0,30608.82,200657.82,Invoiced
SO-000489,2024-05-03,CUST-011,Victory Housing Projects Phase 2,Builder / Commercial,BR-01,EMP-003,131555.0,23679.9,155234.9,Invoiced
SO-000490,2024-05-04,CUST-031,Nandini Milk Parlour & Mart,Small Commercial,BR-02,EMP-006,450.0,81.0,531.0,Invoiced
SO-000491,2024-05-04,CUST-027,InnoTech Coworking Hub,Small Commercial,BR-02,EMP-006,7206.0,1297.08,8503.08,Invoiced
SO-000492,2024-05-04,CUST-023,Kalam Brothers Electrical Store,Retailer / Trader,BR-01,EMP-002,345475.0,62185.5,407660.5,Invoiced
SO-000493,2024-05-04,CUST-006,Dr. Priya Sundaram (Home Clinic),Residential / B2C,BR-01,EMP-002,12055.0,2169.9,14224.9,Invoiced
SO-000494,2024-05-04,CUST-011,Victory Housing Projects Phase 2,Builder / Commercial,BR-01,EMP-003,59547.0,10718.46,70265.46,Invoiced
SO-000495,2024-05-04,CUST-045,Karthika Departmental Store,Small Commercial,BR-03,EMP-012,625.0,112.5,737.5,Invoiced
SO-000496,2024-05-04,CUST-012,Karthik Residential Apartment Owner,Residential / B2C,BR-01,EMP-002,730.0,131.4,861.4,Invoiced
SO-000497,2024-05-06,CUST-007,TechPark Facility Maintenance Team,Institution,BR-01,EMP-003,905.0,162.9,1067.9,Invoiced
SO-000498,2024-05-06,CUST-003,Saravana Electric Works (Govindaraj),Electrician,BR-01,EMP-003,2050.0,369.0,2419.0,Invoiced
SO-000499,2024-05-06,CUST-022,Global Smart Solutions (P) Ltd,Contractor,BR-01,EMP-002,44070.0,7932.6,52002.6,Invoiced
SO-000500,2024-05-06,CUST-040,Sri Krishna Engineering College Hostel,Institution,BR-03,EMP-010,5135.0,924.3,6059.3,Invoiced
SO-000501,2024-05-06,CUST-023,Kalam Brothers Electrical Store,Retailer / Trader,BR-01,EMP-002,241146.0,43406.28,284552.28,Invoiced
SO-000502,2024-05-06,CUST-031,Nandini Milk Parlour & Mart,Small Commercial,BR-02,EMP-006,2075.0,373.5,2448.5,Invoiced
SO-000503,2024-05-07,CUST-043,Sundaram Hospital Maintenance,Institution,BR-03,EMP-012,1380.0,248.4,1628.4,Invoiced
SO-000504,2024-05-07,CUST-028,Sri Venkateshwara Hardware & Electricals,Retailer / Trader,BR-02,EMP-006,37214.0,6698.52,43912.52,Invoiced
SO-000505,2024-05-07,CUST-035,Gowda Electrical Repairs,Electrician,BR-02,EMP-006,3032.0,545.76,3577.76,Invoiced
SO-000506,2024-05-07,CUST-019,Poompuhar Handicrafts Store,Small Commercial,BR-01,EMP-003,720.0,129.6,849.6,Invoiced
SO-000507,2024-05-08,CUST-043,Sundaram Hospital Maintenance,Institution,BR-03,EMP-010,150.0,27.0,177.0,Invoiced
SO-000508,2024-05-08,CUST-013,Metro Supermarket Tambaram,Small Commercial,BR-01,EMP-003,1375.0,247.5,1622.5,Invoiced
SO-000509,2024-05-08,CUST-013,Metro Supermarket Tambaram,Small Commercial,BR-01,EMP-002,3032.0,545.76,3577.76,Invoiced
SO-000510,2024-05-08,CUST-012,Karthik Residential Apartment Owner,Residential / B2C,BR-01,EMP-003,480.0,86.4,566.4,Invoiced
SO-000511,2024-05-09,CUST-008,Anbu Electricals (Anbazhagan),Electrician,BR-01,EMP-003,4156.0,748.08,4904.08,Invoiced
SO-000512,2024-05-09,CUST-006,Dr. Priya Sundaram (Home Clinic),Residential / B2C,BR-01,EMP-002,720.0,129.6,849.6,Invoiced
SO-000513,2024-05-09,CUST-037,Kovai Textile Mills Facility Team,Small Commercial,BR-03,EMP-009,13508.0,2431.44,15939.44,Invoiced
SO-000514,2024-05-10,CUST-012,Karthik Residential Apartment Owner,Residential / B2C,BR-01,EMP-003,1230.0,221.4,1451.4,Invoiced
SO-000515,2024-05-10,CUST-038,Marutham Electrical & Power Agency,Retailer / Trader,BR-03,EMP-009,85407.0,15373.26,100780.26,Invoiced
SO-000516,2024-05-10,CUST-011,Victory Housing Projects Phase 2,Builder / Commercial,BR-01,EMP-003,65192.0,11734.56,76926.56,Invoiced
SO-000517,2024-05-10,CUST-014,Siva Shankaran (Individual Home),Residential / B2C,BR-01,EMP-003,1700.0,306.0,2006.0,Invoiced
SO-000518,2024-05-10,CUST-040,Sri Krishna Engineering College Hostel,Institution,BR-03,EMP-012,6109.0,1099.62,7208.62,Invoiced
SO-000519,2024-05-10,CUST-045,Karthika Departmental Store,Small Commercial,BR-03,EMP-012,28380.0,5108.4,33488.4,Invoiced
SO-000520,2024-05-11,CUST-005,Murugan Auto Garage & Works,Small Commercial,BR-01,EMP-003,975.0,175.5,1150.5,Invoiced
SO-000521,2024-05-11,CUST-041,Kongu Builders & Real Estate,Builder / Commercial,BR-03,EMP-010,6667.0,1200.06,7867.06,Invoiced
SO-000522,2024-05-11,CUST-032,Cauvery Engineering Contractors,Contractor,BR-02,EMP-007,49310.0,8875.8,58185.8,Invoiced
SO-000523,2024-05-11,CUST-026,Manjunatha Electrical Works,Electrician,BR-02,EMP-007,16395.0,2951.1,19346.1,Invoiced
SO-000524,2024-05-13,CUST-020,Selvam Electrician Services,Electrician,BR-01,EMP-002,816.0,146.88,962.88,Invoiced
SO-000525,2024-05-13,CUST-032,Cauvery Engineering Contractors,Contractor,BR-02,EMP-006,42560.0,7660.8,50220.8,Invoiced
SO-000526,2024-05-13,CUST-003,Saravana Electric Works (Govindaraj),Electrician,BR-01,EMP-003,19395.0,3491.1,22886.1,Invoiced
SO-000527,2024-05-13,CUST-016,Royal Comfort Residency Hotel,Small Commercial,BR-01,EMP-002,10212.0,1838.16,12050.16,Invoiced
SO-000528,2024-05-14,CUST-012,Karthik Residential Apartment Owner,Residential / B2C,BR-01,EMP-003,2237.0,402.66,2639.66,Invoiced
SO-000529,2024-05-14,CUST-034,Silicon Valley PG Hostel Chain,Institution,BR-02,EMP-007,625.0,112.5,737.5,Invoiced
SO-000530,2024-05-14,CUST-043,Sundaram Hospital Maintenance,Institution,BR-03,EMP-010,1180.0,212.4,1392.4,Invoiced
SO-000531,2024-05-14,CUST-011,Victory Housing Projects Phase 2,Builder / Commercial,BR-01,EMP-002,32025.0,5764.5,37789.5,Invoiced
SO-000532,2024-05-15,CUST-022,Global Smart Solutions (P) Ltd,Contractor,BR-01,EMP-002,114260.0,20566.8,134826.8,Invoiced
SO-000533,2024-05-15,CUST-007,TechPark Facility Maintenance Team,Institution,BR-01,EMP-002,1535.0,276.3,1811.3,Invoiced
SO-000534,2024-05-15,CUST-004,Sri Ramakrishna Builders & Infra,Builder / Commercial,BR-01,EMP-003,55694.0,10024.92,65718.92,Invoiced
SO-000535,2024-05-15,CUST-001,Balaji Electrical Contractors,Contractor,BR-01,EMP-003,5403.0,972.54,6375.54,Invoiced
SO-000536,2024-05-15,CUST-009,Devi Agency & Lighting Store,Retailer / Trader,BR-01,EMP-002,118585.0,21345.3,139930.3,Invoiced
SO-000537,2024-05-15,CUST-005,Murugan Auto Garage & Works,Small Commercial,BR-01,EMP-002,16882.0,3038.76,19920.76,Invoiced
SO-000538,2024-05-15,CUST-013,Metro Supermarket Tambaram,Small Commercial,BR-01,EMP-002,12420.0,2235.6,14655.6,Invoiced
SO-000539,2024-05-15,CUST-009,Devi Agency & Lighting Store,Retailer / Trader,BR-01,EMP-003,82275.0,14809.5,97084.5,Invoiced
SO-000540,2024-05-16,CUST-017,Apex Manufacturing Solutions,Small Commercial,BR-01,EMP-002,11722.0,2109.96,13831.96,Invoiced
SO-000541,2024-05-16,CUST-018,Lakshmi Vilas Sweets & Bakery,Small Commercial,BR-01,EMP-002,1978.0,356.04,2334.04,Invoiced
SO-000542,2024-05-16,CUST-014,Siva Shankaran (Individual Home),Residential / B2C,BR-01,EMP-003,5220.0,939.6,6159.6,Invoiced
SO-000543,2024-05-16,CUST-017,Apex Manufacturing Solutions,Small Commercial,BR-01,EMP-002,1060.0,190.8,1250.8,Invoiced
SO-000544,2024-05-16,CUST-035,Gowda Electrical Repairs,Electrician,BR-02,EMP-007,4840.0,871.2,5711.2,Invoiced
SO-000545,2024-05-17,CUST-032,Cauvery Engineering Contractors,Contractor,BR-02,EMP-006,75290.0,13552.2,88842.2,Invoiced
SO-000546,2024-05-17,CUST-042,Velan Pump & Motor Spares Store,Retailer / Trader,BR-03,EMP-009,146143.0,26305.74,172448.74,Invoiced
SO-000547,2024-05-17,CUST-007,TechPark Facility Maintenance Team,Institution,BR-01,EMP-003,1621.0,291.78,1912.78,Invoiced
SO-000548,2024-05-18,CUST-001,Balaji Electrical Contractors,Contractor,BR-01,EMP-002,22800.0,4104.0,26904.0,Invoiced
SO-000549,2024-05-18,CUST-006,Dr. Priya Sundaram (Home Clinic),Residential / B2C,BR-01,EMP-003,450.0,81.0,531.0,Invoiced
SO-000550,2024-05-18,CUST-039,Rangasamy Electrician Workshop,Electrician,BR-03,EMP-012,35130.0,6323.4,41453.4,Invoiced
SO-000551,2024-05-20,CUST-023,Kalam Brothers Electrical Store,Retailer / Trader,BR-01,EMP-003,250436.0,45078.48,295514.48,Invoiced
SO-000552,2024-05-20,CUST-027,InnoTech Coworking Hub,Small Commercial,BR-02,EMP-006,1515.0,272.7,1787.7,Invoiced
SO-000553,2024-05-20,CUST-009,Devi Agency & Lighting Store,Retailer / Trader,BR-01,EMP-002,209959.0,37792.62,247751.62,Invoiced
SO-000554,2024-05-20,CUST-005,Murugan Auto Garage & Works,Small Commercial,BR-01,EMP-002,355.0,63.9,418.9,Invoiced
SO-000555,2024-05-20,CUST-005,Murugan Auto Garage & Works,Small Commercial,BR-01,EMP-002,65.0,11.7,76.7,Invoiced
SO-000556,2024-05-20,CUST-009,Devi Agency & Lighting Store,Retailer / Trader,BR-01,EMP-002,311593.0,56086.74,367679.74,Invoiced
SO-000557,2024-05-21,CUST-034,Silicon Valley PG Hostel Chain,Institution,BR-02,EMP-006,2150.0,387.0,2537.0,Invoiced
SO-000558,2024-05-21,CUST-011,Victory Housing Projects Phase 2,Builder / Commercial,BR-01,EMP-002,42445.0,7640.1,50085.1,Invoiced
SO-000559,2024-05-21,CUST-039,Rangasamy Electrician Workshop,Electrician,BR-03,EMP-009,855.0,153.9,1008.9,Invoiced
SO-000560,2024-05-22,CUST-013,Metro Supermarket Tambaram,Small Commercial,BR-01,EMP-002,11170.0,2010.6,13180.6,Invoiced
SO-000561,2024-05-22,CUST-003,Saravana Electric Works (Govindaraj),Electrician,BR-01,EMP-002,14235.0,2562.3,16797.3,Invoiced
SO-000562,2024-05-22,CUST-040,Sri Krishna Engineering College Hostel,Institution,BR-03,EMP-012,470.0,84.6,554.6,Invoiced
SO-000563,2024-05-22,CUST-006,Dr. Priya Sundaram (Home Clinic),Residential / B2C,BR-01,EMP-003,255.0,45.9,300.9,Invoiced
SO-000564,2024-05-22,CUST-018,Lakshmi Vilas Sweets & Bakery,Small Commercial,BR-01,EMP-003,2547.0,458.46,3005.46,Invoiced
SO-000565,2024-05-22,CUST-031,Nandini Milk Parlour & Mart,Small Commercial,BR-02,EMP-007,915.0,164.7,1079.7,Invoiced
SO-000566,2024-05-23,CUST-009,Devi Agency & Lighting Store,Retailer / Trader,BR-01,EMP-002,264370.0,47586.6,311956.6,Invoiced
SO-000567,2024-05-23,CUST-005,Murugan Auto Garage & Works,Small Commercial,BR-01,EMP-002,720.0,129.6,849.6,Invoiced
SO-000568,2024-05-23,CUST-030,Dr. Arvind Rao Dental Clinic,Small Commercial,BR-02,EMP-007,605.0,108.9,713.9,Invoiced
SO-000569,2024-05-23,CUST-013,Metro Supermarket Tambaram,Small Commercial,BR-01,EMP-003,3073.0,553.14,3626.14,Invoiced
SO-000570,2024-05-23,CUST-014,Siva Shankaran (Individual Home),Residential / B2C,BR-01,EMP-003,830.0,149.4,979.4,Invoiced
SO-000571,2024-05-23,CUST-014,Siva Shankaran (Individual Home),Residential / B2C,BR-01,EMP-003,850.0,153.0,1003.0,Invoiced
SO-000572,2024-05-23,CUST-041,Kongu Builders & Real Estate,Builder / Commercial,BR-03,EMP-012,11885.0,2139.3,14024.3,Invoiced
SO-000573,2024-05-23,CUST-031,Nandini Milk Parlour & Mart,Small Commercial,BR-02,EMP-007,475.0,85.5,560.5,Invoiced
SO-000574,2024-05-24,CUST-005,Murugan Auto Garage & Works,Small Commercial,BR-01,EMP-003,6450.0,1161.0,7611.0,Invoiced
SO-000575,2024-05-24,CUST-021,Mohammed Riyaz (Home Renovation),Residential / B2C,BR-01,EMP-002,130.0,23.4,153.4,Invoiced
SO-000576,2024-05-24,CUST-009,Devi Agency & Lighting Store,Retailer / Trader,BR-01,EMP-002,96223.0,17320.14,113543.14,Invoiced
SO-000577,2024-05-24,CUST-030,Dr. Arvind Rao Dental Clinic,Small Commercial,BR-02,EMP-007,10940.0,1969.2,12909.2,Invoiced
SO-000578,2024-05-25,CUST-030,Dr. Arvind Rao Dental Clinic,Small Commercial,BR-02,EMP-006,11370.0,2046.6,13416.6,Invoiced
SO-000579,2024-05-25,CUST-025,Brigade Vista Apartment Owners Assn,Residential / B2C,BR-02,EMP-006,16065.0,2891.7,18956.7,Invoiced
SO-000580,2024-05-25,CUST-040,Sri Krishna Engineering College Hostel,Institution,BR-03,EMP-010,10385.0,1869.3,12254.3,Invoiced
SO-000581,2024-05-25,CUST-030,Dr. Arvind Rao Dental Clinic,Small Commercial,BR-02,EMP-007,795.0,143.1,938.1,Invoiced
SO-000582,2024-05-27,CUST-027,InnoTech Coworking Hub,Small Commercial,BR-02,EMP-006,75.0,13.5,88.5,Invoiced
SO-000583,2024-05-27,CUST-042,Velan Pump & Motor Spares Store,Retailer / Trader,BR-03,EMP-009,139251.0,25065.18,164316.18,Invoiced
SO-000584,2024-05-27,CUST-014,Siva Shankaran (Individual Home),Residential / B2C,BR-01,EMP-003,175.0,31.5,206.5,Invoiced
SO-000585,2024-05-28,CUST-037,Kovai Textile Mills Facility Team,Small Commercial,BR-03,EMP-012,975.0,175.5,1150.5,Invoiced
SO-000586,2024-05-28,CUST-016,Royal Comfort Residency Hotel,Small Commercial,BR-01,EMP-002,7260.0,1306.8,8566.8,Invoiced
SO-000587,2024-05-28,CUST-012,Karthik Residential Apartment Owner,Residential / B2C,BR-01,EMP-003,175.0,31.5,206.5,Invoiced
SO-000588,2024-05-29,CUST-008,Anbu Electricals (Anbazhagan),Electrician,BR-01,EMP-002,22830.0,4109.4,26939.4,Invoiced
SO-000589,2024-05-29,CUST-008,Anbu Electricals (Anbazhagan),Electrician,BR-01,EMP-003,1854.0,333.72,2187.72,Invoiced
SO-000590,2024-05-29,CUST-032,Cauvery Engineering Contractors,Contractor,BR-02,EMP-006,70200.0,12636.0,82836.0,Invoiced
SO-000591,2024-05-30,CUST-033,Suresh Babu (Villa Construction),Residential / B2C,BR-02,EMP-007,16065.0,2891.7,18956.7,Invoiced
SO-000592,2024-05-30,CUST-008,Anbu Electricals (Anbazhagan),Electrician,BR-01,EMP-002,1886.0,339.48,2225.48,Invoiced
SO-000593,2024-05-30,CUST-001,Balaji Electrical Contractors,Contractor,BR-01,EMP-002,80717.0,14529.06,95246.06,Invoiced
SO-000594,2024-05-31,CUST-027,InnoTech Coworking Hub,Small Commercial,BR-02,EMP-006,240.0,43.2,283.2,Invoiced
SO-000595,2024-05-31,CUST-037,Kovai Textile Mills Facility Team,Small Commercial,BR-03,EMP-009,30.0,5.4,35.4,Invoiced
SO-000596,2024-05-31,CUST-007,TechPark Facility Maintenance Team,Institution,BR-01,EMP-003,15456.0,2782.08,18238.08,Invoiced
SO-000597,2024-05-31,CUST-040,Sri Krishna Engineering College Hostel,Institution,BR-03,EMP-009,75.0,13.5,88.5,Invoiced
SO-000598,2024-05-31,CUST-035,Gowda Electrical Repairs,Electrician,BR-02,EMP-006,2270.0,408.6,2678.6,Invoiced
SO-000599,2024-06-01,CUST-010,Vels Vidyashram School Campus,Institution,BR-01,EMP-002,3245.0,584.1,3829.1,Invoiced
SO-000600,2024-06-01,CUST-023,Kalam Brothers Electrical Store,Retailer / Trader,BR-01,EMP-003,87700.0,15786.0,103486.0,Invoiced
SO-000601,2024-06-01,CUST-015,Srinivasan & Sons Contractor,Contractor,BR-01,EMP-003,81580.0,14684.4,96264.4,Invoiced
SO-000602,2024-06-01,CUST-012,Karthik Residential Apartment Owner,Residential / B2C,BR-01,EMP-003,630.0,113.4,743.4,Invoiced
SO-000603,2024-06-01,CUST-008,Anbu Electricals (Anbazhagan),Electrician,BR-01,EMP-003,730.0,131.4,861.4,Invoiced
SO-000604,2024-06-03,CUST-005,Murugan Auto Garage & Works,Small Commercial,BR-01,EMP-003,7260.0,1306.8,8566.8,Invoiced
SO-000605,2024-06-03,CUST-007,TechPark Facility Maintenance Team,Institution,BR-01,EMP-002,4300.0,774.0,5074.0,Invoiced
SO-000606,2024-06-03,CUST-020,Selvam Electrician Services,Electrician,BR-01,EMP-003,8714.0,1568.52,10282.52,Invoiced
SO-000607,2024-06-03,CUST-017,Apex Manufacturing Solutions,Small Commercial,BR-01,EMP-002,560.0,100.8,660.8,Invoiced
SO-000608,2024-06-04,CUST-015,Srinivasan & Sons Contractor,Contractor,BR-01,EMP-003,48012.0,8642.16,56654.16,Invoiced
SO-000609,2024-06-04,CUST-002,Kalaivani Hardware & Paints,Retailer / Trader,BR-01,EMP-003,325438.0,58578.84,384016.84,Invoiced
SO-000610,2024-06-04,CUST-044,Mani Bros Electricals (Mani),Electrician,BR-03,EMP-010,22335.0,4020.3,26355.3,Invoiced
SO-000611,2024-06-04,CUST-037,Kovai Textile Mills Facility Team,Small Commercial,BR-03,EMP-012,3690.0,664.2,4354.2,Invoiced
SO-000612,2024-06-04,CUST-005,Murugan Auto Garage & Works,Small Commercial,BR-01,EMP-003,90.0,16.2,106.2,Invoiced
SO-000613,2024-06-05,CUST-019,Poompuhar Handicrafts Store,Small Commercial,BR-01,EMP-003,110.0,19.8,129.8,Invoiced
SO-000614,2024-06-05,CUST-012,Karthik Residential Apartment Owner,Residential / B2C,BR-01,EMP-002,1900.0,342.0,2242.0,Invoiced
SO-000615,2024-06-05,CUST-027,InnoTech Coworking Hub,Small Commercial,BR-02,EMP-007,8650.0,1557.0,10207.0,Invoiced
SO-000616,2024-06-06,CUST-030,Dr. Arvind Rao Dental Clinic,Small Commercial,BR-02,EMP-007,80.0,14.4,94.4,Invoiced
SO-000617,2024-06-06,CUST-002,Kalaivani Hardware & Paints,Retailer / Trader,BR-01,EMP-003,248770.0,44778.6,293548.6,Invoiced
SO-000618,2024-06-06,CUST-018,Lakshmi Vilas Sweets & Bakery,Small Commercial,BR-01,EMP-003,12690.0,2284.2,14974.2,Invoiced
SO-000619,2024-06-06,CUST-004,Sri Ramakrishna Builders & Infra,Builder / Commercial,BR-01,EMP-002,26615.0,4790.7,31405.7,Invoiced
SO-000620,2024-06-07,CUST-001,Balaji Electrical Contractors,Contractor,BR-01,EMP-003,96030.0,17285.4,113315.4,Invoiced
SO-000621,2024-06-07,CUST-043,Sundaram Hospital Maintenance,Institution,BR-03,EMP-009,720.0,129.6,849.6,Invoiced
SO-000622,2024-06-07,CUST-032,Cauvery Engineering Contractors,Contractor,BR-02,EMP-006,24925.0,4486.5,29411.5,Invoiced
SO-000623,2024-06-08,CUST-030,Dr. Arvind Rao Dental Clinic,Small Commercial,BR-02,EMP-006,4465.0,803.7,5268.7,Invoiced
SO-000624,2024-06-08,CUST-034,Silicon Valley PG Hostel Chain,Institution,BR-02,EMP-006,515.0,92.7,607.7,Invoiced
SO-000625,2024-06-08,CUST-031,Nandini Milk Parlour & Mart,Small Commercial,BR-02,EMP-007,5210.0,937.8,6147.8,Invoiced
SO-000626,2024-06-10,CUST-031,Nandini Milk Parlour & Mart,Small Commercial,BR-02,EMP-007,1265.0,227.7,1492.7,Invoiced
SO-000627,2024-06-10,CUST-027,InnoTech Coworking Hub,Small Commercial,BR-02,EMP-007,220.0,39.6,259.6,Invoiced
SO-000628,2024-06-10,CUST-045,Karthika Departmental Store,Small Commercial,BR-03,EMP-012,1620.0,291.6,1911.6,Invoiced
SO-000629,2024-06-10,CUST-017,Apex Manufacturing Solutions,Small Commercial,BR-01,EMP-002,3465.0,623.7,4088.7,Invoiced
SO-000630,2024-06-10,CUST-001,Balaji Electrical Contractors,Contractor,BR-01,EMP-003,146690.0,26404.2,173094.2,Invoiced
SO-000631,2024-06-10,CUST-037,Kovai Textile Mills Facility Team,Small Commercial,BR-03,EMP-010,900.0,162.0,1062.0,Invoiced
SO-000632,2024-06-10,CUST-019,Poompuhar Handicrafts Store,Small Commercial,BR-01,EMP-003,2710.0,487.8,3197.8,Invoiced
SO-000633,2024-06-10,CUST-008,Anbu Electricals (Anbazhagan),Electrician,BR-01,EMP-002,5173.0,931.14,6104.14,Invoiced
SO-000634,2024-06-11,CUST-027,InnoTech Coworking Hub,Small Commercial,BR-02,EMP-006,820.0,147.6,967.6,Invoiced
SO-000635,2024-06-11,CUST-015,Srinivasan & Sons Contractor,Contractor,BR-01,EMP-003,10395.0,1871.1,12266.1,Invoiced
SO-000636,2024-06-11,CUST-008,Anbu Electricals (Anbazhagan),Electrician,BR-01,EMP-002,3967.0,714.06,4681.06,Invoiced
SO-000637,2024-06-12,CUST-015,Srinivasan & Sons Contractor,Contractor,BR-01,EMP-002,59543.0,10717.74,70260.74,Invoiced
SO-000638,2024-06-12,CUST-036,Urban Spaces Interior Studio,Contractor,BR-02,EMP-007,17455.0,3141.9,20596.9,Invoiced
SO-000639,2024-06-12,CUST-040,Sri Krishna Engineering College Hostel,Institution,BR-03,EMP-010,315.0,56.7,371.7,Invoiced
SO-000640,2024-06-12,CUST-039,Rangasamy Electrician Workshop,Electrician,BR-03,EMP-012,2120.0,381.6,2501.6,Invoiced
SO-000641,2024-06-13,CUST-017,Apex Manufacturing Solutions,Small Commercial,BR-01,EMP-002,360.0,64.8,424.8,Invoiced
SO-000642,2024-06-13,CUST-019,Poompuhar Handicrafts Store,Small Commercial,BR-01,EMP-003,830.0,149.4,979.4,Invoiced
SO-000643,2024-06-13,CUST-021,Mohammed Riyaz (Home Renovation),Residential / B2C,BR-01,EMP-003,295.0,53.1,348.1,Invoiced
SO-000644,2024-06-13,CUST-041,Kongu Builders & Real Estate,Builder / Commercial,BR-03,EMP-010,162765.0,29297.7,192062.7,Invoiced
SO-000645,2024-06-13,CUST-029,Raghavendra Infrastructure Developers,Builder / Commercial,BR-02,EMP-007,63421.0,11415.78,74836.78,Invoiced
SO-000646,2024-06-13,CUST-028,Sri Venkateshwara Hardware & Electricals,Retailer / Trader,BR-02,EMP-006,439420.0,79095.6,518515.6,Invoiced
SO-000647,2024-06-13,CUST-021,Mohammed Riyaz (Home Renovation),Residential / B2C,BR-01,EMP-002,7455.0,1341.9,8796.9,Invoiced
SO-000648,2024-06-14,CUST-015,Srinivasan & Sons Contractor,Contractor,BR-01,EMP-003,156660.0,28198.8,184858.8,Invoiced
SO-000649,2024-06-14,CUST-021,Mohammed Riyaz (Home Renovation),Residential / B2C,BR-01,EMP-002,1820.0,327.6,2147.6,Invoiced
SO-000650,2024-06-14,CUST-033,Suresh Babu (Villa Construction),Residential / B2C,BR-02,EMP-007,7050.0,1269.0,8319.0,Invoiced
SO-000651,2024-06-15,CUST-009,Devi Agency & Lighting Store,Retailer / Trader,BR-01,EMP-002,180020.0,32403.6,212423.6,Invoiced
SO-000652,2024-06-15,CUST-009,Devi Agency & Lighting Store,Retailer / Trader,BR-01,EMP-003,65320.0,11757.6,77077.6,Invoiced
SO-000653,2024-06-15,CUST-022,Global Smart Solutions (P) Ltd,Contractor,BR-01,EMP-002,160615.0,28910.7,189525.7,Invoiced
SO-000654,2024-06-15,CUST-018,Lakshmi Vilas Sweets & Bakery,Small Commercial,BR-01,EMP-003,1100.0,198.0,1298.0,Invoiced
SO-000655,2024-06-15,CUST-037,Kovai Textile Mills Facility Team,Small Commercial,BR-03,EMP-009,680.0,122.4,802.4,Invoiced
SO-000656,2024-06-15,CUST-040,Sri Krishna Engineering College Hostel,Institution,BR-03,EMP-009,2590.0,466.2,3056.2,Invoiced
SO-000657,2024-06-15,CUST-010,Vels Vidyashram School Campus,Institution,BR-01,EMP-002,1700.0,306.0,2006.0,Invoiced
SO-000658,2024-06-17,CUST-046,Annamalai Agro Processing Unit,Small Commercial,BR-03,EMP-009,495.0,89.1,584.1,Invoiced
SO-000659,2024-06-17,CUST-021,Mohammed Riyaz (Home Renovation),Residential / B2C,BR-01,EMP-003,165.0,29.7,194.7,Invoiced
SO-000660,2024-06-18,CUST-045,Karthika Departmental Store,Small Commercial,BR-03,EMP-012,240.0,43.2,283.2,Invoiced
SO-000661,2024-06-18,CUST-036,Urban Spaces Interior Studio,Contractor,BR-02,EMP-006,19820.0,3567.6,23387.6,Invoiced
SO-000662,2024-06-18,CUST-014,Siva Shankaran (Individual Home),Residential / B2C,BR-01,EMP-003,65.0,11.7,76.7,Invoiced
SO-000663,2024-06-18,CUST-014,Siva Shankaran (Individual Home),Residential / B2C,BR-01,EMP-003,2370.0,426.6,2796.6,Invoiced
SO-000664,2024-06-18,CUST-016,Royal Comfort Residency Hotel,Small Commercial,BR-01,EMP-002,11590.0,2086.2,13676.2,Invoiced
SO-000665,2024-06-18,CUST-015,Srinivasan & Sons Contractor,Contractor,BR-01,EMP-003,8542.0,1537.56,10079.56,Invoiced
SO-000666,2024-06-19,CUST-017,Apex Manufacturing Solutions,Small Commercial,BR-01,EMP-002,4300.0,774.0,5074.0,Invoiced
SO-000667,2024-06-19,CUST-008,Anbu Electricals (Anbazhagan),Electrician,BR-01,EMP-003,15940.0,2869.2,18809.2,Invoiced
SO-000668,2024-06-19,CUST-035,Gowda Electrical Repairs,Electrician,BR-02,EMP-006,12786.0,2301.48,15087.48,Invoiced
SO-000669,2024-06-19,CUST-019,Poompuhar Handicrafts Store,Small Commercial,BR-01,EMP-002,2350.0,423.0,2773.0,Invoiced
SO-000670,2024-06-19,CUST-018,Lakshmi Vilas Sweets & Bakery,Small Commercial,BR-01,EMP-003,175.0,31.5,206.5,Invoiced
SO-000671,2024-06-20,CUST-038,Marutham Electrical & Power Agency,Retailer / Trader,BR-03,EMP-010,186205.0,33516.9,219721.9,Invoiced
SO-000672,2024-06-20,CUST-045,Karthika Departmental Store,Small Commercial,BR-03,EMP-010,2965.0,533.7,3498.7,Invoiced
SO-000673,2024-06-20,CUST-035,Gowda Electrical Repairs,Electrician,BR-02,EMP-007,2650.0,477.0,3127.0,Invoiced
SO-000674,2024-06-20,CUST-041,Kongu Builders & Real Estate,Builder / Commercial,BR-03,EMP-009,56210.0,10117.8,66327.8,Invoiced
SO-000675,2024-06-20,CUST-010,Vels Vidyashram School Campus,Institution,BR-01,EMP-003,3150.0,567.0,3717.0,Invoiced
SO-000676,2024-06-20,CUST-033,Suresh Babu (Villa Construction),Residential / B2C,BR-02,EMP-006,1440.0,259.2,1699.2,Invoiced
SO-000677,2024-06-20,CUST-011,Victory Housing Projects Phase 2,Builder / Commercial,BR-01,EMP-003,46125.0,8302.5,54427.5,Invoiced
SO-000678,2024-06-20,CUST-010,Vels Vidyashram School Campus,Institution,BR-01,EMP-003,2030.0,365.4,2395.4,Invoiced
SO-000679,2024-06-21,CUST-020,Selvam Electrician Services,Electrician,BR-01,EMP-002,11970.0,2154.6,14124.6,Invoiced
SO-000680,2024-06-21,CUST-013,Metro Supermarket Tambaram,Small Commercial,BR-01,EMP-003,10480.0,1886.4,12366.4,Invoiced
SO-000681,2024-06-21,CUST-014,Siva Shankaran (Individual Home),Residential / B2C,BR-01,EMP-002,2710.0,487.8,3197.8,Invoiced
SO-000682,2024-06-22,CUST-037,Kovai Textile Mills Facility Team,Small Commercial,BR-03,EMP-009,2630.0,473.4,3103.4,Invoiced
SO-000683,2024-06-22,CUST-004,Sri Ramakrishna Builders & Infra,Builder / Commercial,BR-01,EMP-002,62475.0,11245.5,73720.5,Invoiced
SO-000684,2024-06-22,CUST-014,Siva Shankaran (Individual Home),Residential / B2C,BR-01,EMP-002,6450.0,1161.0,7611.0,Invoiced
SO-000685,2024-06-22,CUST-036,Urban Spaces Interior Studio,Contractor,BR-02,EMP-007,75150.0,13527.0,88677.0,Invoiced
SO-000686,2024-06-24,CUST-030,Dr. Arvind Rao Dental Clinic,Small Commercial,BR-02,EMP-006,1040.0,187.2,1227.2,Invoiced
SO-000687,2024-06-24,CUST-002,Kalaivani Hardware & Paints,Retailer / Trader,BR-01,EMP-002,307786.0,55401.48,363187.48,Invoiced
SO-000688,2024-06-24,CUST-043,Sundaram Hospital Maintenance,Institution,BR-03,EMP-012,175.0,31.5,206.5,Invoiced
SO-000689,2024-06-24,CUST-001,Balaji Electrical Contractors,Contractor,BR-01,EMP-002,61494.0,11068.92,72562.92,Invoiced
SO-000690,2024-06-24,CUST-030,Dr. Arvind Rao Dental Clinic,Small Commercial,BR-02,EMP-006,1100.0,198.0,1298.0,Invoiced
SO-000691,2024-06-24,CUST-009,Devi Agency & Lighting Store,Retailer / Trader,BR-01,EMP-003,111435.0,20058.3,131493.3,Invoiced
SO-000692,2024-06-24,CUST-038,Marutham Electrical & Power Agency,Retailer / Trader,BR-03,EMP-010,90915.0,16364.7,107279.7,Invoiced
SO-000693,2024-06-25,CUST-034,Silicon Valley PG Hostel Chain,Institution,BR-02,EMP-007,935.0,168.3,1103.3,Invoiced
SO-000694,2024-06-25,CUST-031,Nandini Milk Parlour & Mart,Small Commercial,BR-02,EMP-007,1290.0,232.2,1522.2,Invoiced
SO-000695,2024-06-25,CUST-035,Gowda Electrical Repairs,Electrician,BR-02,EMP-007,2300.0,414.0,2714.0,Invoiced
SO-000696,2024-06-26,CUST-007,TechPark Facility Maintenance Team,Institution,BR-01,EMP-002,4430.0,797.4,5227.4,Invoiced
SO-000697,2024-06-26,CUST-020,Selvam Electrician Services,Electrician,BR-01,EMP-002,3265.0,587.7,3852.7,Invoiced
SO-000698,2024-06-26,CUST-028,Sri Venkateshwara Hardware & Electricals,Retailer / Trader,BR-02,EMP-006,225295.0,40553.1,265848.1,Invoiced
SO-000699,2024-06-26,CUST-007,TechPark Facility Maintenance Team,Institution,BR-01,EMP-003,2550.0,459.0,3009.0,Invoiced
SO-000700,2024-06-26,CUST-039,Rangasamy Electrician Workshop,Electrician,BR-03,EMP-009,7725.0,1390.5,9115.5,Invoiced
SO-000701,2024-06-26,CUST-020,Selvam Electrician Services,Electrician,BR-01,EMP-003,8489.0,1528.02,10017.02,Invoiced
SO-000702,2024-06-26,CUST-023,Kalam Brothers Electrical Store,Retailer / Trader,BR-01,EMP-003,71565.0,12881.7,84446.7,Invoiced
SO-000703,2024-06-27,CUST-033,Suresh Babu (Villa Construction),Residential / B2C,BR-02,EMP-006,2580.0,464.4,3044.4,Invoiced
SO-000704,2024-06-27,CUST-028,Sri Venkateshwara Hardware & Electricals,Retailer / Trader,BR-02,EMP-007,287795.0,51803.1,339598.1,Invoiced
SO-000705,2024-06-27,CUST-044,Mani Bros Electricals (Mani),Electrician,BR-03,EMP-010,1965.0,353.7,2318.7,Invoiced
SO-000706,2024-06-27,CUST-035,Gowda Electrical Repairs,Electrician,BR-02,EMP-007,8930.0,1607.4,10537.4,Invoiced
SO-000707,2024-06-27,CUST-003,Saravana Electric Works (Govindaraj),Electrician,BR-01,EMP-002,11675.0,2101.5,13776.5,Invoiced
SO-000708,2024-06-27,CUST-028,Sri Venkateshwara Hardware & Electricals,Retailer / Trader,BR-02,EMP-006,51825.0,9328.5,61153.5,Invoiced
SO-000709,2024-06-28,CUST-044,Mani Bros Electricals (Mani),Electrician,BR-03,EMP-010,4100.0,738.0,4838.0,Invoiced
SO-000710,2024-06-28,CUST-046,Annamalai Agro Processing Unit,Small Commercial,BR-03,EMP-012,2375.0,427.5,2802.5,Invoiced
SO-000711,2024-06-28,CUST-001,Balaji Electrical Contractors,Contractor,BR-01,EMP-003,17579.0,3164.22,20743.22,Invoiced
SO-000712,2024-06-28,CUST-019,Poompuhar Handicrafts Store,Small Commercial,BR-01,EMP-002,180.0,32.4,212.4,Invoiced
SO-000713,2024-06-29,CUST-039,Rangasamy Electrician Workshop,Electrician,BR-03,EMP-009,1920.0,345.6,2265.6,Invoiced
SO-000714,2024-06-29,CUST-027,InnoTech Coworking Hub,Small Commercial,BR-02,EMP-007,7810.0,1405.8,9215.8,Invoiced
SO-000715,2024-06-29,CUST-029,Raghavendra Infrastructure Developers,Builder / Commercial,BR-02,EMP-006,20684.0,3723.12,24407.12,Invoiced
SO-000716,2024-06-29,CUST-040,Sri Krishna Engineering College Hostel,Institution,BR-03,EMP-009,380.0,68.4,448.4,Invoiced
SO-000717,2024-06-29,CUST-011,Victory Housing Projects Phase 2,Builder / Commercial,BR-01,EMP-002,22720.0,4089.6,26809.6,Invoiced
SO-000718,2024-06-29,CUST-022,Global Smart Solutions (P) Ltd,Contractor,BR-01,EMP-003,11045.0,1988.1,13033.1,Invoiced
SO-000719,2024-07-01,CUST-022,Global Smart Solutions (P) Ltd,Contractor,BR-01,EMP-002,60398.0,10871.64,71269.64,Invoiced
SO-000720,2024-07-01,CUST-037,Kovai Textile Mills Facility Team,Small Commercial,BR-03,EMP-010,1010.0,181.8,1191.8,Invoiced
SO-000721,2024-07-01,CUST-020,Selvam Electrician Services,Electrician,BR-01,EMP-003,28935.0,5208.3,34143.3,Invoiced
SO-000722,2024-07-01,CUST-033,Suresh Babu (Villa Construction),Residential / B2C,BR-02,EMP-006,1790.0,322.2,2112.2,Invoiced
SO-000723,2024-07-01,CUST-033,Suresh Babu (Villa Construction),Residential / B2C,BR-02,EMP-006,2515.0,452.7,2967.7,Invoiced
SO-000724,2024-07-01,CUST-031,Nandini Milk Parlour & Mart,Small Commercial,BR-02,EMP-006,240.0,43.2,283.2,Invoiced
SO-000725,2024-07-01,CUST-005,Murugan Auto Garage & Works,Small Commercial,BR-01,EMP-002,4550.0,819.0,5369.0,Invoiced
SO-000726,2024-07-02,CUST-032,Cauvery Engineering Contractors,Contractor,BR-02,EMP-007,82389.0,14830.02,97219.02,Invoiced
SO-000727,2024-07-02,CUST-012,Karthik Residential Apartment Owner,Residential / B2C,BR-01,EMP-002,4715.0,848.7,5563.7,Invoiced
SO-000728,2024-07-02,CUST-018,Lakshmi Vilas Sweets & Bakery,Small Commercial,BR-01,EMP-002,4850.0,873.0,5723.0,Invoiced
SO-000729,2024-07-02,CUST-004,Sri Ramakrishna Builders & Infra,Builder / Commercial,BR-01,EMP-003,57021.0,10263.78,67284.78,Invoiced
SO-000730,2024-07-03,CUST-017,Apex Manufacturing Solutions,Small Commercial,BR-01,EMP-003,5200.0,936.0,6136.0,Invoiced
SO-000731,2024-07-03,CUST-033,Suresh Babu (Villa Construction),Residential / B2C,BR-02,EMP-007,520.0,93.6,613.6,Invoiced
SO-000732,2024-07-03,CUST-007,TechPark Facility Maintenance Team,Institution,BR-01,EMP-002,1330.0,239.4,1569.4,Invoiced
SO-000733,2024-07-03,CUST-013,Metro Supermarket Tambaram,Small Commercial,BR-01,EMP-002,890.0,160.2,1050.2,Invoiced
SO-000734,2024-07-03,CUST-031,Nandini Milk Parlour & Mart,Small Commercial,BR-02,EMP-007,2800.0,504.0,3304.0,Invoiced
SO-000735,2024-07-04,CUST-004,Sri Ramakrishna Builders & Infra,Builder / Commercial,BR-01,EMP-002,29086.0,5235.48,34321.48,Invoiced
SO-000736,2024-07-04,CUST-031,Nandini Milk Parlour & Mart,Small Commercial,BR-02,EMP-007,1310.0,235.8,1545.8,Invoiced
SO-000737,2024-07-04,CUST-039,Rangasamy Electrician Workshop,Electrician,BR-03,EMP-010,8300.0,1494.0,9794.0,Invoiced
SO-000738,2024-07-04,CUST-037,Kovai Textile Mills Facility Team,Small Commercial,BR-03,EMP-009,175.0,31.5,206.5,Invoiced
SO-000739,2024-07-04,CUST-005,Murugan Auto Garage & Works,Small Commercial,BR-01,EMP-002,5765.0,1037.7,6802.7,Invoiced
SO-000740,2024-07-05,CUST-017,Apex Manufacturing Solutions,Small Commercial,BR-01,EMP-003,710.0,127.8,837.8,Invoiced
SO-000741,2024-07-05,CUST-003,Saravana Electric Works (Govindaraj),Electrician,BR-01,EMP-002,4856.0,874.08,5730.08,Invoiced
SO-000742,2024-07-05,CUST-013,Metro Supermarket Tambaram,Small Commercial,BR-01,EMP-003,65.0,11.7,76.7,Invoiced
SO-000743,2024-07-05,CUST-045,Karthika Departmental Store,Small Commercial,BR-03,EMP-012,1055.0,189.9,1244.9,Invoiced
SO-000744,2024-07-05,CUST-002,Kalaivani Hardware & Paints,Retailer / Trader,BR-01,EMP-003,144135.5,25944.39,170079.89,Invoiced
SO-000745,2024-07-06,CUST-009,Devi Agency & Lighting Store,Retailer / Trader,BR-01,EMP-003,213285.0,38391.3,251676.3,Invoiced
SO-000746,2024-07-06,CUST-014,Siva Shankaran (Individual Home),Residential / B2C,BR-01,EMP-002,125.0,22.5,147.5,Invoiced
SO-000747,2024-07-08,CUST-007,TechPark Facility Maintenance Team,Institution,BR-01,EMP-003,5800.0,1044.0,6844.0,Invoiced
SO-000748,2024-07-08,CUST-016,Royal Comfort Residency Hotel,Small Commercial,BR-01,EMP-002,75.0,13.5,88.5,Invoiced
SO-000749,2024-07-08,CUST-011,Victory Housing Projects Phase 2,Builder / Commercial,BR-01,EMP-002,54710.0,9847.8,64557.8,Invoiced
SO-000750,2024-07-08,CUST-010,Vels Vidyashram School Campus,Institution,BR-01,EMP-002,940.0,169.2,1109.2,Invoiced
SO-000751,2024-07-08,CUST-027,InnoTech Coworking Hub,Small Commercial,BR-02,EMP-007,995.0,179.1,1174.1,Invoiced
SO-000752,2024-07-09,CUST-015,Srinivasan & Sons Contractor,Contractor,BR-01,EMP-002,97255.0,17505.9,114760.9,Invoiced
SO-000753,2024-07-09,CUST-003,Saravana Electric Works (Govindaraj),Electrician,BR-01,EMP-002,5720.0,1029.6,6749.6,Invoiced
SO-000754,2024-07-09,CUST-037,Kovai Textile Mills Facility Team,Small Commercial,BR-03,EMP-010,1715.0,308.7,2023.7,Invoiced
SO-000755,2024-07-09,CUST-032,Cauvery Engineering Contractors,Contractor,BR-02,EMP-006,53704.5,9666.81,63371.31,Invoiced
SO-000756,2024-07-10,CUST-010,Vels Vidyashram School Campus,Institution,BR-01,EMP-002,2590.0,466.2,3056.2,Invoiced
SO-000757,2024-07-10,CUST-040,Sri Krishna Engineering College Hostel,Institution,BR-03,EMP-012,900.0,162.0,1062.0,Invoiced
SO-000758,2024-07-10,CUST-009,Devi Agency & Lighting Store,Retailer / Trader,BR-01,EMP-002,40200.0,7236.0,47436.0,Invoiced
SO-000759,2024-07-10,CUST-005,Murugan Auto Garage & Works,Small Commercial,BR-01,EMP-003,2150.0,387.0,2537.0,Invoiced
SO-000760,2024-07-11,CUST-041,Kongu Builders & Real Estate,Builder / Commercial,BR-03,EMP-009,41348.0,7442.64,48790.64,Invoiced
SO-000761,2024-07-11,CUST-003,Saravana Electric Works (Govindaraj),Electrician,BR-01,EMP-002,8425.0,1516.5,9941.5,Invoiced
SO-000762,2024-07-11,CUST-028,Sri Venkateshwara Hardware & Electricals,Retailer / Trader,BR-02,EMP-007,62503.0,11250.54,73753.54,Invoiced
SO-000763,2024-07-12,CUST-043,Sundaram Hospital Maintenance,Institution,BR-03,EMP-009,700.0,126.0,826.0,Invoiced
SO-000764,2024-07-12,CUST-029,Raghavendra Infrastructure Developers,Builder / Commercial,BR-02,EMP-007,38408.0,6913.44,45321.44,Invoiced
SO-000765,2024-07-12,CUST-004,Sri Ramakrishna Builders & Infra,Builder / Commercial,BR-01,EMP-003,15589.0,2806.02,18395.02,Invoiced
SO-000766,2024-07-12,CUST-020,Selvam Electrician Services,Electrician,BR-01,EMP-003,1940.0,349.2,2289.2,Invoiced
SO-000767,2024-07-12,CUST-032,Cauvery Engineering Contractors,Contractor,BR-02,EMP-006,22167.0,3990.06,26157.06,Invoiced
SO-000768,2024-07-12,CUST-046,Annamalai Agro Processing Unit,Small Commercial,BR-03,EMP-010,3220.0,579.6,3799.6,Invoiced
SO-000769,2024-07-12,CUST-029,Raghavendra Infrastructure Developers,Builder / Commercial,BR-02,EMP-006,32580.0,5864.4,38444.4,Invoiced
SO-000770,2024-07-13,CUST-036,Urban Spaces Interior Studio,Contractor,BR-02,EMP-007,92729.0,16691.22,109420.22,Invoiced
SO-000771,2024-07-13,CUST-033,Suresh Babu (Villa Construction),Residential / B2C,BR-02,EMP-007,1750.0,315.0,2065.0,Invoiced
SO-000772,2024-07-13,CUST-042,Velan Pump & Motor Spares Store,Retailer / Trader,BR-03,EMP-012,45615.0,8210.7,53825.7,Invoiced
SO-000773,2024-07-13,CUST-047,Kovai Elite Residency Hotel,Small Commercial,BR-03,EMP-010,4450.0,801.0,5251.0,Invoiced
SO-000774,2024-07-13,CUST-037,Kovai Textile Mills Facility Team,Small Commercial,BR-03,EMP-010,1750.0,315.0,2065.0,Invoiced
SO-000775,2024-07-13,CUST-047,Kovai Elite Residency Hotel,Small Commercial,BR-03,EMP-012,850.0,153.0,1003.0,Invoiced
SO-000776,2024-07-13,CUST-026,Manjunatha Electrical Works,Electrician,BR-02,EMP-007,3425.0,616.5,4041.5,Invoiced
SO-000777,2024-07-15,CUST-002,Kalaivani Hardware & Paints,Retailer / Trader,BR-01,EMP-003,283300.0,50994.0,334294.0,Invoiced
SO-000778,2024-07-15,CUST-003,Saravana Electric Works (Govindaraj),Electrician,BR-01,EMP-003,1356.0,244.08,1600.08,Invoiced
SO-000779,2024-07-15,CUST-036,Urban Spaces Interior Studio,Contractor,BR-02,EMP-006,59057.5,10630.35,69687.85,Invoiced
SO-000780,2024-07-15,CUST-045,Karthika Departmental Store,Small Commercial,BR-03,EMP-010,1290.0,232.2,1522.2,Invoiced
SO-000781,2024-07-15,CUST-029,Raghavendra Infrastructure Developers,Builder / Commercial,BR-02,EMP-006,9319.0,1677.42,10996.42,Invoiced
SO-000782,2024-07-16,CUST-035,Gowda Electrical Repairs,Electrician,BR-02,EMP-006,1457.0,262.26,1719.26,Invoiced
SO-000783,2024-07-16,CUST-044,Mani Bros Electricals (Mani),Electrician,BR-03,EMP-009,7520.0,1353.6,8873.6,Invoiced
SO-000784,2024-07-16,CUST-014,Siva Shankaran (Individual Home),Residential / B2C,BR-01,EMP-002,7215.0,1298.7,8513.7,Invoiced
SO-000785,2024-07-16,CUST-015,Srinivasan & Sons Contractor,Contractor,BR-01,EMP-003,132960.0,23932.8,156892.8,Invoiced
SO-000786,2024-07-16,CUST-032,Cauvery Engineering Contractors,Contractor,BR-02,EMP-006,30719.0,5529.42,36248.42,Invoiced
SO-000787,2024-07-16,CUST-019,Poompuhar Handicrafts Store,Small Commercial,BR-01,EMP-002,2390.0,430.2,2820.2,Invoiced
SO-000788,2024-07-16,CUST-015,Srinivasan & Sons Contractor,Contractor,BR-01,EMP-003,8420.0,1515.6,9935.6,Invoiced
SO-000789,2024-07-17,CUST-029,Raghavendra Infrastructure Developers,Builder / Commercial,BR-02,EMP-007,33080.0,5954.4,39034.4,Invoiced
SO-000790,2024-07-17,CUST-040,Sri Krishna Engineering College Hostel,Institution,BR-03,EMP-012,1495.0,269.1,1764.1,Invoiced
SO-000791,2024-07-17,CUST-005,Murugan Auto Garage & Works,Small Commercial,BR-01,EMP-003,480.0,86.4,566.4,Invoiced
SO-000792,2024-07-17,CUST-040,Sri Krishna Engineering College Hostel,Institution,BR-03,EMP-012,1130.0,203.4,1333.4,Invoiced
SO-000793,2024-07-17,CUST-025,Brigade Vista Apartment Owners Assn,Residential / B2C,BR-02,EMP-007,2910.0,523.8,3433.8,Invoiced
SO-000794,2024-07-17,CUST-023,Kalam Brothers Electrical Store,Retailer / Trader,BR-01,EMP-003,53538.0,9636.84,63174.84,Invoiced
SO-000795,2024-07-17,CUST-036,Urban Spaces Interior Studio,Contractor,BR-02,EMP-007,34514.0,6212.52,40726.52,Invoiced
SO-000796,2024-07-17,CUST-025,Brigade Vista Apartment Owners Assn,Residential / B2C,BR-02,EMP-007,7210.0,1297.8,8507.8,Invoiced
SO-000797,2024-07-18,CUST-041,Kongu Builders & Real Estate,Builder / Commercial,BR-03,EMP-009,10565.0,1901.7,12466.7,Invoiced
SO-000798,2024-07-18,CUST-021,Mohammed Riyaz (Home Renovation),Residential / B2C,BR-01,EMP-003,550.0,99.0,649.0,Invoiced
SO-000799,2024-07-18,CUST-036,Urban Spaces Interior Studio,Contractor,BR-02,EMP-007,18760.0,3376.8,22136.8,Invoiced
SO-000800,2024-07-18,CUST-031,Nandini Milk Parlour & Mart,Small Commercial,BR-02,EMP-007,150.0,27.0,177.0,Invoiced
SO-000801,2024-07-18,CUST-038,Marutham Electrical & Power Agency,Retailer / Trader,BR-03,EMP-009,226860.0,40834.8,267694.8,Invoiced
SO-000802,2024-07-18,CUST-038,Marutham Electrical & Power Agency,Retailer / Trader,BR-03,EMP-009,242265.0,43607.7,285872.7,Invoiced
SO-000803,2024-07-19,CUST-006,Dr. Priya Sundaram (Home Clinic),Residential / B2C,BR-01,EMP-002,670.0,120.6,790.6,Invoiced
SO-000804,2024-07-19,CUST-013,Metro Supermarket Tambaram,Small Commercial,BR-01,EMP-003,690.0,124.2,814.2,Invoiced
SO-000805,2024-07-19,CUST-023,Kalam Brothers Electrical Store,Retailer / Trader,BR-01,EMP-003,111390.0,20050.2,131440.2,Invoiced
SO-000806,2024-07-19,CUST-005,Murugan Auto Garage & Works,Small Commercial,BR-01,EMP-002,1100.0,198.0,1298.0,Invoiced
SO-000807,2024-07-19,CUST-005,Murugan Auto Garage & Works,Small Commercial,BR-01,EMP-003,30.0,5.4,35.4,Invoiced
SO-000808,2024-07-19,CUST-007,TechPark Facility Maintenance Team,Institution,BR-01,EMP-002,5050.0,909.0,5959.0,Invoiced
SO-000809,2024-07-19,CUST-041,Kongu Builders & Real Estate,Builder / Commercial,BR-03,EMP-009,148244.0,26683.92,174927.92,Invoiced
SO-000810,2024-07-19,CUST-015,Srinivasan & Sons Contractor,Contractor,BR-01,EMP-003,86913.0,15644.34,102557.34,Invoiced
SO-000811,2024-07-20,CUST-040,Sri Krishna Engineering College Hostel,Institution,BR-03,EMP-012,205.0,36.9,241.9,Invoiced
SO-000812,2024-07-20,CUST-031,Nandini Milk Parlour & Mart,Small Commercial,BR-02,EMP-006,3690.0,664.2,4354.2,Invoiced
SO-000813,2024-07-20,CUST-011,Victory Housing Projects Phase 2,Builder / Commercial,BR-01,EMP-003,5525.0,994.5,6519.5,Invoiced
SO-000814,2024-07-22,CUST-026,Manjunatha Electrical Works,Electrician,BR-02,EMP-007,8974.0,1615.32,10589.32,Invoiced
SO-000815,2024-07-22,CUST-011,Victory Housing Projects Phase 2,Builder / Commercial,BR-01,EMP-003,11334.0,2040.12,13374.12,Invoiced
SO-000816,2024-07-22,CUST-008,Anbu Electricals (Anbazhagan),Electrician,BR-01,EMP-003,1392.0,250.56,1642.56,Invoiced
SO-000817,2024-07-23,CUST-031,Nandini Milk Parlour & Mart,Small Commercial,BR-02,EMP-006,2265.0,407.7,2672.7,Invoiced
SO-000818,2024-07-23,CUST-041,Kongu Builders & Real Estate,Builder / Commercial,BR-03,EMP-009,179032.0,32225.76,211257.76,Invoiced
SO-000819,2024-07-23,CUST-018,Lakshmi Vilas Sweets & Bakery,Small Commercial,BR-01,EMP-002,2865.0,515.7,3380.7,Invoiced
SO-000820,2024-07-23,CUST-021,Mohammed Riyaz (Home Renovation),Residential / B2C,BR-01,EMP-003,690.0,124.2,814.2,Invoiced
SO-000821,2024-07-23,CUST-039,Rangasamy Electrician Workshop,Electrician,BR-03,EMP-009,10080.0,1814.4,11894.4,Invoiced
SO-000822,2024-07-23,CUST-001,Balaji Electrical Contractors,Contractor,BR-01,EMP-003,31738.0,5712.84,37450.84,Invoiced
SO-000823,2024-07-23,CUST-046,Annamalai Agro Processing Unit,Small Commercial,BR-03,EMP-009,3655.0,657.9,4312.9,Invoiced
SO-000824,2024-07-23,CUST-025,Brigade Vista Apartment Owners Assn,Residential / B2C,BR-02,EMP-007,1190.0,214.2,1404.2,Invoiced
SO-000825,2024-07-24,CUST-027,InnoTech Coworking Hub,Small Commercial,BR-02,EMP-006,2960.0,532.8,3492.8,Invoiced
SO-000826,2024-07-24,CUST-003,Saravana Electric Works (Govindaraj),Electrician,BR-01,EMP-003,12645.0,2276.1,14921.1,Invoiced
SO-000827,2024-07-24,CUST-045,Karthika Departmental Store,Small Commercial,BR-03,EMP-009,395.0,71.1,466.1,Invoiced
SO-000828,2024-07-24,CUST-038,Marutham Electrical & Power Agency,Retailer / Trader,BR-03,EMP-012,147762.5,26597.25,174359.75,Invoiced
SO-000829,2024-07-24,CUST-017,Apex Manufacturing Solutions,Small Commercial,BR-01,EMP-002,1900.0,342.0,2242.0,Invoiced
SO-000830,2024-07-24,CUST-025,Brigade Vista Apartment Owners Assn,Residential / B2C,BR-02,EMP-007,850.0,153.0,1003.0,Invoiced
SO-000831,2024-07-24,CUST-020,Selvam Electrician Services,Electrician,BR-01,EMP-002,3540.0,637.2,4177.2,Invoiced
SO-000832,2024-07-25,CUST-005,Murugan Auto Garage & Works,Small Commercial,BR-01,EMP-002,455.0,81.9,536.9,Invoiced
SO-000833,2024-07-25,CUST-001,Balaji Electrical Contractors,Contractor,BR-01,EMP-002,44755.0,8055.9,52810.9,Invoiced
SO-000834,2024-07-25,CUST-014,Siva Shankaran (Individual Home),Residential / B2C,BR-01,EMP-002,75.0,13.5,88.5,Invoiced
SO-000835,2024-07-25,CUST-038,Marutham Electrical & Power Agency,Retailer / Trader,BR-03,EMP-010,122585.0,22065.3,144650.3,Invoiced
SO-000836,2024-07-26,CUST-002,Kalaivani Hardware & Paints,Retailer / Trader,BR-01,EMP-002,25120.0,4521.6,29641.6,Invoiced
SO-000837,2024-07-26,CUST-047,Kovai Elite Residency Hotel,Small Commercial,BR-03,EMP-009,4300.0,774.0,5074.0,Invoiced
SO-000838,2024-07-26,CUST-032,Cauvery Engineering Contractors,Contractor,BR-02,EMP-006,158920.0,28605.6,187525.6,Invoiced
SO-000839,2024-07-26,CUST-033,Suresh Babu (Villa Construction),Residential / B2C,BR-02,EMP-006,7250.0,1305.0,8555.0,Invoiced
SO-000840,2024-07-27,CUST-008,Anbu Electricals (Anbazhagan),Electrician,BR-01,EMP-003,5050.0,909.0,5959.0,Invoiced
SO-000841,2024-07-27,CUST-045,Karthika Departmental Store,Small Commercial,BR-03,EMP-009,150.0,27.0,177.0,Invoiced
SO-000842,2024-07-27,CUST-005,Murugan Auto Garage & Works,Small Commercial,BR-01,EMP-002,4910.0,883.8,5793.8,Invoiced
SO-000843,2024-07-27,CUST-013,Metro Supermarket Tambaram,Small Commercial,BR-01,EMP-003,75.0,13.5,88.5,Invoiced
SO-000844,2024-07-27,CUST-008,Anbu Electricals (Anbazhagan),Electrician,BR-01,EMP-002,18410.0,3313.8,21723.8,Invoiced
SO-000845,2024-07-27,CUST-032,Cauvery Engineering Contractors,Contractor,BR-02,EMP-007,28292.0,5092.56,33384.56,Invoiced
SO-000846,2024-07-29,CUST-036,Urban Spaces Interior Studio,Contractor,BR-02,EMP-006,124945.0,22490.1,147435.1,Invoiced
SO-000847,2024-07-29,CUST-019,Poompuhar Handicrafts Store,Small Commercial,BR-01,EMP-003,110.0,19.8,129.8,Invoiced
SO-000848,2024-07-29,CUST-001,Balaji Electrical Contractors,Contractor,BR-01,EMP-003,31513.0,5672.34,37185.34,Invoiced
SO-000849,2024-07-29,CUST-029,Raghavendra Infrastructure Developers,Builder / Commercial,BR-02,EMP-007,46455.0,8361.9,54816.9,Invoiced
SO-000850,2024-07-29,CUST-033,Suresh Babu (Villa Construction),Residential / B2C,BR-02,EMP-006,450.0,81.0,531.0,Invoiced
SO-000851,2024-07-30,CUST-043,Sundaram Hospital Maintenance,Institution,BR-03,EMP-012,7750.0,1395.0,9145.0,Invoiced
SO-000852,2024-07-30,CUST-034,Silicon Valley PG Hostel Chain,Institution,BR-02,EMP-007,2675.0,481.5,3156.5,Invoiced
SO-000853,2024-07-30,CUST-005,Murugan Auto Garage & Works,Small Commercial,BR-01,EMP-002,900.0,162.0,1062.0,Invoiced
SO-000854,2024-07-30,CUST-005,Murugan Auto Garage & Works,Small Commercial,BR-01,EMP-002,505.0,90.9,595.9,Invoiced
SO-000855,2024-07-30,CUST-027,InnoTech Coworking Hub,Small Commercial,BR-02,EMP-007,3515.0,632.7,4147.7,Invoiced
SO-000856,2024-07-30,CUST-015,Srinivasan & Sons Contractor,Contractor,BR-01,EMP-002,199216.0,35858.88,235074.88,Invoiced
SO-000857,2024-07-31,CUST-020,Selvam Electrician Services,Electrician,BR-01,EMP-002,5522.0,993.96,6515.96,Invoiced
SO-000858,2024-07-31,CUST-018,Lakshmi Vilas Sweets & Bakery,Small Commercial,BR-01,EMP-002,1265.0,227.7,1492.7,Invoiced
SO-000859,2024-07-31,CUST-023,Kalam Brothers Electrical Store,Retailer / Trader,BR-01,EMP-002,63890.0,11500.2,75390.2,Invoiced
SO-000860,2024-07-31,CUST-012,Karthik Residential Apartment Owner,Residential / B2C,BR-01,EMP-002,6900.0,1242.0,8142.0,Invoiced
SO-000861,2024-07-31,CUST-041,Kongu Builders & Real Estate,Builder / Commercial,BR-03,EMP-010,56831.0,10229.58,67060.58,Invoiced
SO-000862,2024-08-01,CUST-033,Suresh Babu (Villa Construction),Residential / B2C,BR-02,EMP-007,3115.0,560.7,3675.7,Invoiced
SO-000863,2024-08-01,CUST-031,Nandini Milk Parlour & Mart,Small Commercial,BR-02,EMP-006,1410.0,253.8,1663.8,Invoiced
SO-000864,2024-08-01,CUST-004,Sri Ramakrishna Builders & Infra,Builder / Commercial,BR-01,EMP-003,23345.0,4202.1,27547.1,Invoiced
SO-000865,2024-08-01,CUST-019,Poompuhar Handicrafts Store,Small Commercial,BR-01,EMP-003,1595.0,287.1,1882.1,Invoiced
SO-000866,2024-08-01,CUST-025,Brigade Vista Apartment Owners Assn,Residential / B2C,BR-02,EMP-006,75.0,13.5,88.5,Invoiced
SO-000867,2024-08-02,CUST-018,Lakshmi Vilas Sweets & Bakery,Small Commercial,BR-01,EMP-003,75.0,13.5,88.5,Invoiced
SO-000868,2024-08-02,CUST-039,Rangasamy Electrician Workshop,Electrician,BR-03,EMP-012,21150.0,3807.0,24957.0,Invoiced
SO-000869,2024-08-02,CUST-034,Silicon Valley PG Hostel Chain,Institution,BR-02,EMP-007,1275.0,229.5,1504.5,Invoiced
SO-000870,2024-08-02,CUST-018,Lakshmi Vilas Sweets & Bakery,Small Commercial,BR-01,EMP-003,3450.0,621.0,4071.0,Invoiced
SO-000871,2024-08-03,CUST-045,Karthika Departmental Store,Small Commercial,BR-03,EMP-009,45.0,8.1,53.1,Invoiced
SO-000872,2024-08-03,CUST-023,Kalam Brothers Electrical Store,Retailer / Trader,BR-01,EMP-003,60640.0,10915.2,71555.2,Invoiced
SO-000873,2024-08-03,CUST-015,Srinivasan & Sons Contractor,Contractor,BR-01,EMP-003,10790.0,1942.2,12732.2,Invoiced
SO-000874,2024-08-03,CUST-005,Murugan Auto Garage & Works,Small Commercial,BR-01,EMP-002,525.0,94.5,619.5,Invoiced
SO-000875,2024-08-03,CUST-048,Ramachandran (Individual House Owner),Residential / B2C,BR-03,EMP-010,6900.0,1242.0,8142.0,Invoiced
SO-000876,2024-08-03,CUST-011,Victory Housing Projects Phase 2,Builder / Commercial,BR-01,EMP-002,87850.0,15813.0,103663.0,Invoiced
SO-000877,2024-08-03,CUST-021,Mohammed Riyaz (Home Renovation),Residential / B2C,BR-01,EMP-002,4300.0,774.0,5074.0,Invoiced
SO-000878,2024-08-03,CUST-004,Sri Ramakrishna Builders & Infra,Builder / Commercial,BR-01,EMP-002,74100.0,13338.0,87438.0,Invoiced
SO-000879,2024-08-05,CUST-034,Silicon Valley PG Hostel Chain,Institution,BR-02,EMP-006,3230.0,581.4,3811.4,Invoiced
SO-000880,2024-08-05,CUST-020,Selvam Electrician Services,Electrician,BR-01,EMP-002,11705.0,2106.9,13811.9,Invoiced
SO-000881,2024-08-05,CUST-015,Srinivasan & Sons Contractor,Contractor,BR-01,EMP-002,22251.0,4005.18,26256.18,Invoiced
SO-000882,2024-08-05,CUST-023,Kalam Brothers Electrical Store,Retailer / Trader,BR-01,EMP-003,132072.5,23773.05,155845.55,Invoiced
SO-000883,2024-08-05,CUST-040,Sri Krishna Engineering College Hostel,Institution,BR-03,EMP-009,3400.0,612.0,4012.0,Invoiced
SO-000884,2024-08-05,CUST-046,Annamalai Agro Processing Unit,Small Commercial,BR-03,EMP-009,2600.0,468.0,3068.0,Invoiced
SO-000885,2024-08-05,CUST-037,Kovai Textile Mills Facility Team,Small Commercial,BR-03,EMP-010,65.0,11.7,76.7,Invoiced
SO-000886,2024-08-05,CUST-031,Nandini Milk Parlour & Mart,Small Commercial,BR-02,EMP-006,2200.0,396.0,2596.0,Invoiced
SO-000887,2024-08-06,CUST-022,Global Smart Solutions (P) Ltd,Contractor,BR-01,EMP-003,113112.0,20360.16,133472.16,Invoiced
SO-000888,2024-08-06,CUST-047,Kovai Elite Residency Hotel,Small Commercial,BR-03,EMP-009,3670.0,660.6,4330.6,Invoiced
SO-000889,2024-08-06,CUST-045,Karthika Departmental Store,Small Commercial,BR-03,EMP-012,4545.0,818.1,5363.1,Invoiced
SO-000890,2024-08-06,CUST-006,Dr. Priya Sundaram (Home Clinic),Residential / B2C,BR-01,EMP-003,840.0,151.2,991.2,Invoiced
SO-000891,2024-08-06,CUST-043,Sundaram Hospital Maintenance,Institution,BR-03,EMP-010,1050.0,189.0,1239.0,Invoiced
SO-000892,2024-08-06,CUST-032,Cauvery Engineering Contractors,Contractor,BR-02,EMP-007,80147.0,14426.46,94573.46,Invoiced
SO-000893,2024-08-07,CUST-001,Balaji Electrical Contractors,Contractor,BR-01,EMP-003,13773.0,2479.14,16252.14,Invoiced
SO-000894,2024-08-07,CUST-038,Marutham Electrical & Power Agency,Retailer / Trader,BR-03,EMP-012,121975.0,21955.5,143930.5,Invoiced
SO-000895,2024-08-07,CUST-043,Sundaram Hospital Maintenance,Institution,BR-03,EMP-010,480.0,86.4,566.4,Invoiced
SO-000896,2024-08-08,CUST-029,Raghavendra Infrastructure Developers,Builder / Commercial,BR-02,EMP-007,14266.0,2567.88,16833.88,Invoiced
SO-000897,2024-08-08,CUST-023,Kalam Brothers Electrical Store,Retailer / Trader,BR-01,EMP-003,21262.0,3827.16,25089.16,Invoiced
SO-000898,2024-08-08,CUST-006,Dr. Priya Sundaram (Home Clinic),Residential / B2C,BR-01,EMP-002,1500.0,270.0,1770.0,Invoiced
SO-000899,2024-08-09,CUST-047,Kovai Elite Residency Hotel,Small Commercial,BR-03,EMP-009,65.0,11.7,76.7,Invoiced
SO-000900,2024-08-09,CUST-033,Suresh Babu (Villa Construction),Residential / B2C,BR-02,EMP-007,850.0,153.0,1003.0,Invoiced
SO-000901,2024-08-09,CUST-048,Ramachandran (Individual House Owner),Residential / B2C,BR-03,EMP-012,5350.0,963.0,6313.0,Invoiced
SO-000902,2024-08-09,CUST-013,Metro Supermarket Tambaram,Small Commercial,BR-01,EMP-003,375.0,67.5,442.5,Invoiced
SO-000903,2024-08-10,CUST-037,Kovai Textile Mills Facility Team,Small Commercial,BR-03,EMP-009,2100.0,378.0,2478.0,Invoiced
SO-000904,2024-08-10,CUST-001,Balaji Electrical Contractors,Contractor,BR-01,EMP-002,87005.0,15660.9,102665.9,Invoiced
SO-000905,2024-08-10,CUST-016,Royal Comfort Residency Hotel,Small Commercial,BR-01,EMP-002,2940.0,529.2,3469.2,Invoiced
SO-000906,2024-08-10,CUST-048,Ramachandran (Individual House Owner),Residential / B2C,BR-03,EMP-010,4040.0,727.2,4767.2,Invoiced
SO-000907,2024-08-10,CUST-028,Sri Venkateshwara Hardware & Electricals,Retailer / Trader,BR-02,EMP-006,235940.0,42469.2,278409.2,Invoiced
SO-000908,2024-08-10,CUST-029,Raghavendra Infrastructure Developers,Builder / Commercial,BR-02,EMP-007,110532.5,19895.85,130428.35,Invoiced
SO-000909,2024-08-10,CUST-006,Dr. Priya Sundaram (Home Clinic),Residential / B2C,BR-01,EMP-003,280.0,50.4,330.4,Invoiced
SO-000910,2024-08-12,CUST-003,Saravana Electric Works (Govindaraj),Electrician,BR-01,EMP-003,12700.0,2286.0,14986.0,Invoiced
SO-000911,2024-08-12,CUST-036,Urban Spaces Interior Studio,Contractor,BR-02,EMP-007,126755.0,22815.9,149570.9,Invoiced
SO-000912,2024-08-12,CUST-027,InnoTech Coworking Hub,Small Commercial,BR-02,EMP-006,330.0,59.4,389.4,Invoiced
SO-000913,2024-08-13,CUST-039,Rangasamy Electrician Workshop,Electrician,BR-03,EMP-010,1785.0,321.3,2106.3,Invoiced
SO-000914,2024-08-13,CUST-036,Urban Spaces Interior Studio,Contractor,BR-02,EMP-007,130785.0,23541.3,154326.3,Invoiced
SO-000915,2024-08-13,CUST-026,Manjunatha Electrical Works,Electrician,BR-02,EMP-006,3185.0,573.3,3758.3,Invoiced
SO-000916,2024-08-13,CUST-046,Annamalai Agro Processing Unit,Small Commercial,BR-03,EMP-012,840.0,151.2,991.2,Invoiced
SO-000917,2024-08-13,CUST-016,Royal Comfort Residency Hotel,Small Commercial,BR-01,EMP-003,65.0,11.7,76.7,Invoiced
SO-000918,2024-08-13,CUST-008,Anbu Electricals (Anbazhagan),Electrician,BR-01,EMP-002,27595.0,4967.1,32562.1,Invoiced
SO-000919,2024-08-14,CUST-010,Vels Vidyashram School Campus,Institution,BR-01,EMP-003,480.0,86.4,566.4,Invoiced
SO-000920,2024-08-14,CUST-043,Sundaram Hospital Maintenance,Institution,BR-03,EMP-010,2845.0,512.1,3357.1,Invoiced
SO-000921,2024-08-14,CUST-018,Lakshmi Vilas Sweets & Bakery,Small Commercial,BR-01,EMP-003,65.0,11.7,76.7,Invoiced
SO-000922,2024-08-14,CUST-034,Silicon Valley PG Hostel Chain,Institution,BR-02,EMP-007,30.0,5.4,35.4,Invoiced
SO-000923,2024-08-14,CUST-009,Devi Agency & Lighting Store,Retailer / Trader,BR-01,EMP-002,78571.0,14142.78,92713.78,Invoiced
SO-000924,2024-08-14,CUST-034,Silicon Valley PG Hostel Chain,Institution,BR-02,EMP-006,585.0,105.3,690.3,Invoiced
SO-000925,2024-08-15,CUST-013,Metro Supermarket Tambaram,Small Commercial,BR-01,EMP-003,720.0,129.6,849.6,Invoiced
SO-000926,2024-08-15,CUST-031,Nandini Milk Parlour & Mart,Small Commercial,BR-02,EMP-007,3610.0,649.8,4259.8,Invoiced
SO-000927,2024-08-15,CUST-035,Gowda Electrical Repairs,Electrician,BR-02,EMP-006,5415.0,974.7,6389.7,Invoiced
SO-000928,2024-08-15,CUST-036,Urban Spaces Interior Studio,Contractor,BR-02,EMP-007,26720.0,4809.6,31529.6,Invoiced
SO-000929,2024-08-15,CUST-017,Apex Manufacturing Solutions,Small Commercial,BR-01,EMP-002,4015.0,722.7,4737.7,Invoiced
SO-000930,2024-08-15,CUST-015,Srinivasan & Sons Contractor,Contractor,BR-01,EMP-003,10240.0,1843.2,12083.2,Invoiced
SO-000931,2024-08-16,CUST-003,Saravana Electric Works (Govindaraj),Electrician,BR-01,EMP-003,10655.0,1917.9,12572.9,Invoiced
SO-000932,2024-08-16,CUST-012,Karthik Residential Apartment Owner,Residential / B2C,BR-01,EMP-002,415.0,74.7,489.7,Invoiced
SO-000933,2024-08-16,CUST-028,Sri Venkateshwara Hardware & Electricals,Retailer / Trader,BR-02,EMP-006,117375.0,21127.5,138502.5,Invoiced
SO-000934,2024-08-16,CUST-014,Siva Shankaran (Individual Home),Residential / B2C,BR-01,EMP-003,2570.0,462.6,3032.6,Invoiced
SO-000935,2024-08-17,CUST-009,Devi Agency & Lighting Store,Retailer / Trader,BR-01,EMP-002,53230.0,9581.4,62811.4,Invoiced
SO-000936,2024-08-17,CUST-039,Rangasamy Electrician Workshop,Electrician,BR-03,EMP-010,11340.0,2041.2,13381.2,Invoiced
SO-000937,2024-08-17,CUST-014,Siva Shankaran (Individual Home),Residential / B2C,BR-01,EMP-002,3300.0,594.0,3894.0,Invoiced
SO-000938,2024-08-17,CUST-040,Sri Krishna Engineering College Hostel,Institution,BR-03,EMP-012,720.0,129.6,849.6,Invoiced
SO-000939,2024-08-17,CUST-045,Karthika Departmental Store,Small Commercial,BR-03,EMP-010,75.0,13.5,88.5,Invoiced
SO-000940,2024-08-17,CUST-048,Ramachandran (Individual House Owner),Residential / B2C,BR-03,EMP-010,2855.0,513.9,3368.9,Invoiced
SO-000941,2024-08-17,CUST-035,Gowda Electrical Repairs,Electrician,BR-02,EMP-007,4485.0,807.3,5292.3,Invoiced
SO-000942,2024-08-17,CUST-010,Vels Vidyashram School Campus,Institution,BR-01,EMP-002,5270.0,948.6,6218.6,Invoiced
SO-000943,2024-08-19,CUST-025,Brigade Vista Apartment Owners Assn,Residential / B2C,BR-02,EMP-006,1435.0,258.3,1693.3,Invoiced
SO-000944,2024-08-19,CUST-041,Kongu Builders & Real Estate,Builder / Commercial,BR-03,EMP-010,24530.0,4415.4,28945.4,Invoiced
SO-000945,2024-08-19,CUST-005,Murugan Auto Garage & Works,Small Commercial,BR-01,EMP-002,5450.0,981.0,6431.0,Invoiced
SO-000946,2024-08-19,CUST-026,Manjunatha Electrical Works,Electrician,BR-02,EMP-007,7690.0,1384.2,9074.2,Invoiced
SO-000947,2024-08-19,CUST-034,Silicon Valley PG Hostel Chain,Institution,BR-02,EMP-006,2180.0,392.4,2572.4,Invoiced
SO-000948,2024-08-19,CUST-015,Srinivasan & Sons Contractor,Contractor,BR-01,EMP-003,20224.0,3640.32,23864.32,Invoiced
SO-000949,2024-08-19,CUST-018,Lakshmi Vilas Sweets & Bakery,Small Commercial,BR-01,EMP-002,1395.0,251.1,1646.1,Invoiced
SO-000950,2024-08-20,CUST-004,Sri Ramakrishna Builders & Infra,Builder / Commercial,BR-01,EMP-002,53465.0,9623.7,63088.7,Invoiced
SO-000951,2024-08-20,CUST-039,Rangasamy Electrician Workshop,Electrician,BR-03,EMP-010,18255.0,3285.9,21540.9,Invoiced
SO-000952,2024-08-20,CUST-047,Kovai Elite Residency Hotel,Small Commercial,BR-03,EMP-012,525.0,94.5,619.5,Invoiced
SO-000953,2024-08-20,CUST-002,Kalaivani Hardware & Paints,Retailer / Trader,BR-01,EMP-003,294320.0,52977.6,347297.6,Invoiced
SO-000954,2024-08-20,CUST-023,Kalam Brothers Electrical Store,Retailer / Trader,BR-01,EMP-003,77935.0,14028.3,91963.3,Invoiced
SO-000955,2024-08-20,CUST-027,InnoTech Coworking Hub,Small Commercial,BR-02,EMP-006,840.0,151.2,991.2,Invoiced
SO-000956,2024-08-20,CUST-006,Dr. Priya Sundaram (Home Clinic),Residential / B2C,BR-01,EMP-003,7010.0,1261.8,8271.8,Invoiced
SO-000957,2024-08-20,CUST-003,Saravana Electric Works (Govindaraj),Electrician,BR-01,EMP-003,7110.0,1279.8,8389.8,Invoiced
SO-000958,2024-08-21,CUST-023,Kalam Brothers Electrical Store,Retailer / Trader,BR-01,EMP-003,63770.0,11478.6,75248.6,Invoiced
SO-000959,2024-08-21,CUST-020,Selvam Electrician Services,Electrician,BR-01,EMP-003,2760.0,496.8,3256.8,Invoiced
SO-000960,2024-08-21,CUST-042,Velan Pump & Motor Spares Store,Retailer / Trader,BR-03,EMP-012,211140.0,38005.2,249145.2,Invoiced
SO-000961,2024-08-21,CUST-011,Victory Housing Projects Phase 2,Builder / Commercial,BR-01,EMP-003,227940.0,41029.2,268969.2,Invoiced
SO-000962,2024-08-21,CUST-033,Suresh Babu (Villa Construction),Residential / B2C,BR-02,EMP-006,1130.0,203.4,1333.4,Invoiced
SO-000963,2024-08-22,CUST-027,InnoTech Coworking Hub,Small Commercial,BR-02,EMP-007,1045.0,188.1,1233.1,Invoiced
SO-000964,2024-08-22,CUST-015,Srinivasan & Sons Contractor,Contractor,BR-01,EMP-002,73725.0,13270.5,86995.5,Invoiced
SO-000965,2024-08-22,CUST-023,Kalam Brothers Electrical Store,Retailer / Trader,BR-01,EMP-003,157080.0,28274.4,185354.4,Invoiced
SO-000966,2024-08-23,CUST-033,Suresh Babu (Villa Construction),Residential / B2C,BR-02,EMP-006,260.0,46.8,306.8,Invoiced
SO-000967,2024-08-23,CUST-005,Murugan Auto Garage & Works,Small Commercial,BR-01,EMP-002,480.0,86.4,566.4,Invoiced
SO-000968,2024-08-23,CUST-043,Sundaram Hospital Maintenance,Institution,BR-03,EMP-009,1050.0,189.0,1239.0,Invoiced
SO-000969,2024-08-23,CUST-027,InnoTech Coworking Hub,Small Commercial,BR-02,EMP-007,165.0,29.7,194.7,Invoiced
SO-000970,2024-08-23,CUST-032,Cauvery Engineering Contractors,Contractor,BR-02,EMP-006,65861.0,11854.98,77715.98,Invoiced
SO-000971,2024-08-24,CUST-002,Kalaivani Hardware & Paints,Retailer / Trader,BR-01,EMP-003,71585.0,12885.3,84470.3,Invoiced
SO-000972,2024-08-24,CUST-006,Dr. Priya Sundaram (Home Clinic),Residential / B2C,BR-01,EMP-002,2625.0,472.5,3097.5,Invoiced
SO-000973,2024-08-24,CUST-011,Victory Housing Projects Phase 2,Builder / Commercial,BR-01,EMP-003,31400.0,5652.0,37052.0,Invoiced
SO-000974,2024-08-24,CUST-035,Gowda Electrical Repairs,Electrician,BR-02,EMP-006,3197.0,575.46,3772.46,Invoiced
SO-000975,2024-08-24,CUST-004,Sri Ramakrishna Builders & Infra,Builder / Commercial,BR-01,EMP-002,19215.0,3458.7,22673.7,Invoiced
SO-000976,2024-08-26,CUST-012,Karthik Residential Apartment Owner,Residential / B2C,BR-01,EMP-003,1340.0,241.2,1581.2,Invoiced
SO-000977,2024-08-26,CUST-002,Kalaivani Hardware & Paints,Retailer / Trader,BR-01,EMP-003,266920.0,48045.6,314965.6,Invoiced
SO-000978,2024-08-26,CUST-011,Victory Housing Projects Phase 2,Builder / Commercial,BR-01,EMP-002,15603.0,2808.54,18411.54,Invoiced
SO-000979,2024-08-26,CUST-037,Kovai Textile Mills Facility Team,Small Commercial,BR-03,EMP-010,2100.0,378.0,2478.0,Invoiced
SO-000980,2024-08-26,CUST-035,Gowda Electrical Repairs,Electrician,BR-02,EMP-006,2215.0,398.7,2613.7,Invoiced
SO-000981,2024-08-26,CUST-039,Rangasamy Electrician Workshop,Electrician,BR-03,EMP-010,6970.0,1254.6,8224.6,Invoiced
SO-000982,2024-08-26,CUST-012,Karthik Residential Apartment Owner,Residential / B2C,BR-01,EMP-003,720.0,129.6,849.6,Invoiced
SO-000983,2024-08-27,CUST-002,Kalaivani Hardware & Paints,Retailer / Trader,BR-01,EMP-003,140035.0,25206.3,165241.3,Invoiced
SO-000984,2024-08-27,CUST-048,Ramachandran (Individual House Owner),Residential / B2C,BR-03,EMP-012,2100.0,378.0,2478.0,Invoiced
SO-000985,2024-08-27,CUST-004,Sri Ramakrishna Builders & Infra,Builder / Commercial,BR-01,EMP-002,70460.0,12682.8,83142.8,Invoiced
SO-000986,2024-08-27,CUST-038,Marutham Electrical & Power Agency,Retailer / Trader,BR-03,EMP-010,274755.0,49455.9,324210.9,Invoiced
SO-000987,2024-08-28,CUST-012,Karthik Residential Apartment Owner,Residential / B2C,BR-01,EMP-003,1360.0,244.8,1604.8,Invoiced
SO-000988,2024-08-28,CUST-015,Srinivasan & Sons Contractor,Contractor,BR-01,EMP-002,118938.0,21408.84,140346.84,Invoiced
SO-000989,2024-08-28,CUST-032,Cauvery Engineering Contractors,Contractor,BR-02,EMP-006,57815.0,10406.7,68221.7,Invoiced
SO-000990,2024-08-28,CUST-014,Siva Shankaran (Individual Home),Residential / B2C,BR-01,EMP-003,3800.0,684.0,4484.0,Invoiced
SO-000991,2024-08-28,CUST-021,Mohammed Riyaz (Home Renovation),Residential / B2C,BR-01,EMP-002,240.0,43.2,283.2,Invoiced
SO-000992,2024-08-29,CUST-007,TechPark Facility Maintenance Team,Institution,BR-01,EMP-003,130.0,23.4,153.4,Invoiced
SO-000993,2024-08-29,CUST-025,Brigade Vista Apartment Owners Assn,Residential / B2C,BR-02,EMP-006,3565.0,641.7,4206.7,Invoiced
SO-000994,2024-08-29,CUST-033,Suresh Babu (Villa Construction),Residential / B2C,BR-02,EMP-007,3595.0,647.1,4242.1,Invoiced
SO-000995,2024-08-29,CUST-021,Mohammed Riyaz (Home Renovation),Residential / B2C,BR-01,EMP-003,1245.0,224.1,1469.1,Invoiced
SO-000996,2024-08-29,CUST-011,Victory Housing Projects Phase 2,Builder / Commercial,BR-01,EMP-003,61156.0,11008.08,72164.08,Invoiced
SO-000997,2024-08-29,CUST-006,Dr. Priya Sundaram (Home Clinic),Residential / B2C,BR-01,EMP-002,1190.0,214.2,1404.2,Invoiced
SO-000998,2024-08-29,CUST-020,Selvam Electrician Services,Electrician,BR-01,EMP-003,12225.0,2200.5,14425.5,Invoiced
SO-000999,2024-08-30,CUST-012,Karthik Residential Apartment Owner,Residential / B2C,BR-01,EMP-003,8730.0,1571.4,10301.4,Invoiced
SO-001000,2024-08-30,CUST-040,Sri Krishna Engineering College Hostel,Institution,BR-03,EMP-010,3370.0,606.6,3976.6,Invoiced
SO-001001,2024-08-30,CUST-019,Poompuhar Handicrafts Store,Small Commercial,BR-01,EMP-002,525.0,94.5,619.5,Invoiced
SO-001002,2024-08-30,CUST-042,Velan Pump & Motor Spares Store,Retailer / Trader,BR-03,EMP-012,53040.0,9547.2,62587.2,Invoiced
SO-001003,2024-08-30,CUST-011,Victory Housing Projects Phase 2,Builder / Commercial,BR-01,EMP-003,29910.0,5383.8,35293.8,Invoiced
SO-001004,2024-08-30,CUST-043,Sundaram Hospital Maintenance,Institution,BR-03,EMP-012,1290.0,232.2,1522.2,Invoiced
SO-001005,2024-08-30,CUST-014,Siva Shankaran (Individual Home),Residential / B2C,BR-01,EMP-002,45.0,8.1,53.1,Invoiced
SO-001006,2024-08-30,CUST-042,Velan Pump & Motor Spares Store,Retailer / Trader,BR-03,EMP-009,244455.0,44001.9,288456.9,Invoiced
SO-001007,2024-08-31,CUST-037,Kovai Textile Mills Facility Team,Small Commercial,BR-03,EMP-009,4900.0,882.0,5782.0,Invoiced
SO-001008,2024-08-31,CUST-019,Poompuhar Handicrafts Store,Small Commercial,BR-01,EMP-003,225.0,40.5,265.5,Invoiced
SO-001009,2024-08-31,CUST-039,Rangasamy Electrician Workshop,Electrician,BR-03,EMP-012,6015.0,1082.7,7097.7,Invoiced
SO-001010,2024-08-31,CUST-036,Urban Spaces Interior Studio,Contractor,BR-02,EMP-006,45225.0,8140.5,53365.5,Invoiced
SO-001011,2024-09-02,CUST-013,Metro Supermarket Tambaram,Small Commercial,BR-01,EMP-002,2150.0,387.0,2537.0,Invoiced
SO-001012,2024-09-02,CUST-011,Victory Housing Projects Phase 2,Builder / Commercial,BR-01,EMP-002,139480.0,25106.4,164586.4,Invoiced
SO-001013,2024-09-02,CUST-040,Sri Krishna Engineering College Hostel,Institution,BR-03,EMP-010,225.0,40.5,265.5,Invoiced
SO-001014,2024-09-03,CUST-027,InnoTech Coworking Hub,Small Commercial,BR-02,EMP-006,780.0,140.4,920.4,Invoiced
SO-001015,2024-09-03,CUST-047,Kovai Elite Residency Hotel,Small Commercial,BR-03,EMP-012,15.0,2.7,17.7,Invoiced
SO-001016,2024-09-03,CUST-028,Sri Venkateshwara Hardware & Electricals,Retailer / Trader,BR-02,EMP-006,270017.0,48603.06,318620.06,Invoiced
SO-001017,2024-09-03,CUST-001,Balaji Electrical Contractors,Contractor,BR-01,EMP-002,152591.0,27466.38,180057.38,Invoiced
SO-001018,2024-09-03,CUST-008,Anbu Electricals (Anbazhagan),Electrician,BR-01,EMP-003,10225.0,1840.5,12065.5,Invoiced
SO-001019,2024-09-03,CUST-048,Ramachandran (Individual House Owner),Residential / B2C,BR-03,EMP-010,75.0,13.5,88.5,Invoiced
SO-001020,2024-09-04,CUST-028,Sri Venkateshwara Hardware & Electricals,Retailer / Trader,BR-02,EMP-006,137282.0,24710.76,161992.76,Invoiced
SO-001021,2024-09-04,CUST-002,Kalaivani Hardware & Paints,Retailer / Trader,BR-01,EMP-003,194045.0,34928.1,228973.1,Invoiced
SO-001022,2024-09-04,CUST-009,Devi Agency & Lighting Store,Retailer / Trader,BR-01,EMP-002,131145.0,23606.1,154751.1,Invoiced
SO-001023,2024-09-04,CUST-006,Dr. Priya Sundaram (Home Clinic),Residential / B2C,BR-01,EMP-002,905.0,162.9,1067.9,Invoiced
SO-001024,2024-09-04,CUST-047,Kovai Elite Residency Hotel,Small Commercial,BR-03,EMP-012,2505.0,450.9,2955.9,Invoiced
SO-001025,2024-09-04,CUST-007,TechPark Facility Maintenance Team,Institution,BR-01,EMP-002,220.0,39.6,259.6,Invoiced
SO-001026,2024-09-05,CUST-044,Mani Bros Electricals (Mani),Electrician,BR-03,EMP-009,12960.0,2332.8,15292.8,Invoiced
SO-001027,2024-09-05,CUST-029,Raghavendra Infrastructure Developers,Builder / Commercial,BR-02,EMP-006,29485.0,5307.3,34792.3,Invoiced
SO-001028,2024-09-05,CUST-002,Kalaivani Hardware & Paints,Retailer / Trader,BR-01,EMP-003,155920.0,28065.6,183985.6,Invoiced
SO-001029,2024-09-05,CUST-021,Mohammed Riyaz (Home Renovation),Residential / B2C,BR-01,EMP-002,350.0,63.0,413.0,Invoiced
SO-001030,2024-09-05,CUST-040,Sri Krishna Engineering College Hostel,Institution,BR-03,EMP-012,1795.0,323.1,2118.1,Invoiced
SO-001031,2024-09-05,CUST-027,InnoTech Coworking Hub,Small Commercial,BR-02,EMP-006,3930.0,707.4,4637.4,Invoiced
SO-001032,2024-09-05,CUST-016,Royal Comfort Residency Hotel,Small Commercial,BR-01,EMP-003,560.0,100.8,660.8,Invoiced
SO-001033,2024-09-06,CUST-009,Devi Agency & Lighting Store,Retailer / Trader,BR-01,EMP-002,100128.0,18023.04,118151.04,Invoiced
SO-001034,2024-09-06,CUST-035,Gowda Electrical Repairs,Electrician,BR-02,EMP-007,15680.0,2822.4,18502.4,Invoiced
SO-001035,2024-09-06,CUST-005,Murugan Auto Garage & Works,Small Commercial,BR-01,EMP-002,3680.0,662.4,4342.4,Invoiced
SO-001036,2024-09-06,CUST-023,Kalam Brothers Electrical Store,Retailer / Trader,BR-01,EMP-003,152758.0,27496.44,180254.44,Invoiced
SO-001037,2024-09-06,CUST-020,Selvam Electrician Services,Electrician,BR-01,EMP-002,42250.0,7605.0,49855.0,Invoiced
SO-001038,2024-09-06,CUST-043,Sundaram Hospital Maintenance,Institution,BR-03,EMP-010,4410.0,793.8,5203.8,Invoiced
SO-001039,2024-09-06,CUST-042,Velan Pump & Motor Spares Store,Retailer / Trader,BR-03,EMP-010,140002.0,25200.36,165202.36,Invoiced
SO-001040,2024-09-06,CUST-025,Brigade Vista Apartment Owners Assn,Residential / B2C,BR-02,EMP-006,5450.0,981.0,6431.0,Invoiced
SO-001041,2024-09-07,CUST-023,Kalam Brothers Electrical Store,Retailer / Trader,BR-01,EMP-003,62243.0,11203.74,73446.74,Invoiced
SO-001042,2024-09-07,CUST-005,Murugan Auto Garage & Works,Small Commercial,BR-01,EMP-002,3450.0,621.0,4071.0,Invoiced
SO-001043,2024-09-07,CUST-008,Anbu Electricals (Anbazhagan),Electrician,BR-01,EMP-002,33240.0,5983.2,39223.2,Invoiced
SO-001044,2024-09-07,CUST-016,Royal Comfort Residency Hotel,Small Commercial,BR-01,EMP-002,2150.0,387.0,2537.0,Invoiced
SO-001045,2024-09-09,CUST-019,Poompuhar Handicrafts Store,Small Commercial,BR-01,EMP-003,215.0,38.7,253.7,Invoiced
SO-001046,2024-09-09,CUST-030,Dr. Arvind Rao Dental Clinic,Small Commercial,BR-02,EMP-007,1260.0,226.8,1486.8,Invoiced
SO-001047,2024-09-09,CUST-007,TechPark Facility Maintenance Team,Institution,BR-01,EMP-002,2100.0,378.0,2478.0,Invoiced
SO-001048,2024-09-09,CUST-045,Karthika Departmental Store,Small Commercial,BR-03,EMP-012,1050.0,189.0,1239.0,Invoiced
SO-001049,2024-09-09,CUST-021,Mohammed Riyaz (Home Renovation),Residential / B2C,BR-01,EMP-002,1065.0,191.7,1256.7,Invoiced
SO-001050,2024-09-09,CUST-044,Mani Bros Electricals (Mani),Electrician,BR-03,EMP-010,7675.0,1381.5,9056.5,Invoiced
SO-001051,2024-09-09,CUST-027,InnoTech Coworking Hub,Small Commercial,BR-02,EMP-007,3980.0,716.4,4696.4,Invoiced
SO-001052,2024-09-09,CUST-020,Selvam Electrician Services,Electrician,BR-01,EMP-003,7058.0,1270.44,8328.44,Invoiced
SO-001053,2024-09-10,CUST-022,Global Smart Solutions (P) Ltd,Contractor,BR-01,EMP-003,149969.0,26994.42,176963.42,Invoiced
SO-001054,2024-09-10,CUST-022,Global Smart Solutions (P) Ltd,Contractor,BR-01,EMP-002,142060.0,25570.8,167630.8,Invoiced
SO-001055,2024-09-10,CUST-002,Kalaivani Hardware & Paints,Retailer / Trader,BR-01,EMP-003,83070.0,14952.6,98022.6,Invoiced
SO-001056,2024-09-10,CUST-034,Silicon Valley PG Hostel Chain,Institution,BR-02,EMP-006,885.0,159.3,1044.3,Invoiced
SO-001057,2024-09-10,CUST-011,Victory Housing Projects Phase 2,Builder / Commercial,BR-01,EMP-002,26540.0,4777.2,31317.2,Invoiced
SO-001058,2024-09-10,CUST-017,Apex Manufacturing Solutions,Small Commercial,BR-01,EMP-002,7705.0,1386.9,9091.9,Invoiced
SO-001059,2024-09-11,CUST-047,Kovai Elite Residency Hotel,Small Commercial,BR-03,EMP-009,380.0,68.4,448.4,Invoiced
SO-001060,2024-09-11,CUST-036,Urban Spaces Interior Studio,Contractor,BR-02,EMP-006,50260.0,9046.8,59306.8,Invoiced
SO-001061,2024-09-11,CUST-018,Lakshmi Vilas Sweets & Bakery,Small Commercial,BR-01,EMP-002,2215.0,398.7,2613.7,Invoiced
SO-001062,2024-09-11,CUST-045,Karthika Departmental Store,Small Commercial,BR-03,EMP-012,3180.0,572.4,3752.4,Invoiced
SO-001063,2024-09-11,CUST-005,Murugan Auto Garage & Works,Small Commercial,BR-01,EMP-003,2910.0,523.8,3433.8,Invoiced
SO-001064,2024-09-11,CUST-017,Apex Manufacturing Solutions,Small Commercial,BR-01,EMP-003,305.0,54.9,359.9,Invoiced
SO-001065,2024-09-11,CUST-042,Velan Pump & Motor Spares Store,Retailer / Trader,BR-03,EMP-012,204000.0,36720.0,240720.0,Invoiced
SO-001066,2024-09-12,CUST-007,TechPark Facility Maintenance Team,Institution,BR-01,EMP-002,930.0,167.4,1097.4,Invoiced
SO-001067,2024-09-12,CUST-042,Velan Pump & Motor Spares Store,Retailer / Trader,BR-03,EMP-012,32865.0,5915.7,38780.7,Invoiced
SO-001068,2024-09-12,CUST-033,Suresh Babu (Villa Construction),Residential / B2C,BR-02,EMP-006,850.0,153.0,1003.0,Invoiced
SO-001069,2024-09-12,CUST-008,Anbu Electricals (Anbazhagan),Electrician,BR-01,EMP-002,3320.0,597.6,3917.6,Invoiced
SO-001070,2024-09-12,CUST-041,Kongu Builders & Real Estate,Builder / Commercial,BR-03,EMP-010,107790.0,19402.2,127192.2,Invoiced
SO-001071,2024-09-12,CUST-004,Sri Ramakrishna Builders & Infra,Builder / Commercial,BR-01,EMP-003,98865.0,17795.7,116660.7,Invoiced
SO-001072,2024-09-13,CUST-005,Murugan Auto Garage & Works,Small Commercial,BR-01,EMP-003,370.0,66.6,436.6,Invoiced
SO-001073,2024-09-13,CUST-006,Dr. Priya Sundaram (Home Clinic),Residential / B2C,BR-01,EMP-003,225.0,40.5,265.5,Invoiced
SO-001074,2024-09-13,CUST-020,Selvam Electrician Services,Electrician,BR-01,EMP-002,2850.0,513.0,3363.0,Invoiced
SO-001075,2024-09-13,CUST-001,Balaji Electrical Contractors,Contractor,BR-01,EMP-003,54650.0,9837.0,64487.0,Invoiced
SO-001076,2024-09-13,CUST-034,Silicon Valley PG Hostel Chain,Institution,BR-02,EMP-007,1430.0,257.4,1687.4,Invoiced
SO-001077,2024-09-13,CUST-006,Dr. Priya Sundaram (Home Clinic),Residential / B2C,BR-01,EMP-003,195.0,35.1,230.1,Invoiced
SO-001078,2024-09-14,CUST-012,Karthik Residential Apartment Owner,Residential / B2C,BR-01,EMP-002,6975.0,1255.5,8230.5,Invoiced
SO-001079,2024-09-14,CUST-037,Kovai Textile Mills Facility Team,Small Commercial,BR-03,EMP-010,1250.0,225.0,1475.0,Invoiced
SO-001080,2024-09-14,CUST-009,Devi Agency & Lighting Store,Retailer / Trader,BR-01,EMP-003,250125.0,45022.5,295147.5,Invoiced
SO-001081,2024-09-14,CUST-046,Annamalai Agro Processing Unit,Small Commercial,BR-03,EMP-012,4500.0,810.0,5310.0,Invoiced
SO-001082,2024-09-14,CUST-009,Devi Agency & Lighting Store,Retailer / Trader,BR-01,EMP-002,352490.0,63448.2,415938.2,Invoiced
SO-001083,2024-09-14,CUST-030,Dr. Arvind Rao Dental Clinic,Small Commercial,BR-02,EMP-007,850.0,153.0,1003.0,Invoiced
SO-001084,2024-09-14,CUST-031,Nandini Milk Parlour & Mart,Small Commercial,BR-02,EMP-007,165.0,29.7,194.7,Invoiced
SO-001085,2024-09-16,CUST-001,Balaji Electrical Contractors,Contractor,BR-01,EMP-002,71355.0,12843.9,84198.9,Invoiced
SO-001086,2024-09-16,CUST-029,Raghavendra Infrastructure Developers,Builder / Commercial,BR-02,EMP-007,37980.0,6836.4,44816.4,Invoiced
SO-001087,2024-09-16,CUST-037,Kovai Textile Mills Facility Team,Small Commercial,BR-03,EMP-009,7950.0,1431.0,9381.0,Invoiced
SO-001088,2024-09-16,CUST-017,Apex Manufacturing Solutions,Small Commercial,BR-01,EMP-002,1200.0,216.0,1416.0,Invoiced
SO-001089,2024-09-16,CUST-047,Kovai Elite Residency Hotel,Small Commercial,BR-03,EMP-010,220.0,39.6,259.6,Invoiced
SO-001090,2024-09-17,CUST-029,Raghavendra Infrastructure Developers,Builder / Commercial,BR-02,EMP-007,48474.0,8725.32,57199.32,Invoiced
SO-001091,2024-09-17,CUST-033,Suresh Babu (Villa Construction),Residential / B2C,BR-02,EMP-007,3450.0,621.0,4071.0,Invoiced
SO-001092,2024-09-17,CUST-025,Brigade Vista Apartment Owners Assn,Residential / B2C,BR-02,EMP-007,4545.0,818.1,5363.1,Invoiced
SO-001093,2024-09-17,CUST-040,Sri Krishna Engineering College Hostel,Institution,BR-03,EMP-009,2700.0,486.0,3186.0,Invoiced
SO-001094,2024-09-17,CUST-043,Sundaram Hospital Maintenance,Institution,BR-03,EMP-012,1560.0,280.8,1840.8,Invoiced
SO-001095,2024-09-17,CUST-004,Sri Ramakrishna Builders & Infra,Builder / Commercial,BR-01,EMP-003,16795.0,3023.1,19818.1,Invoiced
SO-001096,2024-09-17,CUST-004,Sri Ramakrishna Builders & Infra,Builder / Commercial,BR-01,EMP-002,21670.0,3900.6,25570.6,Invoiced
SO-001097,2024-09-18,CUST-046,Annamalai Agro Processing Unit,Small Commercial,BR-03,EMP-012,900.0,162.0,1062.0,Invoiced
SO-001098,2024-09-18,CUST-005,Murugan Auto Garage & Works,Small Commercial,BR-01,EMP-003,150.0,27.0,177.0,Invoiced
SO-001099,2024-09-18,CUST-040,Sri Krishna Engineering College Hostel,Institution,BR-03,EMP-009,6900.0,1242.0,8142.0,Invoiced
SO-001100,2024-09-18,CUST-019,Poompuhar Handicrafts Store,Small Commercial,BR-01,EMP-003,525.0,94.5,619.5,Invoiced
SO-001101,2024-09-18,CUST-016,Royal Comfort Residency Hotel,Small Commercial,BR-01,EMP-003,1950.0,351.0,2301.0,Invoiced
SO-001102,2024-09-18,CUST-028,Sri Venkateshwara Hardware & Electricals,Retailer / Trader,BR-02,EMP-006,97975.0,17635.5,115610.5,Invoiced
SO-001103,2024-09-19,CUST-022,Global Smart Solutions (P) Ltd,Contractor,BR-01,EMP-003,18805.0,3384.9,22189.9,Invoiced
SO-001104,2024-09-19,CUST-037,Kovai Textile Mills Facility Team,Small Commercial,BR-03,EMP-009,3370.0,606.6,3976.6,Invoiced
SO-001105,2024-09-19,CUST-001,Balaji Electrical Contractors,Contractor,BR-01,EMP-002,85935.0,15468.3,101403.3,Invoiced
SO-001106,2024-09-19,CUST-020,Selvam Electrician Services,Electrician,BR-01,EMP-002,16490.0,2968.2,19458.2,Invoiced
SO-001107,2024-09-20,CUST-008,Anbu Electricals (Anbazhagan),Electrician,BR-01,EMP-002,1535.0,276.3,1811.3,Invoiced
SO-001108,2024-09-20,CUST-034,Silicon Valley PG Hostel Chain,Institution,BR-02,EMP-007,495.0,89.1,584.1,Invoiced
SO-001109,2024-09-20,CUST-006,Dr. Priya Sundaram (Home Clinic),Residential / B2C,BR-01,EMP-002,5765.0,1037.7,6802.7,Invoiced
SO-001110,2024-09-20,CUST-034,Silicon Valley PG Hostel Chain,Institution,BR-02,EMP-006,220.0,39.6,259.6,Invoiced
SO-001111,2024-09-20,CUST-020,Selvam Electrician Services,Electrician,BR-01,EMP-002,27460.0,4942.8,32402.8,Invoiced
SO-001112,2024-09-20,CUST-041,Kongu Builders & Real Estate,Builder / Commercial,BR-03,EMP-010,7795.0,1403.1,9198.1,Invoiced
SO-001113,2024-09-21,CUST-001,Balaji Electrical Contractors,Contractor,BR-01,EMP-003,13295.0,2393.1,15688.1,Invoiced
SO-001114,2024-09-21,CUST-027,InnoTech Coworking Hub,Small Commercial,BR-02,EMP-006,350.0,63.0,413.0,Invoiced
SO-001115,2024-09-21,CUST-026,Manjunatha Electrical Works,Electrician,BR-02,EMP-006,11180.0,2012.4,13192.4,Invoiced
SO-001116,2024-09-21,CUST-039,Rangasamy Electrician Workshop,Electrician,BR-03,EMP-009,4980.0,896.4,5876.4,Invoiced
SO-001117,2024-09-21,CUST-010,Vels Vidyashram School Campus,Institution,BR-01,EMP-002,2160.0,388.8,2548.8,Invoiced
SO-001118,2024-09-21,CUST-006,Dr. Priya Sundaram (Home Clinic),Residential / B2C,BR-01,EMP-003,1250.0,225.0,1475.0,Invoiced
SO-001119,2024-09-21,CUST-017,Apex Manufacturing Solutions,Small Commercial,BR-01,EMP-002,250.0,45.0,295.0,Invoiced
SO-001120,2024-09-21,CUST-039,Rangasamy Electrician Workshop,Electrician,BR-03,EMP-009,7700.0,1386.0,9086.0,Invoiced
SO-001121,2024-09-23,CUST-040,Sri Krishna Engineering College Hostel,Institution,BR-03,EMP-012,3550.0,639.0,4189.0,Invoiced
SO-001122,2024-09-23,CUST-012,Karthik Residential Apartment Owner,Residential / B2C,BR-01,EMP-002,2680.0,482.4,3162.4,Invoiced
SO-001123,2024-09-23,CUST-013,Metro Supermarket Tambaram,Small Commercial,BR-01,EMP-002,1100.0,198.0,1298.0,Invoiced
SO-001124,2024-09-23,CUST-025,Brigade Vista Apartment Owners Assn,Residential / B2C,BR-02,EMP-007,3470.0,624.6,4094.6,Invoiced
SO-001125,2024-09-23,CUST-018,Lakshmi Vilas Sweets & Bakery,Small Commercial,BR-01,EMP-002,690.0,124.2,814.2,Invoiced
SO-001126,2024-09-23,CUST-009,Devi Agency & Lighting Store,Retailer / Trader,BR-01,EMP-002,379875.0,68377.5,448252.5,Invoiced
SO-001127,2024-09-23,CUST-026,Manjunatha Electrical Works,Electrician,BR-02,EMP-007,3656.0,658.08,4314.08,Invoiced
SO-001128,2024-09-23,CUST-018,Lakshmi Vilas Sweets & Bakery,Small Commercial,BR-01,EMP-002,2200.0,396.0,2596.0,Invoiced
SO-001129,2024-09-24,CUST-004,Sri Ramakrishna Builders & Infra,Builder / Commercial,BR-01,EMP-003,124910.0,22483.8,147393.8,Invoiced
SO-001130,2024-09-24,CUST-042,Velan Pump & Motor Spares Store,Retailer / Trader,BR-03,EMP-010,112500.0,20250.0,132750.0,Invoiced
SO-001131,2024-09-24,CUST-043,Sundaram Hospital Maintenance,Institution,BR-03,EMP-010,970.0,174.6,1144.6,Invoiced
SO-001132,2024-09-24,CUST-010,Vels Vidyashram School Campus,Institution,BR-01,EMP-003,30.0,5.4,35.4,Invoiced
SO-001133,2024-09-24,CUST-042,Velan Pump & Motor Spares Store,Retailer / Trader,BR-03,EMP-010,101250.0,18225.0,119475.0,Invoiced
SO-001134,2024-09-25,CUST-002,Kalaivani Hardware & Paints,Retailer / Trader,BR-01,EMP-003,148333.0,26699.94,175032.94,Invoiced
SO-001135,2024-09-25,CUST-023,Kalam Brothers Electrical Store,Retailer / Trader,BR-01,EMP-003,273949.0,49310.82,323259.82,Invoiced
SO-001136,2024-09-25,CUST-031,Nandini Milk Parlour & Mart,Small Commercial,BR-02,EMP-007,3930.0,707.4,4637.4,Invoiced
SO-001137,2024-09-25,CUST-023,Kalam Brothers Electrical Store,Retailer / Trader,BR-01,EMP-002,35785.0,6441.3,42226.3,Invoiced
SO-001138,2024-09-25,CUST-001,Balaji Electrical Contractors,Contractor,BR-01,EMP-002,84525.0,15214.5,99739.5,Invoiced
SO-001139,2024-09-25,CUST-014,Siva Shankaran (Individual Home),Residential / B2C,BR-01,EMP-002,450.0,81.0,531.0,Invoiced
SO-001140,2024-09-26,CUST-017,Apex Manufacturing Solutions,Small Commercial,BR-01,EMP-002,4700.0,846.0,5546.0,Invoiced
SO-001141,2024-09-26,CUST-040,Sri Krishna Engineering College Hostel,Institution,BR-03,EMP-010,4900.0,882.0,5782.0,Invoiced
SO-001142,2024-09-26,CUST-016,Royal Comfort Residency Hotel,Small Commercial,BR-01,EMP-003,720.0,129.6,849.6,Invoiced
SO-001143,2024-09-26,CUST-012,Karthik Residential Apartment Owner,Residential / B2C,BR-01,EMP-002,3780.0,680.4,4460.4,Invoiced
SO-001144,2024-09-26,CUST-047,Kovai Elite Residency Hotel,Small Commercial,BR-03,EMP-012,3070.0,552.6,3622.6,Invoiced
SO-001145,2024-09-27,CUST-047,Kovai Elite Residency Hotel,Small Commercial,BR-03,EMP-010,1020.0,183.6,1203.6,Invoiced
SO-001146,2024-09-27,CUST-029,Raghavendra Infrastructure Developers,Builder / Commercial,BR-02,EMP-006,71910.0,12943.8,84853.8,Invoiced
SO-001147,2024-09-27,CUST-046,Annamalai Agro Processing Unit,Small Commercial,BR-03,EMP-012,1125.0,202.5,1327.5,Invoiced
SO-001148,2024-09-27,CUST-032,Cauvery Engineering Contractors,Contractor,BR-02,EMP-007,109730.0,19751.4,129481.4,Invoiced
SO-001149,2024-09-27,CUST-013,Metro Supermarket Tambaram,Small Commercial,BR-01,EMP-003,495.0,89.1,584.1,Invoiced
SO-001150,2024-09-27,CUST-002,Kalaivani Hardware & Paints,Retailer / Trader,BR-01,EMP-003,98680.0,17762.4,116442.4,Invoiced
SO-001151,2024-09-28,CUST-006,Dr. Priya Sundaram (Home Clinic),Residential / B2C,BR-01,EMP-002,2420.0,435.6,2855.6,Invoiced
SO-001152,2024-09-28,CUST-022,Global Smart Solutions (P) Ltd,Contractor,BR-01,EMP-003,17090.0,3076.2,20166.2,Invoiced
SO-001153,2024-09-28,CUST-037,Kovai Textile Mills Facility Team,Small Commercial,BR-03,EMP-010,9050.0,1629.0,10679.0,Invoiced
SO-001154,2024-09-28,CUST-008,Anbu Electricals (Anbazhagan),Electrician,BR-01,EMP-003,5615.0,1010.7,6625.7,Invoiced
SO-001155,2024-09-28,CUST-019,Poompuhar Handicrafts Store,Small Commercial,BR-01,EMP-003,2330.0,419.4,2749.4,Invoiced
SO-001156,2024-09-30,CUST-031,Nandini Milk Parlour & Mart,Small Commercial,BR-02,EMP-006,3110.0,559.8,3669.8,Invoiced
SO-001157,2024-09-30,CUST-037,Kovai Textile Mills Facility Team,Small Commercial,BR-03,EMP-009,1460.0,262.8,1722.8,Invoiced
SO-001158,2024-09-30,CUST-027,InnoTech Coworking Hub,Small Commercial,BR-02,EMP-006,2340.0,421.2,2761.2,Invoiced
SO-001159,2024-09-30,CUST-005,Murugan Auto Garage & Works,Small Commercial,BR-01,EMP-002,3300.0,594.0,3894.0,Invoiced
SO-001160,2024-09-30,CUST-010,Vels Vidyashram School Campus,Institution,BR-01,EMP-003,3115.0,560.7,3675.7,Invoiced
SO-001161,2024-09-30,CUST-036,Urban Spaces Interior Studio,Contractor,BR-02,EMP-007,255090.0,45916.2,301006.2,Invoiced
SO-001162,2024-09-30,CUST-027,InnoTech Coworking Hub,Small Commercial,BR-02,EMP-006,450.0,81.0,531.0,Invoiced
SO-001163,2024-09-30,CUST-002,Kalaivani Hardware & Paints,Retailer / Trader,BR-01,EMP-003,40726.0,7330.68,48056.68,Invoiced
SO-001164,2024-10-01,CUST-005,Murugan Auto Garage & Works,Small Commercial,BR-01,EMP-002,3850.0,693.0,4543.0,Invoiced
SO-001165,2024-10-01,CUST-004,Sri Ramakrishna Builders & Infra,Builder / Commercial,BR-01,EMP-003,74080.0,13334.4,87414.4,Invoiced
SO-001166,2024-10-01,CUST-015,Srinivasan & Sons Contractor,Contractor,BR-01,EMP-002,13887.0,2499.66,16386.66,Invoiced
SO-001167,2024-10-01,CUST-028,Sri Venkateshwara Hardware & Electricals,Retailer / Trader,BR-02,EMP-006,372220.0,66999.6,439219.6,Invoiced
SO-001168,2024-10-01,CUST-048,Ramachandran (Individual House Owner),Residential / B2C,BR-03,EMP-010,2565.0,461.7,3026.7,Invoiced
SO-001169,2024-10-02,CUST-029,Raghavendra Infrastructure Developers,Builder / Commercial,BR-02,EMP-007,95710.0,17227.8,112937.8,Invoiced
SO-001170,2024-10-02,CUST-022,Global Smart Solutions (P) Ltd,Contractor,BR-01,EMP-002,197843.0,35611.74,233454.74,Invoiced
SO-001171,2024-10-02,CUST-008,Anbu Electricals (Anbazhagan),Electrician,BR-01,EMP-002,21690.0,3904.2,25594.2,Invoiced
SO-001172,2024-10-03,CUST-012,Karthik Residential Apartment Owner,Residential / B2C,BR-01,EMP-002,2390.0,430.2,2820.2,Invoiced
SO-001173,2024-10-03,CUST-025,Brigade Vista Apartment Owners Assn,Residential / B2C,BR-02,EMP-006,6740.0,1213.2,7953.2,Invoiced
SO-001174,2024-10-03,CUST-021,Mohammed Riyaz (Home Renovation),Residential / B2C,BR-01,EMP-002,2705.0,486.9,3191.9,Invoiced
SO-001175,2024-10-03,CUST-013,Metro Supermarket Tambaram,Small Commercial,BR-01,EMP-003,3450.0,621.0,4071.0,Invoiced
SO-001176,2024-10-03,CUST-002,Kalaivani Hardware & Paints,Retailer / Trader,BR-01,EMP-002,343385.0,61809.3,405194.3,Invoiced
SO-001177,2024-10-04,CUST-032,Cauvery Engineering Contractors,Contractor,BR-02,EMP-006,107100.0,19278.0,126378.0,Invoiced
SO-001178,2024-10-04,CUST-010,Vels Vidyashram School Campus,Institution,BR-01,EMP-003,3675.0,661.5,4336.5,Invoiced
SO-001179,2024-10-04,CUST-025,Brigade Vista Apartment Owners Assn,Residential / B2C,BR-02,EMP-007,2100.0,378.0,2478.0,Invoiced
SO-001180,2024-10-04,CUST-007,TechPark Facility Maintenance Team,Institution,BR-01,EMP-003,110.0,19.8,129.8,Invoiced
SO-001181,2024-10-04,CUST-048,Ramachandran (Individual House Owner),Residential / B2C,BR-03,EMP-012,975.0,175.5,1150.5,Invoiced
SO-001182,2024-10-05,CUST-026,Manjunatha Electrical Works,Electrician,BR-02,EMP-006,6060.0,1090.8,7150.8,Invoiced
SO-001183,2024-10-05,CUST-033,Suresh Babu (Villa Construction),Residential / B2C,BR-02,EMP-007,495.0,89.1,584.1,Invoiced
SO-001184,2024-10-05,CUST-025,Brigade Vista Apartment Owners Assn,Residential / B2C,BR-02,EMP-006,7750.0,1395.0,9145.0,Invoiced
SO-001185,2024-10-05,CUST-046,Annamalai Agro Processing Unit,Small Commercial,BR-03,EMP-009,730.0,131.4,861.4,Invoiced
SO-001186,2024-10-05,CUST-008,Anbu Electricals (Anbazhagan),Electrician,BR-01,EMP-003,6690.0,1204.2,7894.2,Invoiced
SO-001187,2024-10-05,CUST-013,Metro Supermarket Tambaram,Small Commercial,BR-01,EMP-002,75.0,13.5,88.5,Invoiced
SO-001188,2024-10-07,CUST-011,Victory Housing Projects Phase 2,Builder / Commercial,BR-01,EMP-002,160950.0,28971.0,189921.0,Invoiced
SO-001189,2024-10-07,CUST-041,Kongu Builders & Real Estate,Builder / Commercial,BR-03,EMP-010,76190.0,13714.2,89904.2,Invoiced
SO-001190,2024-10-07,CUST-013,Metro Supermarket Tambaram,Small Commercial,BR-01,EMP-002,450.0,81.0,531.0,Invoiced
SO-001191,2024-10-07,CUST-048,Ramachandran (Individual House Owner),Residential / B2C,BR-03,EMP-009,900.0,162.0,1062.0,Invoiced
SO-001192,2024-10-07,CUST-028,Sri Venkateshwara Hardware & Electricals,Retailer / Trader,BR-02,EMP-007,41285.0,7431.3,48716.3,Invoiced
SO-001193,2024-10-07,CUST-035,Gowda Electrical Repairs,Electrician,BR-02,EMP-006,6820.0,1227.6,8047.6,Invoiced
SO-001194,2024-10-07,CUST-040,Sri Krishna Engineering College Hostel,Institution,BR-03,EMP-009,1380.0,248.4,1628.4,Invoiced
SO-001195,2024-10-08,CUST-031,Nandini Milk Parlour & Mart,Small Commercial,BR-02,EMP-007,130.0,23.4,153.4,Invoiced
SO-001196,2024-10-08,CUST-029,Raghavendra Infrastructure Developers,Builder / Commercial,BR-02,EMP-007,256535.0,46176.3,302711.3,Invoiced
SO-001197,2024-10-08,CUST-034,Silicon Valley PG Hostel Chain,Institution,BR-02,EMP-006,6220.0,1119.6,7339.6,Invoiced
SO-001198,2024-10-08,CUST-041,Kongu Builders & Real Estate,Builder / Commercial,BR-03,EMP-010,41011.0,7381.98,48392.98,Invoiced
SO-001199,2024-10-08,CUST-003,Saravana Electric Works (Govindaraj),Electrician,BR-01,EMP-003,17761.0,3196.98,20957.98,Invoiced
SO-001200,2024-10-08,CUST-029,Raghavendra Infrastructure Developers,Builder / Commercial,BR-02,EMP-007,20780.0,3740.4,24520.4,Invoiced
SO-001201,2024-10-08,CUST-037,Kovai Textile Mills Facility Team,Small Commercial,BR-03,EMP-012,330.0,59.4,389.4,Invoiced
SO-001202,2024-10-08,CUST-014,Siva Shankaran (Individual Home),Residential / B2C,BR-01,EMP-003,2590.0,466.2,3056.2,Invoiced
SO-001203,2024-10-09,CUST-003,Saravana Electric Works (Govindaraj),Electrician,BR-01,EMP-002,24012.0,4322.16,28334.16,Invoiced
SO-001204,2024-10-09,CUST-009,Devi Agency & Lighting Store,Retailer / Trader,BR-01,EMP-003,94665.0,17039.7,111704.7,Invoiced
SO-001205,2024-10-09,CUST-044,Mani Bros Electricals (Mani),Electrician,BR-03,EMP-012,14260.0,2566.8,16826.8,Invoiced
SO-001206,2024-10-09,CUST-023,Kalam Brothers Electrical Store,Retailer / Trader,BR-01,EMP-002,56605.0,10188.9,66793.9,Invoiced
SO-001207,2024-10-09,CUST-018,Lakshmi Vilas Sweets & Bakery,Small Commercial,BR-01,EMP-003,11200.0,2016.0,13216.0,Invoiced
SO-001208,2024-10-09,CUST-011,Victory Housing Projects Phase 2,Builder / Commercial,BR-01,EMP-003,86034.0,15486.12,101520.12,Invoiced
SO-001209,2024-10-09,CUST-041,Kongu Builders & Real Estate,Builder / Commercial,BR-03,EMP-010,138590.0,24946.2,163536.2,Invoiced
SO-001210,2024-10-10,CUST-045,Karthika Departmental Store,Small Commercial,BR-03,EMP-009,3880.0,698.4,4578.4,Invoiced
SO-001211,2024-10-10,CUST-032,Cauvery Engineering Contractors,Contractor,BR-02,EMP-006,146500.0,26370.0,172870.0,Invoiced
SO-001212,2024-10-10,CUST-019,Poompuhar Handicrafts Store,Small Commercial,BR-01,EMP-002,955.0,171.9,1126.9,Invoiced
SO-001213,2024-10-10,CUST-031,Nandini Milk Parlour & Mart,Small Commercial,BR-02,EMP-007,2830.0,509.4,3339.4,Invoiced
SO-001214,2024-10-10,CUST-013,Metro Supermarket Tambaram,Small Commercial,BR-01,EMP-003,2510.0,451.8,2961.8,Invoiced
SO-001215,2024-10-11,CUST-017,Apex Manufacturing Solutions,Small Commercial,BR-01,EMP-002,515.0,92.7,607.7,Invoiced
SO-001216,2024-10-11,CUST-046,Annamalai Agro Processing Unit,Small Commercial,BR-03,EMP-012,195.0,35.1,230.1,Invoiced
SO-001217,2024-10-11,CUST-043,Sundaram Hospital Maintenance,Institution,BR-03,EMP-010,6915.0,1244.7,8159.7,Invoiced
SO-001218,2024-10-11,CUST-035,Gowda Electrical Repairs,Electrician,BR-02,EMP-006,7290.0,1312.2,8602.2,Invoiced
SO-001219,2024-10-11,CUST-007,TechPark Facility Maintenance Team,Institution,BR-01,EMP-003,1765.0,317.7,2082.7,Invoiced
SO-001220,2024-10-11,CUST-008,Anbu Electricals (Anbazhagan),Electrician,BR-01,EMP-002,18860.0,3394.8,22254.8,Invoiced
SO-001221,2024-10-12,CUST-036,Urban Spaces Interior Studio,Contractor,BR-02,EMP-006,143365.0,25805.7,169170.7,Invoiced
SO-001222,2024-10-12,CUST-016,Royal Comfort Residency Hotel,Small Commercial,BR-01,EMP-003,1500.0,270.0,1770.0,Invoiced
SO-001223,2024-10-12,CUST-046,Annamalai Agro Processing Unit,Small Commercial,BR-03,EMP-010,220.0,39.6,259.6,Invoiced
SO-001224,2024-10-12,CUST-022,Global Smart Solutions (P) Ltd,Contractor,BR-01,EMP-002,108675.0,19561.5,128236.5,Invoiced
SO-001225,2024-10-14,CUST-016,Royal Comfort Residency Hotel,Small Commercial,BR-01,EMP-002,760.0,136.8,896.8,Invoiced
SO-001226,2024-10-14,CUST-019,Poompuhar Handicrafts Store,Small Commercial,BR-01,EMP-003,165.0,29.7,194.7,Invoiced
SO-001227,2024-10-14,CUST-040,Sri Krishna Engineering College Hostel,Institution,BR-03,EMP-012,1785.0,321.3,2106.3,Invoiced
SO-001228,2024-10-14,CUST-017,Apex Manufacturing Solutions,Small Commercial,BR-01,EMP-002,480.0,86.4,566.4,Invoiced
SO-001229,2024-10-14,CUST-034,Silicon Valley PG Hostel Chain,Institution,BR-02,EMP-007,3230.0,581.4,3811.4,Invoiced
SO-001230,2024-10-14,CUST-033,Suresh Babu (Villa Construction),Residential / B2C,BR-02,EMP-006,3200.0,576.0,3776.0,Invoiced
SO-001231,2024-10-14,CUST-022,Global Smart Solutions (P) Ltd,Contractor,BR-01,EMP-002,72825.0,13108.5,85933.5,Invoiced
SO-001232,2024-10-15,CUST-029,Raghavendra Infrastructure Developers,Builder / Commercial,BR-02,EMP-006,70835.0,12750.3,83585.3,Invoiced
SO-001233,2024-10-15,CUST-012,Karthik Residential Apartment Owner,Residential / B2C,BR-01,EMP-002,1687.5,303.75,1991.25,Invoiced
SO-001234,2024-10-15,CUST-005,Murugan Auto Garage & Works,Small Commercial,BR-01,EMP-003,4227.0,760.86,4987.86,Invoiced
SO-001235,2024-10-15,CUST-009,Devi Agency & Lighting Store,Retailer / Trader,BR-01,EMP-003,35550.0,6399.0,41949.0,Invoiced
SO-001236,2024-10-15,CUST-046,Annamalai Agro Processing Unit,Small Commercial,BR-03,EMP-012,4716.0,848.88,5564.88,Invoiced
SO-001237,2024-10-15,CUST-037,Kovai Textile Mills Facility Team,Small Commercial,BR-03,EMP-009,1269.0,228.42,1497.42,Invoiced
SO-001238,2024-10-16,CUST-016,Royal Comfort Residency Hotel,Small Commercial,BR-01,EMP-003,1685.0,303.3,1988.3,Invoiced
SO-001239,2024-10-16,CUST-021,Mohammed Riyaz (Home Renovation),Residential / B2C,BR-01,EMP-003,99.0,17.82,116.82,Invoiced
SO-001240,2024-10-16,CUST-022,Global Smart Solutions (P) Ltd,Contractor,BR-01,EMP-002,146060.0,26290.8,172350.8,Invoiced
SO-001241,2024-10-16,CUST-002,Kalaivani Hardware & Paints,Retailer / Trader,BR-01,EMP-003,237715.0,42788.7,280503.7,Invoiced
SO-001242,2024-10-16,CUST-020,Selvam Electrician Services,Electrician,BR-01,EMP-002,7899.0,1421.82,9320.82,Invoiced
SO-001243,2024-10-17,CUST-029,Raghavendra Infrastructure Developers,Builder / Commercial,BR-02,EMP-006,213058.0,38350.44,251408.44,Invoiced
SO-001244,2024-10-17,CUST-023,Kalam Brothers Electrical Store,Retailer / Trader,BR-01,EMP-002,297799.0,53603.82,351402.82,Invoiced
SO-001245,2024-10-17,CUST-028,Sri Venkateshwara Hardware & Electricals,Retailer / Trader,BR-02,EMP-006,115386.5,20769.57,136156.07,Invoiced
SO-001246,2024-10-17,CUST-037,Kovai Textile Mills Facility Team,Small Commercial,BR-03,EMP-010,315.0,56.7,371.7,Invoiced
SO-001247,2024-10-17,CUST-021,Mohammed Riyaz (Home Renovation),Residential / B2C,BR-01,EMP-003,4300.0,774.0,5074.0,Invoiced
SO-001248,2024-10-17,CUST-018,Lakshmi Vilas Sweets & Bakery,Small Commercial,BR-01,EMP-003,351.0,63.18,414.18,Invoiced
SO-001249,2024-10-17,CUST-028,Sri Venkateshwara Hardware & Electricals,Retailer / Trader,BR-02,EMP-006,145822.5,26248.05,172070.55,Invoiced
SO-001250,2024-10-17,CUST-002,Kalaivani Hardware & Paints,Retailer / Trader,BR-01,EMP-002,123870.0,22296.6,146166.6,Invoiced
SO-001251,2024-10-18,CUST-009,Devi Agency & Lighting Store,Retailer / Trader,BR-01,EMP-002,107017.5,19263.15,126280.65,Invoiced
SO-001252,2024-10-18,CUST-039,Rangasamy Electrician Workshop,Electrician,BR-03,EMP-009,16644.0,2995.92,19639.92,Invoiced
SO-001253,2024-10-18,CUST-010,Vels Vidyashram School Campus,Institution,BR-01,EMP-002,5205.0,936.9,6141.9,Invoiced
SO-001254,2024-10-18,CUST-037,Kovai Textile Mills Facility Team,Small Commercial,BR-03,EMP-010,8230.0,1481.4,9711.4,Invoiced
SO-001255,2024-10-19,CUST-035,Gowda Electrical Repairs,Electrician,BR-02,EMP-006,2040.0,367.2,2407.2,Invoiced
SO-001256,2024-10-19,CUST-026,Manjunatha Electrical Works,Electrician,BR-02,EMP-007,2986.0,537.48,3523.48,Invoiced
SO-001257,2024-10-19,CUST-015,Srinivasan & Sons Contractor,Contractor,BR-01,EMP-003,16970.0,3054.6,20024.6,Invoiced
SO-001258,2024-10-19,CUST-026,Manjunatha Electrical Works,Electrician,BR-02,EMP-006,2105.0,378.9,2483.9,Invoiced
SO-001259,2024-10-19,CUST-034,Silicon Valley PG Hostel Chain,Institution,BR-02,EMP-006,15.0,2.7,17.7,Invoiced
SO-001260,2024-10-19,CUST-017,Apex Manufacturing Solutions,Small Commercial,BR-01,EMP-003,6815.0,1226.7,8041.7,Invoiced
SO-001261,2024-10-19,CUST-029,Raghavendra Infrastructure Developers,Builder / Commercial,BR-02,EMP-007,45944.5,8270.01,54214.51,Invoiced
SO-001262,2024-10-19,CUST-027,InnoTech Coworking Hub,Small Commercial,BR-02,EMP-006,1467.0,264.06,1731.06,Invoiced
SO-001263,2024-10-21,CUST-038,Marutham Electrical & Power Agency,Retailer / Trader,BR-03,EMP-012,297196.0,53495.28,350691.28,Invoiced
SO-001264,2024-10-21,CUST-014,Siva Shankaran (Individual Home),Residential / B2C,BR-01,EMP-003,3846.0,692.28,4538.28,Invoiced
SO-001265,2024-10-21,CUST-008,Anbu Electricals (Anbazhagan),Electrician,BR-01,EMP-003,4729.5,851.31,5580.81,Invoiced
SO-001266,2024-10-21,CUST-018,Lakshmi Vilas Sweets & Bakery,Small Commercial,BR-01,EMP-003,1021.5,183.87,1205.37,Invoiced
SO-001267,2024-10-22,CUST-030,Dr. Arvind Rao Dental Clinic,Small Commercial,BR-02,EMP-007,270.0,48.6,318.6,Invoiced
SO-001268,2024-10-22,CUST-015,Srinivasan & Sons Contractor,Contractor,BR-01,EMP-003,115580.0,20804.4,136384.4,Invoiced
SO-001269,2024-10-22,CUST-003,Saravana Electric Works (Govindaraj),Electrician,BR-01,EMP-003,4416.0,794.88,5210.88,Invoiced
SO-001270,2024-10-22,CUST-048,Ramachandran (Individual House Owner),Residential / B2C,BR-03,EMP-009,365.0,65.7,430.7,Invoiced
SO-001271,2024-10-23,CUST-006,Dr. Priya Sundaram (Home Clinic),Residential / B2C,BR-01,EMP-002,2150.0,387.0,2537.0,Invoiced
SO-001272,2024-10-23,CUST-031,Nandini Milk Parlour & Mart,Small Commercial,BR-02,EMP-007,990.0,178.2,1168.2,Invoiced
SO-001273,2024-10-23,CUST-038,Marutham Electrical & Power Agency,Retailer / Trader,BR-03,EMP-012,173160.0,31168.8,204328.8,Invoiced
SO-001274,2024-10-24,CUST-022,Global Smart Solutions (P) Ltd,Contractor,BR-01,EMP-003,18820.0,3387.6,22207.6,Invoiced
SO-001275,2024-10-24,CUST-002,Kalaivani Hardware & Paints,Retailer / Trader,BR-01,EMP-002,340445.0,61280.1,401725.1,Invoiced
SO-001276,2024-10-24,CUST-036,Urban Spaces Interior Studio,Contractor,BR-02,EMP-007,19662.0,3539.16,23201.16,Invoiced
SO-001277,2024-10-24,CUST-026,Manjunatha Electrical Works,Electrician,BR-02,EMP-007,5184.0,933.12,6117.12,Invoiced
SO-001278,2024-10-24,CUST-002,Kalaivani Hardware & Paints,Retailer / Trader,BR-01,EMP-002,295985.0,53277.3,349262.3,Invoiced
SO-001279,2024-10-24,CUST-001,Balaji Electrical Contractors,Contractor,BR-01,EMP-002,30040.0,5407.2,35447.2,Invoiced
SO-001280,2024-10-25,CUST-021,Mohammed Riyaz (Home Renovation),Residential / B2C,BR-01,EMP-002,99.0,17.82,116.82,Invoiced
SO-001281,2024-10-25,CUST-005,Murugan Auto Garage & Works,Small Commercial,BR-01,EMP-003,5420.0,975.6,6395.6,Invoiced
SO-001282,2024-10-25,CUST-026,Manjunatha Electrical Works,Electrician,BR-02,EMP-006,35750.0,6435.0,42185.0,Invoiced
SO-001283,2024-10-26,CUST-038,Marutham Electrical & Power Agency,Retailer / Trader,BR-03,EMP-009,470935.0,84768.3,555703.3,Invoiced
SO-001284,2024-10-26,CUST-032,Cauvery Engineering Contractors,Contractor,BR-02,EMP-006,19567.0,3522.06,23089.06,Invoiced
SO-001285,2024-10-26,CUST-029,Raghavendra Infrastructure Developers,Builder / Commercial,BR-02,EMP-006,25070.0,4512.6,29582.6,Invoiced
SO-001286,2024-10-26,CUST-021,Mohammed Riyaz (Home Renovation),Residential / B2C,BR-01,EMP-003,1125.0,202.5,1327.5,Invoiced
SO-001287,2024-10-26,CUST-020,Selvam Electrician Services,Electrician,BR-01,EMP-002,17930.0,3227.4,21157.4,Invoiced
SO-001288,2024-10-26,CUST-034,Silicon Valley PG Hostel Chain,Institution,BR-02,EMP-007,228.0,41.04,269.04,Invoiced
SO-001289,2024-10-26,CUST-014,Siva Shankaran (Individual Home),Residential / B2C,BR-01,EMP-002,2850.0,513.0,3363.0,Invoiced
SO-001290,2024-10-28,CUST-034,Silicon Valley PG Hostel Chain,Institution,BR-02,EMP-006,2964.0,533.52,3497.52,Invoiced
SO-001291,2024-10-28,CUST-004,Sri Ramakrishna Builders & Infra,Builder / Commercial,BR-01,EMP-002,155596.0,28007.28,183603.28,Invoiced
SO-001292,2024-10-28,CUST-012,Karthik Residential Apartment Owner,Residential / B2C,BR-01,EMP-002,252.0,45.36,297.36,Invoiced
SO-001293,2024-10-28,CUST-007,TechPark Facility Maintenance Team,Institution,BR-01,EMP-003,30.0,5.4,35.4,Invoiced
SO-001294,2024-10-28,CUST-019,Poompuhar Handicrafts Store,Small Commercial,BR-01,EMP-002,2340.0,421.2,2761.2,Invoiced
SO-001295,2024-10-28,CUST-048,Ramachandran (Individual House Owner),Residential / B2C,BR-03,EMP-012,351.0,63.18,414.18,Invoiced
SO-001296,2024-10-28,CUST-032,Cauvery Engineering Contractors,Contractor,BR-02,EMP-007,61263.0,11027.34,72290.34,Invoiced
SO-001297,2024-10-28,CUST-013,Metro Supermarket Tambaram,Small Commercial,BR-01,EMP-003,504.0,90.72,594.72,Invoiced
SO-001298,2024-10-29,CUST-036,Urban Spaces Interior Studio,Contractor,BR-02,EMP-007,116510.0,20971.8,137481.8,Invoiced
SO-001299,2024-10-29,CUST-011,Victory Housing Projects Phase 2,Builder / Commercial,BR-01,EMP-003,151940.5,27349.29,179289.79,Invoiced
SO-001300,2024-10-29,CUST-020,Selvam Electrician Services,Electrician,BR-01,EMP-002,18435.0,3318.3,21753.3,Invoiced
SO-001301,2024-10-29,CUST-032,Cauvery Engineering Contractors,Contractor,BR-02,EMP-006,26928.5,4847.13,31775.63,Invoiced
SO-001302,2024-10-30,CUST-042,Velan Pump & Motor Spares Store,Retailer / Trader,BR-03,EMP-009,285771.0,51438.78,337209.78,Invoiced
SO-001303,2024-10-30,CUST-019,Poompuhar Handicrafts Store,Small Commercial,BR-01,EMP-003,360.0,64.8,424.8,Invoiced
SO-001304,2024-10-30,CUST-018,Lakshmi Vilas Sweets & Bakery,Small Commercial,BR-01,EMP-003,882.0,158.76,1040.76,Invoiced
SO-001305,2024-10-30,CUST-039,Rangasamy Electrician Workshop,Electrician,BR-03,EMP-009,18638.0,3354.84,21992.84,Invoiced
SO-001306,2024-10-30,CUST-025,Brigade Vista Apartment Owners Assn,Residential / B2C,BR-02,EMP-006,4300.0,774.0,5074.0,Invoiced
SO-001307,2024-10-31,CUST-031,Nandini Milk Parlour & Mart,Small Commercial,BR-02,EMP-006,1530.0,275.4,1805.4,Invoiced
SO-001308,2024-10-31,CUST-010,Vels Vidyashram School Campus,Institution,BR-01,EMP-002,299.0,53.82,352.82,Invoiced
SO-001309,2024-10-31,CUST-005,Murugan Auto Garage & Works,Small Commercial,BR-01,EMP-003,3030.0,545.4,3575.4,Invoiced
SO-001310,2024-10-31,CUST-014,Siva Shankaran (Individual Home),Residential / B2C,BR-01,EMP-002,5286.0,951.48,6237.48,Invoiced
SO-001311,2024-10-31,CUST-004,Sri Ramakrishna Builders & Infra,Builder / Commercial,BR-01,EMP-002,143595.0,25847.1,169442.1,Invoiced
SO-001312,2024-11-01,CUST-032,Cauvery Engineering Contractors,Contractor,BR-02,EMP-007,216145.0,38906.1,255051.1,Invoiced
SO-001313,2024-11-01,CUST-023,Kalam Brothers Electrical Store,Retailer / Trader,BR-01,EMP-003,227805.0,41004.9,268809.9,Invoiced
SO-001314,2024-11-01,CUST-041,Kongu Builders & Real Estate,Builder / Commercial,BR-03,EMP-009,80942.5,14569.65,95512.15,Invoiced
SO-001315,2024-11-01,CUST-036,Urban Spaces Interior Studio,Contractor,BR-02,EMP-006,47977.0,8635.86,56612.86,Invoiced
SO-001316,2024-11-01,CUST-027,InnoTech Coworking Hub,Small Commercial,BR-02,EMP-007,2285.0,411.3,2696.3,Invoiced
SO-001317,2024-11-01,CUST-040,Sri Krishna Engineering College Hostel,Institution,BR-03,EMP-009,396.0,71.28,467.28,Invoiced
SO-001318,2024-11-02,CUST-045,Karthika Departmental Store,Small Commercial,BR-03,EMP-012,65.0,11.7,76.7,Invoiced
SO-001319,2024-11-02,CUST-032,Cauvery Engineering Contractors,Contractor,BR-02,EMP-006,4152.0,747.36,4899.36,Invoiced
SO-001320,2024-11-02,CUST-013,Metro Supermarket Tambaram,Small Commercial,BR-01,EMP-002,445.0,80.1,525.1,Invoiced
SO-001321,2024-11-04,CUST-039,Rangasamy Electrician Workshop,Electrician,BR-03,EMP-010,20697.0,3725.46,24422.46,Invoiced
SO-001322,2024-11-04,CUST-037,Kovai Textile Mills Facility Team,Small Commercial,BR-03,EMP-012,504.0,90.72,594.72,Invoiced
SO-001323,2024-11-04,CUST-018,Lakshmi Vilas Sweets & Bakery,Small Commercial,BR-01,EMP-002,240.0,43.2,283.2,Invoiced
SO-001324,2024-11-04,CUST-028,Sri Venkateshwara Hardware & Electricals,Retailer / Trader,BR-02,EMP-007,40805.0,7344.9,48149.9,Invoiced
SO-001325,2024-11-04,CUST-012,Karthik Residential Apartment Owner,Residential / B2C,BR-01,EMP-003,330.0,59.4,389.4,Invoiced
SO-001326,2024-11-05,CUST-021,Mohammed Riyaz (Home Renovation),Residential / B2C,BR-01,EMP-003,2654.0,477.72,3131.72,Invoiced
SO-001327,2024-11-05,CUST-038,Marutham Electrical & Power Agency,Retailer / Trader,BR-03,EMP-009,136923.5,24646.23,161569.73,Invoiced
SO-001328,2024-11-05,CUST-026,Manjunatha Electrical Works,Electrician,BR-02,EMP-007,6080.0,1094.4,7174.4,Invoiced
SO-001329,2024-11-05,CUST-006,Dr. Priya Sundaram (Home Clinic),Residential / B2C,BR-01,EMP-002,2683.0,482.94,3165.94,Invoiced
SO-001330,2024-11-05,CUST-008,Anbu Electricals (Anbazhagan),Electrician,BR-01,EMP-002,1140.0,205.2,1345.2,Invoiced
SO-001331,2024-11-05,CUST-028,Sri Venkateshwara Hardware & Electricals,Retailer / Trader,BR-02,EMP-006,83862.0,15095.16,98957.16,Invoiced
SO-001332,2024-11-05,CUST-031,Nandini Milk Parlour & Mart,Small Commercial,BR-02,EMP-007,1584.0,285.12,1869.12,Invoiced
SO-001333,2024-11-05,CUST-031,Nandini Milk Parlour & Mart,Small Commercial,BR-02,EMP-007,6230.0,1121.4,7351.4,Invoiced
SO-001334,2024-11-06,CUST-043,Sundaram Hospital Maintenance,Institution,BR-03,EMP-009,5600.0,1008.0,6608.0,Invoiced
SO-001335,2024-11-06,CUST-004,Sri Ramakrishna Builders & Infra,Builder / Commercial,BR-01,EMP-002,15700.0,2826.0,18526.0,Invoiced
SO-001336,2024-11-06,CUST-014,Siva Shankaran (Individual Home),Residential / B2C,BR-01,EMP-003,15.0,2.7,17.7,Invoiced
SO-001337,2024-11-07,CUST-040,Sri Krishna Engineering College Hostel,Institution,BR-03,EMP-009,1840.0,331.2,2171.2,Invoiced
SO-001338,2024-11-07,CUST-008,Anbu Electricals (Anbazhagan),Electrician,BR-01,EMP-002,18730.0,3371.4,22101.4,Invoiced
SO-001339,2024-11-07,CUST-034,Silicon Valley PG Hostel Chain,Institution,BR-02,EMP-007,2150.0,387.0,2537.0,Invoiced
SO-001340,2024-11-07,CUST-025,Brigade Vista Apartment Owners Assn,Residential / B2C,BR-02,EMP-006,6450.0,1161.0,7611.0,Invoiced
SO-001341,2024-11-07,CUST-031,Nandini Milk Parlour & Mart,Small Commercial,BR-02,EMP-007,900.0,162.0,1062.0,Invoiced
SO-001342,2024-11-08,CUST-041,Kongu Builders & Real Estate,Builder / Commercial,BR-03,EMP-012,66190.0,11914.2,78104.2,Invoiced
SO-001343,2024-11-08,CUST-037,Kovai Textile Mills Facility Team,Small Commercial,BR-03,EMP-010,45.0,8.1,53.1,Invoiced
SO-001344,2024-11-08,CUST-011,Victory Housing Projects Phase 2,Builder / Commercial,BR-01,EMP-003,108710.0,19567.8,128277.8,Invoiced
SO-001345,2024-11-08,CUST-042,Velan Pump & Motor Spares Store,Retailer / Trader,BR-03,EMP-010,148135.0,26664.3,174799.3,Invoiced
SO-001346,2024-11-08,CUST-038,Marutham Electrical & Power Agency,Retailer / Trader,BR-03,EMP-010,267698.0,48185.64,315883.64,Invoiced
SO-001347,2024-11-08,CUST-029,Raghavendra Infrastructure Developers,Builder / Commercial,BR-02,EMP-006,15366.0,2765.88,18131.88,Invoiced
SO-001348,2024-11-08,CUST-018,Lakshmi Vilas Sweets & Bakery,Small Commercial,BR-01,EMP-002,4680.0,842.4,5522.4,Invoiced
SO-001349,2024-11-09,CUST-016,Royal Comfort Residency Hotel,Small Commercial,BR-01,EMP-002,4665.0,839.7,5504.7,Invoiced
SO-001350,2024-11-09,CUST-005,Murugan Auto Garage & Works,Small Commercial,BR-01,EMP-003,4700.0,846.0,5546.0,Invoiced
SO-001351,2024-11-09,CUST-032,Cauvery Engineering Contractors,Contractor,BR-02,EMP-006,14015.0,2522.7,16537.7,Invoiced
SO-001352,2024-11-09,CUST-037,Kovai Textile Mills Facility Team,Small Commercial,BR-03,EMP-012,1650.0,297.0,1947.0,Invoiced
SO-001353,2024-11-09,CUST-048,Ramachandran (Individual House Owner),Residential / B2C,BR-03,EMP-010,1110.0,199.8,1309.8,Invoiced
SO-001354,2024-11-11,CUST-045,Karthika Departmental Store,Small Commercial,BR-03,EMP-012,2880.0,518.4,3398.4,Invoiced
SO-001355,2024-11-11,CUST-020,Selvam Electrician Services,Electrician,BR-01,EMP-003,2099.0,377.82,2476.82,Invoiced
SO-001356,2024-11-11,CUST-035,Gowda Electrical Repairs,Electrician,BR-02,EMP-007,37580.0,6764.4,44344.4,Invoiced
SO-001357,2024-11-11,CUST-015,Srinivasan & Sons Contractor,Contractor,BR-01,EMP-003,113540.0,20437.2,133977.2,Invoiced
SO-001358,2024-11-11,CUST-043,Sundaram Hospital Maintenance,Institution,BR-03,EMP-010,2500.0,450.0,2950.0,Invoiced
SO-001359,2024-11-11,CUST-001,Balaji Electrical Contractors,Contractor,BR-01,EMP-002,52866.0,9515.88,62381.88,Invoiced
SO-001360,2024-11-11,CUST-023,Kalam Brothers Electrical Store,Retailer / Trader,BR-01,EMP-002,20612.0,3710.16,24322.16,Invoiced
SO-001361,2024-11-11,CUST-030,Dr. Arvind Rao Dental Clinic,Small Commercial,BR-02,EMP-006,1700.0,306.0,2006.0,Invoiced
SO-001362,2024-11-12,CUST-019,Poompuhar Handicrafts Store,Small Commercial,BR-01,EMP-003,4500.0,810.0,5310.0,Invoiced
SO-001363,2024-11-12,CUST-039,Rangasamy Electrician Workshop,Electrician,BR-03,EMP-012,3410.0,613.8,4023.8,Invoiced
SO-001364,2024-11-12,CUST-023,Kalam Brothers Electrical Store,Retailer / Trader,BR-01,EMP-002,252480.0,45446.4,297926.4,Invoiced
SO-001365,2024-11-12,CUST-008,Anbu Electricals (Anbazhagan),Electrician,BR-01,EMP-002,7620.0,1371.6,8991.6,Invoiced
SO-001366,2024-11-12,CUST-046,Annamalai Agro Processing Unit,Small Commercial,BR-03,EMP-009,2520.0,453.6,2973.6,Invoiced
SO-001367,2024-11-12,CUST-035,Gowda Electrical Repairs,Electrician,BR-02,EMP-006,17450.0,3141.0,20591.0,Invoiced
SO-001368,2024-11-13,CUST-028,Sri Venkateshwara Hardware & Electricals,Retailer / Trader,BR-02,EMP-007,150165.0,27029.7,177194.7,Invoiced
SO-001369,2024-11-13,CUST-022,Global Smart Solutions (P) Ltd,Contractor,BR-01,EMP-003,109643.0,19735.74,129378.74,Invoiced
SO-001370,2024-11-13,CUST-031,Nandini Milk Parlour & Mart,Small Commercial,BR-02,EMP-007,6650.0,1197.0,7847.0,Invoiced
SO-001371,2024-11-14,CUST-044,Mani Bros Electricals (Mani),Electrician,BR-03,EMP-010,11820.0,2127.6,13947.6,Invoiced
SO-001372,2024-11-14,CUST-027,InnoTech Coworking Hub,Small Commercial,BR-02,EMP-006,65.0,11.7,76.7,Invoiced
SO-001373,2024-11-14,CUST-035,Gowda Electrical Repairs,Electrician,BR-02,EMP-007,7330.0,1319.4,8649.4,Invoiced
SO-001374,2024-11-14,CUST-026,Manjunatha Electrical Works,Electrician,BR-02,EMP-006,1425.0,256.5,1681.5,Invoiced
SO-001375,2024-11-14,CUST-038,Marutham Electrical & Power Agency,Retailer / Trader,BR-03,EMP-012,21540.0,3877.2,25417.2,Invoiced
SO-001376,2024-11-14,CUST-015,Srinivasan & Sons Contractor,Contractor,BR-01,EMP-002,58310.0,10495.8,68805.8,Invoiced
SO-001377,2024-11-14,CUST-041,Kongu Builders & Real Estate,Builder / Commercial,BR-03,EMP-012,88110.0,15859.8,103969.8,Invoiced
SO-001378,2024-11-15,CUST-039,Rangasamy Electrician Workshop,Electrician,BR-03,EMP-010,23695.0,4265.1,27960.1,Invoiced
SO-001379,2024-11-15,CUST-002,Kalaivani Hardware & Paints,Retailer / Trader,BR-01,EMP-003,119385.0,21489.3,140874.3,Invoiced
SO-001380,2024-11-15,CUST-047,Kovai Elite Residency Hotel,Small Commercial,BR-03,EMP-009,2505.0,450.9,2955.9,Invoiced
SO-001381,2024-11-15,CUST-014,Siva Shankaran (Individual Home),Residential / B2C,BR-01,EMP-003,1050.0,189.0,1239.0,Invoiced
SO-001382,2024-11-16,CUST-044,Mani Bros Electricals (Mani),Electrician,BR-03,EMP-012,6750.0,1215.0,7965.0,Invoiced
SO-001383,2024-11-16,CUST-025,Brigade Vista Apartment Owners Assn,Residential / B2C,BR-02,EMP-007,1100.0,198.0,1298.0,Invoiced
SO-001384,2024-11-16,CUST-030,Dr. Arvind Rao Dental Clinic,Small Commercial,BR-02,EMP-007,280.0,50.4,330.4,Invoiced
SO-001385,2024-11-18,CUST-037,Kovai Textile Mills Facility Team,Small Commercial,BR-03,EMP-012,280.0,50.4,330.4,Invoiced
SO-001386,2024-11-18,CUST-044,Mani Bros Electricals (Mani),Electrician,BR-03,EMP-009,9560.0,1720.8,11280.8,Invoiced
SO-001387,2024-11-18,CUST-038,Marutham Electrical & Power Agency,Retailer / Trader,BR-03,EMP-012,68435.0,12318.3,80753.3,Invoiced
SO-001388,2024-11-19,CUST-012,Karthik Residential Apartment Owner,Residential / B2C,BR-01,EMP-002,5950.0,1071.0,7021.0,Invoiced
SO-001389,2024-11-19,CUST-034,Silicon Valley PG Hostel Chain,Institution,BR-02,EMP-007,300.0,54.0,354.0,Invoiced
SO-001390,2024-11-19,CUST-037,Kovai Textile Mills Facility Team,Small Commercial,BR-03,EMP-009,3175.0,571.5,3746.5,Invoiced
SO-001391,2024-11-19,CUST-047,Kovai Elite Residency Hotel,Small Commercial,BR-03,EMP-010,900.0,162.0,1062.0,Invoiced
SO-001392,2024-11-20,CUST-041,Kongu Builders & Real Estate,Builder / Commercial,BR-03,EMP-010,18995.0,3419.1,22414.1,Invoiced
SO-001393,2024-11-20,CUST-001,Balaji Electrical Contractors,Contractor,BR-01,EMP-003,61370.0,11046.6,72416.6,Invoiced
SO-001394,2024-11-20,CUST-014,Siva Shankaran (Individual Home),Residential / B2C,BR-01,EMP-003,3000.0,540.0,3540.0,Invoiced
SO-001395,2024-11-20,CUST-048,Ramachandran (Individual House Owner),Residential / B2C,BR-03,EMP-012,1845.0,332.1,2177.1,Invoiced
SO-001396,2024-11-21,CUST-009,Devi Agency & Lighting Store,Retailer / Trader,BR-01,EMP-002,92032.0,16565.76,108597.76,Invoiced
SO-001397,2024-11-21,CUST-045,Karthika Departmental Store,Small Commercial,BR-03,EMP-010,1120.0,201.6,1321.6,Invoiced
SO-001398,2024-11-21,CUST-045,Karthika Departmental Store,Small Commercial,BR-03,EMP-012,450.0,81.0,531.0,Invoiced
SO-001399,2024-11-21,CUST-046,Annamalai Agro Processing Unit,Small Commercial,BR-03,EMP-009,7140.0,1285.2,8425.2,Invoiced
SO-001400,2024-11-22,CUST-005,Murugan Auto Garage & Works,Small Commercial,BR-01,EMP-002,770.0,138.6,908.6,Invoiced
SO-001401,2024-11-22,CUST-013,Metro Supermarket Tambaram,Small Commercial,BR-01,EMP-003,7900.0,1422.0,9322.0,Invoiced
SO-001402,2024-11-22,CUST-025,Brigade Vista Apartment Owners Assn,Residential / B2C,BR-02,EMP-007,1100.0,198.0,1298.0,Invoiced
SO-001403,2024-11-22,CUST-025,Brigade Vista Apartment Owners Assn,Residential / B2C,BR-02,EMP-007,600.0,108.0,708.0,Invoiced
SO-001404,2024-11-22,CUST-034,Silicon Valley PG Hostel Chain,Institution,BR-02,EMP-007,1380.0,248.4,1628.4,Invoiced
SO-001405,2024-11-23,CUST-009,Devi Agency & Lighting Store,Retailer / Trader,BR-01,EMP-003,127560.0,22960.8,150520.8,Invoiced
SO-001406,2024-11-23,CUST-013,Metro Supermarket Tambaram,Small Commercial,BR-01,EMP-003,330.0,59.4,389.4,Invoiced
SO-001407,2024-11-23,CUST-016,Royal Comfort Residency Hotel,Small Commercial,BR-01,EMP-003,3620.0,651.6,4271.6,Invoiced
SO-001408,2024-11-23,CUST-022,Global Smart Solutions (P) Ltd,Contractor,BR-01,EMP-003,153750.0,27675.0,181425.0,Invoiced
SO-001409,2024-11-23,CUST-037,Kovai Textile Mills Facility Team,Small Commercial,BR-03,EMP-012,3050.0,549.0,3599.0,Invoiced
SO-001410,2024-11-23,CUST-003,Saravana Electric Works (Govindaraj),Electrician,BR-01,EMP-003,15855.0,2853.9,18708.9,Invoiced
SO-001411,2024-11-23,CUST-028,Sri Venkateshwara Hardware & Electricals,Retailer / Trader,BR-02,EMP-006,138930.0,25007.4,163937.4,Invoiced
SO-001412,2024-11-25,CUST-044,Mani Bros Electricals (Mani),Electrician,BR-03,EMP-010,13225.0,2380.5,15605.5,Invoiced
SO-001413,2024-11-25,CUST-042,Velan Pump & Motor Spares Store,Retailer / Trader,BR-03,EMP-009,273150.0,49167.0,322317.0,Invoiced
SO-001414,2024-11-25,CUST-001,Balaji Electrical Contractors,Contractor,BR-01,EMP-002,68965.0,12413.7,81378.7,Invoiced
SO-001415,2024-11-25,CUST-010,Vels Vidyashram School Campus,Institution,BR-01,EMP-002,900.0,162.0,1062.0,Invoiced
SO-001416,2024-11-25,CUST-046,Annamalai Agro Processing Unit,Small Commercial,BR-03,EMP-012,6400.0,1152.0,7552.0,Invoiced
SO-001417,2024-11-26,CUST-027,InnoTech Coworking Hub,Small Commercial,BR-02,EMP-006,1545.0,278.1,1823.1,Invoiced
SO-001418,2024-11-26,CUST-021,Mohammed Riyaz (Home Renovation),Residential / B2C,BR-01,EMP-003,7120.0,1281.6,8401.6,Invoiced
SO-001419,2024-11-26,CUST-036,Urban Spaces Interior Studio,Contractor,BR-02,EMP-006,101895.0,18341.1,120236.1,Invoiced
SO-001420,2024-11-26,CUST-022,Global Smart Solutions (P) Ltd,Contractor,BR-01,EMP-003,86070.0,15492.6,101562.6,Invoiced
SO-001421,2024-11-26,CUST-008,Anbu Electricals (Anbazhagan),Electrician,BR-01,EMP-003,2520.0,453.6,2973.6,Invoiced
SO-001422,2024-11-26,CUST-033,Suresh Babu (Villa Construction),Residential / B2C,BR-02,EMP-007,3820.0,687.6,4507.6,Invoiced
SO-001423,2024-11-27,CUST-014,Siva Shankaran (Individual Home),Residential / B2C,BR-01,EMP-003,1050.0,189.0,1239.0,Invoiced
SO-001424,2024-11-27,CUST-044,Mani Bros Electricals (Mani),Electrician,BR-03,EMP-010,36775.0,6619.5,43394.5,Invoiced
SO-001425,2024-11-27,CUST-033,Suresh Babu (Villa Construction),Residential / B2C,BR-02,EMP-007,2160.0,388.8,2548.8,Invoiced
SO-001426,2024-11-27,CUST-042,Velan Pump & Motor Spares Store,Retailer / Trader,BR-03,EMP-009,104430.0,18797.4,123227.4,Invoiced
SO-001427,2024-11-27,CUST-029,Raghavendra Infrastructure Developers,Builder / Commercial,BR-02,EMP-007,93142.0,16765.56,109907.56,Invoiced
SO-001428,2024-11-27,CUST-009,Devi Agency & Lighting Store,Retailer / Trader,BR-01,EMP-002,168188.0,30273.84,198461.84,Invoiced
SO-001429,2024-11-27,CUST-009,Devi Agency & Lighting Store,Retailer / Trader,BR-01,EMP-003,304167.0,54750.06,358917.06,Invoiced
SO-001430,2024-11-27,CUST-020,Selvam Electrician Services,Electrician,BR-01,EMP-003,5260.0,946.8,6206.8,Invoiced
SO-001431,2024-11-28,CUST-001,Balaji Electrical Contractors,Contractor,BR-01,EMP-003,57750.0,10395.0,68145.0,Invoiced
SO-001432,2024-11-28,CUST-036,Urban Spaces Interior Studio,Contractor,BR-02,EMP-006,31780.0,5720.4,37500.4,Invoiced
SO-001433,2024-11-28,CUST-048,Ramachandran (Individual House Owner),Residential / B2C,BR-03,EMP-009,1080.0,194.4,1274.4,Invoiced
SO-001434,2024-11-28,CUST-013,Metro Supermarket Tambaram,Small Commercial,BR-01,EMP-003,735.0,132.3,867.3,Invoiced
SO-001435,2024-11-28,CUST-016,Royal Comfort Residency Hotel,Small Commercial,BR-01,EMP-002,390.0,70.2,460.2,Invoiced
SO-001436,2024-11-28,CUST-028,Sri Venkateshwara Hardware & Electricals,Retailer / Trader,BR-02,EMP-007,180461.0,32482.98,212943.98,Invoiced
SO-001437,2024-11-29,CUST-028,Sri Venkateshwara Hardware & Electricals,Retailer / Trader,BR-02,EMP-007,94415.0,16994.7,111409.7,Invoiced
SO-001438,2024-11-29,CUST-025,Brigade Vista Apartment Owners Assn,Residential / B2C,BR-02,EMP-006,4150.0,747.0,4897.0,Invoiced
SO-001439,2024-11-29,CUST-014,Siva Shankaran (Individual Home),Residential / B2C,BR-01,EMP-003,9050.0,1629.0,10679.0,Invoiced
SO-001440,2024-11-29,CUST-035,Gowda Electrical Repairs,Electrician,BR-02,EMP-006,4260.0,766.8,5026.8,Invoiced
SO-001441,2024-11-29,CUST-013,Metro Supermarket Tambaram,Small Commercial,BR-01,EMP-002,2350.0,423.0,2773.0,Invoiced
SO-001442,2024-11-30,CUST-021,Mohammed Riyaz (Home Renovation),Residential / B2C,BR-01,EMP-003,2245.0,404.1,2649.1,Invoiced
SO-001443,2024-11-30,CUST-033,Suresh Babu (Villa Construction),Residential / B2C,BR-02,EMP-007,440.0,79.2,519.2,Invoiced
SO-001444,2024-11-30,CUST-004,Sri Ramakrishna Builders & Infra,Builder / Commercial,BR-01,EMP-003,25640.0,4615.2,30255.2,Invoiced
SO-001445,2024-11-30,CUST-007,TechPark Facility Maintenance Team,Institution,BR-01,EMP-002,720.0,129.6,849.6,Invoiced
SO-001446,2024-11-30,CUST-027,InnoTech Coworking Hub,Small Commercial,BR-02,EMP-006,2145.0,386.1,2531.1,Invoiced
SO-001447,2024-11-30,CUST-004,Sri Ramakrishna Builders & Infra,Builder / Commercial,BR-01,EMP-002,61440.0,11059.2,72499.2,Invoiced
SO-001448,2024-11-30,CUST-007,TechPark Facility Maintenance Team,Institution,BR-01,EMP-002,4650.0,837.0,5487.0,Invoiced
SO-001449,2024-12-02,CUST-015,Srinivasan & Sons Contractor,Contractor,BR-01,EMP-003,25380.0,4568.4,29948.4,Invoiced
SO-001450,2024-12-02,CUST-020,Selvam Electrician Services,Electrician,BR-01,EMP-003,6405.0,1152.9,7557.9,Invoiced
SO-001451,2024-12-02,CUST-041,Kongu Builders & Real Estate,Builder / Commercial,BR-03,EMP-010,167340.0,30121.2,197461.2,Invoiced
SO-001452,2024-12-02,CUST-022,Global Smart Solutions (P) Ltd,Contractor,BR-01,EMP-003,58150.0,10467.0,68617.0,Invoiced
SO-001453,2024-12-03,CUST-026,Manjunatha Electrical Works,Electrician,BR-02,EMP-007,37198.0,6695.64,43893.64,Invoiced
SO-001454,2024-12-03,CUST-022,Global Smart Solutions (P) Ltd,Contractor,BR-01,EMP-003,44005.0,7920.9,51925.9,Invoiced
SO-001455,2024-12-03,CUST-010,Vels Vidyashram School Campus,Institution,BR-01,EMP-002,4020.0,723.6,4743.6,Invoiced
SO-001456,2024-12-03,CUST-016,Royal Comfort Residency Hotel,Small Commercial,BR-01,EMP-003,240.0,43.2,283.2,Invoiced
SO-001457,2024-12-03,CUST-040,Sri Krishna Engineering College Hostel,Institution,BR-03,EMP-010,795.0,143.1,938.1,Invoiced
SO-001458,2024-12-04,CUST-038,Marutham Electrical & Power Agency,Retailer / Trader,BR-03,EMP-012,143287.0,25791.66,169078.66,Invoiced
SO-001459,2024-12-04,CUST-015,Srinivasan & Sons Contractor,Contractor,BR-01,EMP-003,66385.0,11949.3,78334.3,Invoiced
SO-001460,2024-12-04,CUST-043,Sundaram Hospital Maintenance,Institution,BR-03,EMP-012,2420.0,435.6,2855.6,Invoiced
SO-001461,2024-12-04,CUST-003,Saravana Electric Works (Govindaraj),Electrician,BR-01,EMP-003,615.0,110.7,725.7,Invoiced
SO-001462,2024-12-04,CUST-042,Velan Pump & Motor Spares Store,Retailer / Trader,BR-03,EMP-012,74255.0,13365.9,87620.9,Invoiced
SO-001463,2024-12-04,CUST-013,Metro Supermarket Tambaram,Small Commercial,BR-01,EMP-003,2430.0,437.4,2867.4,Invoiced
SO-001464,2024-12-04,CUST-037,Kovai Textile Mills Facility Team,Small Commercial,BR-03,EMP-012,1025.0,184.5,1209.5,Invoiced
SO-001465,2024-12-04,CUST-008,Anbu Electricals (Anbazhagan),Electrician,BR-01,EMP-003,8310.0,1495.8,9805.8,Invoiced
SO-001466,2024-12-05,CUST-039,Rangasamy Electrician Workshop,Electrician,BR-03,EMP-010,3135.0,564.3,3699.3,Invoiced
SO-001467,2024-12-05,CUST-032,Cauvery Engineering Contractors,Contractor,BR-02,EMP-006,216190.0,38914.2,255104.2,Invoiced
SO-001468,2024-12-05,CUST-043,Sundaram Hospital Maintenance,Institution,BR-03,EMP-012,1000.0,180.0,1180.0,Invoiced
SO-001469,2024-12-06,CUST-030,Dr. Arvind Rao Dental Clinic,Small Commercial,BR-02,EMP-006,8550.0,1539.0,10089.0,Invoiced
SO-001470,2024-12-06,CUST-002,Kalaivani Hardware & Paints,Retailer / Trader,BR-01,EMP-002,215695.0,38825.1,254520.1,Invoiced
SO-001471,2024-12-06,CUST-042,Velan Pump & Motor Spares Store,Retailer / Trader,BR-03,EMP-012,79330.0,14279.4,93609.4,Invoiced
SO-001472,2024-12-06,CUST-045,Karthika Departmental Store,Small Commercial,BR-03,EMP-010,750.0,135.0,885.0,Invoiced
SO-001473,2024-12-06,CUST-039,Rangasamy Electrician Workshop,Electrician,BR-03,EMP-009,8265.0,1487.7,9752.7,Invoiced
SO-001474,2024-12-06,CUST-043,Sundaram Hospital Maintenance,Institution,BR-03,EMP-009,450.0,81.0,531.0,Invoiced
SO-001475,2024-12-06,CUST-034,Silicon Valley PG Hostel Chain,Institution,BR-02,EMP-007,4700.0,846.0,5546.0,Invoiced
SO-001476,2024-12-06,CUST-007,TechPark Facility Maintenance Team,Institution,BR-01,EMP-002,2380.0,428.4,2808.4,Invoiced
SO-001477,2024-12-07,CUST-034,Silicon Valley PG Hostel Chain,Institution,BR-02,EMP-006,75.0,13.5,88.5,Invoiced
SO-001478,2024-12-07,CUST-009,Devi Agency & Lighting Store,Retailer / Trader,BR-01,EMP-002,329520.0,59313.6,388833.6,Invoiced
SO-001479,2024-12-07,CUST-038,Marutham Electrical & Power Agency,Retailer / Trader,BR-03,EMP-009,96010.0,17281.8,113291.8,Invoiced
SO-001480,2024-12-07,CUST-038,Marutham Electrical & Power Agency,Retailer / Trader,BR-03,EMP-010,105982.0,19076.76,125058.76,Invoiced
SO-001481,2024-12-07,CUST-016,Royal Comfort Residency Hotel,Small Commercial,BR-01,EMP-003,30.0,5.4,35.4,Invoiced
SO-001482,2024-12-07,CUST-015,Srinivasan & Sons Contractor,Contractor,BR-01,EMP-003,149856.0,26974.08,176830.08,Invoiced
SO-001483,2024-12-09,CUST-007,TechPark Facility Maintenance Team,Institution,BR-01,EMP-002,1380.0,248.4,1628.4,Invoiced
SO-001484,2024-12-09,CUST-014,Siva Shankaran (Individual Home),Residential / B2C,BR-01,EMP-003,1350.0,243.0,1593.0,Invoiced
SO-001485,2024-12-09,CUST-019,Poompuhar Handicrafts Store,Small Commercial,BR-01,EMP-002,2480.0,446.4,2926.4,Invoiced
SO-001486,2024-12-09,CUST-045,Karthika Departmental Store,Small Commercial,BR-03,EMP-009,535.0,96.3,631.3,Invoiced
SO-001487,2024-12-09,CUST-009,Devi Agency & Lighting Store,Retailer / Trader,BR-01,EMP-002,84760.0,15256.8,100016.8,Invoiced
SO-001488,2024-12-09,CUST-001,Balaji Electrical Contractors,Contractor,BR-01,EMP-003,28280.0,5090.4,33370.4,Invoiced
SO-001489,2024-12-09,CUST-042,Velan Pump & Motor Spares Store,Retailer / Trader,BR-03,EMP-009,112350.0,20223.0,132573.0,Invoiced
SO-001490,2024-12-10,CUST-005,Murugan Auto Garage & Works,Small Commercial,BR-01,EMP-003,9415.0,1694.7,11109.7,Invoiced
SO-001491,2024-12-10,CUST-040,Sri Krishna Engineering College Hostel,Institution,BR-03,EMP-010,1100.0,198.0,1298.0,Invoiced
SO-001492,2024-12-10,CUST-019,Poompuhar Handicrafts Store,Small Commercial,BR-01,EMP-003,7620.0,1371.6,8991.6,Invoiced
SO-001493,2024-12-10,CUST-040,Sri Krishna Engineering College Hostel,Institution,BR-03,EMP-010,1880.0,338.4,2218.4,Invoiced
SO-001494,2024-12-10,CUST-006,Dr. Priya Sundaram (Home Clinic),Residential / B2C,BR-01,EMP-002,5830.0,1049.4,6879.4,Invoiced
SO-001495,2024-12-10,CUST-040,Sri Krishna Engineering College Hostel,Institution,BR-03,EMP-009,450.0,81.0,531.0,Invoiced
SO-001496,2024-12-11,CUST-030,Dr. Arvind Rao Dental Clinic,Small Commercial,BR-02,EMP-006,2450.0,441.0,2891.0,Invoiced
SO-001497,2024-12-11,CUST-017,Apex Manufacturing Solutions,Small Commercial,BR-01,EMP-002,3430.0,617.4,4047.4,Invoiced
SO-001498,2024-12-11,CUST-013,Metro Supermarket Tambaram,Small Commercial,BR-01,EMP-002,1345.0,242.1,1587.1,Invoiced
SO-001499,2024-12-11,CUST-011,Victory Housing Projects Phase 2,Builder / Commercial,BR-01,EMP-003,24646.0,4436.28,29082.28,Invoiced
SO-001500,2024-12-12,CUST-019,Poompuhar Handicrafts Store,Small Commercial,BR-01,EMP-002,3055.0,549.9,3604.9,Invoiced
SO-001501,2024-12-12,CUST-022,Global Smart Solutions (P) Ltd,Contractor,BR-01,EMP-003,18045.0,3248.1,21293.1,Invoiced
SO-001502,2024-12-12,CUST-018,Lakshmi Vilas Sweets & Bakery,Small Commercial,BR-01,EMP-002,175.0,31.5,206.5,Invoiced
SO-001503,2024-12-12,CUST-043,Sundaram Hospital Maintenance,Institution,BR-03,EMP-010,355.0,63.9,418.9,Invoiced
SO-001504,2024-12-12,CUST-009,Devi Agency & Lighting Store,Retailer / Trader,BR-01,EMP-002,86850.0,15633.0,102483.0,Invoiced
SO-001505,2024-12-12,CUST-047,Kovai Elite Residency Hotel,Small Commercial,BR-03,EMP-012,330.0,59.4,389.4,Invoiced
SO-001506,2024-12-12,CUST-029,Raghavendra Infrastructure Developers,Builder / Commercial,BR-02,EMP-007,17250.0,3105.0,20355.0,Invoiced
SO-001507,2024-12-13,CUST-035,Gowda Electrical Repairs,Electrician,BR-02,EMP-007,8820.0,1587.6,10407.6,Invoiced
SO-001508,2024-12-13,CUST-025,Brigade Vista Apartment Owners Assn,Residential / B2C,BR-02,EMP-007,2100.0,378.0,2478.0,Invoiced
SO-001509,2024-12-13,CUST-018,Lakshmi Vilas Sweets & Bakery,Small Commercial,BR-01,EMP-003,480.0,86.4,566.4,Invoiced
SO-001510,2024-12-13,CUST-006,Dr. Priya Sundaram (Home Clinic),Residential / B2C,BR-01,EMP-002,4975.0,895.5,5870.5,Invoiced
SO-001511,2024-12-13,CUST-019,Poompuhar Handicrafts Store,Small Commercial,BR-01,EMP-002,1200.0,216.0,1416.0,Invoiced
SO-001512,2024-12-14,CUST-033,Suresh Babu (Villa Construction),Residential / B2C,BR-02,EMP-006,1200.0,216.0,1416.0,Invoiced
SO-001513,2024-12-14,CUST-042,Velan Pump & Motor Spares Store,Retailer / Trader,BR-03,EMP-012,222250.0,40005.0,262255.0,Invoiced
SO-001514,2024-12-14,CUST-032,Cauvery Engineering Contractors,Contractor,BR-02,EMP-006,236770.0,42618.6,279388.6,Invoiced
SO-001515,2024-12-14,CUST-037,Kovai Textile Mills Facility Team,Small Commercial,BR-03,EMP-012,765.0,137.7,902.7,Invoiced
SO-001516,2024-12-14,CUST-047,Kovai Elite Residency Hotel,Small Commercial,BR-03,EMP-010,1275.0,229.5,1504.5,Invoiced
SO-001517,2024-12-14,CUST-046,Annamalai Agro Processing Unit,Small Commercial,BR-03,EMP-010,2350.0,423.0,2773.0,Invoiced
SO-001518,2024-12-16,CUST-005,Murugan Auto Garage & Works,Small Commercial,BR-01,EMP-003,3245.0,584.1,3829.1,Invoiced
SO-001519,2024-12-16,CUST-014,Siva Shankaran (Individual Home),Residential / B2C,BR-01,EMP-002,850.0,153.0,1003.0,Invoiced
SO-001520,2024-12-16,CUST-022,Global Smart Solutions (P) Ltd,Contractor,BR-01,EMP-002,52880.0,9518.4,62398.4,Invoiced
SO-001521,2024-12-17,CUST-035,Gowda Electrical Repairs,Electrician,BR-02,EMP-006,10495.0,1889.1,12384.1,Invoiced
SO-001522,2024-12-17,CUST-033,Suresh Babu (Villa Construction),Residential / B2C,BR-02,EMP-007,2550.0,459.0,3009.0,Invoiced
SO-001523,2024-12-17,CUST-025,Brigade Vista Apartment Owners Assn,Residential / B2C,BR-02,EMP-006,225.0,40.5,265.5,Invoiced
SO-001524,2024-12-18,CUST-030,Dr. Arvind Rao Dental Clinic,Small Commercial,BR-02,EMP-007,7230.0,1301.4,8531.4,Invoiced
SO-001525,2024-12-18,CUST-016,Royal Comfort Residency Hotel,Small Commercial,BR-01,EMP-002,3450.0,621.0,4071.0,Invoiced
SO-001526,2024-12-18,CUST-013,Metro Supermarket Tambaram,Small Commercial,BR-01,EMP-002,1130.0,203.4,1333.4,Invoiced
SO-001527,2024-12-18,CUST-031,Nandini Milk Parlour & Mart,Small Commercial,BR-02,EMP-006,1380.0,248.4,1628.4,Invoiced
SO-001528,2024-12-18,CUST-022,Global Smart Solutions (P) Ltd,Contractor,BR-01,EMP-002,6150.0,1107.0,7257.0,Invoiced
SO-001529,2024-12-19,CUST-014,Siva Shankaran (Individual Home),Residential / B2C,BR-01,EMP-002,1050.0,189.0,1239.0,Invoiced
SO-001530,2024-12-19,CUST-006,Dr. Priya Sundaram (Home Clinic),Residential / B2C,BR-01,EMP-002,2220.0,399.6,2619.6,Invoiced
SO-001531,2024-12-19,CUST-025,Brigade Vista Apartment Owners Assn,Residential / B2C,BR-02,EMP-007,330.0,59.4,389.4,Invoiced
SO-001532,2024-12-19,CUST-043,Sundaram Hospital Maintenance,Institution,BR-03,EMP-009,4765.0,857.7,5622.7,Invoiced
SO-001533,2024-12-19,CUST-048,Ramachandran (Individual House Owner),Residential / B2C,BR-03,EMP-009,3275.0,589.5,3864.5,Invoiced
SO-001534,2024-12-19,CUST-048,Ramachandran (Individual House Owner),Residential / B2C,BR-03,EMP-009,2175.0,391.5,2566.5,Invoiced
SO-001535,2024-12-19,CUST-022,Global Smart Solutions (P) Ltd,Contractor,BR-01,EMP-002,53060.0,9550.8,62610.8,Invoiced
SO-001536,2024-12-20,CUST-047,Kovai Elite Residency Hotel,Small Commercial,BR-03,EMP-009,6900.0,1242.0,8142.0,Invoiced
SO-001537,2024-12-20,CUST-039,Rangasamy Electrician Workshop,Electrician,BR-03,EMP-010,36570.0,6582.6,43152.6,Invoiced
SO-001538,2024-12-20,CUST-042,Velan Pump & Motor Spares Store,Retailer / Trader,BR-03,EMP-012,51260.0,9226.8,60486.8,Invoiced
SO-001539,2024-12-21,CUST-044,Mani Bros Electricals (Mani),Electrician,BR-03,EMP-010,12165.0,2189.7,14354.7,Invoiced
SO-001540,2024-12-21,CUST-039,Rangasamy Electrician Workshop,Electrician,BR-03,EMP-012,2225.0,400.5,2625.5,Invoiced
SO-001541,2024-12-21,CUST-009,Devi Agency & Lighting Store,Retailer / Trader,BR-01,EMP-003,181628.0,32693.04,214321.04,Invoiced
SO-001542,2024-12-21,CUST-045,Karthika Departmental Store,Small Commercial,BR-03,EMP-010,3025.0,544.5,3569.5,Invoiced
SO-001543,2024-12-23,CUST-032,Cauvery Engineering Contractors,Contractor,BR-02,EMP-006,65479.0,11786.22,77265.22,Invoiced
SO-001544,2024-12-23,CUST-023,Kalam Brothers Electrical Store,Retailer / Trader,BR-01,EMP-002,41720.0,7509.6,49229.6,Invoiced
SO-001545,2024-12-23,CUST-041,Kongu Builders & Real Estate,Builder / Commercial,BR-03,EMP-009,130250.0,23445.0,153695.0,Invoiced
SO-001546,2024-12-23,CUST-001,Balaji Electrical Contractors,Contractor,BR-01,EMP-003,22900.0,4122.0,27022.0,Invoiced
SO-001547,2024-12-23,CUST-014,Siva Shankaran (Individual Home),Residential / B2C,BR-01,EMP-002,150.0,27.0,177.0,Invoiced
SO-001548,2024-12-23,CUST-001,Balaji Electrical Contractors,Contractor,BR-01,EMP-003,39095.0,7037.1,46132.1,Invoiced
SO-001549,2024-12-23,CUST-018,Lakshmi Vilas Sweets & Bakery,Small Commercial,BR-01,EMP-003,5420.0,975.6,6395.6,Invoiced
SO-001550,2024-12-24,CUST-014,Siva Shankaran (Individual Home),Residential / B2C,BR-01,EMP-003,5600.0,1008.0,6608.0,Invoiced
SO-001551,2024-12-24,CUST-005,Murugan Auto Garage & Works,Small Commercial,BR-01,EMP-003,1275.0,229.5,1504.5,Invoiced
SO-001552,2024-12-24,CUST-033,Suresh Babu (Villa Construction),Residential / B2C,BR-02,EMP-006,4300.0,774.0,5074.0,Invoiced
SO-001553,2024-12-24,CUST-036,Urban Spaces Interior Studio,Contractor,BR-02,EMP-007,59500.0,10710.0,70210.0,Invoiced
SO-001554,2024-12-24,CUST-034,Silicon Valley PG Hostel Chain,Institution,BR-02,EMP-007,3525.0,634.5,4159.5,Invoiced
SO-001555,2024-12-24,CUST-035,Gowda Electrical Repairs,Electrician,BR-02,EMP-006,1215.0,218.7,1433.7,Invoiced
SO-001556,2024-12-25,CUST-021,Mohammed Riyaz (Home Renovation),Residential / B2C,BR-01,EMP-002,2575.0,463.5,3038.5,Invoiced
SO-001557,2024-12-25,CUST-009,Devi Agency & Lighting Store,Retailer / Trader,BR-01,EMP-002,225855.0,40653.9,266508.9,Invoiced
SO-001558,2024-12-25,CUST-039,Rangasamy Electrician Workshop,Electrician,BR-03,EMP-009,37180.0,6692.4,43872.4,Invoiced
SO-001559,2024-12-25,CUST-011,Victory Housing Projects Phase 2,Builder / Commercial,BR-01,EMP-003,29640.0,5335.2,34975.2,Invoiced
SO-001560,2024-12-25,CUST-028,Sri Venkateshwara Hardware & Electricals,Retailer / Trader,BR-02,EMP-007,97478.0,17546.04,115024.04,Invoiced
SO-001561,2024-12-25,CUST-027,InnoTech Coworking Hub,Small Commercial,BR-02,EMP-006,240.0,43.2,283.2,Invoiced
SO-001562,2024-12-25,CUST-009,Devi Agency & Lighting Store,Retailer / Trader,BR-01,EMP-002,322430.0,58037.4,380467.4,Invoiced
SO-001563,2024-12-26,CUST-001,Balaji Electrical Contractors,Contractor,BR-01,EMP-002,243795.0,43883.1,287678.1,Invoiced
SO-001564,2024-12-26,CUST-044,Mani Bros Electricals (Mani),Electrician,BR-03,EMP-009,1490.0,268.2,1758.2,Invoiced
SO-001565,2024-12-26,CUST-039,Rangasamy Electrician Workshop,Electrician,BR-03,EMP-012,1876.0,337.68,2213.68,Invoiced
SO-001566,2024-12-27,CUST-040,Sri Krishna Engineering College Hostel,Institution,BR-03,EMP-010,720.0,129.6,849.6,Invoiced
SO-001567,2024-12-27,CUST-016,Royal Comfort Residency Hotel,Small Commercial,BR-01,EMP-002,3450.0,621.0,4071.0,Invoiced
SO-001568,2024-12-27,CUST-044,Mani Bros Electricals (Mani),Electrician,BR-03,EMP-010,29770.0,5358.6,35128.6,Invoiced
SO-001569,2024-12-27,CUST-040,Sri Krishna Engineering College Hostel,Institution,BR-03,EMP-012,330.0,59.4,389.4,Invoiced
SO-001570,2024-12-27,CUST-044,Mani Bros Electricals (Mani),Electrician,BR-03,EMP-010,5585.0,1005.3,6590.3,Invoiced
SO-001571,2024-12-27,CUST-004,Sri Ramakrishna Builders & Infra,Builder / Commercial,BR-01,EMP-002,39330.0,7079.4,46409.4,Invoiced
SO-001572,2024-12-27,CUST-029,Raghavendra Infrastructure Developers,Builder / Commercial,BR-02,EMP-007,84215.0,15158.7,99373.7,Invoiced
SO-001573,2024-12-28,CUST-007,TechPark Facility Maintenance Team,Institution,BR-01,EMP-003,2200.0,396.0,2596.0,Invoiced
SO-001574,2024-12-28,CUST-016,Royal Comfort Residency Hotel,Small Commercial,BR-01,EMP-002,330.0,59.4,389.4,Invoiced
SO-001575,2024-12-28,CUST-016,Royal Comfort Residency Hotel,Small Commercial,BR-01,EMP-002,1725.0,310.5,2035.5,Invoiced
SO-001576,2024-12-28,CUST-023,Kalam Brothers Electrical Store,Retailer / Trader,BR-01,EMP-002,55910.0,10063.8,65973.8,Invoiced
SO-001577,2024-12-28,CUST-001,Balaji Electrical Contractors,Contractor,BR-01,EMP-003,202535.0,36456.3,238991.3,Invoiced
SO-001578,2024-12-30,CUST-028,Sri Venkateshwara Hardware & Electricals,Retailer / Trader,BR-02,EMP-006,251600.0,45288.0,296888.0,Invoiced
SO-001579,2024-12-30,CUST-003,Saravana Electric Works (Govindaraj),Electrician,BR-01,EMP-003,11280.0,2030.4,13310.4,Invoiced
SO-001580,2024-12-30,CUST-047,Kovai Elite Residency Hotel,Small Commercial,BR-03,EMP-012,150.0,27.0,177.0,Invoiced
SO-001581,2024-12-30,CUST-007,TechPark Facility Maintenance Team,Institution,BR-01,EMP-002,4290.0,772.2,5062.2,Invoiced
SO-001582,2024-12-31,CUST-038,Marutham Electrical & Power Agency,Retailer / Trader,BR-03,EMP-010,143618.0,25851.24,169469.24,Invoiced
SO-001583,2024-12-31,CUST-011,Victory Housing Projects Phase 2,Builder / Commercial,BR-01,EMP-002,61109.0,10999.62,72108.62,Invoiced
SO-001584,2024-12-31,CUST-008,Anbu Electricals (Anbazhagan),Electrician,BR-01,EMP-003,14145.0,2546.1,16691.1,Invoiced
SO-001585,2024-12-31,CUST-009,Devi Agency & Lighting Store,Retailer / Trader,BR-01,EMP-003,127990.0,23038.2,151028.2,Invoiced
SO-001586,2024-12-31,CUST-014,Siva Shankaran (Individual Home),Residential / B2C,BR-01,EMP-002,1595.0,287.1,1882.1,Invoiced
SO-001587,2024-12-31,CUST-011,Victory Housing Projects Phase 2,Builder / Commercial,BR-01,EMP-002,91255.0,16425.9,107680.9,Invoiced
SO-001588,2025-01-01,CUST-039,Rangasamy Electrician Workshop,Electrician,BR-03,EMP-012,12535.0,2256.3,14791.3,Invoiced
SO-001589,2025-01-01,CUST-016,Royal Comfort Residency Hotel,Small Commercial,BR-01,EMP-002,2240.0,403.2,2643.2,Invoiced
SO-001590,2025-01-01,CUST-005,Murugan Auto Garage & Works,Small Commercial,BR-01,EMP-003,6680.0,1202.4,7882.4,Invoiced
SO-001591,2025-01-01,CUST-027,InnoTech Coworking Hub,Small Commercial,BR-02,EMP-006,480.0,86.4,566.4,Invoiced
SO-001592,2025-01-01,CUST-017,Apex Manufacturing Solutions,Small Commercial,BR-01,EMP-003,2630.0,473.4,3103.4,Invoiced
SO-001593,2025-01-01,CUST-043,Sundaram Hospital Maintenance,Institution,BR-03,EMP-012,2540.0,457.2,2997.2,Invoiced
SO-001594,2025-01-01,CUST-012,Karthik Residential Apartment Owner,Residential / B2C,BR-01,EMP-002,1595.0,287.1,1882.1,Invoiced
SO-001595,2025-01-01,CUST-033,Suresh Babu (Villa Construction),Residential / B2C,BR-02,EMP-006,175.0,31.5,206.5,Invoiced
SO-001596,2025-01-02,CUST-045,Karthika Departmental Store,Small Commercial,BR-03,EMP-012,240.0,43.2,283.2,Invoiced
SO-001597,2025-01-02,CUST-019,Poompuhar Handicrafts Store,Small Commercial,BR-01,EMP-002,280.0,50.4,330.4,Invoiced
SO-001598,2025-01-02,CUST-004,Sri Ramakrishna Builders & Infra,Builder / Commercial,BR-01,EMP-003,34906.0,6283.08,41189.08,Invoiced
SO-001599,2025-01-02,CUST-001,Balaji Electrical Contractors,Contractor,BR-01,EMP-003,11884.44,2139.2,14023.64,Invoiced
SO-001600,2025-01-02,CUST-021,Mohammed Riyaz (Home Renovation),Residential / B2C,BR-01,EMP-002,220.0,39.6,259.6,Invoiced
SO-001601,2025-01-03,CUST-040,Sri Krishna Engineering College Hostel,Institution,BR-03,EMP-009,610.0,109.8,719.8,Invoiced
SO-001602,2025-01-03,CUST-025,Brigade Vista Apartment Owners Assn,Residential / B2C,BR-02,EMP-006,2150.0,387.0,2537.0,Invoiced
SO-001603,2025-01-03,CUST-041,Kongu Builders & Real Estate,Builder / Commercial,BR-03,EMP-010,5670.75,1020.74,6691.49,Invoiced
SO-001604,2025-01-03,CUST-048,Ramachandran (Individual House Owner),Residential / B2C,BR-03,EMP-009,815.0,146.7,961.7,Invoiced
SO-001605,2025-01-04,CUST-047,Kovai Elite Residency Hotel,Small Commercial,BR-03,EMP-010,4450.0,801.0,5251.0,Invoiced
SO-001606,2025-01-04,CUST-036,Urban Spaces Interior Studio,Contractor,BR-02,EMP-007,130283.86,23451.09,153734.95,Invoiced
SO-001607,2025-01-04,CUST-034,Silicon Valley PG Hostel Chain,Institution,BR-02,EMP-007,75.0,13.5,88.5,Invoiced
SO-001608,2025-01-04,CUST-043,Sundaram Hospital Maintenance,Institution,BR-03,EMP-012,230.0,41.4,271.4,Invoiced
SO-001609,2025-01-06,CUST-007,TechPark Facility Maintenance Team,Institution,BR-01,EMP-003,600.0,108.0,708.0,Invoiced
SO-001610,2025-01-06,CUST-047,Kovai Elite Residency Hotel,Small Commercial,BR-03,EMP-012,1860.0,334.8,2194.8,Invoiced
SO-001611,2025-01-06,CUST-027,InnoTech Coworking Hub,Small Commercial,BR-02,EMP-006,1340.0,241.2,1581.2,Invoiced
SO-001612,2025-01-06,CUST-035,Gowda Electrical Repairs,Electrician,BR-02,EMP-006,1675.46,301.59,1977.05,Invoiced
SO-001613,2025-01-06,CUST-025,Brigade Vista Apartment Owners Assn,Residential / B2C,BR-02,EMP-006,505.0,90.9,595.9,Invoiced
SO-001614,2025-01-06,CUST-033,Suresh Babu (Villa Construction),Residential / B2C,BR-02,EMP-006,2275.0,409.5,2684.5,Invoiced
SO-001615,2025-01-07,CUST-037,Kovai Textile Mills Facility Team,Small Commercial,BR-03,EMP-009,2450.0,441.0,2891.0,Invoiced
SO-001616,2025-01-07,CUST-034,Silicon Valley PG Hostel Chain,Institution,BR-02,EMP-007,350.0,63.0,413.0,Invoiced
SO-001617,2025-01-07,CUST-017,Apex Manufacturing Solutions,Small Commercial,BR-01,EMP-002,1050.0,189.0,1239.0,Invoiced
SO-001618,2025-01-07,CUST-044,Mani Bros Electricals (Mani),Electrician,BR-03,EMP-010,3625.0,652.5,4277.5,Invoiced
SO-001619,2025-01-07,CUST-025,Brigade Vista Apartment Owners Assn,Residential / B2C,BR-02,EMP-007,360.0,64.8,424.8,Invoiced
SO-001620,2025-01-07,CUST-042,Velan Pump & Motor Spares Store,Retailer / Trader,BR-03,EMP-010,237505.06,42750.91,280255.97,Invoiced
SO-001621,2025-01-07,CUST-010,Vels Vidyashram School Campus,Institution,BR-01,EMP-003,240.0,43.2,283.2,Invoiced
SO-001622,2025-01-08,CUST-019,Poompuhar Handicrafts Store,Small Commercial,BR-01,EMP-003,5830.0,1049.4,6879.4,Invoiced
SO-001623,2025-01-08,CUST-003,Saravana Electric Works (Govindaraj),Electrician,BR-01,EMP-002,944.76,170.06,1114.82,Invoiced
SO-001624,2025-01-08,CUST-039,Rangasamy Electrician Workshop,Electrician,BR-03,EMP-010,6430.3,1157.45,7587.75,Invoiced
SO-001625,2025-01-08,CUST-006,Dr. Priya Sundaram (Home Clinic),Residential / B2C,BR-01,EMP-003,2405.0,432.9,2837.9,Invoiced
SO-001626,2025-01-08,CUST-027,InnoTech Coworking Hub,Small Commercial,BR-02,EMP-006,1620.0,291.6,1911.6,Invoiced
SO-001627,2025-01-08,CUST-011,Victory Housing Projects Phase 2,Builder / Commercial,BR-01,EMP-003,28355.0,5103.9,33458.9,Invoiced
SO-001628,2025-01-08,CUST-023,Kalam Brothers Electrical Store,Retailer / Trader,BR-01,EMP-003,11157.3,2008.31,13165.61,Invoiced
SO-001629,2025-01-08,CUST-033,Suresh Babu (Villa Construction),Residential / B2C,BR-02,EMP-007,2430.0,437.4,2867.4,Invoiced
SO-001630,2025-01-09,CUST-023,Kalam Brothers Electrical Store,Retailer / Trader,BR-01,EMP-002,59955.0,10791.9,70746.9,Invoiced
SO-001631,2025-01-09,CUST-013,Metro Supermarket Tambaram,Small Commercial,BR-01,EMP-003,1180.0,212.4,1392.4,Invoiced
SO-001632,2025-01-09,CUST-040,Sri Krishna Engineering College Hostel,Institution,BR-03,EMP-012,6020.0,1083.6,7103.6,Invoiced
SO-001633,2025-01-10,CUST-006,Dr. Priya Sundaram (Home Clinic),Residential / B2C,BR-01,EMP-003,625.0,112.5,737.5,Invoiced
SO-001634,2025-01-10,CUST-009,Devi Agency & Lighting Store,Retailer / Trader,BR-01,EMP-002,415240.0,74743.2,489983.2,Invoiced
SO-001635,2025-01-10,CUST-006,Dr. Priya Sundaram (Home Clinic),Residential / B2C,BR-01,EMP-002,535.0,96.3,631.3,Invoiced
SO-001636,2025-01-10,CUST-042,Velan Pump & Motor Spares Store,Retailer / Trader,BR-03,EMP-009,125613.18,22610.37,148223.55,Invoiced
SO-001637,2025-01-10,CUST-036,Urban Spaces Interior Studio,Contractor,BR-02,EMP-006,10841.8,1951.53,12793.33,Invoiced
SO-001638,2025-01-10,CUST-006,Dr. Priya Sundaram (Home Clinic),Residential / B2C,BR-01,EMP-003,2090.0,376.2,2466.2,Invoiced
SO-001639,2025-01-10,CUST-025,Brigade Vista Apartment Owners Assn,Residential / B2C,BR-02,EMP-006,980.0,176.4,1156.4,Invoiced
SO-001640,2025-01-11,CUST-026,Manjunatha Electrical Works,Electrician,BR-02,EMP-006,11976.0,2155.68,14131.68,Invoiced
SO-001641,2025-01-11,CUST-015,Srinivasan & Sons Contractor,Contractor,BR-01,EMP-003,24235.36,4362.36,28597.72,Invoiced
SO-001642,2025-01-11,CUST-017,Apex Manufacturing Solutions,Small Commercial,BR-01,EMP-002,15.0,2.7,17.7,Invoiced
SO-001643,2025-01-11,CUST-033,Suresh Babu (Villa Construction),Residential / B2C,BR-02,EMP-006,1065.0,191.7,1256.7,Invoiced
SO-001644,2025-01-11,CUST-003,Saravana Electric Works (Govindaraj),Electrician,BR-01,EMP-003,2845.0,512.1,3357.1,Invoiced
SO-001645,2025-01-11,CUST-002,Kalaivani Hardware & Paints,Retailer / Trader,BR-01,EMP-003,74560.0,13420.8,87980.8,Invoiced
SO-001646,2025-01-11,CUST-025,Brigade Vista Apartment Owners Assn,Residential / B2C,BR-02,EMP-007,1165.0,209.7,1374.7,Invoiced
SO-001647,2025-01-11,CUST-047,Kovai Elite Residency Hotel,Small Commercial,BR-03,EMP-010,360.0,64.8,424.8,Invoiced
SO-001648,2025-01-13,CUST-011,Victory Housing Projects Phase 2,Builder / Commercial,BR-01,EMP-002,134481.07,24206.59,158687.66,Invoiced
SO-001649,2025-01-13,CUST-015,Srinivasan & Sons Contractor,Contractor,BR-01,EMP-003,34586.0,6225.48,40811.48,Invoiced
SO-001650,2025-01-13,CUST-011,Victory Housing Projects Phase 2,Builder / Commercial,BR-01,EMP-003,100890.0,18160.2,119050.2,Invoiced
SO-001651,2025-01-13,CUST-026,Manjunatha Electrical Works,Electrician,BR-02,EMP-007,13616.1,2450.9,16067.0,Invoiced
SO-001652,2025-01-13,CUST-031,Nandini Milk Parlour & Mart,Small Commercial,BR-02,EMP-006,6800.0,1224.0,8024.0,Invoiced
SO-001653,2025-01-13,CUST-045,Karthika Departmental Store,Small Commercial,BR-03,EMP-009,2795.0,503.1,3298.1,Invoiced
SO-001654,2025-01-13,CUST-005,Murugan Auto Garage & Works,Small Commercial,BR-01,EMP-003,4860.0,874.8,5734.8,Invoiced
SO-001655,2025-01-14,CUST-040,Sri Krishna Engineering College Hostel,Institution,BR-03,EMP-010,2215.0,398.7,2613.7,Invoiced
SO-001656,2025-01-14,CUST-034,Silicon Valley PG Hostel Chain,Institution,BR-02,EMP-006,1245.0,224.1,1469.1,Invoiced
SO-001657,2025-01-14,CUST-042,Velan Pump & Motor Spares Store,Retailer / Trader,BR-03,EMP-009,160295.5,28853.19,189148.69,Invoiced
SO-001658,2025-01-14,CUST-004,Sri Ramakrishna Builders & Infra,Builder / Commercial,BR-01,EMP-002,73260.0,13186.8,86446.8,Invoiced
SO-001659,2025-01-14,CUST-034,Silicon Valley PG Hostel Chain,Institution,BR-02,EMP-007,600.0,108.0,708.0,Invoiced
SO-001660,2025-01-14,CUST-018,Lakshmi Vilas Sweets & Bakery,Small Commercial,BR-01,EMP-003,3010.0,541.8,3551.8,Invoiced
SO-001661,2025-01-14,CUST-026,Manjunatha Electrical Works,Electrician,BR-02,EMP-007,25155.0,4527.9,29682.9,Invoiced
SO-001662,2025-01-15,CUST-043,Sundaram Hospital Maintenance,Institution,BR-03,EMP-012,1100.0,198.0,1298.0,Invoiced
SO-001663,2025-01-15,CUST-039,Rangasamy Electrician Workshop,Electrician,BR-03,EMP-010,7667.0,1380.06,9047.06,Invoiced
SO-001664,2025-01-15,CUST-005,Murugan Auto Garage & Works,Small Commercial,BR-01,EMP-002,2150.0,387.0,2537.0,Invoiced
SO-001665,2025-01-15,CUST-039,Rangasamy Electrician Workshop,Electrician,BR-03,EMP-012,19388.7,3489.97,22878.67,Invoiced
SO-001666,2025-01-15,CUST-029,Raghavendra Infrastructure Developers,Builder / Commercial,BR-02,EMP-007,74601.1,13428.2,88029.3,Invoiced
SO-001667,2025-01-15,CUST-012,Karthik Residential Apartment Owner,Residential / B2C,BR-01,EMP-003,150.0,27.0,177.0,Invoiced
SO-001668,2025-01-16,CUST-014,Siva Shankaran (Individual Home),Residential / B2C,BR-01,EMP-002,180.0,32.4,212.4,Invoiced
SO-001669,2025-01-16,CUST-022,Global Smart Solutions (P) Ltd,Contractor,BR-01,EMP-003,50559.07,9100.63,59659.7,Invoiced
SO-001670,2025-01-16,CUST-047,Kovai Elite Residency Hotel,Small Commercial,BR-03,EMP-012,7250.0,1305.0,8555.0,Invoiced
SO-001671,2025-01-16,CUST-035,Gowda Electrical Repairs,Electrician,BR-02,EMP-007,4746.56,854.38,5600.94,Invoiced
SO-001672,2025-01-16,CUST-034,Silicon Valley PG Hostel Chain,Institution,BR-02,EMP-006,1090.0,196.2,1286.2,Invoiced
SO-001673,2025-01-17,CUST-047,Kovai Elite Residency Hotel,Small Commercial,BR-03,EMP-012,1340.0,241.2,1581.2,Invoiced
SO-001674,2025-01-17,CUST-046,Annamalai Agro Processing Unit,Small Commercial,BR-03,EMP-009,350.0,63.0,413.0,Invoiced
SO-001675,2025-01-17,CUST-003,Saravana Electric Works (Govindaraj),Electrician,BR-01,EMP-003,741.76,133.52,875.28,Invoiced
SO-001676,2025-01-17,CUST-021,Mohammed Riyaz (Home Renovation),Residential / B2C,BR-01,EMP-002,840.0,151.2,991.2,Invoiced
SO-001677,2025-01-18,CUST-043,Sundaram Hospital Maintenance,Institution,BR-03,EMP-009,995.0,179.1,1174.1,Invoiced
SO-001678,2025-01-18,CUST-035,Gowda Electrical Repairs,Electrician,BR-02,EMP-006,1271.9,228.94,1500.84,Invoiced
SO-001679,2025-01-18,CUST-041,Kongu Builders & Real Estate,Builder / Commercial,BR-03,EMP-010,145221.0,26139.78,171360.78,Invoiced
SO-001680,2025-01-18,CUST-041,Kongu Builders & Real Estate,Builder / Commercial,BR-03,EMP-012,67504.8,12150.86,79655.66,Invoiced
SO-001681,2025-01-20,CUST-025,Brigade Vista Apartment Owners Assn,Residential / B2C,BR-02,EMP-007,480.0,86.4,566.4,Invoiced
SO-001682,2025-01-20,CUST-017,Apex Manufacturing Solutions,Small Commercial,BR-01,EMP-002,2885.0,519.3,3404.3,Invoiced
SO-001683,2025-01-20,CUST-045,Karthika Departmental Store,Small Commercial,BR-03,EMP-012,1465.0,263.7,1728.7,Invoiced
SO-001684,2025-01-20,CUST-044,Mani Bros Electricals (Mani),Electrician,BR-03,EMP-012,14150.0,2547.0,16697.0,Invoiced
SO-001685,2025-01-21,CUST-017,Apex Manufacturing Solutions,Small Commercial,BR-01,EMP-003,730.0,131.4,861.4,Invoiced
SO-001686,2025-01-21,CUST-029,Raghavendra Infrastructure Developers,Builder / Commercial,BR-02,EMP-007,41215.0,7418.7,48633.7,Invoiced
SO-001687,2025-01-21,CUST-030,Dr. Arvind Rao Dental Clinic,Small Commercial,BR-02,EMP-007,2800.0,504.0,3304.0,Invoiced
SO-001688,2025-01-22,CUST-007,TechPark Facility Maintenance Team,Institution,BR-01,EMP-003,2635.0,474.3,3109.3,Invoiced
SO-001689,2025-01-22,CUST-021,Mohammed Riyaz (Home Renovation),Residential / B2C,BR-01,EMP-003,2100.0,378.0,2478.0,Invoiced
SO-001690,2025-01-22,CUST-015,Srinivasan & Sons Contractor,Contractor,BR-01,EMP-002,20907.0,3763.26,24670.26,Invoiced
SO-001691,2025-01-22,CUST-022,Global Smart Solutions (P) Ltd,Contractor,BR-01,EMP-003,79300.0,14274.0,93574.0,Invoiced
SO-001692,2025-01-22,CUST-039,Rangasamy Electrician Workshop,Electrician,BR-03,EMP-010,8860.0,1594.8,10454.8,Invoiced
SO-001693,2025-01-23,CUST-046,Annamalai Agro Processing Unit,Small Commercial,BR-03,EMP-009,390.0,70.2,460.2,Invoiced
SO-001694,2025-01-23,CUST-022,Global Smart Solutions (P) Ltd,Contractor,BR-01,EMP-003,92230.0,16601.4,108831.4,Invoiced
SO-001695,2025-01-23,CUST-004,Sri Ramakrishna Builders & Infra,Builder / Commercial,BR-01,EMP-003,17480.0,3146.4,20626.4,Invoiced
SO-001696,2025-01-23,CUST-001,Balaji Electrical Contractors,Contractor,BR-01,EMP-003,28641.0,5155.38,33796.38,Invoiced
SO-001697,2025-01-23,CUST-017,Apex Manufacturing Solutions,Small Commercial,BR-01,EMP-003,390.0,70.2,460.2,Invoiced
SO-001698,2025-01-23,CUST-023,Kalam Brothers Electrical Store,Retailer / Trader,BR-01,EMP-003,166283.0,29930.94,196213.94,Invoiced
SO-001699,2025-01-23,CUST-029,Raghavendra Infrastructure Developers,Builder / Commercial,BR-02,EMP-007,9625.0,1732.5,11357.5,Invoiced
SO-001700,2025-01-23,CUST-038,Marutham Electrical & Power Agency,Retailer / Trader,BR-03,EMP-009,27585.0,4965.3,32550.3,Invoiced
SO-001701,2025-01-24,CUST-029,Raghavendra Infrastructure Developers,Builder / Commercial,BR-02,EMP-006,204200.0,36756.0,240956.0,Invoiced
SO-001702,2025-01-24,CUST-008,Anbu Electricals (Anbazhagan),Electrician,BR-01,EMP-002,7890.0,1420.2,9310.2,Invoiced
SO-001703,2025-01-24,CUST-010,Vels Vidyashram School Campus,Institution,BR-01,EMP-003,1100.0,198.0,1298.0,Invoiced
SO-001704,2025-01-24,CUST-023,Kalam Brothers Electrical Store,Retailer / Trader,BR-01,EMP-002,105555.0,18999.9,124554.9,Invoiced
SO-001705,2025-01-24,CUST-017,Apex Manufacturing Solutions,Small Commercial,BR-01,EMP-003,2265.0,407.7,2672.7,Invoiced
SO-001706,2025-01-24,CUST-023,Kalam Brothers Electrical Store,Retailer / Trader,BR-01,EMP-002,97615.0,17570.7,115185.7,Invoiced
SO-001707,2025-01-25,CUST-031,Nandini Milk Parlour & Mart,Small Commercial,BR-02,EMP-007,350.0,63.0,413.0,Invoiced
SO-001708,2025-01-25,CUST-027,InnoTech Coworking Hub,Small Commercial,BR-02,EMP-007,900.0,162.0,1062.0,Invoiced
SO-001709,2025-01-25,CUST-011,Victory Housing Projects Phase 2,Builder / Commercial,BR-01,EMP-003,149720.0,26949.6,176669.6,Invoiced
SO-001710,2025-01-27,CUST-006,Dr. Priya Sundaram (Home Clinic),Residential / B2C,BR-01,EMP-003,3040.0,547.2,3587.2,Invoiced
SO-001711,2025-01-27,CUST-032,Cauvery Engineering Contractors,Contractor,BR-02,EMP-007,18585.0,3345.3,21930.3,Invoiced
SO-001712,2025-01-27,CUST-026,Manjunatha Electrical Works,Electrician,BR-02,EMP-006,1720.0,309.6,2029.6,Invoiced
SO-001713,2025-01-28,CUST-022,Global Smart Solutions (P) Ltd,Contractor,BR-01,EMP-003,99420.0,17895.6,117315.6,Invoiced
SO-001714,2025-01-28,CUST-002,Kalaivani Hardware & Paints,Retailer / Trader,BR-01,EMP-002,182590.0,32866.2,215456.2,Invoiced
SO-001715,2025-01-28,CUST-038,Marutham Electrical & Power Agency,Retailer / Trader,BR-03,EMP-009,220480.0,39686.4,260166.4,Invoiced
SO-001716,2025-01-28,CUST-030,Dr. Arvind Rao Dental Clinic,Small Commercial,BR-02,EMP-007,3690.0,664.2,4354.2,Invoiced
SO-001717,2025-01-28,CUST-038,Marutham Electrical & Power Agency,Retailer / Trader,BR-03,EMP-010,191300.0,34434.0,225734.0,Invoiced
SO-001718,2025-01-29,CUST-034,Silicon Valley PG Hostel Chain,Institution,BR-02,EMP-007,3950.0,711.0,4661.0,Invoiced
SO-001719,2025-01-29,CUST-001,Balaji Electrical Contractors,Contractor,BR-01,EMP-002,48285.0,8691.3,56976.3,Invoiced
SO-001720,2025-01-29,CUST-046,Annamalai Agro Processing Unit,Small Commercial,BR-03,EMP-009,460.0,82.8,542.8,Invoiced
SO-001721,2025-01-29,CUST-026,Manjunatha Electrical Works,Electrician,BR-02,EMP-006,1891.0,340.38,2231.38,Invoiced
SO-001722,2025-01-30,CUST-016,Royal Comfort Residency Hotel,Small Commercial,BR-01,EMP-003,1345.0,242.1,1587.1,Invoiced
SO-001723,2025-01-30,CUST-011,Victory Housing Projects Phase 2,Builder / Commercial,BR-01,EMP-002,18065.0,3251.7,21316.7,Invoiced
SO-001724,2025-01-30,CUST-029,Raghavendra Infrastructure Developers,Builder / Commercial,BR-02,EMP-007,43311.0,7795.98,51106.98,Invoiced
SO-001725,2025-01-30,CUST-015,Srinivasan & Sons Contractor,Contractor,BR-01,EMP-002,128564.0,23141.52,151705.52,Invoiced
SO-001726,2025-01-30,CUST-015,Srinivasan & Sons Contractor,Contractor,BR-01,EMP-002,42575.0,7663.5,50238.5,Invoiced
SO-001727,2025-01-30,CUST-035,Gowda Electrical Repairs,Electrician,BR-02,EMP-007,4345.0,782.1,5127.1,Invoiced
SO-001728,2025-01-30,CUST-002,Kalaivani Hardware & Paints,Retailer / Trader,BR-01,EMP-003,561430.0,101057.4,662487.4,Invoiced
SO-001729,2025-01-30,CUST-006,Dr. Priya Sundaram (Home Clinic),Residential / B2C,BR-01,EMP-003,2695.0,485.1,3180.1,Invoiced
SO-001730,2025-01-31,CUST-034,Silicon Valley PG Hostel Chain,Institution,BR-02,EMP-007,175.0,31.5,206.5,Invoiced
SO-001731,2025-01-31,CUST-045,Karthika Departmental Store,Small Commercial,BR-03,EMP-010,3400.0,612.0,4012.0,Invoiced
SO-001732,2025-01-31,CUST-015,Srinivasan & Sons Contractor,Contractor,BR-01,EMP-002,38850.0,6993.0,45843.0,Invoiced
SO-001733,2025-01-31,CUST-005,Murugan Auto Garage & Works,Small Commercial,BR-01,EMP-003,3560.0,640.8,4200.8,Invoiced
SO-001734,2025-01-31,CUST-043,Sundaram Hospital Maintenance,Institution,BR-03,EMP-010,5030.0,905.4,5935.4,Invoiced
SO-001735,2025-01-31,CUST-033,Suresh Babu (Villa Construction),Residential / B2C,BR-02,EMP-006,110.0,19.8,129.8,Invoiced
SO-001736,2025-02-01,CUST-007,TechPark Facility Maintenance Team,Institution,BR-01,EMP-002,1700.0,306.0,2006.0,Invoiced
SO-001737,2025-02-01,CUST-008,Anbu Electricals (Anbazhagan),Electrician,BR-01,EMP-003,7155.0,1287.9,8442.9,Invoiced
SO-001738,2025-02-01,CUST-035,Gowda Electrical Repairs,Electrician,BR-02,EMP-007,2970.0,534.6,3504.6,Invoiced
SO-001739,2025-02-01,CUST-013,Metro Supermarket Tambaram,Small Commercial,BR-01,EMP-002,3200.0,576.0,3776.0,Invoiced
SO-001740,2025-02-01,CUST-039,Rangasamy Electrician Workshop,Electrician,BR-03,EMP-010,17280.0,3110.4,20390.4,Invoiced
SO-001741,2025-02-01,CUST-037,Kovai Textile Mills Facility Team,Small Commercial,BR-03,EMP-012,65.0,11.7,76.7,Invoiced
SO-001742,2025-02-01,CUST-020,Selvam Electrician Services,Electrician,BR-01,EMP-003,15820.0,2847.6,18667.6,Invoiced
SO-001743,2025-02-01,CUST-003,Saravana Electric Works (Govindaraj),Electrician,BR-01,EMP-002,2995.0,539.1,3534.1,Invoiced
SO-001744,2025-02-03,CUST-002,Kalaivani Hardware & Paints,Retailer / Trader,BR-01,EMP-002,132197.0,23795.46,155992.46,Invoiced
SO-001745,2025-02-03,CUST-007,TechPark Facility Maintenance Team,Institution,BR-01,EMP-002,925.0,166.5,1091.5,Invoiced
SO-001746,2025-02-03,CUST-040,Sri Krishna Engineering College Hostel,Institution,BR-03,EMP-012,75.0,13.5,88.5,Invoiced
SO-001747,2025-02-03,CUST-032,Cauvery Engineering Contractors,Contractor,BR-02,EMP-006,139243.0,25063.74,164306.74,Invoiced
SO-001748,2025-02-03,CUST-019,Poompuhar Handicrafts Store,Small Commercial,BR-01,EMP-003,2350.0,423.0,2773.0,Invoiced
SO-001749,2025-02-04,CUST-001,Balaji Electrical Contractors,Contractor,BR-01,EMP-002,11035.0,1986.3,13021.3,Invoiced
SO-001750,2025-02-04,CUST-040,Sri Krishna Engineering College Hostel,Institution,BR-03,EMP-009,3615.0,650.7,4265.7,Invoiced
SO-001751,2025-02-04,CUST-016,Royal Comfort Residency Hotel,Small Commercial,BR-01,EMP-002,3625.0,652.5,4277.5,Invoiced
SO-001752,2025-02-04,CUST-008,Anbu Electricals (Anbazhagan),Electrician,BR-01,EMP-002,26565.0,4781.7,31346.7,Invoiced
SO-001753,2025-02-04,CUST-040,Sri Krishna Engineering College Hostel,Institution,BR-03,EMP-012,1050.0,189.0,1239.0,Invoiced
SO-001754,2025-02-04,CUST-018,Lakshmi Vilas Sweets & Bakery,Small Commercial,BR-01,EMP-002,850.0,153.0,1003.0,Invoiced
SO-001755,2025-02-04,CUST-036,Urban Spaces Interior Studio,Contractor,BR-02,EMP-007,1976.0,355.68,2331.68,Invoiced
SO-001756,2025-02-05,CUST-043,Sundaram Hospital Maintenance,Institution,BR-03,EMP-010,975.0,175.5,1150.5,Invoiced
SO-001757,2025-02-05,CUST-004,Sri Ramakrishna Builders & Infra,Builder / Commercial,BR-01,EMP-003,49315.0,8876.7,58191.7,Invoiced
SO-001758,2025-02-05,CUST-005,Murugan Auto Garage & Works,Small Commercial,BR-01,EMP-002,360.0,64.8,424.8,Invoiced
SO-001759,2025-02-05,CUST-029,Raghavendra Infrastructure Developers,Builder / Commercial,BR-02,EMP-006,57837.6,10410.77,68248.37,Invoiced
SO-001760,2025-02-05,CUST-026,Manjunatha Electrical Works,Electrician,BR-02,EMP-007,636.0,114.48,750.48,Invoiced
SO-001761,2025-02-06,CUST-026,Manjunatha Electrical Works,Electrician,BR-02,EMP-006,1480.0,266.4,1746.4,Invoiced
SO-001762,2025-02-06,CUST-020,Selvam Electrician Services,Electrician,BR-01,EMP-002,8525.0,1534.5,10059.5,Invoiced
SO-001763,2025-02-06,CUST-002,Kalaivani Hardware & Paints,Retailer / Trader,BR-01,EMP-002,205802.0,37044.36,242846.36,Invoiced
SO-001764,2025-02-06,CUST-011,Victory Housing Projects Phase 2,Builder / Commercial,BR-01,EMP-002,52379.2,9428.26,61807.46,Invoiced
SO-001765,2025-02-07,CUST-030,Dr. Arvind Rao Dental Clinic,Small Commercial,BR-02,EMP-006,240.0,43.2,283.2,Invoiced
SO-001766,2025-02-07,CUST-020,Selvam Electrician Services,Electrician,BR-01,EMP-003,5730.0,1031.4,6761.4,Invoiced
SO-001767,2025-02-07,CUST-017,Apex Manufacturing Solutions,Small Commercial,BR-01,EMP-003,1900.0,342.0,2242.0,Invoiced
SO-001768,2025-02-07,CUST-042,Velan Pump & Motor Spares Store,Retailer / Trader,BR-03,EMP-012,135260.0,24346.8,159606.8,Invoiced
SO-001769,2025-02-07,CUST-026,Manjunatha Electrical Works,Electrician,BR-02,EMP-006,12130.0,2183.4,14313.4,Invoiced
SO-001770,2025-02-07,CUST-031,Nandini Milk Parlour & Mart,Small Commercial,BR-02,EMP-007,2050.0,369.0,2419.0,Invoiced
SO-001771,2025-02-07,CUST-039,Rangasamy Electrician Workshop,Electrician,BR-03,EMP-010,973.0,175.14,1148.14,Invoiced
SO-001772,2025-02-07,CUST-028,Sri Venkateshwara Hardware & Electricals,Retailer / Trader,BR-02,EMP-006,87630.0,15773.4,103403.4,Invoiced
SO-001773,2025-02-08,CUST-040,Sri Krishna Engineering College Hostel,Institution,BR-03,EMP-009,360.0,64.8,424.8,Invoiced
SO-001774,2025-02-08,CUST-016,Royal Comfort Residency Hotel,Small Commercial,BR-01,EMP-002,2760.0,496.8,3256.8,Invoiced
SO-001775,2025-02-08,CUST-006,Dr. Priya Sundaram (Home Clinic),Residential / B2C,BR-01,EMP-002,3920.0,705.6,4625.6,Invoiced
SO-001776,2025-02-08,CUST-010,Vels Vidyashram School Campus,Institution,BR-01,EMP-002,65.0,11.7,76.7,Invoiced
SO-001777,2025-02-08,CUST-010,Vels Vidyashram School Campus,Institution,BR-01,EMP-002,350.0,63.0,413.0,Invoiced
SO-001778,2025-02-08,CUST-038,Marutham Electrical & Power Agency,Retailer / Trader,BR-03,EMP-010,167022.0,30063.96,197085.96,Invoiced
SO-001779,2025-02-08,CUST-008,Anbu Electricals (Anbazhagan),Electrician,BR-01,EMP-002,1350.0,243.0,1593.0,Invoiced
SO-001780,2025-02-10,CUST-041,Kongu Builders & Real Estate,Builder / Commercial,BR-03,EMP-012,102682.8,18482.9,121165.7,Invoiced
SO-001781,2025-02-10,CUST-026,Manjunatha Electrical Works,Electrician,BR-02,EMP-006,6846.0,1232.28,8078.28,Invoiced
SO-001782,2025-02-10,CUST-037,Kovai Textile Mills Facility Team,Small Commercial,BR-03,EMP-012,2350.0,423.0,2773.0,Invoiced
SO-001783,2025-02-11,CUST-001,Balaji Electrical Contractors,Contractor,BR-01,EMP-003,49686.0,8943.48,58629.48,Invoiced
SO-001784,2025-02-11,CUST-026,Manjunatha Electrical Works,Electrician,BR-02,EMP-007,1580.0,284.4,1864.4,Invoiced
SO-001785,2025-02-11,CUST-044,Mani Bros Electricals (Mani),Electrician,BR-03,EMP-010,8760.0,1576.8,10336.8,Invoiced
SO-001786,2025-02-11,CUST-029,Raghavendra Infrastructure Developers,Builder / Commercial,BR-02,EMP-006,83196.0,14975.28,98171.28,Invoiced
SO-001787,2025-02-11,CUST-021,Mohammed Riyaz (Home Renovation),Residential / B2C,BR-01,EMP-002,2450.0,441.0,2891.0,Invoiced
SO-001788,2025-02-12,CUST-021,Mohammed Riyaz (Home Renovation),Residential / B2C,BR-01,EMP-002,900.0,162.0,1062.0,Invoiced
SO-001789,2025-02-12,CUST-010,Vels Vidyashram School Campus,Institution,BR-01,EMP-002,5200.0,936.0,6136.0,Invoiced
SO-001790,2025-02-12,CUST-036,Urban Spaces Interior Studio,Contractor,BR-02,EMP-006,22008.0,3961.44,25969.44,Invoiced
SO-001791,2025-02-12,CUST-022,Global Smart Solutions (P) Ltd,Contractor,BR-01,EMP-002,56108.0,10099.44,66207.44,Invoiced
SO-001792,2025-02-13,CUST-008,Anbu Electricals (Anbazhagan),Electrician,BR-01,EMP-002,3542.0,637.56,4179.56,Invoiced
SO-001793,2025-02-13,CUST-016,Royal Comfort Residency Hotel,Small Commercial,BR-01,EMP-003,4520.0,813.6,5333.6,Invoiced
SO-001794,2025-02-13,CUST-006,Dr. Priya Sundaram (Home Clinic),Residential / B2C,BR-01,EMP-003,1050.0,189.0,1239.0,Invoiced
SO-001795,2025-02-13,CUST-044,Mani Bros Electricals (Mani),Electrician,BR-03,EMP-009,7485.0,1347.3,8832.3,Invoiced
SO-001796,2025-02-14,CUST-033,Suresh Babu (Villa Construction),Residential / B2C,BR-02,EMP-007,240.0,43.2,283.2,Invoiced
SO-001797,2025-02-14,CUST-020,Selvam Electrician Services,Electrician,BR-01,EMP-003,21880.0,3938.4,25818.4,Invoiced
SO-001798,2025-02-14,CUST-032,Cauvery Engineering Contractors,Contractor,BR-02,EMP-006,288151.0,51867.18,340018.18,Invoiced
SO-001799,2025-02-14,CUST-037,Kovai Textile Mills Facility Team,Small Commercial,BR-03,EMP-009,590.0,106.2,696.2,Invoiced
SO-001800,2025-02-14,CUST-028,Sri Venkateshwara Hardware & Electricals,Retailer / Trader,BR-02,EMP-006,69625.0,12532.5,82157.5,Invoiced
SO-001801,2025-02-14,CUST-039,Rangasamy Electrician Workshop,Electrician,BR-03,EMP-009,4325.0,778.5,5103.5,Invoiced
SO-001802,2025-02-14,CUST-036,Urban Spaces Interior Studio,Contractor,BR-02,EMP-006,110679.6,19922.33,130601.93,Invoiced
SO-001803,2025-02-15,CUST-029,Raghavendra Infrastructure Developers,Builder / Commercial,BR-02,EMP-007,122852.0,22113.36,144965.36,Invoiced
SO-001804,2025-02-15,CUST-040,Sri Krishna Engineering College Hostel,Institution,BR-03,EMP-010,4520.0,813.6,5333.6,Invoiced
SO-001805,2025-02-15,CUST-031,Nandini Milk Parlour & Mart,Small Commercial,BR-02,EMP-006,8200.0,1476.0,9676.0,Invoiced
SO-001806,2025-02-17,CUST-007,TechPark Facility Maintenance Team,Institution,BR-01,EMP-002,3430.0,617.4,4047.4,Invoiced
SO-001807,2025-02-17,CUST-016,Royal Comfort Residency Hotel,Small Commercial,BR-01,EMP-003,130.0,23.4,153.4,Invoiced
SO-001808,2025-02-17,CUST-009,Devi Agency & Lighting Store,Retailer / Trader,BR-01,EMP-003,325072.0,58512.96,383584.96,Invoiced
SO-001809,2025-02-17,CUST-031,Nandini Milk Parlour & Mart,Small Commercial,BR-02,EMP-007,7075.0,1273.5,8348.5,Invoiced
SO-001810,2025-02-17,CUST-038,Marutham Electrical & Power Agency,Retailer / Trader,BR-03,EMP-009,335448.0,60380.64,395828.64,Invoiced
SO-001811,2025-02-17,CUST-031,Nandini Milk Parlour & Mart,Small Commercial,BR-02,EMP-006,800.0,144.0,944.0,Invoiced
SO-001812,2025-02-18,CUST-031,Nandini Milk Parlour & Mart,Small Commercial,BR-02,EMP-007,700.0,126.0,826.0,Invoiced
SO-001813,2025-02-18,CUST-010,Vels Vidyashram School Campus,Institution,BR-01,EMP-002,900.0,162.0,1062.0,Invoiced
SO-001814,2025-02-18,CUST-021,Mohammed Riyaz (Home Renovation),Residential / B2C,BR-01,EMP-002,1160.0,208.8,1368.8,Invoiced
SO-001815,2025-02-18,CUST-028,Sri Venkateshwara Hardware & Electricals,Retailer / Trader,BR-02,EMP-007,69674.0,12541.32,82215.32,Invoiced
SO-001816,2025-02-19,CUST-047,Kovai Elite Residency Hotel,Small Commercial,BR-03,EMP-012,980.0,176.4,1156.4,Invoiced
SO-001817,2025-02-19,CUST-030,Dr. Arvind Rao Dental Clinic,Small Commercial,BR-02,EMP-006,2275.0,409.5,2684.5,Invoiced
SO-001818,2025-02-19,CUST-044,Mani Bros Electricals (Mani),Electrician,BR-03,EMP-012,720.0,129.6,849.6,Invoiced
SO-001819,2025-02-19,CUST-008,Anbu Electricals (Anbazhagan),Electrician,BR-01,EMP-002,8475.0,1525.5,10000.5,Invoiced
SO-001820,2025-02-19,CUST-015,Srinivasan & Sons Contractor,Contractor,BR-01,EMP-002,20462.4,3683.23,24145.63,Invoiced
SO-001821,2025-02-19,CUST-040,Sri Krishna Engineering College Hostel,Institution,BR-03,EMP-009,4930.0,887.4,5817.4,Invoiced
SO-001822,2025-02-20,CUST-033,Suresh Babu (Villa Construction),Residential / B2C,BR-02,EMP-006,3850.0,693.0,4543.0,Invoiced
SO-001823,2025-02-20,CUST-027,InnoTech Coworking Hub,Small Commercial,BR-02,EMP-007,155.0,27.9,182.9,Invoiced
SO-001824,2025-02-20,CUST-036,Urban Spaces Interior Studio,Contractor,BR-02,EMP-007,70120.0,12621.6,82741.6,Invoiced
SO-001825,2025-02-20,CUST-009,Devi Agency & Lighting Store,Retailer / Trader,BR-01,EMP-003,73116.0,13160.88,86276.88,Invoiced
SO-001826,2025-02-20,CUST-042,Velan Pump & Motor Spares Store,Retailer / Trader,BR-03,EMP-010,484361.2,87185.02,571546.22,Invoiced
SO-001827,2025-02-21,CUST-036,Urban Spaces Interior Studio,Contractor,BR-02,EMP-007,20131.0,3623.58,23754.58,Invoiced
SO-001828,2025-02-21,CUST-004,Sri Ramakrishna Builders & Infra,Builder / Commercial,BR-01,EMP-003,179121.0,32241.78,211362.78,Invoiced
SO-001829,2025-02-21,CUST-004,Sri Ramakrishna Builders & Infra,Builder / Commercial,BR-01,EMP-002,42792.8,7702.7,50495.5,Invoiced
SO-001830,2025-02-21,CUST-040,Sri Krishna Engineering College Hostel,Institution,BR-03,EMP-009,110.0,19.8,129.8,Invoiced
SO-001831,2025-02-21,CUST-039,Rangasamy Electrician Workshop,Electrician,BR-03,EMP-012,10442.0,1879.56,12321.56,Invoiced
SO-001832,2025-02-22,CUST-006,Dr. Priya Sundaram (Home Clinic),Residential / B2C,BR-01,EMP-002,1100.0,198.0,1298.0,Invoiced
SO-001833,2025-02-22,CUST-028,Sri Venkateshwara Hardware & Electricals,Retailer / Trader,BR-02,EMP-007,49176.4,8851.75,58028.15,Invoiced
SO-001834,2025-02-22,CUST-040,Sri Krishna Engineering College Hostel,Institution,BR-03,EMP-009,165.0,29.7,194.7,Invoiced
SO-001835,2025-02-22,CUST-037,Kovai Textile Mills Facility Team,Small Commercial,BR-03,EMP-010,1090.0,196.2,1286.2,Invoiced
SO-001836,2025-02-22,CUST-004,Sri Ramakrishna Builders & Infra,Builder / Commercial,BR-01,EMP-002,108372.0,19506.96,127878.96,Invoiced
SO-001837,2025-02-22,CUST-013,Metro Supermarket Tambaram,Small Commercial,BR-01,EMP-003,2240.0,403.2,2643.2,Invoiced
SO-001838,2025-02-22,CUST-022,Global Smart Solutions (P) Ltd,Contractor,BR-01,EMP-002,238356.0,42904.08,281260.08,Invoiced
SO-001839,2025-02-24,CUST-040,Sri Krishna Engineering College Hostel,Institution,BR-03,EMP-010,65.0,11.7,76.7,Invoiced
SO-001840,2025-02-24,CUST-029,Raghavendra Infrastructure Developers,Builder / Commercial,BR-02,EMP-006,17830.0,3209.4,21039.4,Invoiced
SO-001841,2025-02-24,CUST-002,Kalaivani Hardware & Paints,Retailer / Trader,BR-01,EMP-002,114805.0,20664.9,135469.9,Invoiced
SO-001842,2025-02-24,CUST-026,Manjunatha Electrical Works,Electrician,BR-02,EMP-007,5060.0,910.8,5970.8,Invoiced
SO-001843,2025-02-25,CUST-004,Sri Ramakrishna Builders & Infra,Builder / Commercial,BR-01,EMP-003,29870.0,5376.6,35246.6,Invoiced
SO-001844,2025-02-25,CUST-005,Murugan Auto Garage & Works,Small Commercial,BR-01,EMP-002,75.0,13.5,88.5,Invoiced
SO-001845,2025-02-25,CUST-032,Cauvery Engineering Contractors,Contractor,BR-02,EMP-007,52166.0,9389.88,61555.88,Invoiced
SO-001846,2025-02-25,CUST-012,Karthik Residential Apartment Owner,Residential / B2C,BR-01,EMP-003,800.0,144.0,944.0,Invoiced
SO-001847,2025-02-26,CUST-012,Karthik Residential Apartment Owner,Residential / B2C,BR-01,EMP-002,2960.0,532.8,3492.8,Invoiced
SO-001848,2025-02-26,CUST-003,Saravana Electric Works (Govindaraj),Electrician,BR-01,EMP-003,22250.0,4005.0,26255.0,Invoiced
SO-001849,2025-02-26,CUST-034,Silicon Valley PG Hostel Chain,Institution,BR-02,EMP-007,4350.0,783.0,5133.0,Invoiced
SO-001850,2025-02-26,CUST-047,Kovai Elite Residency Hotel,Small Commercial,BR-03,EMP-012,450.0,81.0,531.0,Invoiced
SO-001851,2025-02-26,CUST-001,Balaji Electrical Contractors,Contractor,BR-01,EMP-002,95209.0,17137.62,112346.62,Invoiced
SO-001852,2025-02-27,CUST-030,Dr. Arvind Rao Dental Clinic,Small Commercial,BR-02,EMP-007,450.0,81.0,531.0,Invoiced
SO-001853,2025-02-27,CUST-029,Raghavendra Infrastructure Developers,Builder / Commercial,BR-02,EMP-007,4154.0,747.72,4901.72,Invoiced
SO-001854,2025-02-27,CUST-031,Nandini Milk Parlour & Mart,Small Commercial,BR-02,EMP-007,3420.0,615.6,4035.6,Invoiced
SO-001855,2025-02-27,CUST-042,Velan Pump & Motor Spares Store,Retailer / Trader,BR-03,EMP-010,227137.8,40884.8,268022.6,Invoiced
SO-001856,2025-02-28,CUST-029,Raghavendra Infrastructure Developers,Builder / Commercial,BR-02,EMP-007,34450.0,6201.0,40651.0,Invoiced
SO-001857,2025-02-28,CUST-004,Sri Ramakrishna Builders & Infra,Builder / Commercial,BR-01,EMP-002,8500.0,1530.0,10030.0,Invoiced
SO-001858,2025-02-28,CUST-036,Urban Spaces Interior Studio,Contractor,BR-02,EMP-006,138653.0,24957.54,163610.54,Invoiced
SO-001859,2025-02-28,CUST-025,Brigade Vista Apartment Owners Assn,Residential / B2C,BR-02,EMP-007,4765.0,857.7,5622.7,Invoiced
SO-001860,2025-02-28,CUST-021,Mohammed Riyaz (Home Renovation),Residential / B2C,BR-01,EMP-002,3270.0,588.6,3858.6,Invoiced
SO-001861,2025-02-28,CUST-020,Selvam Electrician Services,Electrician,BR-01,EMP-003,3248.0,584.64,3832.64,Invoiced
SO-001862,2025-02-28,CUST-005,Murugan Auto Garage & Works,Small Commercial,BR-01,EMP-002,1530.0,275.4,1805.4,Invoiced
SO-001863,2025-03-01,CUST-010,Vels Vidyashram School Campus,Institution,BR-01,EMP-002,850.0,153.0,1003.0,Invoiced
SO-001864,2025-03-01,CUST-004,Sri Ramakrishna Builders & Infra,Builder / Commercial,BR-01,EMP-003,14410.0,2593.8,17003.8,Invoiced
SO-001865,2025-03-01,CUST-006,Dr. Priya Sundaram (Home Clinic),Residential / B2C,BR-01,EMP-002,350.0,63.0,413.0,Invoiced
SO-001866,2025-03-01,CUST-043,Sundaram Hospital Maintenance,Institution,BR-03,EMP-012,4700.0,846.0,5546.0,Invoiced
SO-001867,2025-03-01,CUST-021,Mohammed Riyaz (Home Renovation),Residential / B2C,BR-01,EMP-002,215.0,38.7,253.7,Invoiced
SO-001868,2025-03-03,CUST-033,Suresh Babu (Villa Construction),Residential / B2C,BR-02,EMP-007,2810.0,505.8,3315.8,Invoiced
SO-001869,2025-03-03,CUST-030,Dr. Arvind Rao Dental Clinic,Small Commercial,BR-02,EMP-006,240.0,43.2,283.2,Invoiced
SO-001870,2025-03-03,CUST-009,Devi Agency & Lighting Store,Retailer / Trader,BR-01,EMP-002,132690.0,23884.2,156574.2,Invoiced
SO-001871,2025-03-03,CUST-034,Silicon Valley PG Hostel Chain,Institution,BR-02,EMP-007,7360.0,1324.8,8684.8,Invoiced
SO-001872,2025-03-03,CUST-036,Urban Spaces Interior Studio,Contractor,BR-02,EMP-006,34575.0,6223.5,40798.5,Invoiced
SO-001873,2025-03-04,CUST-016,Royal Comfort Residency Hotel,Small Commercial,BR-01,EMP-003,1205.0,216.9,1421.9,Invoiced
SO-001874,2025-03-04,CUST-046,Annamalai Agro Processing Unit,Small Commercial,BR-03,EMP-010,2395.0,431.1,2826.1,Invoiced
SO-001875,2025-03-04,CUST-013,Metro Supermarket Tambaram,Small Commercial,BR-01,EMP-002,1290.0,232.2,1522.2,Invoiced
SO-001876,2025-03-05,CUST-038,Marutham Electrical & Power Agency,Retailer / Trader,BR-03,EMP-010,30915.0,5564.7,36479.7,Invoiced
SO-001877,2025-03-05,CUST-039,Rangasamy Electrician Workshop,Electrician,BR-03,EMP-009,3005.0,540.9,3545.9,Invoiced
SO-001878,2025-03-05,CUST-023,Kalam Brothers Electrical Store,Retailer / Trader,BR-01,EMP-002,60645.0,10916.1,71561.1,Invoiced
SO-001879,2025-03-06,CUST-035,Gowda Electrical Repairs,Electrician,BR-02,EMP-007,720.0,129.6,849.6,Invoiced
SO-001880,2025-03-06,CUST-046,Annamalai Agro Processing Unit,Small Commercial,BR-03,EMP-009,960.0,172.8,1132.8,Invoiced
SO-001881,2025-03-06,CUST-037,Kovai Textile Mills Facility Team,Small Commercial,BR-03,EMP-010,600.0,108.0,708.0,Invoiced
SO-001882,2025-03-07,CUST-020,Selvam Electrician Services,Electrician,BR-01,EMP-003,4575.0,823.5,5398.5,Invoiced
SO-001883,2025-03-07,CUST-034,Silicon Valley PG Hostel Chain,Institution,BR-02,EMP-007,5620.0,1011.6,6631.6,Invoiced
SO-001884,2025-03-07,CUST-017,Apex Manufacturing Solutions,Small Commercial,BR-01,EMP-002,480.0,86.4,566.4,Invoiced
SO-001885,2025-03-07,CUST-037,Kovai Textile Mills Facility Team,Small Commercial,BR-03,EMP-009,230.0,41.4,271.4,Invoiced
SO-001886,2025-03-07,CUST-010,Vels Vidyashram School Campus,Institution,BR-01,EMP-003,330.0,59.4,389.4,Invoiced
SO-001887,2025-03-07,CUST-004,Sri Ramakrishna Builders & Infra,Builder / Commercial,BR-01,EMP-003,129603.6,23328.65,152932.25,Invoiced
SO-001888,2025-03-07,CUST-013,Metro Supermarket Tambaram,Small Commercial,BR-01,EMP-002,360.0,64.8,424.8,Invoiced
SO-001889,2025-03-07,CUST-039,Rangasamy Electrician Workshop,Electrician,BR-03,EMP-010,26559.0,4780.62,31339.62,Invoiced
SO-001890,2025-03-08,CUST-008,Anbu Electricals (Anbazhagan),Electrician,BR-01,EMP-003,13020.0,2343.6,15363.6,Invoiced
SO-001891,2025-03-08,CUST-011,Victory Housing Projects Phase 2,Builder / Commercial,BR-01,EMP-003,107283.8,19311.08,126594.88,Invoiced
SO-001892,2025-03-08,CUST-018,Lakshmi Vilas Sweets & Bakery,Small Commercial,BR-01,EMP-002,14240.0,2563.2,16803.2,Invoiced
SO-001893,2025-03-10,CUST-014,Siva Shankaran (Individual Home),Residential / B2C,BR-01,EMP-003,1040.0,187.2,1227.2,Invoiced
SO-001894,2025-03-10,CUST-037,Kovai Textile Mills Facility Team,Small Commercial,BR-03,EMP-010,1165.0,209.7,1374.7,Invoiced
SO-001895,2025-03-10,CUST-047,Kovai Elite Residency Hotel,Small Commercial,BR-03,EMP-009,330.0,59.4,389.4,Invoiced
SO-001896,2025-03-10,CUST-027,InnoTech Coworking Hub,Small Commercial,BR-02,EMP-007,175.0,31.5,206.5,Invoiced
SO-001897,2025-03-10,CUST-037,Kovai Textile Mills Facility Team,Small Commercial,BR-03,EMP-010,16150.0,2907.0,19057.0,Invoiced
SO-001898,2025-03-10,CUST-047,Kovai Elite Residency Hotel,Small Commercial,BR-03,EMP-010,18820.0,3387.6,22207.6,Invoiced
SO-001899,2025-03-10,CUST-022,Global Smart Solutions (P) Ltd,Contractor,BR-01,EMP-002,11385.0,2049.3,13434.3,Invoiced
SO-001900,2025-03-11,CUST-043,Sundaram Hospital Maintenance,Institution,BR-03,EMP-009,1500.0,270.0,1770.0,Invoiced
SO-001901,2025-03-11,CUST-033,Suresh Babu (Villa Construction),Residential / B2C,BR-02,EMP-006,720.0,129.6,849.6,Invoiced
SO-001902,2025-03-11,CUST-046,Annamalai Agro Processing Unit,Small Commercial,BR-03,EMP-010,165.0,29.7,194.7,Invoiced
SO-001903,2025-03-11,CUST-027,InnoTech Coworking Hub,Small Commercial,BR-02,EMP-007,740.0,133.2,873.2,Invoiced
SO-001904,2025-03-11,CUST-018,Lakshmi Vilas Sweets & Bakery,Small Commercial,BR-01,EMP-002,165.0,29.7,194.7,Invoiced
SO-001905,2025-03-11,CUST-038,Marutham Electrical & Power Agency,Retailer / Trader,BR-03,EMP-009,279625.0,50332.5,329957.5,Invoiced
SO-001906,2025-03-12,CUST-011,Victory Housing Projects Phase 2,Builder / Commercial,BR-01,EMP-002,74265.0,13367.7,87632.7,Invoiced
SO-001907,2025-03-12,CUST-009,Devi Agency & Lighting Store,Retailer / Trader,BR-01,EMP-003,244261.0,43966.98,288227.98,Invoiced
SO-001908,2025-03-12,CUST-009,Devi Agency & Lighting Store,Retailer / Trader,BR-01,EMP-002,198017.0,35643.06,233660.06,Invoiced
SO-001909,2025-03-12,CUST-015,Srinivasan & Sons Contractor,Contractor,BR-01,EMP-002,49140.0,8845.2,57985.2,Invoiced
SO-001910,2025-03-12,CUST-041,Kongu Builders & Real Estate,Builder / Commercial,BR-03,EMP-012,152059.0,27370.62,179429.62,Invoiced
SO-001911,2025-03-13,CUST-019,Poompuhar Handicrafts Store,Small Commercial,BR-01,EMP-002,18500.0,3330.0,21830.0,Invoiced
SO-001912,2025-03-13,CUST-002,Kalaivani Hardware & Paints,Retailer / Trader,BR-01,EMP-002,208028.0,37445.04,245473.04,Invoiced
SO-001913,2025-03-13,CUST-002,Kalaivani Hardware & Paints,Retailer / Trader,BR-01,EMP-002,272810.0,49105.8,321915.8,Invoiced
SO-001914,2025-03-13,CUST-003,Saravana Electric Works (Govindaraj),Electrician,BR-01,EMP-003,12823.0,2308.14,15131.14,Invoiced
SO-001915,2025-03-13,CUST-012,Karthik Residential Apartment Owner,Residential / B2C,BR-01,EMP-002,690.0,124.2,814.2,Invoiced
SO-001916,2025-03-14,CUST-044,Mani Bros Electricals (Mani),Electrician,BR-03,EMP-010,29580.0,5324.4,34904.4,Invoiced
SO-001917,2025-03-14,CUST-028,Sri Venkateshwara Hardware & Electricals,Retailer / Trader,BR-02,EMP-006,140425.0,25276.5,165701.5,Invoiced
SO-001918,2025-03-14,CUST-015,Srinivasan & Sons Contractor,Contractor,BR-01,EMP-002,8575.0,1543.5,10118.5,Invoiced
SO-001919,2025-03-14,CUST-039,Rangasamy Electrician Workshop,Electrician,BR-03,EMP-010,2388.0,429.84,2817.84,Invoiced
SO-001920,2025-03-15,CUST-037,Kovai Textile Mills Facility Team,Small Commercial,BR-03,EMP-012,5440.0,979.2,6419.2,Invoiced
SO-001921,2025-03-15,CUST-027,InnoTech Coworking Hub,Small Commercial,BR-02,EMP-007,2355.0,423.9,2778.9,Invoiced
SO-001922,2025-03-15,CUST-014,Siva Shankaran (Individual Home),Residential / B2C,BR-01,EMP-003,3295.0,593.1,3888.1,Invoiced
SO-001923,2025-03-15,CUST-037,Kovai Textile Mills Facility Team,Small Commercial,BR-03,EMP-010,1890.0,340.2,2230.2,Invoiced
SO-001924,2025-03-15,CUST-034,Silicon Valley PG Hostel Chain,Institution,BR-02,EMP-007,1910.0,343.8,2253.8,Invoiced
SO-001925,2025-03-15,CUST-003,Saravana Electric Works (Govindaraj),Electrician,BR-01,EMP-003,19280.0,3470.4,22750.4,Invoiced
SO-001926,2025-03-15,CUST-025,Brigade Vista Apartment Owners Assn,Residential / B2C,BR-02,EMP-007,2200.0,396.0,2596.0,Invoiced
SO-001927,2025-03-17,CUST-016,Royal Comfort Residency Hotel,Small Commercial,BR-01,EMP-002,3530.0,635.4,4165.4,Invoiced
SO-001928,2025-03-17,CUST-015,Srinivasan & Sons Contractor,Contractor,BR-01,EMP-002,38335.0,6900.3,45235.3,Invoiced
SO-001929,2025-03-17,CUST-019,Poompuhar Handicrafts Store,Small Commercial,BR-01,EMP-003,285.0,51.3,336.3,Invoiced
SO-001930,2025-03-18,CUST-003,Saravana Electric Works (Govindaraj),Electrician,BR-01,EMP-003,30186.0,5433.48,35619.48,Invoiced
SO-001931,2025-03-18,CUST-040,Sri Krishna Engineering College Hostel,Institution,BR-03,EMP-009,1700.0,306.0,2006.0,Invoiced
SO-001932,2025-03-18,CUST-009,Devi Agency & Lighting Store,Retailer / Trader,BR-01,EMP-003,71622.0,12891.96,84513.96,Invoiced
SO-001933,2025-03-18,CUST-036,Urban Spaces Interior Studio,Contractor,BR-02,EMP-006,13480.0,2426.4,15906.4,Invoiced
SO-001934,2025-03-18,CUST-028,Sri Venkateshwara Hardware & Electricals,Retailer / Trader,BR-02,EMP-006,93590.0,16846.2,110436.2,Invoiced
SO-001935,2025-03-19,CUST-038,Marutham Electrical & Power Agency,Retailer / Trader,BR-03,EMP-012,182162.0,32789.16,214951.16,Invoiced
SO-001936,2025-03-19,CUST-004,Sri Ramakrishna Builders & Infra,Builder / Commercial,BR-01,EMP-002,14645.0,2636.1,17281.1,Invoiced
SO-001937,2025-03-19,CUST-035,Gowda Electrical Repairs,Electrician,BR-02,EMP-007,9540.0,1717.2,11257.2,Invoiced
SO-001938,2025-03-19,CUST-023,Kalam Brothers Electrical Store,Retailer / Trader,BR-01,EMP-003,145536.0,26196.48,171732.48,Invoiced
SO-001939,2025-03-19,CUST-010,Vels Vidyashram School Campus,Institution,BR-01,EMP-002,3185.0,573.3,3758.3,Invoiced
SO-001940,2025-03-19,CUST-026,Manjunatha Electrical Works,Electrician,BR-02,EMP-006,13960.0,2512.8,16472.8,Invoiced
SO-001941,2025-03-20,CUST-008,Anbu Electricals (Anbazhagan),Electrician,BR-01,EMP-002,6445.0,1160.1,7605.1,Invoiced
SO-001942,2025-03-20,CUST-025,Brigade Vista Apartment Owners Assn,Residential / B2C,BR-02,EMP-007,720.0,129.6,849.6,Invoiced
SO-001943,2025-03-21,CUST-018,Lakshmi Vilas Sweets & Bakery,Small Commercial,BR-01,EMP-002,850.0,153.0,1003.0,Invoiced
SO-001944,2025-03-21,CUST-048,Ramachandran (Individual House Owner),Residential / B2C,BR-03,EMP-012,295.0,53.1,348.1,Invoiced
SO-001945,2025-03-21,CUST-040,Sri Krishna Engineering College Hostel,Institution,BR-03,EMP-009,895.0,161.1,1056.1,Invoiced
SO-001946,2025-03-21,CUST-008,Anbu Electricals (Anbazhagan),Electrician,BR-01,EMP-002,3168.0,570.24,3738.24,Invoiced
SO-001947,2025-03-22,CUST-048,Ramachandran (Individual House Owner),Residential / B2C,BR-03,EMP-012,240.0,43.2,283.2,Invoiced
SO-001948,2025-03-22,CUST-005,Murugan Auto Garage & Works,Small Commercial,BR-01,EMP-003,390.0,70.2,460.2,Invoiced
SO-001949,2025-03-22,CUST-013,Metro Supermarket Tambaram,Small Commercial,BR-01,EMP-003,12705.0,2286.9,14991.9,Invoiced
SO-001950,2025-03-22,CUST-032,Cauvery Engineering Contractors,Contractor,BR-02,EMP-006,216514.0,38972.52,255486.52,Invoiced
SO-001951,2025-03-22,CUST-023,Kalam Brothers Electrical Store,Retailer / Trader,BR-01,EMP-003,40786.4,7341.55,48127.95,Invoiced
SO-001952,2025-03-24,CUST-035,Gowda Electrical Repairs,Electrician,BR-02,EMP-006,3657.0,658.26,4315.26,Invoiced
SO-001953,2025-03-24,CUST-025,Brigade Vista Apartment Owners Assn,Residential / B2C,BR-02,EMP-007,6040.0,1087.2,7127.2,Invoiced
SO-001954,2025-03-24,CUST-017,Apex Manufacturing Solutions,Small Commercial,BR-01,EMP-002,150.0,27.0,177.0,Invoiced
SO-001955,2025-03-25,CUST-023,Kalam Brothers Electrical Store,Retailer / Trader,BR-01,EMP-002,93094.8,16757.06,109851.86,Invoiced
SO-001956,2025-03-25,CUST-003,Saravana Electric Works (Govindaraj),Electrician,BR-01,EMP-003,6348.0,1142.64,7490.64,Invoiced
SO-001957,2025-03-25,CUST-004,Sri Ramakrishna Builders & Infra,Builder / Commercial,BR-01,EMP-003,86120.0,15501.6,101621.6,Invoiced
SO-001958,2025-03-25,CUST-039,Rangasamy Electrician Workshop,Electrician,BR-03,EMP-012,2745.0,494.1,3239.1,Invoiced
SO-001959,2025-03-25,CUST-031,Nandini Milk Parlour & Mart,Small Commercial,BR-02,EMP-007,2490.0,448.2,2938.2,Invoiced
SO-001960,2025-03-26,CUST-001,Balaji Electrical Contractors,Contractor,BR-01,EMP-002,69610.0,12529.8,82139.8,Invoiced
SO-001961,2025-03-26,CUST-013,Metro Supermarket Tambaram,Small Commercial,BR-01,EMP-003,12420.0,2235.6,14655.6,Invoiced
SO-001962,2025-03-26,CUST-026,Manjunatha Electrical Works,Electrician,BR-02,EMP-006,1095.0,197.1,1292.1,Invoiced
SO-001963,2025-03-27,CUST-008,Anbu Electricals (Anbazhagan),Electrician,BR-01,EMP-002,2440.0,439.2,2879.2,Invoiced
SO-001964,2025-03-27,CUST-046,Annamalai Agro Processing Unit,Small Commercial,BR-03,EMP-009,3730.0,671.4,4401.4,Invoiced
SO-001965,2025-03-27,CUST-040,Sri Krishna Engineering College Hostel,Institution,BR-03,EMP-009,720.0,129.6,849.6,Invoiced
SO-001966,2025-03-28,CUST-037,Kovai Textile Mills Facility Team,Small Commercial,BR-03,EMP-010,8460.0,1522.8,9982.8,Invoiced
SO-001967,2025-03-28,CUST-015,Srinivasan & Sons Contractor,Contractor,BR-01,EMP-003,54773.6,9859.25,64632.85,Invoiced
SO-001968,2025-03-28,CUST-034,Silicon Valley PG Hostel Chain,Institution,BR-02,EMP-006,6210.0,1117.8,7327.8,Invoiced
SO-001969,2025-03-28,CUST-017,Apex Manufacturing Solutions,Small Commercial,BR-01,EMP-002,12570.0,2262.6,14832.6,Invoiced
SO-001970,2025-03-28,CUST-037,Kovai Textile Mills Facility Team,Small Commercial,BR-03,EMP-009,1130.0,203.4,1333.4,Invoiced
SO-001971,2025-03-29,CUST-033,Suresh Babu (Villa Construction),Residential / B2C,BR-02,EMP-007,310.0,55.8,365.8,Invoiced
SO-001972,2025-03-29,CUST-042,Velan Pump & Motor Spares Store,Retailer / Trader,BR-03,EMP-012,236965.0,42653.7,279618.7,Invoiced
SO-001973,2025-03-31,CUST-005,Murugan Auto Garage & Works,Small Commercial,BR-01,EMP-003,330.0,59.4,389.4,Invoiced
SO-001974,2025-03-31,CUST-023,Kalam Brothers Electrical Store,Retailer / Trader,BR-01,EMP-003,82662.0,14879.16,97541.16,Invoiced
SO-001975,2025-03-31,CUST-042,Velan Pump & Motor Spares Store,Retailer / Trader,BR-03,EMP-010,255640.6,46015.31,301655.91,Invoiced
SO-001976,2025-03-31,CUST-016,Royal Comfort Residency Hotel,Small Commercial,BR-01,EMP-002,1280.0,230.4,1510.4,Invoiced
SO-001977,2025-03-31,CUST-017,Apex Manufacturing Solutions,Small Commercial,BR-01,EMP-003,1175.0,211.5,1386.5,Invoiced
SO-001978,2025-03-31,CUST-013,Metro Supermarket Tambaram,Small Commercial,BR-01,EMP-002,14895.0,2681.1,17576.1,Invoiced
SO-001979,2025-04-01,CUST-006,Dr. Priya Sundaram (Home Clinic),Residential / B2C,BR-01,EMP-003,435.0,78.3,513.3,Invoiced
SO-001980,2025-04-01,CUST-021,Mohammed Riyaz (Home Renovation),Residential / B2C,BR-01,EMP-002,220.0,39.6,259.6,Invoiced
SO-001981,2025-04-01,CUST-034,Silicon Valley PG Hostel Chain,Institution,BR-02,EMP-007,45.0,8.1,53.1,Invoiced
SO-001982,2025-04-01,CUST-048,Ramachandran (Individual House Owner),Residential / B2C,BR-03,EMP-009,1100.0,198.0,1298.0,Invoiced
SO-001983,2025-04-01,CUST-013,Metro Supermarket Tambaram,Small Commercial,BR-01,EMP-002,8330.0,1499.4,9829.4,Invoiced
SO-001984,2025-04-02,CUST-002,Kalaivani Hardware & Paints,Retailer / Trader,BR-01,EMP-002,130462.0,23483.16,153945.16,Invoiced
SO-001985,2025-04-02,CUST-030,Dr. Arvind Rao Dental Clinic,Small Commercial,BR-02,EMP-007,1080.0,194.4,1274.4,Invoiced
SO-001986,2025-04-02,CUST-031,Nandini Milk Parlour & Mart,Small Commercial,BR-02,EMP-006,240.0,43.2,283.2,Invoiced
SO-001987,2025-04-02,CUST-039,Rangasamy Electrician Workshop,Electrician,BR-03,EMP-009,5405.0,972.9,6377.9,Invoiced
SO-001988,2025-04-03,CUST-033,Suresh Babu (Villa Construction),Residential / B2C,BR-02,EMP-006,3930.0,707.4,4637.4,Invoiced
SO-001989,2025-04-03,CUST-005,Murugan Auto Garage & Works,Small Commercial,BR-01,EMP-003,1080.0,194.4,1274.4,Invoiced
SO-001990,2025-04-03,CUST-002,Kalaivani Hardware & Paints,Retailer / Trader,BR-01,EMP-003,166903.4,30042.61,196946.01,Invoiced
SO-001991,2025-04-03,CUST-022,Global Smart Solutions (P) Ltd,Contractor,BR-01,EMP-002,65628.0,11813.04,77441.04,Invoiced
SO-001992,2025-04-03,CUST-048,Ramachandran (Individual House Owner),Residential / B2C,BR-03,EMP-012,5670.0,1020.6,6690.6,Invoiced
SO-001993,2025-04-03,CUST-021,Mohammed Riyaz (Home Renovation),Residential / B2C,BR-01,EMP-003,1240.0,223.2,1463.2,Invoiced
SO-001994,2025-04-04,CUST-028,Sri Venkateshwara Hardware & Electricals,Retailer / Trader,BR-02,EMP-006,355438.0,63978.84,419416.84,Invoiced
SO-001995,2025-04-04,CUST-016,Royal Comfort Residency Hotel,Small Commercial,BR-01,EMP-002,45.0,8.1,53.1,Invoiced
SO-001996,2025-04-04,CUST-010,Vels Vidyashram School Campus,Institution,BR-01,EMP-002,9420.0,1695.6,11115.6,Invoiced
SO-001997,2025-04-04,CUST-004,Sri Ramakrishna Builders & Infra,Builder / Commercial,BR-01,EMP-003,96232.0,17321.76,113553.76,Invoiced
SO-001998,2025-04-05,CUST-046,Annamalai Agro Processing Unit,Small Commercial,BR-03,EMP-010,4880.0,878.4,5758.4,Invoiced
SO-001999,2025-04-05,CUST-009,Devi Agency & Lighting Store,Retailer / Trader,BR-01,EMP-002,743601.0,133848.18,877449.18,Invoiced
SO-002000,2025-04-05,CUST-040,Sri Krishna Engineering College Hostel,Institution,BR-03,EMP-010,20160.0,3628.8,23788.8,Invoiced
SO-002001,2025-04-05,CUST-033,Suresh Babu (Villa Construction),Residential / B2C,BR-02,EMP-006,8520.0,1533.6,10053.6,Invoiced
SO-002002,2025-04-05,CUST-022,Global Smart Solutions (P) Ltd,Contractor,BR-01,EMP-003,50610.0,9109.8,59719.8,Invoiced
SO-002003,2025-04-07,CUST-031,Nandini Milk Parlour & Mart,Small Commercial,BR-02,EMP-007,740.0,133.2,873.2,Invoiced
SO-002004,2025-04-07,CUST-039,Rangasamy Electrician Workshop,Electrician,BR-03,EMP-010,4453.0,801.54,5254.54,Invoiced
SO-002005,2025-04-07,CUST-022,Global Smart Solutions (P) Ltd,Contractor,BR-01,EMP-002,130329.0,23459.22,153788.22,Invoiced
SO-002006,2025-04-08,CUST-018,Lakshmi Vilas Sweets & Bakery,Small Commercial,BR-01,EMP-002,720.0,129.6,849.6,Invoiced
SO-002007,2025-04-08,CUST-019,Poompuhar Handicrafts Store,Small Commercial,BR-01,EMP-003,3935.0,708.3,4643.3,Invoiced
SO-002008,2025-04-08,CUST-043,Sundaram Hospital Maintenance,Institution,BR-03,EMP-012,850.0,153.0,1003.0,Invoiced
SO-002009,2025-04-08,CUST-046,Annamalai Agro Processing Unit,Small Commercial,BR-03,EMP-009,3105.0,558.9,3663.9,Invoiced
SO-002010,2025-04-09,CUST-044,Mani Bros Electricals (Mani),Electrician,BR-03,EMP-012,1710.0,307.8,2017.8,Invoiced
SO-002011,2025-04-09,CUST-019,Poompuhar Handicrafts Store,Small Commercial,BR-01,EMP-002,220.0,39.6,259.6,Invoiced
SO-002012,2025-04-09,CUST-043,Sundaram Hospital Maintenance,Institution,BR-03,EMP-012,3080.0,554.4,3634.4,Invoiced
SO-002013,2025-04-09,CUST-018,Lakshmi Vilas Sweets & Bakery,Small Commercial,BR-01,EMP-002,150.0,27.0,177.0,Invoiced
SO-002014,2025-04-09,CUST-045,Karthika Departmental Store,Small Commercial,BR-03,EMP-009,280.0,50.4,330.4,Invoiced
SO-002015,2025-04-09,CUST-026,Manjunatha Electrical Works,Electrician,BR-02,EMP-007,2544.0,457.92,3001.92,Invoiced
SO-002016,2025-04-09,CUST-029,Raghavendra Infrastructure Developers,Builder / Commercial,BR-02,EMP-007,124755.2,22455.94,147211.14,Invoiced
SO-002017,2025-04-09,CUST-021,Mohammed Riyaz (Home Renovation),Residential / B2C,BR-01,EMP-002,1210.0,217.8,1427.8,Invoiced
SO-002018,2025-04-10,CUST-001,Balaji Electrical Contractors,Contractor,BR-01,EMP-002,223470.0,40224.6,263694.6,Invoiced
SO-002019,2025-04-10,CUST-046,Annamalai Agro Processing Unit,Small Commercial,BR-03,EMP-009,8810.0,1585.8,10395.8,Invoiced
SO-002020,2025-04-10,CUST-017,Apex Manufacturing Solutions,Small Commercial,BR-01,EMP-003,4500.0,810.0,5310.0,Invoiced
SO-002021,2025-04-10,CUST-048,Ramachandran (Individual House Owner),Residential / B2C,BR-03,EMP-012,1080.0,194.4,1274.4,Invoiced
SO-002022,2025-04-10,CUST-028,Sri Venkateshwara Hardware & Electricals,Retailer / Trader,BR-02,EMP-007,41956.0,7552.08,49508.08,Invoiced
SO-002023,2025-04-10,CUST-006,Dr. Priya Sundaram (Home Clinic),Residential / B2C,BR-01,EMP-002,2660.0,478.8,3138.8,Invoiced
SO-002024,2025-04-10,CUST-009,Devi Agency & Lighting Store,Retailer / Trader,BR-01,EMP-002,77869.0,14016.42,91885.42,Invoiced
SO-002025,2025-04-11,CUST-012,Karthik Residential Apartment Owner,Residential / B2C,BR-01,EMP-002,855.0,153.9,1008.9,Invoiced
SO-002026,2025-04-11,CUST-032,Cauvery Engineering Contractors,Contractor,BR-02,EMP-006,86250.0,15525.0,101775.0,Invoiced
SO-002027,2025-04-11,CUST-027,InnoTech Coworking Hub,Small Commercial,BR-02,EMP-006,2910.0,523.8,3433.8,Invoiced
SO-002028,2025-04-11,CUST-033,Suresh Babu (Villa Construction),Residential / B2C,BR-02,EMP-006,110.0,19.8,129.8,Invoiced
SO-002029,2025-04-12,CUST-008,Anbu Electricals (Anbazhagan),Electrician,BR-01,EMP-002,1715.0,308.7,2023.7,Invoiced
SO-002030,2025-04-12,CUST-008,Anbu Electricals (Anbazhagan),Electrician,BR-01,EMP-002,7535.0,1356.3,8891.3,Invoiced
SO-002031,2025-04-12,CUST-026,Manjunatha Electrical Works,Electrician,BR-02,EMP-006,8820.0,1587.6,10407.6,Invoiced
SO-002032,2025-04-12,CUST-022,Global Smart Solutions (P) Ltd,Contractor,BR-01,EMP-002,13155.0,2367.9,15522.9,Invoiced
SO-002033,2025-04-12,CUST-005,Murugan Auto Garage & Works,Small Commercial,BR-01,EMP-002,280.0,50.4,330.4,Invoiced
SO-002034,2025-04-12,CUST-030,Dr. Arvind Rao Dental Clinic,Small Commercial,BR-02,EMP-006,1610.0,289.8,1899.8,Invoiced
SO-002035,2025-04-12,CUST-015,Srinivasan & Sons Contractor,Contractor,BR-01,EMP-003,66751.8,12015.32,78767.12,Invoiced
SO-002036,2025-04-14,CUST-021,Mohammed Riyaz (Home Renovation),Residential / B2C,BR-01,EMP-002,9785.0,1761.3,11546.3,Invoiced
SO-002037,2025-04-14,CUST-026,Manjunatha Electrical Works,Electrician,BR-02,EMP-007,8855.0,1593.9,10448.9,Invoiced
SO-002038,2025-04-14,CUST-017,Apex Manufacturing Solutions,Small Commercial,BR-01,EMP-002,30.0,5.4,35.4,Invoiced
SO-002039,2025-04-15,CUST-014,Siva Shankaran (Individual Home),Residential / B2C,BR-01,EMP-003,2170.0,390.6,2560.6,Invoiced
SO-002040,2025-04-15,CUST-030,Dr. Arvind Rao Dental Clinic,Small Commercial,BR-02,EMP-006,6360.0,1144.8,7504.8,Invoiced
SO-002041,2025-04-15,CUST-048,Ramachandran (Individual House Owner),Residential / B2C,BR-03,EMP-012,1100.0,198.0,1298.0,Invoiced
SO-002042,2025-04-15,CUST-004,Sri Ramakrishna Builders & Infra,Builder / Commercial,BR-01,EMP-002,86328.0,15539.04,101867.04,Invoiced
SO-002043,2025-04-16,CUST-035,Gowda Electrical Repairs,Electrician,BR-02,EMP-006,7015.0,1262.7,8277.7,Invoiced
SO-002044,2025-04-16,CUST-033,Suresh Babu (Villa Construction),Residential / B2C,BR-02,EMP-006,240.0,43.2,283.2,Invoiced
SO-002045,2025-04-16,CUST-001,Balaji Electrical Contractors,Contractor,BR-01,EMP-003,156248.6,28124.75,184373.35,Invoiced
SO-002046,2025-04-16,CUST-043,Sundaram Hospital Maintenance,Institution,BR-03,EMP-009,3045.0,548.1,3593.1,Invoiced
SO-002047,2025-04-16,CUST-021,Mohammed Riyaz (Home Renovation),Residential / B2C,BR-01,EMP-002,9705.0,1746.9,11451.9,Invoiced
SO-002048,2025-04-16,CUST-023,Kalam Brothers Electrical Store,Retailer / Trader,BR-01,EMP-003,333145.0,59966.1,393111.1,Invoiced
SO-002049,2025-04-17,CUST-041,Kongu Builders & Real Estate,Builder / Commercial,BR-03,EMP-010,140486.0,25287.48,165773.48,Invoiced
SO-002050,2025-04-17,CUST-038,Marutham Electrical & Power Agency,Retailer / Trader,BR-03,EMP-012,393542.4,70837.63,464380.03,Invoiced
SO-002051,2025-04-17,CUST-038,Marutham Electrical & Power Agency,Retailer / Trader,BR-03,EMP-012,272765.0,49097.7,321862.7,Invoiced
SO-002052,2025-04-17,CUST-022,Global Smart Solutions (P) Ltd,Contractor,BR-01,EMP-003,9880.0,1778.4,11658.4,Invoiced
SO-002053,2025-04-17,CUST-048,Ramachandran (Individual House Owner),Residential / B2C,BR-03,EMP-009,285.0,51.3,336.3,Invoiced
SO-002054,2025-04-17,CUST-009,Devi Agency & Lighting Store,Retailer / Trader,BR-01,EMP-003,101551.0,18279.18,119830.18,Invoiced
SO-002055,2025-04-18,CUST-005,Murugan Auto Garage & Works,Small Commercial,BR-01,EMP-003,3105.0,558.9,3663.9,Invoiced
SO-002056,2025-04-18,CUST-014,Siva Shankaran (Individual Home),Residential / B2C,BR-01,EMP-003,1450.0,261.0,1711.0,Invoiced
SO-002057,2025-04-18,CUST-003,Saravana Electric Works (Govindaraj),Electrician,BR-01,EMP-002,4250.0,765.0,5015.0,Invoiced
SO-002058,2025-04-18,CUST-012,Karthik Residential Apartment Owner,Residential / B2C,BR-01,EMP-003,8830.0,1589.4,10419.4,Invoiced
SO-002059,2025-04-19,CUST-035,Gowda Electrical Repairs,Electrician,BR-02,EMP-007,8528.0,1535.04,10063.04,Invoiced
SO-002060,2025-04-19,CUST-032,Cauvery Engineering Contractors,Contractor,BR-02,EMP-007,185135.0,33324.3,218459.3,Invoiced
SO-002061,2025-04-19,CUST-041,Kongu Builders & Real Estate,Builder / Commercial,BR-03,EMP-010,6011.0,1081.98,7092.98,Invoiced
SO-002062,2025-04-19,CUST-022,Global Smart Solutions (P) Ltd,Contractor,BR-01,EMP-002,11699.0,2105.82,13804.82,Invoiced
SO-002063,2025-04-19,CUST-025,Brigade Vista Apartment Owners Assn,Residential / B2C,BR-02,EMP-007,2835.0,510.3,3345.3,Invoiced
SO-002064,2025-04-19,CUST-023,Kalam Brothers Electrical Store,Retailer / Trader,BR-01,EMP-002,219438.0,39498.84,258936.84,Invoiced
SO-002065,2025-04-19,CUST-025,Brigade Vista Apartment Owners Assn,Residential / B2C,BR-02,EMP-007,4740.0,853.2,5593.2,Invoiced
SO-002066,2025-04-21,CUST-022,Global Smart Solutions (P) Ltd,Contractor,BR-01,EMP-002,79970.0,14394.6,94364.6,Invoiced
SO-002067,2025-04-21,CUST-007,TechPark Facility Maintenance Team,Institution,BR-01,EMP-002,13310.0,2395.8,15705.8,Invoiced
SO-002068,2025-04-21,CUST-038,Marutham Electrical & Power Agency,Retailer / Trader,BR-03,EMP-009,52603.0,9468.54,62071.54,Invoiced
SO-002069,2025-04-22,CUST-028,Sri Venkateshwara Hardware & Electricals,Retailer / Trader,BR-02,EMP-006,445242.8,80143.7,525386.5,Invoiced
SO-002070,2025-04-22,CUST-018,Lakshmi Vilas Sweets & Bakery,Small Commercial,BR-01,EMP-002,4185.0,753.3,4938.3,Invoiced
SO-002071,2025-04-22,CUST-007,TechPark Facility Maintenance Team,Institution,BR-01,EMP-003,220.0,39.6,259.6,Invoiced
SO-002072,2025-04-22,CUST-010,Vels Vidyashram School Campus,Institution,BR-01,EMP-002,6700.0,1206.0,7906.0,Invoiced
SO-002073,2025-04-22,CUST-031,Nandini Milk Parlour & Mart,Small Commercial,BR-02,EMP-006,12495.0,2249.1,14744.1,Invoiced
SO-002074,2025-04-23,CUST-032,Cauvery Engineering Contractors,Contractor,BR-02,EMP-007,91492.0,16468.56,107960.56,Invoiced
SO-002075,2025-04-23,CUST-039,Rangasamy Electrician Workshop,Electrician,BR-03,EMP-009,6257.0,1126.26,7383.26,Invoiced
SO-002076,2025-04-23,CUST-015,Srinivasan & Sons Contractor,Contractor,BR-01,EMP-003,233960.0,42112.8,276072.8,Invoiced
SO-002077,2025-04-23,CUST-030,Dr. Arvind Rao Dental Clinic,Small Commercial,BR-02,EMP-006,8355.0,1503.9,9858.9,Invoiced
SO-002078,2025-04-23,CUST-006,Dr. Priya Sundaram (Home Clinic),Residential / B2C,BR-01,EMP-003,1570.0,282.6,1852.6,Invoiced
SO-002079,2025-04-23,CUST-046,Annamalai Agro Processing Unit,Small Commercial,BR-03,EMP-012,6455.0,1161.9,7616.9,Invoiced
SO-002080,2025-04-23,CUST-023,Kalam Brothers Electrical Store,Retailer / Trader,BR-01,EMP-003,132722.2,23890.0,156612.2,Invoiced
SO-002081,2025-04-24,CUST-021,Mohammed Riyaz (Home Renovation),Residential / B2C,BR-01,EMP-002,9085.0,1635.3,10720.3,Invoiced
SO-002082,2025-04-24,CUST-023,Kalam Brothers Electrical Store,Retailer / Trader,BR-01,EMP-002,108630.0,19553.4,128183.4,Invoiced
SO-002083,2025-04-24,CUST-032,Cauvery Engineering Contractors,Contractor,BR-02,EMP-007,42589.0,7666.02,50255.02,Invoiced
SO-002084,2025-04-24,CUST-042,Velan Pump & Motor Spares Store,Retailer / Trader,BR-03,EMP-012,319589.2,57526.06,377115.26,Invoiced
SO-002085,2025-04-24,CUST-014,Siva Shankaran (Individual Home),Residential / B2C,BR-01,EMP-003,240.0,43.2,283.2,Invoiced
SO-002086,2025-04-24,CUST-016,Royal Comfort Residency Hotel,Small Commercial,BR-01,EMP-003,195.0,35.1,230.1,Invoiced
SO-002087,2025-04-24,CUST-002,Kalaivani Hardware & Paints,Retailer / Trader,BR-01,EMP-002,123160.8,22168.94,145329.74,Invoiced
SO-002088,2025-04-24,CUST-009,Devi Agency & Lighting Store,Retailer / Trader,BR-01,EMP-003,113599.0,20447.82,134046.82,Invoiced
SO-002089,2025-04-25,CUST-014,Siva Shankaran (Individual Home),Residential / B2C,BR-01,EMP-003,3555.0,639.9,4194.9,Invoiced
SO-002090,2025-04-25,CUST-003,Saravana Electric Works (Govindaraj),Electrician,BR-01,EMP-002,954.0,171.72,1125.72,Invoiced
SO-002091,2025-04-25,CUST-048,Ramachandran (Individual House Owner),Residential / B2C,BR-03,EMP-010,4005.0,720.9,4725.9,Invoiced
SO-002092,2025-04-25,CUST-010,Vels Vidyashram School Campus,Institution,BR-01,EMP-003,13970.0,2514.6,16484.6,Invoiced
SO-002093,2025-04-25,CUST-005,Murugan Auto Garage & Works,Small Commercial,BR-01,EMP-003,330.0,59.4,389.4,Invoiced
SO-002094,2025-04-25,CUST-009,Devi Agency & Lighting Store,Retailer / Trader,BR-01,EMP-003,40253.0,7245.54,47498.54,Invoiced
SO-002095,2025-04-25,CUST-048,Ramachandran (Individual House Owner),Residential / B2C,BR-03,EMP-009,4150.0,747.0,4897.0,Invoiced
SO-002096,2025-04-25,CUST-035,Gowda Electrical Repairs,Electrician,BR-02,EMP-007,4925.0,886.5,5811.5,Invoiced
SO-002097,2025-04-26,CUST-007,TechPark Facility Maintenance Team,Institution,BR-01,EMP-002,5200.0,936.0,6136.0,Invoiced
SO-002098,2025-04-26,CUST-027,InnoTech Coworking Hub,Small Commercial,BR-02,EMP-007,330.0,59.4,389.4,Invoiced
SO-002099,2025-04-26,CUST-036,Urban Spaces Interior Studio,Contractor,BR-02,EMP-007,13151.8,2367.32,15519.12,Invoiced
SO-002100,2025-04-26,CUST-038,Marutham Electrical & Power Agency,Retailer / Trader,BR-03,EMP-012,218965.0,39413.7,258378.7,Invoiced
SO-002101,2025-04-26,CUST-045,Karthika Departmental Store,Small Commercial,BR-03,EMP-009,9180.0,1652.4,10832.4,Invoiced
SO-002102,2025-04-26,CUST-018,Lakshmi Vilas Sweets & Bakery,Small Commercial,BR-01,EMP-003,150.0,27.0,177.0,Invoiced
SO-002103,2025-04-26,CUST-027,InnoTech Coworking Hub,Small Commercial,BR-02,EMP-006,305.0,54.9,359.9,Invoiced
SO-002104,2025-04-28,CUST-001,Balaji Electrical Contractors,Contractor,BR-01,EMP-002,11895.0,2141.1,14036.1,Invoiced
SO-002105,2025-04-28,CUST-044,Mani Bros Electricals (Mani),Electrician,BR-03,EMP-010,1030.0,185.4,1215.4,Invoiced
SO-002106,2025-04-28,CUST-011,Victory Housing Projects Phase 2,Builder / Commercial,BR-01,EMP-003,35177.0,6331.86,41508.86,Invoiced
SO-002107,2025-04-28,CUST-039,Rangasamy Electrician Workshop,Electrician,BR-03,EMP-009,620.0,111.6,731.6,Invoiced
SO-002108,2025-04-28,CUST-044,Mani Bros Electricals (Mani),Electrician,BR-03,EMP-009,5646.0,1016.28,6662.28,Invoiced
SO-002109,2025-04-29,CUST-038,Marutham Electrical & Power Agency,Retailer / Trader,BR-03,EMP-012,266880.0,48038.4,314918.4,Invoiced
SO-002110,2025-04-29,CUST-043,Sundaram Hospital Maintenance,Institution,BR-03,EMP-009,2835.0,510.3,3345.3,Invoiced
SO-002111,2025-04-29,CUST-022,Global Smart Solutions (P) Ltd,Contractor,BR-01,EMP-003,108318.0,19497.24,127815.24,Invoiced
SO-002112,2025-04-29,CUST-038,Marutham Electrical & Power Agency,Retailer / Trader,BR-03,EMP-009,323344.0,58201.92,381545.92,Invoiced
SO-002113,2025-04-29,CUST-017,Apex Manufacturing Solutions,Small Commercial,BR-01,EMP-003,6795.0,1223.1,8018.1,Invoiced
SO-002114,2025-04-29,CUST-016,Royal Comfort Residency Hotel,Small Commercial,BR-01,EMP-003,9315.0,1676.7,10991.7,Invoiced
SO-002115,2025-04-29,CUST-028,Sri Venkateshwara Hardware & Electricals,Retailer / Trader,BR-02,EMP-007,474296.0,85373.28,559669.28,Invoiced
SO-002116,2025-04-30,CUST-043,Sundaram Hospital Maintenance,Institution,BR-03,EMP-009,480.0,86.4,566.4,Invoiced
SO-002117,2025-04-30,CUST-044,Mani Bros Electricals (Mani),Electrician,BR-03,EMP-009,5950.0,1071.0,7021.0,Invoiced
SO-002118,2025-04-30,CUST-020,Selvam Electrician Services,Electrician,BR-01,EMP-003,27345.0,4922.1,32267.1,Invoiced
SO-002119,2025-05-01,CUST-014,Siva Shankaran (Individual Home),Residential / B2C,BR-01,EMP-003,690.0,124.2,814.2,Invoiced
SO-002120,2025-05-01,CUST-018,Lakshmi Vilas Sweets & Bakery,Small Commercial,BR-01,EMP-003,10080.0,1814.4,11894.4,Invoiced
SO-002121,2025-05-01,CUST-007,TechPark Facility Maintenance Team,Institution,BR-01,EMP-003,560.0,100.8,660.8,Invoiced
SO-002122,2025-05-01,CUST-039,Rangasamy Electrician Workshop,Electrician,BR-03,EMP-012,2260.0,406.8,2666.8,Invoiced
SO-002123,2025-05-01,CUST-018,Lakshmi Vilas Sweets & Bakery,Small Commercial,BR-01,EMP-002,1700.0,306.0,2006.0,Invoiced
SO-002124,2025-05-01,CUST-017,Apex Manufacturing Solutions,Small Commercial,BR-01,EMP-003,2200.0,396.0,2596.0,Invoiced
SO-002125,2025-05-01,CUST-023,Kalam Brothers Electrical Store,Retailer / Trader,BR-01,EMP-002,90892.0,16360.56,107252.56,Invoiced
SO-002126,2025-05-02,CUST-005,Murugan Auto Garage & Works,Small Commercial,BR-01,EMP-002,2355.0,423.9,2778.9,Invoiced
SO-002127,2025-05-02,CUST-001,Balaji Electrical Contractors,Contractor,BR-01,EMP-002,145628.0,26213.04,171841.04,Invoiced
SO-002128,2025-05-02,CUST-004,Sri Ramakrishna Builders & Infra,Builder / Commercial,BR-01,EMP-002,10535.0,1896.3,12431.3,Invoiced
SO-002129,2025-05-02,CUST-011,Victory Housing Projects Phase 2,Builder / Commercial,BR-01,EMP-002,133180.0,23972.4,157152.4,Invoiced
SO-002130,2025-05-02,CUST-040,Sri Krishna Engineering College Hostel,Institution,BR-03,EMP-012,6485.0,1167.3,7652.3,Invoiced
SO-002131,2025-05-02,CUST-001,Balaji Electrical Contractors,Contractor,BR-01,EMP-003,30580.0,5504.4,36084.4,Invoiced
SO-002132,2025-05-03,CUST-003,Saravana Electric Works (Govindaraj),Electrician,BR-01,EMP-003,15860.0,2854.8,18714.8,Invoiced
SO-002133,2025-05-03,CUST-008,Anbu Electricals (Anbazhagan),Electrician,BR-01,EMP-003,7830.0,1409.4,9239.4,Invoiced
SO-002134,2025-05-03,CUST-025,Brigade Vista Apartment Owners Assn,Residential / B2C,BR-02,EMP-007,4805.0,864.9,5669.9,Invoiced
SO-002135,2025-05-03,CUST-029,Raghavendra Infrastructure Developers,Builder / Commercial,BR-02,EMP-006,258610.0,46549.8,305159.8,Invoiced
SO-002136,2025-05-03,CUST-040,Sri Krishna Engineering College Hostel,Institution,BR-03,EMP-012,45.0,8.1,53.1,Invoiced
SO-002137,2025-05-05,CUST-016,Royal Comfort Residency Hotel,Small Commercial,BR-01,EMP-003,2010.0,361.8,2371.8,Invoiced
SO-002138,2025-05-05,CUST-029,Raghavendra Infrastructure Developers,Builder / Commercial,BR-02,EMP-007,58544.0,10537.92,69081.92,Invoiced
SO-002139,2025-05-05,CUST-016,Royal Comfort Residency Hotel,Small Commercial,BR-01,EMP-003,150.0,27.0,177.0,Invoiced
SO-002140,2025-05-05,CUST-025,Brigade Vista Apartment Owners Assn,Residential / B2C,BR-02,EMP-006,645.0,116.1,761.1,Invoiced
SO-002141,2025-05-05,CUST-018,Lakshmi Vilas Sweets & Bakery,Small Commercial,BR-01,EMP-003,2200.0,396.0,2596.0,Invoiced
SO-002142,2025-05-06,CUST-040,Sri Krishna Engineering College Hostel,Institution,BR-03,EMP-009,640.0,115.2,755.2,Invoiced
SO-002143,2025-05-06,CUST-004,Sri Ramakrishna Builders & Infra,Builder / Commercial,BR-01,EMP-003,107066.0,19271.88,126337.88,Invoiced
SO-002144,2025-05-06,CUST-020,Selvam Electrician Services,Electrician,BR-01,EMP-003,866.0,155.88,1021.88,Invoiced
SO-002145,2025-05-06,CUST-011,Victory Housing Projects Phase 2,Builder / Commercial,BR-01,EMP-003,50432.4,9077.83,59510.23,Invoiced
SO-002146,2025-05-06,CUST-034,Silicon Valley PG Hostel Chain,Institution,BR-02,EMP-006,240.0,43.2,283.2,Invoiced
SO-002147,2025-05-07,CUST-026,Manjunatha Electrical Works,Electrician,BR-02,EMP-007,11835.0,2130.3,13965.3,Invoiced
SO-002148,2025-05-07,CUST-023,Kalam Brothers Electrical Store,Retailer / Trader,BR-01,EMP-002,205458.0,36982.44,242440.44,Invoiced
SO-002149,2025-05-07,CUST-033,Suresh Babu (Villa Construction),Residential / B2C,BR-02,EMP-007,480.0,86.4,566.4,Invoiced
SO-002150,2025-05-08,CUST-035,Gowda Electrical Repairs,Electrician,BR-02,EMP-007,41080.0,7394.4,48474.4,Invoiced
SO-002151,2025-05-08,CUST-006,Dr. Priya Sundaram (Home Clinic),Residential / B2C,BR-01,EMP-002,1210.0,217.8,1427.8,Invoiced
SO-002152,2025-05-08,CUST-016,Royal Comfort Residency Hotel,Small Commercial,BR-01,EMP-002,75.0,13.5,88.5,Invoiced
SO-002153,2025-05-08,CUST-032,Cauvery Engineering Contractors,Contractor,BR-02,EMP-006,72693.0,13084.74,85777.74,Invoiced
SO-002154,2025-05-08,CUST-033,Suresh Babu (Villa Construction),Residential / B2C,BR-02,EMP-007,1275.0,229.5,1504.5,Invoiced
SO-002155,2025-05-08,CUST-040,Sri Krishna Engineering College Hostel,Institution,BR-03,EMP-012,3900.0,702.0,4602.0,Invoiced
SO-002156,2025-05-08,CUST-039,Rangasamy Electrician Workshop,Electrician,BR-03,EMP-010,780.0,140.4,920.4,Invoiced
SO-002157,2025-05-09,CUST-028,Sri Venkateshwara Hardware & Electricals,Retailer / Trader,BR-02,EMP-006,454295.0,81773.1,536068.1,Invoiced
SO-002158,2025-05-09,CUST-013,Metro Supermarket Tambaram,Small Commercial,BR-01,EMP-002,405.0,72.9,477.9,Invoiced
SO-002159,2025-05-09,CUST-047,Kovai Elite Residency Hotel,Small Commercial,BR-03,EMP-009,345.0,62.1,407.1,Invoiced
SO-002160,2025-05-09,CUST-010,Vels Vidyashram School Campus,Institution,BR-01,EMP-003,1300.0,234.0,1534.0,Invoiced
SO-002161,2025-05-10,CUST-011,Victory Housing Projects Phase 2,Builder / Commercial,BR-01,EMP-002,39860.0,7174.8,47034.8,Invoiced
SO-002162,2025-05-10,CUST-037,Kovai Textile Mills Facility Team,Small Commercial,BR-03,EMP-010,280.0,50.4,330.4,Invoiced
SO-002163,2025-05-10,CUST-036,Urban Spaces Interior Studio,Contractor,BR-02,EMP-006,17833.0,3209.94,21042.94,Invoiced
SO-002164,2025-05-10,CUST-015,Srinivasan & Sons Contractor,Contractor,BR-01,EMP-002,62458.0,11242.44,73700.44,Invoiced
SO-002165,2025-05-10,CUST-023,Kalam Brothers Electrical Store,Retailer / Trader,BR-01,EMP-003,32834.0,5910.12,38744.12,Invoiced
SO-002166,2025-05-12,CUST-048,Ramachandran (Individual House Owner),Residential / B2C,BR-03,EMP-009,195.0,35.1,230.1,Invoiced
SO-002167,2025-05-12,CUST-003,Saravana Electric Works (Govindaraj),Electrician,BR-01,EMP-002,20778.0,3740.04,24518.04,Invoiced
SO-002168,2025-05-12,CUST-048,Ramachandran (Individual House Owner),Residential / B2C,BR-03,EMP-012,1140.0,205.2,1345.2,Invoiced
SO-002169,2025-05-13,CUST-030,Dr. Arvind Rao Dental Clinic,Small Commercial,BR-02,EMP-007,970.0,174.6,1144.6,Invoiced
SO-002170,2025-05-13,CUST-039,Rangasamy Electrician Workshop,Electrician,BR-03,EMP-009,5980.0,1076.4,7056.4,Invoiced
SO-002171,2025-05-13,CUST-028,Sri Venkateshwara Hardware & Electricals,Retailer / Trader,BR-02,EMP-006,215815.0,38846.7,254661.7,Invoiced
SO-002172,2025-05-13,CUST-025,Brigade Vista Apartment Owners Assn,Residential / B2C,BR-02,EMP-007,9380.0,1688.4,11068.4,Invoiced
SO-002173,2025-05-14,CUST-046,Annamalai Agro Processing Unit,Small Commercial,BR-03,EMP-010,45.0,8.1,53.1,Invoiced
SO-002174,2025-05-14,CUST-037,Kovai Textile Mills Facility Team,Small Commercial,BR-03,EMP-010,280.0,50.4,330.4,Invoiced
SO-002175,2025-05-14,CUST-015,Srinivasan & Sons Contractor,Contractor,BR-01,EMP-003,7250.0,1305.0,8555.0,Invoiced
SO-002176,2025-05-14,CUST-010,Vels Vidyashram School Campus,Institution,BR-01,EMP-003,1750.0,315.0,2065.0,Invoiced
SO-002177,2025-05-15,CUST-039,Rangasamy Electrician Workshop,Electrician,BR-03,EMP-012,2475.0,445.5,2920.5,Invoiced
SO-002178,2025-05-15,CUST-020,Selvam Electrician Services,Electrician,BR-01,EMP-002,20586.0,3705.48,24291.48,Invoiced
SO-002179,2025-05-15,CUST-022,Global Smart Solutions (P) Ltd,Contractor,BR-01,EMP-002,127484.4,22947.19,150431.59,Invoiced
SO-002180,2025-05-15,CUST-046,Annamalai Agro Processing Unit,Small Commercial,BR-03,EMP-010,1355.0,243.9,1598.9,Invoiced
SO-002181,2025-05-16,CUST-003,Saravana Electric Works (Govindaraj),Electrician,BR-01,EMP-003,23044.0,4147.92,27191.92,Invoiced
SO-002182,2025-05-16,CUST-017,Apex Manufacturing Solutions,Small Commercial,BR-01,EMP-003,3165.0,569.7,3734.7,Invoiced
SO-002183,2025-05-16,CUST-018,Lakshmi Vilas Sweets & Bakery,Small Commercial,BR-01,EMP-002,2200.0,396.0,2596.0,Invoiced
SO-002184,2025-05-17,CUST-026,Manjunatha Electrical Works,Electrician,BR-02,EMP-006,1180.0,212.4,1392.4,Invoiced
SO-002185,2025-05-17,CUST-011,Victory Housing Projects Phase 2,Builder / Commercial,BR-01,EMP-002,30790.0,5542.2,36332.2,Invoiced
SO-002186,2025-05-17,CUST-026,Manjunatha Electrical Works,Electrician,BR-02,EMP-006,7830.0,1409.4,9239.4,Invoiced
SO-002187,2025-05-19,CUST-032,Cauvery Engineering Contractors,Contractor,BR-02,EMP-007,134376.0,24187.68,158563.68,Invoiced
SO-002188,2025-05-19,CUST-031,Nandini Milk Parlour & Mart,Small Commercial,BR-02,EMP-007,2115.0,380.7,2495.7,Invoiced
SO-002189,2025-05-19,CUST-032,Cauvery Engineering Contractors,Contractor,BR-02,EMP-007,175695.8,31625.24,207321.04,Invoiced
SO-002190,2025-05-19,CUST-041,Kongu Builders & Real Estate,Builder / Commercial,BR-03,EMP-012,59336.0,10680.48,70016.48,Invoiced
SO-002191,2025-05-19,CUST-003,Saravana Electric Works (Govindaraj),Electrician,BR-01,EMP-003,9970.0,1794.6,11764.6,Invoiced
SO-002192,2025-05-19,CUST-002,Kalaivani Hardware & Paints,Retailer / Trader,BR-01,EMP-003,26825.0,4828.5,31653.5,Invoiced
SO-002193,2025-05-20,CUST-002,Kalaivani Hardware & Paints,Retailer / Trader,BR-01,EMP-003,120316.0,21656.88,141972.88,Invoiced
SO-002194,2025-05-20,CUST-034,Silicon Valley PG Hostel Chain,Institution,BR-02,EMP-006,460.0,82.8,542.8,Invoiced
SO-002195,2025-05-20,CUST-015,Srinivasan & Sons Contractor,Contractor,BR-01,EMP-003,113459.0,20422.62,133881.62,Invoiced
SO-002196,2025-05-20,CUST-011,Victory Housing Projects Phase 2,Builder / Commercial,BR-01,EMP-002,195037.0,35106.66,230143.66,Invoiced
SO-002197,2025-05-21,CUST-031,Nandini Milk Parlour & Mart,Small Commercial,BR-02,EMP-006,175.0,31.5,206.5,Invoiced
SO-002198,2025-05-21,CUST-018,Lakshmi Vilas Sweets & Bakery,Small Commercial,BR-01,EMP-003,21915.0,3944.7,25859.7,Invoiced
SO-002199,2025-05-21,CUST-041,Kongu Builders & Real Estate,Builder / Commercial,BR-03,EMP-009,42175.0,7591.5,49766.5,Invoiced
SO-002200,2025-05-21,CUST-022,Global Smart Solutions (P) Ltd,Contractor,BR-01,EMP-003,51966.2,9353.92,61320.12,Invoiced
SO-002201,2025-05-21,CUST-031,Nandini Milk Parlour & Mart,Small Commercial,BR-02,EMP-006,1010.0,181.8,1191.8,Invoiced
SO-002202,2025-05-22,CUST-029,Raghavendra Infrastructure Developers,Builder / Commercial,BR-02,EMP-006,97022.0,17463.96,114485.96,Invoiced
SO-002203,2025-05-22,CUST-011,Victory Housing Projects Phase 2,Builder / Commercial,BR-01,EMP-003,224556.4,40420.15,264976.55,Invoiced
SO-002204,2025-05-22,CUST-016,Royal Comfort Residency Hotel,Small Commercial,BR-01,EMP-002,12170.0,2190.6,14360.6,Invoiced
SO-002205,2025-05-22,CUST-010,Vels Vidyashram School Campus,Institution,BR-01,EMP-003,2045.0,368.1,2413.1,Invoiced
SO-002206,2025-05-22,CUST-045,Karthika Departmental Store,Small Commercial,BR-03,EMP-010,175.0,31.5,206.5,Invoiced
SO-002207,2025-05-23,CUST-012,Karthik Residential Apartment Owner,Residential / B2C,BR-01,EMP-003,1930.0,347.4,2277.4,Invoiced
SO-002208,2025-05-23,CUST-014,Siva Shankaran (Individual Home),Residential / B2C,BR-01,EMP-002,6345.0,1142.1,7487.1,Invoiced
SO-002209,2025-05-23,CUST-018,Lakshmi Vilas Sweets & Bakery,Small Commercial,BR-01,EMP-003,11055.0,1989.9,13044.9,Invoiced
SO-002210,2025-05-23,CUST-019,Poompuhar Handicrafts Store,Small Commercial,BR-01,EMP-002,175.0,31.5,206.5,Invoiced
SO-002211,2025-05-23,CUST-019,Poompuhar Handicrafts Store,Small Commercial,BR-01,EMP-003,350.0,63.0,413.0,Invoiced
SO-002212,2025-05-24,CUST-017,Apex Manufacturing Solutions,Small Commercial,BR-01,EMP-003,16955.0,3051.9,20006.9,Invoiced
SO-002213,2025-05-24,CUST-042,Velan Pump & Motor Spares Store,Retailer / Trader,BR-03,EMP-009,241065.0,43391.7,284456.7,Invoiced
SO-002214,2025-05-24,CUST-036,Urban Spaces Interior Studio,Contractor,BR-02,EMP-006,9255.0,1665.9,10920.9,Invoiced
SO-002215,2025-05-24,CUST-041,Kongu Builders & Real Estate,Builder / Commercial,BR-03,EMP-012,7036.6,1266.59,8303.19,Invoiced
SO-002216,2025-05-26,CUST-007,TechPark Facility Maintenance Team,Institution,BR-01,EMP-002,280.0,50.4,330.4,Invoiced
SO-002217,2025-05-26,CUST-040,Sri Krishna Engineering College Hostel,Institution,BR-03,EMP-009,2110.0,379.8,2489.8,Invoiced
SO-002218,2025-05-26,CUST-025,Brigade Vista Apartment Owners Assn,Residential / B2C,BR-02,EMP-006,2300.0,414.0,2714.0,Invoiced
SO-002219,2025-05-27,CUST-011,Victory Housing Projects Phase 2,Builder / Commercial,BR-01,EMP-002,188980.0,34016.4,222996.4,Invoiced
SO-002220,2025-05-27,CUST-014,Siva Shankaran (Individual Home),Residential / B2C,BR-01,EMP-003,145.0,26.1,171.1,Invoiced
SO-002221,2025-05-27,CUST-007,TechPark Facility Maintenance Team,Institution,BR-01,EMP-002,10575.0,1903.5,12478.5,Invoiced
SO-002222,2025-05-27,CUST-016,Royal Comfort Residency Hotel,Small Commercial,BR-01,EMP-003,215.0,38.7,253.7,Invoiced
SO-002223,2025-05-27,CUST-027,InnoTech Coworking Hub,Small Commercial,BR-02,EMP-007,6345.0,1142.1,7487.1,Invoiced
SO-002224,2025-05-27,CUST-033,Suresh Babu (Villa Construction),Residential / B2C,BR-02,EMP-006,1530.0,275.4,1805.4,Invoiced
SO-002225,2025-05-28,CUST-015,Srinivasan & Sons Contractor,Contractor,BR-01,EMP-003,24678.0,4442.04,29120.04,Invoiced
SO-002226,2025-05-28,CUST-048,Ramachandran (Individual House Owner),Residential / B2C,BR-03,EMP-010,2845.0,512.1,3357.1,Invoiced
SO-002227,2025-05-28,CUST-048,Ramachandran (Individual House Owner),Residential / B2C,BR-03,EMP-009,16820.0,3027.6,19847.6,Invoiced
SO-002228,2025-05-28,CUST-021,Mohammed Riyaz (Home Renovation),Residential / B2C,BR-01,EMP-002,280.0,50.4,330.4,Invoiced
SO-002229,2025-05-28,CUST-037,Kovai Textile Mills Facility Team,Small Commercial,BR-03,EMP-010,1055.0,189.9,1244.9,Invoiced
SO-002230,2025-05-28,CUST-043,Sundaram Hospital Maintenance,Institution,BR-03,EMP-012,4845.0,872.1,5717.1,Invoiced
SO-002231,2025-05-28,CUST-021,Mohammed Riyaz (Home Renovation),Residential / B2C,BR-01,EMP-002,945.0,170.1,1115.1,Invoiced
SO-002232,2025-05-28,CUST-039,Rangasamy Electrician Workshop,Electrician,BR-03,EMP-009,14104.0,2538.72,16642.72,Invoiced
SO-002233,2025-05-29,CUST-013,Metro Supermarket Tambaram,Small Commercial,BR-01,EMP-003,1180.0,212.4,1392.4,Invoiced
SO-002234,2025-05-29,CUST-040,Sri Krishna Engineering College Hostel,Institution,BR-03,EMP-010,240.0,43.2,283.2,Invoiced
SO-002235,2025-05-29,CUST-016,Royal Comfort Residency Hotel,Small Commercial,BR-01,EMP-002,305.0,54.9,359.9,Invoiced
SO-002236,2025-05-29,CUST-016,Royal Comfort Residency Hotel,Small Commercial,BR-01,EMP-003,610.0,109.8,719.8,Invoiced
SO-002237,2025-05-29,CUST-020,Selvam Electrician Services,Electrician,BR-01,EMP-003,29965.0,5393.7,35358.7,Invoiced
SO-002238,2025-05-29,CUST-040,Sri Krishna Engineering College Hostel,Institution,BR-03,EMP-009,2835.0,510.3,3345.3,Invoiced
SO-002239,2025-05-30,CUST-042,Velan Pump & Motor Spares Store,Retailer / Trader,BR-03,EMP-010,365823.0,65848.14,431671.14,Invoiced
SO-002240,2025-05-30,CUST-031,Nandini Milk Parlour & Mart,Small Commercial,BR-02,EMP-006,520.0,93.6,613.6,Invoiced
SO-002241,2025-05-30,CUST-017,Apex Manufacturing Solutions,Small Commercial,BR-01,EMP-002,3045.0,548.1,3593.1,Invoiced
SO-002242,2025-05-30,CUST-043,Sundaram Hospital Maintenance,Institution,BR-03,EMP-012,280.0,50.4,330.4,Invoiced
SO-002243,2025-05-30,CUST-036,Urban Spaces Interior Studio,Contractor,BR-02,EMP-007,113780.0,20480.4,134260.4,Invoiced
SO-002244,2025-05-31,CUST-032,Cauvery Engineering Contractors,Contractor,BR-02,EMP-007,95137.0,17124.66,112261.66,Invoiced
SO-002245,2025-05-31,CUST-048,Ramachandran (Individual House Owner),Residential / B2C,BR-03,EMP-009,495.0,89.1,584.1,Invoiced
SO-002246,2025-05-31,CUST-045,Karthika Departmental Store,Small Commercial,BR-03,EMP-009,220.0,39.6,259.6,Invoiced
SO-002247,2025-05-31,CUST-032,Cauvery Engineering Contractors,Contractor,BR-02,EMP-006,24830.0,4469.4,29299.4,Invoiced
SO-002248,2025-05-31,CUST-032,Cauvery Engineering Contractors,Contractor,BR-02,EMP-007,55140.8,9925.34,65066.14,Invoiced
SO-002249,2025-06-02,CUST-020,Selvam Electrician Services,Electrician,BR-01,EMP-003,7060.0,1270.8,8330.8,Invoiced
SO-002250,2025-06-02,CUST-008,Anbu Electricals (Anbazhagan),Electrician,BR-01,EMP-003,15000.0,2700.0,17700.0,Invoiced
SO-002251,2025-06-02,CUST-039,Rangasamy Electrician Workshop,Electrician,BR-03,EMP-012,15385.0,2769.3,18154.3,Invoiced
SO-002252,2025-06-02,CUST-028,Sri Venkateshwara Hardware & Electricals,Retailer / Trader,BR-02,EMP-006,175802.0,31644.36,207446.36,Invoiced
SO-002253,2025-06-02,CUST-008,Anbu Electricals (Anbazhagan),Electrician,BR-01,EMP-003,1863.0,335.34,2198.34,Invoiced
SO-002254,2025-06-02,CUST-044,Mani Bros Electricals (Mani),Electrician,BR-03,EMP-010,2490.0,448.2,2938.2,Invoiced
SO-002255,2025-06-02,CUST-031,Nandini Milk Parlour & Mart,Small Commercial,BR-02,EMP-007,4700.0,846.0,5546.0,Invoiced
SO-002256,2025-06-03,CUST-034,Silicon Valley PG Hostel Chain,Institution,BR-02,EMP-006,250.0,45.0,295.0,Invoiced
SO-002257,2025-06-03,CUST-045,Karthika Departmental Store,Small Commercial,BR-03,EMP-012,4000.0,720.0,4720.0,Invoiced
SO-002258,2025-06-03,CUST-022,Global Smart Solutions (P) Ltd,Contractor,BR-01,EMP-003,80244.0,14443.92,94687.92,Invoiced
SO-002259,2025-06-03,CUST-006,Dr. Priya Sundaram (Home Clinic),Residential / B2C,BR-01,EMP-003,390.0,70.2,460.2,Invoiced
SO-002260,2025-06-03,CUST-026,Manjunatha Electrical Works,Electrician,BR-02,EMP-006,6820.0,1227.6,8047.6,Invoiced
SO-002261,2025-06-03,CUST-013,Metro Supermarket Tambaram,Small Commercial,BR-01,EMP-002,480.0,86.4,566.4,Invoiced
SO-002262,2025-06-03,CUST-045,Karthika Departmental Store,Small Commercial,BR-03,EMP-009,480.0,86.4,566.4,Invoiced
SO-002263,2025-06-04,CUST-026,Manjunatha Electrical Works,Electrician,BR-02,EMP-007,11190.0,2014.2,13204.2,Invoiced
SO-002264,2025-06-04,CUST-018,Lakshmi Vilas Sweets & Bakery,Small Commercial,BR-01,EMP-002,2380.0,428.4,2808.4,Invoiced
SO-002265,2025-06-04,CUST-047,Kovai Elite Residency Hotel,Small Commercial,BR-03,EMP-010,65.0,11.7,76.7,Invoiced
SO-002266,2025-06-04,CUST-037,Kovai Textile Mills Facility Team,Small Commercial,BR-03,EMP-009,11950.0,2151.0,14101.0,Invoiced
SO-002267,2025-06-04,CUST-021,Mohammed Riyaz (Home Renovation),Residential / B2C,BR-01,EMP-002,305.0,54.9,359.9,Invoiced
SO-002268,2025-06-04,CUST-035,Gowda Electrical Repairs,Electrician,BR-02,EMP-007,7978.0,1436.04,9414.04,Invoiced
SO-002269,2025-06-04,CUST-001,Balaji Electrical Contractors,Contractor,BR-01,EMP-003,29754.0,5355.72,35109.72,Invoiced
SO-002270,2025-06-04,CUST-029,Raghavendra Infrastructure Developers,Builder / Commercial,BR-02,EMP-006,58340.0,10501.2,68841.2,Invoiced
SO-002271,2025-06-05,CUST-027,InnoTech Coworking Hub,Small Commercial,BR-02,EMP-006,165.0,29.7,194.7,Invoiced
SO-002272,2025-06-05,CUST-032,Cauvery Engineering Contractors,Contractor,BR-02,EMP-006,26818.0,4827.24,31645.24,Invoiced
SO-002273,2025-06-05,CUST-008,Anbu Electricals (Anbazhagan),Electrician,BR-01,EMP-002,1256.0,226.08,1482.08,Invoiced
SO-002274,2025-06-05,CUST-032,Cauvery Engineering Contractors,Contractor,BR-02,EMP-007,113444.0,20419.92,133863.92,Invoiced
SO-002275,2025-06-05,CUST-029,Raghavendra Infrastructure Developers,Builder / Commercial,BR-02,EMP-006,34700.8,6246.15,40946.95,Invoiced
SO-002276,2025-06-06,CUST-019,Poompuhar Handicrafts Store,Small Commercial,BR-01,EMP-002,6450.0,1161.0,7611.0,Invoiced
SO-002277,2025-06-06,CUST-048,Ramachandran (Individual House Owner),Residential / B2C,BR-03,EMP-012,3450.0,621.0,4071.0,Invoiced
SO-002278,2025-06-06,CUST-005,Murugan Auto Garage & Works,Small Commercial,BR-01,EMP-003,3150.0,567.0,3717.0,Invoiced
SO-002279,2025-06-06,CUST-048,Ramachandran (Individual House Owner),Residential / B2C,BR-03,EMP-012,1930.0,347.4,2277.4,Invoiced
SO-002280,2025-06-06,CUST-044,Mani Bros Electricals (Mani),Electrician,BR-03,EMP-009,8285.0,1491.3,9776.3,Invoiced
SO-002281,2025-06-07,CUST-034,Silicon Valley PG Hostel Chain,Institution,BR-02,EMP-007,165.0,29.7,194.7,Invoiced
SO-002282,2025-06-07,CUST-011,Victory Housing Projects Phase 2,Builder / Commercial,BR-01,EMP-003,21512.4,3872.23,25384.63,Invoiced
SO-002283,2025-06-07,CUST-029,Raghavendra Infrastructure Developers,Builder / Commercial,BR-02,EMP-006,78308.0,14095.44,92403.44,Invoiced
SO-002284,2025-06-09,CUST-020,Selvam Electrician Services,Electrician,BR-01,EMP-003,5225.0,940.5,6165.5,Invoiced
SO-002285,2025-06-09,CUST-007,TechPark Facility Maintenance Team,Institution,BR-01,EMP-003,240.0,43.2,283.2,Invoiced
SO-002286,2025-06-09,CUST-003,Saravana Electric Works (Govindaraj),Electrician,BR-01,EMP-002,4675.0,841.5,5516.5,Invoiced
SO-002287,2025-06-09,CUST-004,Sri Ramakrishna Builders & Infra,Builder / Commercial,BR-01,EMP-003,57732.0,10391.76,68123.76,Invoiced
SO-002288,2025-06-09,CUST-021,Mohammed Riyaz (Home Renovation),Residential / B2C,BR-01,EMP-003,2210.0,397.8,2607.8,Invoiced
SO-002289,2025-06-09,CUST-034,Silicon Valley PG Hostel Chain,Institution,BR-02,EMP-006,1860.0,334.8,2194.8,Invoiced
SO-002290,2025-06-09,CUST-025,Brigade Vista Apartment Owners Assn,Residential / B2C,BR-02,EMP-007,330.0,59.4,389.4,Invoiced
SO-002291,2025-06-10,CUST-029,Raghavendra Infrastructure Developers,Builder / Commercial,BR-02,EMP-006,53260.0,9586.8,62846.8,Invoiced
SO-002292,2025-06-10,CUST-026,Manjunatha Electrical Works,Electrician,BR-02,EMP-007,11950.0,2151.0,14101.0,Invoiced
SO-002293,2025-06-10,CUST-001,Balaji Electrical Contractors,Contractor,BR-01,EMP-002,13860.0,2494.8,16354.8,Invoiced
SO-002294,2025-06-10,CUST-035,Gowda Electrical Repairs,Electrician,BR-02,EMP-006,5750.0,1035.0,6785.0,Invoiced
SO-002295,2025-06-10,CUST-035,Gowda Electrical Repairs,Electrician,BR-02,EMP-006,4266.0,767.88,5033.88,Invoiced
SO-002296,2025-06-10,CUST-042,Velan Pump & Motor Spares Store,Retailer / Trader,BR-03,EMP-010,46213.0,8318.34,54531.34,Invoiced
SO-002297,2025-06-10,CUST-014,Siva Shankaran (Individual Home),Residential / B2C,BR-01,EMP-003,10950.0,1971.0,12921.0,Invoiced
SO-002298,2025-06-11,CUST-004,Sri Ramakrishna Builders & Infra,Builder / Commercial,BR-01,EMP-002,15270.0,2748.6,18018.6,Invoiced
SO-002299,2025-06-11,CUST-025,Brigade Vista Apartment Owners Assn,Residential / B2C,BR-02,EMP-007,560.0,100.8,660.8,Invoiced
SO-002300,2025-06-11,CUST-047,Kovai Elite Residency Hotel,Small Commercial,BR-03,EMP-009,275.0,49.5,324.5,Invoiced
SO-002301,2025-06-12,CUST-047,Kovai Elite Residency Hotel,Small Commercial,BR-03,EMP-009,3900.0,702.0,4602.0,Invoiced
SO-002302,2025-06-12,CUST-015,Srinivasan & Sons Contractor,Contractor,BR-01,EMP-002,4565.0,821.7,5386.7,Invoiced
SO-002303,2025-06-12,CUST-011,Victory Housing Projects Phase 2,Builder / Commercial,BR-01,EMP-002,35253.0,6345.54,41598.54,Invoiced
SO-002304,2025-06-13,CUST-011,Victory Housing Projects Phase 2,Builder / Commercial,BR-01,EMP-002,69858.0,12574.44,82432.44,Invoiced
SO-002305,2025-06-13,CUST-028,Sri Venkateshwara Hardware & Electricals,Retailer / Trader,BR-02,EMP-006,163305.0,29394.9,192699.9,Invoiced
SO-002306,2025-06-13,CUST-011,Victory Housing Projects Phase 2,Builder / Commercial,BR-01,EMP-003,170085.0,30615.3,200700.3,Invoiced
SO-002307,2025-06-14,CUST-042,Velan Pump & Motor Spares Store,Retailer / Trader,BR-03,EMP-012,132915.0,23924.7,156839.7,Invoiced
SO-002308,2025-06-14,CUST-014,Siva Shankaran (Individual Home),Residential / B2C,BR-01,EMP-002,520.0,93.6,613.6,Invoiced
SO-002309,2025-06-14,CUST-019,Poompuhar Handicrafts Store,Small Commercial,BR-01,EMP-002,1580.0,284.4,1864.4,Invoiced
SO-002310,2025-06-14,CUST-023,Kalam Brothers Electrical Store,Retailer / Trader,BR-01,EMP-003,149802.0,26964.36,176766.36,Invoiced
SO-002311,2025-06-14,CUST-025,Brigade Vista Apartment Owners Assn,Residential / B2C,BR-02,EMP-006,7075.0,1273.5,8348.5,Invoiced
SO-002312,2025-06-14,CUST-009,Devi Agency & Lighting Store,Retailer / Trader,BR-01,EMP-003,236377.2,42547.9,278925.1,Invoiced
SO-002313,2025-06-16,CUST-015,Srinivasan & Sons Contractor,Contractor,BR-01,EMP-003,132855.0,23913.9,156768.9,Invoiced
SO-002314,2025-06-16,CUST-040,Sri Krishna Engineering College Hostel,Institution,BR-03,EMP-010,9340.0,1681.2,11021.2,Invoiced
SO-002315,2025-06-16,CUST-025,Brigade Vista Apartment Owners Assn,Residential / B2C,BR-02,EMP-007,270.0,48.6,318.6,Invoiced
SO-002316,2025-06-16,CUST-026,Manjunatha Electrical Works,Electrician,BR-02,EMP-006,860.0,154.8,1014.8,Invoiced
SO-002317,2025-06-16,CUST-046,Annamalai Agro Processing Unit,Small Commercial,BR-03,EMP-012,480.0,86.4,566.4,Invoiced
SO-002318,2025-06-16,CUST-033,Suresh Babu (Villa Construction),Residential / B2C,BR-02,EMP-007,1380.0,248.4,1628.4,Invoiced
SO-002319,2025-06-16,CUST-008,Anbu Electricals (Anbazhagan),Electrician,BR-01,EMP-003,1570.0,282.6,1852.6,Invoiced
SO-002320,2025-06-17,CUST-040,Sri Krishna Engineering College Hostel,Institution,BR-03,EMP-012,2695.0,485.1,3180.1,Invoiced
SO-002321,2025-06-17,CUST-013,Metro Supermarket Tambaram,Small Commercial,BR-01,EMP-002,2310.0,415.8,2725.8,Invoiced
SO-002322,2025-06-17,CUST-002,Kalaivani Hardware & Paints,Retailer / Trader,BR-01,EMP-002,159180.0,28652.4,187832.4,Invoiced
SO-002323,2025-06-17,CUST-020,Selvam Electrician Services,Electrician,BR-01,EMP-002,1670.0,300.6,1970.6,Invoiced
SO-002324,2025-06-17,CUST-014,Siva Shankaran (Individual Home),Residential / B2C,BR-01,EMP-002,16965.0,3053.7,20018.7,Invoiced
SO-002325,2025-06-18,CUST-018,Lakshmi Vilas Sweets & Bakery,Small Commercial,BR-01,EMP-002,7080.0,1274.4,8354.4,Invoiced
SO-002326,2025-06-18,CUST-031,Nandini Milk Parlour & Mart,Small Commercial,BR-02,EMP-007,220.0,39.6,259.6,Invoiced
SO-002327,2025-06-18,CUST-038,Marutham Electrical & Power Agency,Retailer / Trader,BR-03,EMP-010,159544.0,28717.92,188261.92,Invoiced
SO-002328,2025-06-18,CUST-011,Victory Housing Projects Phase 2,Builder / Commercial,BR-01,EMP-003,24428.0,4397.04,28825.04,Invoiced
SO-002329,2025-06-18,CUST-048,Ramachandran (Individual House Owner),Residential / B2C,BR-03,EMP-010,2455.0,441.9,2896.9,Invoiced
SO-002330,2025-06-19,CUST-045,Karthika Departmental Store,Small Commercial,BR-03,EMP-010,1330.0,239.4,1569.4,Invoiced
SO-002331,2025-06-19,CUST-009,Devi Agency & Lighting Store,Retailer / Trader,BR-01,EMP-002,190422.0,34275.96,224697.96,Invoiced
SO-002332,2025-06-19,CUST-027,InnoTech Coworking Hub,Small Commercial,BR-02,EMP-007,6900.0,1242.0,8142.0,Invoiced
SO-002333,2025-06-20,CUST-023,Kalam Brothers Electrical Store,Retailer / Trader,BR-01,EMP-003,71060.0,12790.8,83850.8,Invoiced
SO-002334,2025-06-20,CUST-026,Manjunatha Electrical Works,Electrician,BR-02,EMP-006,8677.0,1561.86,10238.86,Invoiced
SO-002335,2025-06-20,CUST-033,Suresh Babu (Villa Construction),Residential / B2C,BR-02,EMP-007,1580.0,284.4,1864.4,Invoiced
SO-002336,2025-06-20,CUST-005,Murugan Auto Garage & Works,Small Commercial,BR-01,EMP-003,165.0,29.7,194.7,Invoiced
SO-002337,2025-06-20,CUST-012,Karthik Residential Apartment Owner,Residential / B2C,BR-01,EMP-003,1100.0,198.0,1298.0,Invoiced
SO-002338,2025-06-20,CUST-042,Velan Pump & Motor Spares Store,Retailer / Trader,BR-03,EMP-010,267024.4,48064.39,315088.79,Invoiced
SO-002339,2025-06-20,CUST-035,Gowda Electrical Repairs,Electrician,BR-02,EMP-007,7653.0,1377.54,9030.54,Invoiced
SO-002340,2025-06-20,CUST-002,Kalaivani Hardware & Paints,Retailer / Trader,BR-01,EMP-003,202946.0,36530.28,239476.28,Invoiced
SO-002341,2025-06-21,CUST-018,Lakshmi Vilas Sweets & Bakery,Small Commercial,BR-01,EMP-003,3225.0,580.5,3805.5,Invoiced
SO-002342,2025-06-21,CUST-011,Victory Housing Projects Phase 2,Builder / Commercial,BR-01,EMP-003,6740.0,1213.2,7953.2,Invoiced
SO-002343,2025-06-21,CUST-017,Apex Manufacturing Solutions,Small Commercial,BR-01,EMP-003,350.0,63.0,413.0,Invoiced
SO-002344,2025-06-21,CUST-036,Urban Spaces Interior Studio,Contractor,BR-02,EMP-006,83049.0,14948.82,97997.82,Invoiced
SO-002345,2025-06-23,CUST-015,Srinivasan & Sons Contractor,Contractor,BR-01,EMP-002,54226.0,9760.68,63986.68,Invoiced
SO-002346,2025-06-23,CUST-019,Poompuhar Handicrafts Store,Small Commercial,BR-01,EMP-002,80.0,14.4,94.4,Invoiced
SO-002347,2025-06-23,CUST-018,Lakshmi Vilas Sweets & Bakery,Small Commercial,BR-01,EMP-002,13680.0,2462.4,16142.4,Invoiced
SO-002348,2025-06-23,CUST-025,Brigade Vista Apartment Owners Assn,Residential / B2C,BR-02,EMP-006,450.0,81.0,531.0,Invoiced
SO-002349,2025-06-23,CUST-023,Kalam Brothers Electrical Store,Retailer / Trader,BR-01,EMP-003,215041.0,38707.38,253748.38,Invoiced
SO-002350,2025-06-23,CUST-025,Brigade Vista Apartment Owners Assn,Residential / B2C,BR-02,EMP-006,1050.0,189.0,1239.0,Invoiced
SO-002351,2025-06-23,CUST-007,TechPark Facility Maintenance Team,Institution,BR-01,EMP-002,65.0,11.7,76.7,Invoiced
SO-002352,2025-06-23,CUST-033,Suresh Babu (Villa Construction),Residential / B2C,BR-02,EMP-006,1100.0,198.0,1298.0,Invoiced
SO-002353,2025-06-24,CUST-010,Vels Vidyashram School Campus,Institution,BR-01,EMP-002,10980.0,1976.4,12956.4,Invoiced
SO-002354,2025-06-24,CUST-010,Vels Vidyashram School Campus,Institution,BR-01,EMP-003,345.0,62.1,407.1,Invoiced
SO-002355,2025-06-24,CUST-039,Rangasamy Electrician Workshop,Electrician,BR-03,EMP-012,2322.0,417.96,2739.96,Invoiced
SO-002356,2025-06-24,CUST-002,Kalaivani Hardware & Paints,Retailer / Trader,BR-01,EMP-003,44311.8,7976.12,52287.92,Invoiced
SO-002357,2025-06-25,CUST-006,Dr. Priya Sundaram (Home Clinic),Residential / B2C,BR-01,EMP-003,3820.0,687.6,4507.6,Invoiced
SO-002358,2025-06-25,CUST-030,Dr. Arvind Rao Dental Clinic,Small Commercial,BR-02,EMP-007,1150.0,207.0,1357.0,Invoiced
SO-002359,2025-06-25,CUST-031,Nandini Milk Parlour & Mart,Small Commercial,BR-02,EMP-006,8390.0,1510.2,9900.2,Invoiced
SO-002360,2025-06-26,CUST-009,Devi Agency & Lighting Store,Retailer / Trader,BR-01,EMP-002,199820.0,35967.6,235787.6,Invoiced
SO-002361,2025-06-26,CUST-015,Srinivasan & Sons Contractor,Contractor,BR-01,EMP-002,161472.0,29064.96,190536.96,Invoiced
SO-002362,2025-06-26,CUST-037,Kovai Textile Mills Facility Team,Small Commercial,BR-03,EMP-012,3530.0,635.4,4165.4,Invoiced
SO-002363,2025-06-26,CUST-019,Poompuhar Handicrafts Store,Small Commercial,BR-01,EMP-002,360.0,64.8,424.8,Invoiced
SO-002364,2025-06-26,CUST-019,Poompuhar Handicrafts Store,Small Commercial,BR-01,EMP-003,8550.0,1539.0,10089.0,Invoiced
SO-002365,2025-06-27,CUST-028,Sri Venkateshwara Hardware & Electricals,Retailer / Trader,BR-02,EMP-007,193418.6,34815.35,228233.95,Invoiced
SO-002366,2025-06-27,CUST-046,Annamalai Agro Processing Unit,Small Commercial,BR-03,EMP-010,1035.0,186.3,1221.3,Invoiced
SO-002367,2025-06-27,CUST-021,Mohammed Riyaz (Home Renovation),Residential / B2C,BR-01,EMP-002,1215.0,218.7,1433.7,Invoiced
SO-002368,2025-06-27,CUST-026,Manjunatha Electrical Works,Electrician,BR-02,EMP-007,14170.0,2550.6,16720.6,Invoiced
SO-002369,2025-06-27,CUST-047,Kovai Elite Residency Hotel,Small Commercial,BR-03,EMP-012,1130.0,203.4,1333.4,Invoiced
SO-002370,2025-06-27,CUST-030,Dr. Arvind Rao Dental Clinic,Small Commercial,BR-02,EMP-006,1050.0,189.0,1239.0,Invoiced
SO-002371,2025-06-27,CUST-017,Apex Manufacturing Solutions,Small Commercial,BR-01,EMP-002,1100.0,198.0,1298.0,Invoiced
SO-002372,2025-06-28,CUST-025,Brigade Vista Apartment Owners Assn,Residential / B2C,BR-02,EMP-006,1290.0,232.2,1522.2,Invoiced
SO-002373,2025-06-28,CUST-044,Mani Bros Electricals (Mani),Electrician,BR-03,EMP-012,3840.0,691.2,4531.2,Invoiced
SO-002374,2025-06-28,CUST-032,Cauvery Engineering Contractors,Contractor,BR-02,EMP-006,55632.0,10013.76,65645.76,Invoiced
SO-002375,2025-06-28,CUST-037,Kovai Textile Mills Facility Team,Small Commercial,BR-03,EMP-010,7500.0,1350.0,8850.0,Invoiced
SO-002376,2025-06-30,CUST-025,Brigade Vista Apartment Owners Assn,Residential / B2C,BR-02,EMP-007,415.0,74.7,489.7,Invoiced
SO-002377,2025-06-30,CUST-037,Kovai Textile Mills Facility Team,Small Commercial,BR-03,EMP-012,295.0,53.1,348.1,Invoiced
SO-002378,2025-06-30,CUST-022,Global Smart Solutions (P) Ltd,Contractor,BR-01,EMP-002,55076.0,9913.68,64989.68,Invoiced
SO-002379,2025-06-30,CUST-013,Metro Supermarket Tambaram,Small Commercial,BR-01,EMP-003,4790.0,862.2,5652.2,Invoiced
SO-002380,2025-06-30,CUST-004,Sri Ramakrishna Builders & Infra,Builder / Commercial,BR-01,EMP-003,55289.0,9952.02,65241.02,Invoiced
SO-002381,2025-07-01,CUST-009,Devi Agency & Lighting Store,Retailer / Trader,BR-01,EMP-003,40347.0,7262.46,47609.46,Invoiced
SO-002382,2025-07-01,CUST-041,Kongu Builders & Real Estate,Builder / Commercial,BR-03,EMP-010,112471.0,20244.78,132715.78,Invoiced
SO-002383,2025-07-01,CUST-002,Kalaivani Hardware & Paints,Retailer / Trader,BR-01,EMP-003,197025.0,35464.5,232489.5,Invoiced
SO-002384,2025-07-01,CUST-011,Victory Housing Projects Phase 2,Builder / Commercial,BR-01,EMP-002,40243.6,7243.85,47487.45,Invoiced
SO-002385,2025-07-02,CUST-032,Cauvery Engineering Contractors,Contractor,BR-02,EMP-006,111862.2,20135.2,131997.4,Invoiced
SO-002386,2025-07-02,CUST-037,Kovai Textile Mills Facility Team,Small Commercial,BR-03,EMP-009,2800.0,504.0,3304.0,Invoiced
SO-002387,2025-07-02,CUST-032,Cauvery Engineering Contractors,Contractor,BR-02,EMP-006,78159.6,14068.72,92228.32,Invoiced
SO-002388,2025-07-02,CUST-042,Velan Pump & Motor Spares Store,Retailer / Trader,BR-03,EMP-010,251742.0,45313.56,297055.56,Invoiced
SO-002389,2025-07-02,CUST-015,Srinivasan & Sons Contractor,Contractor,BR-01,EMP-003,138758.2,24976.48,163734.68,Invoiced
SO-002390,2025-07-02,CUST-028,Sri Venkateshwara Hardware & Electricals,Retailer / Trader,BR-02,EMP-006,173835.0,31290.3,205125.3,Invoiced
SO-002391,2025-07-03,CUST-006,Dr. Priya Sundaram (Home Clinic),Residential / B2C,BR-01,EMP-002,965.0,173.7,1138.7,Invoiced
SO-002392,2025-07-03,CUST-012,Karthik Residential Apartment Owner,Residential / B2C,BR-01,EMP-002,200.2,36.04,236.24,Invoiced
SO-002393,2025-07-03,CUST-023,Kalam Brothers Electrical Store,Retailer / Trader,BR-01,EMP-003,30528.0,5495.04,36023.04,Invoiced
SO-002394,2025-07-03,CUST-043,Sundaram Hospital Maintenance,Institution,BR-03,EMP-009,842.6,151.67,994.27,Invoiced
SO-002395,2025-07-03,CUST-038,Marutham Electrical & Power Agency,Retailer / Trader,BR-03,EMP-010,163296.2,29393.31,192689.51,Invoiced
SO-002396,2025-07-03,CUST-028,Sri Venkateshwara Hardware & Electricals,Retailer / Trader,BR-02,EMP-007,96824.8,17428.46,114253.26,Invoiced
SO-002397,2025-07-03,CUST-004,Sri Ramakrishna Builders & Infra,Builder / Commercial,BR-01,EMP-002,8890.8,1600.34,10491.14,Invoiced
SO-002398,2025-07-04,CUST-040,Sri Krishna Engineering College Hostel,Institution,BR-03,EMP-009,2511.0,451.98,2962.98,Invoiced
SO-002399,2025-07-04,CUST-038,Marutham Electrical & Power Agency,Retailer / Trader,BR-03,EMP-010,123204.0,22176.72,145380.72,Invoiced
SO-002400,2025-07-04,CUST-040,Sri Krishna Engineering College Hostel,Institution,BR-03,EMP-009,232.4,41.83,274.23,Invoiced
SO-002401,2025-07-04,CUST-021,Mohammed Riyaz (Home Renovation),Residential / B2C,BR-01,EMP-003,1115.0,200.7,1315.7,Invoiced
SO-002402,2025-07-04,CUST-034,Silicon Valley PG Hostel Chain,Institution,BR-02,EMP-006,2230.0,401.4,2631.4,Invoiced
SO-002403,2025-07-05,CUST-017,Apex Manufacturing Solutions,Small Commercial,BR-01,EMP-003,1930.0,347.4,2277.4,Invoiced
SO-002404,2025-07-05,CUST-026,Manjunatha Electrical Works,Electrician,BR-02,EMP-007,3720.0,669.6,4389.6,Invoiced
SO-002405,2025-07-05,CUST-045,Karthika Departmental Store,Small Commercial,BR-03,EMP-010,721.0,129.78,850.78,Invoiced
SO-002406,2025-07-05,CUST-010,Vels Vidyashram School Campus,Institution,BR-01,EMP-003,1050.0,189.0,1239.0,Invoiced
SO-002407,2025-07-05,CUST-006,Dr. Priya Sundaram (Home Clinic),Residential / B2C,BR-01,EMP-002,217.4,39.13,256.53,Invoiced
SO-002408,2025-07-05,CUST-025,Brigade Vista Apartment Owners Assn,Residential / B2C,BR-02,EMP-006,330.0,59.4,389.4,Invoiced
SO-002409,2025-07-05,CUST-042,Velan Pump & Motor Spares Store,Retailer / Trader,BR-03,EMP-010,102201.0,18396.18,120597.18,Invoiced
SO-002410,2025-07-07,CUST-021,Mohammed Riyaz (Home Renovation),Residential / B2C,BR-01,EMP-002,990.6,178.31,1168.91,Invoiced
SO-002411,2025-07-07,CUST-019,Poompuhar Handicrafts Store,Small Commercial,BR-01,EMP-003,5688.0,1023.84,6711.84,Invoiced
SO-002412,2025-07-07,CUST-038,Marutham Electrical & Power Agency,Retailer / Trader,BR-03,EMP-010,100669.4,18120.49,118789.89,Invoiced
SO-002413,2025-07-07,CUST-035,Gowda Electrical Repairs,Electrician,BR-02,EMP-007,5159.0,928.62,6087.62,Invoiced
SO-002414,2025-07-08,CUST-025,Brigade Vista Apartment Owners Assn,Residential / B2C,BR-02,EMP-006,2350.0,423.0,2773.0,Invoiced
SO-002415,2025-07-08,CUST-033,Suresh Babu (Villa Construction),Residential / B2C,BR-02,EMP-007,920.0,165.6,1085.6,Invoiced
SO-002416,2025-07-08,CUST-048,Ramachandran (Individual House Owner),Residential / B2C,BR-03,EMP-009,4518.0,813.24,5331.24,Invoiced
SO-002417,2025-07-08,CUST-042,Velan Pump & Motor Spares Store,Retailer / Trader,BR-03,EMP-009,92171.0,16590.78,108761.78,Invoiced
SO-002418,2025-07-08,CUST-022,Global Smart Solutions (P) Ltd,Contractor,BR-01,EMP-003,19430.0,3497.4,22927.4,Invoiced
SO-002419,2025-07-08,CUST-044,Mani Bros Electricals (Mani),Electrician,BR-03,EMP-009,11220.0,2019.6,13239.6,Invoiced
SO-002420,2025-07-09,CUST-011,Victory Housing Projects Phase 2,Builder / Commercial,BR-01,EMP-002,48254.2,8685.76,56939.96,Invoiced
SO-002421,2025-07-09,CUST-001,Balaji Electrical Contractors,Contractor,BR-01,EMP-002,34595.6,6227.21,40822.81,Invoiced
SO-002422,2025-07-09,CUST-014,Siva Shankaran (Individual Home),Residential / B2C,BR-01,EMP-002,762.4,137.23,899.63,Invoiced
SO-002423,2025-07-10,CUST-031,Nandini Milk Parlour & Mart,Small Commercial,BR-02,EMP-006,15.0,2.7,17.7,Invoiced
SO-002424,2025-07-10,CUST-027,InnoTech Coworking Hub,Small Commercial,BR-02,EMP-007,15.0,2.7,17.7,Invoiced
SO-002425,2025-07-10,CUST-035,Gowda Electrical Repairs,Electrician,BR-02,EMP-007,11985.0,2157.3,14142.3,Invoiced
SO-002426,2025-07-10,CUST-047,Kovai Elite Residency Hotel,Small Commercial,BR-03,EMP-009,4430.0,797.4,5227.4,Invoiced
SO-002427,2025-07-10,CUST-005,Murugan Auto Garage & Works,Small Commercial,BR-01,EMP-003,1070.8,192.74,1263.54,Invoiced
SO-002428,2025-07-10,CUST-022,Global Smart Solutions (P) Ltd,Contractor,BR-01,EMP-002,36631.2,6593.62,43224.82,Invoiced
SO-002429,2025-07-11,CUST-048,Ramachandran (Individual House Owner),Residential / B2C,BR-03,EMP-012,3301.2,594.22,3895.42,Invoiced
SO-002430,2025-07-11,CUST-037,Kovai Textile Mills Facility Team,Small Commercial,BR-03,EMP-010,2570.8,462.74,3033.54,Invoiced
SO-002431,2025-07-11,CUST-046,Annamalai Agro Processing Unit,Small Commercial,BR-03,EMP-009,2451.2,441.22,2892.42,Invoiced
SO-002432,2025-07-11,CUST-039,Rangasamy Electrician Workshop,Electrician,BR-03,EMP-010,5828.4,1049.11,6877.51,Invoiced
SO-002433,2025-07-11,CUST-019,Poompuhar Handicrafts Store,Small Commercial,BR-01,EMP-003,161.0,28.98,189.98,Invoiced
SO-002434,2025-07-11,CUST-040,Sri Krishna Engineering College Hostel,Institution,BR-03,EMP-010,2910.0,523.8,3433.8,Invoiced
SO-002435,2025-07-11,CUST-003,Saravana Electric Works (Govindaraj),Electrician,BR-01,EMP-002,15921.0,2865.78,18786.78,Invoiced
SO-002436,2025-07-11,CUST-048,Ramachandran (Individual House Owner),Residential / B2C,BR-03,EMP-012,1490.0,268.2,1758.2,Invoiced
SO-002437,2025-07-12,CUST-033,Suresh Babu (Villa Construction),Residential / B2C,BR-02,EMP-006,295.0,53.1,348.1,Invoiced
SO-002438,2025-07-12,CUST-035,Gowda Electrical Repairs,Electrician,BR-02,EMP-006,3004.0,540.72,3544.72,Invoiced
SO-002439,2025-07-12,CUST-019,Poompuhar Handicrafts Store,Small Commercial,BR-01,EMP-002,4715.0,848.7,5563.7,Invoiced
SO-002440,2025-07-12,CUST-041,Kongu Builders & Real Estate,Builder / Commercial,BR-03,EMP-012,30320.0,5457.6,35777.6,Invoiced
SO-002441,2025-07-12,CUST-003,Saravana Electric Works (Govindaraj),Electrician,BR-01,EMP-002,6930.0,1247.4,8177.4,Invoiced
SO-002442,2025-07-14,CUST-025,Brigade Vista Apartment Owners Assn,Residential / B2C,BR-02,EMP-006,1265.0,227.7,1492.7,Invoiced
SO-002443,2025-07-14,CUST-006,Dr. Priya Sundaram (Home Clinic),Residential / B2C,BR-01,EMP-003,3700.8,666.14,4366.94,Invoiced
SO-002444,2025-07-14,CUST-017,Apex Manufacturing Solutions,Small Commercial,BR-01,EMP-003,1050.0,189.0,1239.0,Invoiced
SO-002445,2025-07-14,CUST-029,Raghavendra Infrastructure Developers,Builder / Commercial,BR-02,EMP-007,51426.8,9256.82,60683.62,Invoiced
SO-002446,2025-07-15,CUST-027,InnoTech Coworking Hub,Small Commercial,BR-02,EMP-006,134.0,24.12,158.12,Invoiced
SO-002447,2025-07-15,CUST-031,Nandini Milk Parlour & Mart,Small Commercial,BR-02,EMP-006,240.0,43.2,283.2,Invoiced
SO-002448,2025-07-15,CUST-046,Annamalai Agro Processing Unit,Small Commercial,BR-03,EMP-009,2590.0,466.2,3056.2,Invoiced
SO-002449,2025-07-15,CUST-007,TechPark Facility Maintenance Team,Institution,BR-01,EMP-002,381.8,68.72,450.52,Invoiced
SO-002450,2025-07-15,CUST-014,Siva Shankaran (Individual Home),Residential / B2C,BR-01,EMP-002,562.0,101.16,663.16,Invoiced
SO-002451,2025-07-16,CUST-020,Selvam Electrician Services,Electrician,BR-01,EMP-002,6816.2,1226.92,8043.12,Invoiced
SO-002452,2025-07-16,CUST-014,Siva Shankaran (Individual Home),Residential / B2C,BR-01,EMP-002,588.2,105.87,694.07,Invoiced
SO-002453,2025-07-16,CUST-006,Dr. Priya Sundaram (Home Clinic),Residential / B2C,BR-01,EMP-003,1426.0,256.68,1682.68,Invoiced
SO-002454,2025-07-16,CUST-025,Brigade Vista Apartment Owners Assn,Residential / B2C,BR-02,EMP-006,2215.0,398.7,2613.7,Invoiced
SO-002455,2025-07-16,CUST-047,Kovai Elite Residency Hotel,Small Commercial,BR-03,EMP-009,30.0,5.4,35.4,Invoiced
SO-002456,2025-07-17,CUST-010,Vels Vidyashram School Campus,Institution,BR-01,EMP-002,579.0,104.22,683.22,Invoiced
SO-002457,2025-07-17,CUST-039,Rangasamy Electrician Workshop,Electrician,BR-03,EMP-012,6328.0,1139.04,7467.04,Invoiced
SO-002458,2025-07-17,CUST-013,Metro Supermarket Tambaram,Small Commercial,BR-01,EMP-003,220.8,39.74,260.54,Invoiced
SO-002459,2025-07-17,CUST-014,Siva Shankaran (Individual Home),Residential / B2C,BR-01,EMP-003,2641.6,475.49,3117.09,Invoiced
SO-002460,2025-07-17,CUST-048,Ramachandran (Individual House Owner),Residential / B2C,BR-03,EMP-009,441.6,79.49,521.09,Invoiced
SO-002461,2025-07-17,CUST-035,Gowda Electrical Repairs,Electrician,BR-02,EMP-007,7110.0,1279.8,8389.8,Invoiced
SO-002462,2025-07-18,CUST-041,Kongu Builders & Real Estate,Builder / Commercial,BR-03,EMP-010,56812.6,10226.27,67038.87,Invoiced
SO-002463,2025-07-18,CUST-016,Royal Comfort Residency Hotel,Small Commercial,BR-01,EMP-002,240.0,43.2,283.2,Invoiced
SO-002464,2025-07-18,CUST-040,Sri Krishna Engineering College Hostel,Institution,BR-03,EMP-012,2180.0,392.4,2572.4,Invoiced
SO-002465,2025-07-18,CUST-005,Murugan Auto Garage & Works,Small Commercial,BR-01,EMP-002,4515.0,812.7,5327.7,Invoiced
SO-002466,2025-07-19,CUST-007,TechPark Facility Maintenance Team,Institution,BR-01,EMP-002,2350.0,423.0,2773.0,Invoiced
SO-002467,2025-07-19,CUST-010,Vels Vidyashram School Campus,Institution,BR-01,EMP-002,936.6,168.59,1105.19,Invoiced
SO-002468,2025-07-19,CUST-009,Devi Agency & Lighting Store,Retailer / Trader,BR-01,EMP-003,116899.0,21041.82,137940.82,Invoiced
SO-002469,2025-07-19,CUST-021,Mohammed Riyaz (Home Renovation),Residential / B2C,BR-01,EMP-002,3690.0,664.2,4354.2,Invoiced
SO-002470,2025-07-19,CUST-020,Selvam Electrician Services,Electrician,BR-01,EMP-002,2587.0,465.66,3052.66,Invoiced
SO-002471,2025-07-19,CUST-004,Sri Ramakrishna Builders & Infra,Builder / Commercial,BR-01,EMP-003,117907.0,21223.26,139130.26,Invoiced
SO-002472,2025-07-19,CUST-038,Marutham Electrical & Power Agency,Retailer / Trader,BR-03,EMP-012,187118.0,33681.24,220799.24,Invoiced
SO-002473,2025-07-19,CUST-004,Sri Ramakrishna Builders & Infra,Builder / Commercial,BR-01,EMP-002,18770.8,3378.74,22149.54,Invoiced
SO-002474,2025-07-21,CUST-046,Annamalai Agro Processing Unit,Small Commercial,BR-03,EMP-009,7001.2,1260.22,8261.42,Invoiced
SO-002475,2025-07-21,CUST-011,Victory Housing Projects Phase 2,Builder / Commercial,BR-01,EMP-003,24707.2,4447.3,29154.5,Invoiced
SO-002476,2025-07-21,CUST-029,Raghavendra Infrastructure Developers,Builder / Commercial,BR-02,EMP-007,203182.0,36572.76,239754.76,Invoiced
SO-002477,2025-07-21,CUST-020,Selvam Electrician Services,Electrician,BR-01,EMP-002,1621.0,291.78,1912.78,Invoiced
SO-002478,2025-07-21,CUST-007,TechPark Facility Maintenance Team,Institution,BR-01,EMP-002,2610.6,469.91,3080.51,Invoiced
SO-002479,2025-07-22,CUST-023,Kalam Brothers Electrical Store,Retailer / Trader,BR-01,EMP-002,259441.0,46699.38,306140.38,Invoiced
SO-002480,2025-07-22,CUST-032,Cauvery Engineering Contractors,Contractor,BR-02,EMP-006,6590.6,1186.31,7776.91,Invoiced
SO-002481,2025-07-22,CUST-032,Cauvery Engineering Contractors,Contractor,BR-02,EMP-007,26924.0,4846.32,31770.32,Invoiced
SO-002482,2025-07-22,CUST-004,Sri Ramakrishna Builders & Infra,Builder / Commercial,BR-01,EMP-002,34351.0,6183.18,40534.18,Invoiced
SO-002483,2025-07-22,CUST-016,Royal Comfort Residency Hotel,Small Commercial,BR-01,EMP-002,2350.0,423.0,2773.0,Invoiced
SO-002484,2025-07-22,CUST-029,Raghavendra Infrastructure Developers,Builder / Commercial,BR-02,EMP-007,23579.0,4244.22,27823.22,Invoiced
SO-002485,2025-07-22,CUST-048,Ramachandran (Individual House Owner),Residential / B2C,BR-03,EMP-010,590.0,106.2,696.2,Invoiced
SO-002486,2025-07-22,CUST-041,Kongu Builders & Real Estate,Builder / Commercial,BR-03,EMP-009,8397.0,1511.46,9908.46,Invoiced
SO-002487,2025-07-23,CUST-023,Kalam Brothers Electrical Store,Retailer / Trader,BR-01,EMP-002,45096.8,8117.42,53214.22,Invoiced
SO-002488,2025-07-23,CUST-017,Apex Manufacturing Solutions,Small Commercial,BR-01,EMP-003,4675.0,841.5,5516.5,Invoiced
SO-002489,2025-07-23,CUST-009,Devi Agency & Lighting Store,Retailer / Trader,BR-01,EMP-002,27897.6,5021.57,32919.17,Invoiced
SO-002490,2025-07-24,CUST-002,Kalaivani Hardware & Paints,Retailer / Trader,BR-01,EMP-003,86995.2,15659.14,102654.34,Invoiced
SO-002491,2025-07-24,CUST-045,Karthika Departmental Store,Small Commercial,BR-03,EMP-009,560.0,100.8,660.8,Invoiced
SO-002492,2025-07-24,CUST-030,Dr. Arvind Rao Dental Clinic,Small Commercial,BR-02,EMP-007,341.2,61.42,402.62,Invoiced
SO-002493,2025-07-24,CUST-007,TechPark Facility Maintenance Team,Institution,BR-01,EMP-003,2315.0,416.7,2731.7,Invoiced
SO-002494,2025-07-24,CUST-033,Suresh Babu (Villa Construction),Residential / B2C,BR-02,EMP-007,161.0,28.98,189.98,Invoiced
SO-002495,2025-07-24,CUST-018,Lakshmi Vilas Sweets & Bakery,Small Commercial,BR-01,EMP-002,4810.0,865.8,5675.8,Invoiced
SO-002496,2025-07-24,CUST-030,Dr. Arvind Rao Dental Clinic,Small Commercial,BR-02,EMP-007,5911.0,1063.98,6974.98,Invoiced
SO-002497,2025-07-25,CUST-017,Apex Manufacturing Solutions,Small Commercial,BR-01,EMP-003,3028.0,545.04,3573.04,Invoiced
SO-002498,2025-07-25,CUST-041,Kongu Builders & Real Estate,Builder / Commercial,BR-03,EMP-009,120718.6,21729.35,142447.95,Invoiced
SO-002499,2025-07-25,CUST-020,Selvam Electrician Services,Electrician,BR-01,EMP-002,6880.0,1238.4,8118.4,Invoiced
SO-002500,2025-07-25,CUST-028,Sri Venkateshwara Hardware & Electricals,Retailer / Trader,BR-02,EMP-006,152030.0,27365.4,179395.4,Invoiced
SO-002501,2025-07-25,CUST-031,Nandini Milk Parlour & Mart,Small Commercial,BR-02,EMP-007,2150.0,387.0,2537.0,Invoiced
SO-002502,2025-07-25,CUST-030,Dr. Arvind Rao Dental Clinic,Small Commercial,BR-02,EMP-006,414.0,74.52,488.52,Invoiced
SO-002503,2025-07-26,CUST-019,Poompuhar Handicrafts Store,Small Commercial,BR-01,EMP-003,1050.0,189.0,1239.0,Invoiced
SO-002504,2025-07-26,CUST-018,Lakshmi Vilas Sweets & Bakery,Small Commercial,BR-01,EMP-003,7210.0,1297.8,8507.8,Invoiced
SO-002505,2025-07-26,CUST-044,Mani Bros Electricals (Mani),Electrician,BR-03,EMP-012,8483.0,1526.94,10009.94,Invoiced
SO-002506,2025-07-26,CUST-031,Nandini Milk Parlour & Mart,Small Commercial,BR-02,EMP-006,330.0,59.4,389.4,Invoiced
SO-002507,2025-07-26,CUST-037,Kovai Textile Mills Facility Team,Small Commercial,BR-03,EMP-012,645.0,116.1,761.1,Invoiced
SO-002508,2025-07-26,CUST-028,Sri Venkateshwara Hardware & Electricals,Retailer / Trader,BR-02,EMP-007,273722.4,49270.03,322992.43,Invoiced
SO-002509,2025-07-26,CUST-015,Srinivasan & Sons Contractor,Contractor,BR-01,EMP-002,47616.8,8571.02,56187.82,Invoiced
SO-002510,2025-07-28,CUST-038,Marutham Electrical & Power Agency,Retailer / Trader,BR-03,EMP-012,106225.2,19120.54,125345.74,Invoiced
SO-002511,2025-07-28,CUST-041,Kongu Builders & Real Estate,Builder / Commercial,BR-03,EMP-009,141037.2,25386.69,166423.89,Invoiced
SO-002512,2025-07-28,CUST-006,Dr. Priya Sundaram (Home Clinic),Residential / B2C,BR-01,EMP-002,1203.0,216.54,1419.54,Invoiced
SO-002513,2025-07-28,CUST-039,Rangasamy Electrician Workshop,Electrician,BR-03,EMP-012,19930.0,3587.4,23517.4,Invoiced
SO-002514,2025-07-28,CUST-031,Nandini Milk Parlour & Mart,Small Commercial,BR-02,EMP-007,3508.0,631.44,4139.44,Invoiced
SO-002515,2025-07-28,CUST-016,Royal Comfort Residency Hotel,Small Commercial,BR-01,EMP-003,280.0,50.4,330.4,Invoiced
SO-002516,2025-07-28,CUST-022,Global Smart Solutions (P) Ltd,Contractor,BR-01,EMP-003,170940.0,30769.2,201709.2,Invoiced
SO-002517,2025-07-28,CUST-034,Silicon Valley PG Hostel Chain,Institution,BR-02,EMP-007,2832.0,509.76,3341.76,Invoiced
SO-002518,2025-07-29,CUST-040,Sri Krishna Engineering College Hostel,Institution,BR-03,EMP-009,2380.0,428.4,2808.4,Invoiced
SO-002519,2025-07-29,CUST-001,Balaji Electrical Contractors,Contractor,BR-01,EMP-003,133592.8,24046.7,157639.5,Invoiced
SO-002520,2025-07-29,CUST-014,Siva Shankaran (Individual Home),Residential / B2C,BR-01,EMP-002,161.0,28.98,189.98,Invoiced
SO-002521,2025-07-29,CUST-033,Suresh Babu (Villa Construction),Residential / B2C,BR-02,EMP-006,2710.0,487.8,3197.8,Invoiced
SO-002522,2025-07-29,CUST-031,Nandini Milk Parlour & Mart,Small Commercial,BR-02,EMP-006,202.4,36.43,238.83,Invoiced
SO-002523,2025-07-30,CUST-031,Nandini Milk Parlour & Mart,Small Commercial,BR-02,EMP-007,392.2,70.6,462.8,Invoiced
SO-002524,2025-07-30,CUST-027,InnoTech Coworking Hub,Small Commercial,BR-02,EMP-006,322.0,57.96,379.96,Invoiced
SO-002525,2025-07-30,CUST-022,Global Smart Solutions (P) Ltd,Contractor,BR-01,EMP-003,116740.0,21013.2,137753.2,Invoiced
SO-002526,2025-07-30,CUST-003,Saravana Electric Works (Govindaraj),Electrician,BR-01,EMP-003,1446.4,260.35,1706.75,Invoiced
SO-002527,2025-07-30,CUST-013,Metro Supermarket Tambaram,Small Commercial,BR-01,EMP-002,5640.0,1015.2,6655.2,Invoiced
SO-002528,2025-07-30,CUST-023,Kalam Brothers Electrical Store,Retailer / Trader,BR-01,EMP-002,118326.8,21298.82,139625.62,Invoiced
SO-002529,2025-07-30,CUST-017,Apex Manufacturing Solutions,Small Commercial,BR-01,EMP-003,165.0,29.7,194.7,Invoiced
SO-002530,2025-07-31,CUST-022,Global Smart Solutions (P) Ltd,Contractor,BR-01,EMP-003,72294.4,13012.99,85307.39,Invoiced
SO-002531,2025-07-31,CUST-002,Kalaivani Hardware & Paints,Retailer / Trader,BR-01,EMP-002,210879.6,37958.33,248837.93,Invoiced
SO-002532,2025-07-31,CUST-005,Murugan Auto Garage & Works,Small Commercial,BR-01,EMP-002,385.8,69.44,455.24,Invoiced
SO-002533,2025-07-31,CUST-025,Brigade Vista Apartment Owners Assn,Residential / B2C,BR-02,EMP-006,1226.0,220.68,1446.68,Invoiced
SO-002534,2025-07-31,CUST-042,Velan Pump & Motor Spares Store,Retailer / Trader,BR-03,EMP-010,73870.8,13296.74,87167.54,Invoiced
SO-002535,2025-07-31,CUST-035,Gowda Electrical Repairs,Electrician,BR-02,EMP-007,1947.0,350.46,2297.46,Invoiced
SO-002536,2025-07-31,CUST-031,Nandini Milk Parlour & Mart,Small Commercial,BR-02,EMP-007,65.0,11.7,76.7,Invoiced
SO-002537,2025-07-31,CUST-006,Dr. Priya Sundaram (Home Clinic),Residential / B2C,BR-01,EMP-002,4745.0,854.1,5599.1,Invoiced
SO-002538,2025-08-01,CUST-048,Ramachandran (Individual House Owner),Residential / B2C,BR-03,EMP-010,2440.0,439.2,2879.2,Invoiced
SO-002539,2025-08-01,CUST-018,Lakshmi Vilas Sweets & Bakery,Small Commercial,BR-01,EMP-003,846.4,152.35,998.75,Invoiced
SO-002540,2025-08-01,CUST-045,Karthika Departmental Store,Small Commercial,BR-03,EMP-012,429.0,77.22,506.22,Invoiced
SO-002541,2025-08-01,CUST-022,Global Smart Solutions (P) Ltd,Contractor,BR-01,EMP-003,85655.6,15418.01,101073.61,Invoiced
SO-002542,2025-08-02,CUST-040,Sri Krishna Engineering College Hostel,Institution,BR-03,EMP-010,1050.0,189.0,1239.0,Invoiced
SO-002543,2025-08-02,CUST-048,Ramachandran (Individual House Owner),Residential / B2C,BR-03,EMP-009,360.0,64.8,424.8,Invoiced
SO-002544,2025-08-02,CUST-016,Royal Comfort Residency Hotel,Small Commercial,BR-01,EMP-002,405.0,72.9,477.9,Invoiced
SO-002545,2025-08-02,CUST-002,Kalaivani Hardware & Paints,Retailer / Trader,BR-01,EMP-003,115076.4,20713.75,135790.15,Invoiced
SO-002546,2025-08-02,CUST-033,Suresh Babu (Villa Construction),Residential / B2C,BR-02,EMP-007,1265.0,227.7,1492.7,Invoiced
SO-002547,2025-08-04,CUST-025,Brigade Vista Apartment Owners Assn,Residential / B2C,BR-02,EMP-006,2920.0,525.6,3445.6,Invoiced
SO-002548,2025-08-04,CUST-031,Nandini Milk Parlour & Mart,Small Commercial,BR-02,EMP-006,828.0,149.04,977.04,Invoiced
SO-002549,2025-08-04,CUST-030,Dr. Arvind Rao Dental Clinic,Small Commercial,BR-02,EMP-006,4500.0,810.0,5310.0,Invoiced
SO-002550,2025-08-05,CUST-004,Sri Ramakrishna Builders & Infra,Builder / Commercial,BR-01,EMP-003,173488.0,31227.84,204715.84,Invoiced
SO-002551,2025-08-05,CUST-001,Balaji Electrical Contractors,Contractor,BR-01,EMP-003,41546.0,7478.28,49024.28,Invoiced
SO-002552,2025-08-05,CUST-044,Mani Bros Electricals (Mani),Electrician,BR-03,EMP-012,3613.0,650.34,4263.34,Invoiced
SO-002553,2025-08-05,CUST-046,Annamalai Agro Processing Unit,Small Commercial,BR-03,EMP-012,480.0,86.4,566.4,Invoiced
SO-002554,2025-08-05,CUST-014,Siva Shankaran (Individual Home),Residential / B2C,BR-01,EMP-003,828.0,149.04,977.04,Invoiced
SO-002555,2025-08-05,CUST-010,Vels Vidyashram School Campus,Institution,BR-01,EMP-003,2195.0,395.1,2590.1,Invoiced
SO-002556,2025-08-05,CUST-027,InnoTech Coworking Hub,Small Commercial,BR-02,EMP-007,65.0,11.7,76.7,Invoiced
SO-002557,2025-08-06,CUST-023,Kalam Brothers Electrical Store,Retailer / Trader,BR-01,EMP-003,174196.0,31355.28,205551.28,Invoiced
SO-002558,2025-08-06,CUST-040,Sri Krishna Engineering College Hostel,Institution,BR-03,EMP-009,1385.0,249.3,1634.3,Invoiced
SO-002559,2025-08-06,CUST-037,Kovai Textile Mills Facility Team,Small Commercial,BR-03,EMP-012,552.0,99.36,651.36,Invoiced
SO-002560,2025-08-06,CUST-035,Gowda Electrical Repairs,Electrician,BR-02,EMP-006,4492.0,808.56,5300.56,Invoiced
SO-002561,2025-08-06,CUST-002,Kalaivani Hardware & Paints,Retailer / Trader,BR-01,EMP-003,123061.8,22151.12,145212.92,Invoiced
SO-002562,2025-08-06,CUST-041,Kongu Builders & Real Estate,Builder / Commercial,BR-03,EMP-010,63078.0,11354.04,74432.04,Invoiced
SO-002563,2025-08-07,CUST-032,Cauvery Engineering Contractors,Contractor,BR-02,EMP-006,78864.6,14195.63,93060.23,Invoiced
SO-002564,2025-08-07,CUST-034,Silicon Valley PG Hostel Chain,Institution,BR-02,EMP-006,4300.0,774.0,5074.0,Invoiced
SO-002565,2025-08-07,CUST-021,Mohammed Riyaz (Home Renovation),Residential / B2C,BR-01,EMP-003,1365.0,245.7,1610.7,Invoiced
SO-002566,2025-08-07,CUST-007,TechPark Facility Maintenance Team,Institution,BR-01,EMP-002,483.0,86.94,569.94,Invoiced
SO-002567,2025-08-08,CUST-034,Silicon Valley PG Hostel Chain,Institution,BR-02,EMP-006,2688.0,483.84,3171.84,Invoiced
SO-002568,2025-08-08,CUST-021,Mohammed Riyaz (Home Renovation),Residential / B2C,BR-01,EMP-003,3962.4,713.23,4675.63,Invoiced
SO-002569,2025-08-08,CUST-005,Murugan Auto Garage & Works,Small Commercial,BR-01,EMP-003,1222.4,220.03,1442.43,Invoiced
SO-002570,2025-08-09,CUST-008,Anbu Electricals (Anbazhagan),Electrician,BR-01,EMP-003,16675.0,3001.5,19676.5,Invoiced
SO-002571,2025-08-09,CUST-026,Manjunatha Electrical Works,Electrician,BR-02,EMP-007,2624.8,472.46,3097.26,Invoiced
SO-002572,2025-08-09,CUST-009,Devi Agency & Lighting Store,Retailer / Trader,BR-01,EMP-002,146949.4,26450.89,173400.29,Invoiced
SO-002573,2025-08-09,CUST-043,Sundaram Hospital Maintenance,Institution,BR-03,EMP-010,441.6,79.49,521.09,Invoiced
SO-002574,2025-08-11,CUST-046,Annamalai Agro Processing Unit,Small Commercial,BR-03,EMP-009,410.0,73.8,483.8,Invoiced
SO-002575,2025-08-11,CUST-027,InnoTech Coworking Hub,Small Commercial,BR-02,EMP-006,1282.4,230.83,1513.23,Invoiced
SO-002576,2025-08-11,CUST-028,Sri Venkateshwara Hardware & Electricals,Retailer / Trader,BR-02,EMP-007,215167.4,38730.13,253897.53,Invoiced
SO-002577,2025-08-12,CUST-036,Urban Spaces Interior Studio,Contractor,BR-02,EMP-006,68578.2,12344.08,80922.28,Invoiced
SO-002578,2025-08-12,CUST-002,Kalaivani Hardware & Paints,Retailer / Trader,BR-01,EMP-003,248270.0,44688.6,292958.6,Invoiced
SO-002579,2025-08-12,CUST-019,Poompuhar Handicrafts Store,Small Commercial,BR-01,EMP-003,2390.0,430.2,2820.2,Invoiced
SO-002580,2025-08-12,CUST-039,Rangasamy Electrician Workshop,Electrician,BR-03,EMP-009,4616.4,830.95,5447.35,Invoiced
SO-002581,2025-08-12,CUST-002,Kalaivani Hardware & Paints,Retailer / Trader,BR-01,EMP-002,178365.0,32105.7,210470.7,Invoiced
SO-002582,2025-08-12,CUST-004,Sri Ramakrishna Builders & Infra,Builder / Commercial,BR-01,EMP-003,102331.8,18419.72,120751.52,Invoiced
SO-002583,2025-08-12,CUST-039,Rangasamy Electrician Workshop,Electrician,BR-03,EMP-010,13148.0,2366.64,15514.64,Invoiced
SO-002584,2025-08-12,CUST-039,Rangasamy Electrician Workshop,Electrician,BR-03,EMP-010,3224.6,580.43,3805.03,Invoiced
SO-002585,2025-08-13,CUST-042,Velan Pump & Motor Spares Store,Retailer / Trader,BR-03,EMP-012,165275.0,29749.5,195024.5,Invoiced
SO-002586,2025-08-13,CUST-011,Victory Housing Projects Phase 2,Builder / Commercial,BR-01,EMP-003,37555.2,6759.94,44315.14,Invoiced
SO-002587,2025-08-13,CUST-030,Dr. Arvind Rao Dental Clinic,Small Commercial,BR-02,EMP-007,1317.4,237.13,1554.53,Invoiced
SO-002588,2025-08-13,CUST-042,Velan Pump & Motor Spares Store,Retailer / Trader,BR-03,EMP-010,49582.8,8924.9,58507.7,Invoiced
SO-002589,2025-08-13,CUST-004,Sri Ramakrishna Builders & Infra,Builder / Commercial,BR-01,EMP-003,195168.8,35130.38,230299.18,Invoiced
SO-002590,2025-08-14,CUST-029,Raghavendra Infrastructure Developers,Builder / Commercial,BR-02,EMP-007,234500.0,42210.0,276710.0,Invoiced
SO-002591,2025-08-14,CUST-014,Siva Shankaran (Individual Home),Residential / B2C,BR-01,EMP-002,45.0,8.1,53.1,Invoiced
SO-002592,2025-08-14,CUST-043,Sundaram Hospital Maintenance,Institution,BR-03,EMP-010,3450.0,621.0,4071.0,Invoiced
SO-002593,2025-08-14,CUST-002,Kalaivani Hardware & Paints,Retailer / Trader,BR-01,EMP-003,98349.0,17702.82,116051.82,Invoiced
SO-002594,2025-08-14,CUST-015,Srinivasan & Sons Contractor,Contractor,BR-01,EMP-002,116472.8,20965.1,137437.9,Invoiced
SO-002595,2025-08-15,CUST-023,Kalam Brothers Electrical Store,Retailer / Trader,BR-01,EMP-003,104148.0,18746.64,122894.64,Invoiced
SO-002596,2025-08-15,CUST-008,Anbu Electricals (Anbazhagan),Electrician,BR-01,EMP-002,33972.0,6114.96,40086.96,Invoiced
SO-002597,2025-08-15,CUST-005,Murugan Auto Garage & Works,Small Commercial,BR-01,EMP-003,3345.0,602.1,3947.1,Invoiced
SO-002598,2025-08-15,CUST-001,Balaji Electrical Contractors,Contractor,BR-01,EMP-002,24518.6,4413.35,28931.95,Invoiced
SO-002599,2025-08-15,CUST-027,InnoTech Coworking Hub,Small Commercial,BR-02,EMP-007,517.0,93.06,610.06,Invoiced
SO-002600,2025-08-15,CUST-001,Balaji Electrical Contractors,Contractor,BR-01,EMP-003,9874.0,1777.32,11651.32,Invoiced
SO-002601,2025-08-15,CUST-031,Nandini Milk Parlour & Mart,Small Commercial,BR-02,EMP-007,423.2,76.18,499.38,Invoiced
SO-002602,2025-08-16,CUST-010,Vels Vidyashram School Campus,Institution,BR-01,EMP-003,1100.0,198.0,1298.0,Invoiced
SO-002603,2025-08-16,CUST-030,Dr. Arvind Rao Dental Clinic,Small Commercial,BR-02,EMP-006,138.0,24.84,162.84,Invoiced
SO-002604,2025-08-16,CUST-019,Poompuhar Handicrafts Store,Small Commercial,BR-01,EMP-002,138.0,24.84,162.84,Invoiced
SO-002605,2025-08-16,CUST-031,Nandini Milk Parlour & Mart,Small Commercial,BR-02,EMP-007,202.4,36.43,238.83,Invoiced
SO-002606,2025-08-16,CUST-039,Rangasamy Electrician Workshop,Electrician,BR-03,EMP-010,10080.0,1814.4,11894.4,Invoiced
SO-002607,2025-08-16,CUST-044,Mani Bros Electricals (Mani),Electrician,BR-03,EMP-009,19064.8,3431.66,22496.46,Invoiced
SO-002608,2025-08-16,CUST-010,Vels Vidyashram School Campus,Institution,BR-01,EMP-002,165.0,29.7,194.7,Invoiced
SO-002609,2025-08-16,CUST-026,Manjunatha Electrical Works,Electrician,BR-02,EMP-006,26770.0,4818.6,31588.6,Invoiced
SO-002610,2025-08-18,CUST-025,Brigade Vista Apartment Owners Assn,Residential / B2C,BR-02,EMP-007,736.0,132.48,868.48,Invoiced
SO-002611,2025-08-18,CUST-026,Manjunatha Electrical Works,Electrician,BR-02,EMP-006,15765.0,2837.7,18602.7,Invoiced
SO-002612,2025-08-18,CUST-037,Kovai Textile Mills Facility Team,Small Commercial,BR-03,EMP-009,3540.0,637.2,4177.2,Invoiced
SO-002613,2025-08-18,CUST-002,Kalaivani Hardware & Paints,Retailer / Trader,BR-01,EMP-003,43178.0,7772.04,50950.04,Invoiced
SO-002614,2025-08-19,CUST-046,Annamalai Agro Processing Unit,Small Commercial,BR-03,EMP-009,2173.0,391.14,2564.14,Invoiced
SO-002615,2025-08-19,CUST-006,Dr. Priya Sundaram (Home Clinic),Residential / B2C,BR-01,EMP-003,425.0,76.5,501.5,Invoiced
SO-002616,2025-08-19,CUST-044,Mani Bros Electricals (Mani),Electrician,BR-03,EMP-010,3040.0,547.2,3587.2,Invoiced
SO-002617,2025-08-20,CUST-045,Karthika Departmental Store,Small Commercial,BR-03,EMP-009,3730.0,671.4,4401.4,Invoiced
SO-002618,2025-08-20,CUST-006,Dr. Priya Sundaram (Home Clinic),Residential / B2C,BR-01,EMP-003,291.0,52.38,343.38,Invoiced
SO-002619,2025-08-20,CUST-039,Rangasamy Electrician Workshop,Electrician,BR-03,EMP-010,29962.0,5393.16,35355.16,Invoiced
SO-002620,2025-08-20,CUST-005,Murugan Auto Garage & Works,Small Commercial,BR-01,EMP-002,492.2,88.6,580.8,Invoiced
SO-002621,2025-08-20,CUST-040,Sri Krishna Engineering College Hostel,Institution,BR-03,EMP-010,828.0,149.04,977.04,Invoiced
SO-002622,2025-08-21,CUST-006,Dr. Priya Sundaram (Home Clinic),Residential / B2C,BR-01,EMP-002,495.0,89.1,584.1,Invoiced
SO-002623,2025-08-21,CUST-021,Mohammed Riyaz (Home Renovation),Residential / B2C,BR-01,EMP-003,3430.0,617.4,4047.4,Invoiced
SO-002624,2025-08-21,CUST-007,TechPark Facility Maintenance Team,Institution,BR-01,EMP-002,2350.0,423.0,2773.0,Invoiced
SO-002625,2025-08-21,CUST-010,Vels Vidyashram School Campus,Institution,BR-01,EMP-002,2648.0,476.64,3124.64,Invoiced
SO-002626,2025-08-22,CUST-027,InnoTech Coworking Hub,Small Commercial,BR-02,EMP-006,5330.0,959.4,6289.4,Invoiced
SO-002627,2025-08-22,CUST-012,Karthik Residential Apartment Owner,Residential / B2C,BR-01,EMP-002,4715.0,848.7,5563.7,Invoiced
SO-002628,2025-08-22,CUST-048,Ramachandran (Individual House Owner),Residential / B2C,BR-03,EMP-012,264.0,47.52,311.52,Invoiced
SO-002629,2025-08-23,CUST-025,Brigade Vista Apartment Owners Assn,Residential / B2C,BR-02,EMP-007,165.0,29.7,194.7,Invoiced
SO-002630,2025-08-23,CUST-030,Dr. Arvind Rao Dental Clinic,Small Commercial,BR-02,EMP-006,391.0,70.38,461.38,Invoiced
SO-002631,2025-08-23,CUST-041,Kongu Builders & Real Estate,Builder / Commercial,BR-03,EMP-012,29895.4,5381.17,35276.57,Invoiced
SO-002632,2025-08-23,CUST-012,Karthik Residential Apartment Owner,Residential / B2C,BR-01,EMP-003,3351.0,603.18,3954.18,Invoiced
SO-002633,2025-08-25,CUST-014,Siva Shankaran (Individual Home),Residential / B2C,BR-01,EMP-002,2345.0,422.1,2767.1,Invoiced
SO-002634,2025-08-25,CUST-044,Mani Bros Electricals (Mani),Electrician,BR-03,EMP-012,11932.0,2147.76,14079.76,Invoiced
SO-002635,2025-08-25,CUST-043,Sundaram Hospital Maintenance,Institution,BR-03,EMP-009,4714.0,848.52,5562.52,Invoiced
SO-002636,2025-08-25,CUST-016,Royal Comfort Residency Hotel,Small Commercial,BR-01,EMP-003,1838.0,330.84,2168.84,Invoiced
SO-002637,2025-08-25,CUST-021,Mohammed Riyaz (Home Renovation),Residential / B2C,BR-01,EMP-002,495.0,89.1,584.1,Invoiced
SO-002638,2025-08-25,CUST-036,Urban Spaces Interior Studio,Contractor,BR-02,EMP-006,98800.0,17784.0,116584.0,Invoiced
SO-002639,2025-08-25,CUST-018,Lakshmi Vilas Sweets & Bakery,Small Commercial,BR-01,EMP-002,240.0,43.2,283.2,Invoiced
SO-002640,2025-08-25,CUST-012,Karthik Residential Apartment Owner,Residential / B2C,BR-01,EMP-002,645.0,116.1,761.1,Invoiced
SO-002641,2025-08-26,CUST-015,Srinivasan & Sons Contractor,Contractor,BR-01,EMP-002,93906.0,16903.08,110809.08,Invoiced
SO-002642,2025-08-26,CUST-011,Victory Housing Projects Phase 2,Builder / Commercial,BR-01,EMP-002,71018.0,12783.24,83801.24,Invoiced
SO-002643,2025-08-26,CUST-021,Mohammed Riyaz (Home Renovation),Residential / B2C,BR-01,EMP-002,2967.0,534.06,3501.06,Invoiced
SO-002644,2025-08-26,CUST-002,Kalaivani Hardware & Paints,Retailer / Trader,BR-01,EMP-002,242122.8,43582.1,285704.9,Invoiced
SO-002645,2025-08-26,CUST-043,Sundaram Hospital Maintenance,Institution,BR-03,EMP-009,1050.0,189.0,1239.0,Invoiced
SO-002646,2025-08-27,CUST-039,Rangasamy Electrician Workshop,Electrician,BR-03,EMP-012,2548.0,458.64,3006.64,Invoiced
SO-002647,2025-08-27,CUST-041,Kongu Builders & Real Estate,Builder / Commercial,BR-03,EMP-009,105592.6,19006.67,124599.27,Invoiced
SO-002648,2025-08-27,CUST-037,Kovai Textile Mills Facility Team,Small Commercial,BR-03,EMP-009,940.8,169.34,1110.14,Invoiced
SO-002649,2025-08-28,CUST-019,Poompuhar Handicrafts Store,Small Commercial,BR-01,EMP-002,480.0,86.4,566.4,Invoiced
SO-002650,2025-08-28,CUST-037,Kovai Textile Mills Facility Team,Small Commercial,BR-03,EMP-009,2200.0,396.0,2596.0,Invoiced
SO-002651,2025-08-28,CUST-002,Kalaivani Hardware & Paints,Retailer / Trader,BR-01,EMP-003,65154.4,11727.79,76882.19,Invoiced
SO-002652,2025-08-29,CUST-033,Suresh Babu (Villa Construction),Residential / B2C,BR-02,EMP-006,7815.0,1406.7,9221.7,Invoiced
SO-002653,2025-08-29,CUST-033,Suresh Babu (Villa Construction),Residential / B2C,BR-02,EMP-006,69.0,12.42,81.42,Invoiced
SO-002654,2025-08-29,CUST-007,TechPark Facility Maintenance Team,Institution,BR-01,EMP-002,5362.4,965.23,6327.63,Invoiced
SO-002655,2025-08-29,CUST-048,Ramachandran (Individual House Owner),Residential / B2C,BR-03,EMP-010,1475.0,265.5,1740.5,Invoiced
SO-002656,2025-08-30,CUST-042,Velan Pump & Motor Spares Store,Retailer / Trader,BR-03,EMP-012,74265.0,13367.7,87632.7,Invoiced
SO-002657,2025-08-30,CUST-002,Kalaivani Hardware & Paints,Retailer / Trader,BR-01,EMP-003,149494.8,26909.06,176403.86,Invoiced
SO-002658,2025-08-30,CUST-019,Poompuhar Handicrafts Store,Small Commercial,BR-01,EMP-002,2845.0,512.1,3357.1,Invoiced
SO-002659,2025-08-30,CUST-013,Metro Supermarket Tambaram,Small Commercial,BR-01,EMP-002,2215.0,398.7,2613.7,Invoiced
SO-002660,2025-08-30,CUST-011,Victory Housing Projects Phase 2,Builder / Commercial,BR-01,EMP-002,42748.8,7694.78,50443.58,Invoiced
SO-002661,2025-08-30,CUST-022,Global Smart Solutions (P) Ltd,Contractor,BR-01,EMP-002,13338.0,2400.84,15738.84,Invoiced
SO-002662,2025-09-01,CUST-002,Kalaivani Hardware & Paints,Retailer / Trader,BR-01,EMP-003,324460.4,58402.87,382863.27,Invoiced
SO-002663,2025-09-01,CUST-004,Sri Ramakrishna Builders & Infra,Builder / Commercial,BR-01,EMP-003,18771.6,3378.89,22150.49,Invoiced
SO-002664,2025-09-01,CUST-034,Silicon Valley PG Hostel Chain,Institution,BR-02,EMP-006,2118.0,381.24,2499.24,Invoiced
SO-002665,2025-09-02,CUST-013,Metro Supermarket Tambaram,Small Commercial,BR-01,EMP-002,130.0,23.4,153.4,Invoiced
SO-002666,2025-09-02,CUST-041,Kongu Builders & Real Estate,Builder / Commercial,BR-03,EMP-009,102157.0,18388.26,120545.26,Invoiced
SO-002667,2025-09-02,CUST-028,Sri Venkateshwara Hardware & Electricals,Retailer / Trader,BR-02,EMP-007,162452.2,29241.4,191693.6,Invoiced
SO-002668,2025-09-02,CUST-012,Karthik Residential Apartment Owner,Residential / B2C,BR-01,EMP-002,2556.0,460.08,3016.08,Invoiced
SO-002669,2025-09-02,CUST-015,Srinivasan & Sons Contractor,Contractor,BR-01,EMP-003,149139.0,26845.02,175984.02,Invoiced
SO-002670,2025-09-03,CUST-016,Royal Comfort Residency Hotel,Small Commercial,BR-01,EMP-002,2245.0,404.1,2649.1,Invoiced
SO-002671,2025-09-03,CUST-005,Murugan Auto Garage & Works,Small Commercial,BR-01,EMP-003,4700.0,846.0,5546.0,Invoiced
SO-002672,2025-09-03,CUST-028,Sri Venkateshwara Hardware & Electricals,Retailer / Trader,BR-02,EMP-007,170741.0,30733.38,201474.38,Invoiced
SO-002673,2025-09-03,CUST-029,Raghavendra Infrastructure Developers,Builder / Commercial,BR-02,EMP-006,20976.6,3775.79,24752.39,Invoiced
SO-002674,2025-09-04,CUST-034,Silicon Valley PG Hostel Chain,Institution,BR-02,EMP-006,4446.2,800.32,5246.52,Invoiced
SO-002675,2025-09-04,CUST-003,Saravana Electric Works (Govindaraj),Electrician,BR-01,EMP-002,7640.0,1375.2,9015.2,Invoiced
SO-002676,2025-09-04,CUST-001,Balaji Electrical Contractors,Contractor,BR-01,EMP-002,31797.6,5723.57,37521.17,Invoiced
SO-002677,2025-09-05,CUST-041,Kongu Builders & Real Estate,Builder / Commercial,BR-03,EMP-010,93724.8,16870.46,110595.26,Invoiced
SO-002678,2025-09-05,CUST-016,Royal Comfort Residency Hotel,Small Commercial,BR-01,EMP-003,7267.0,1308.06,8575.06,Invoiced
SO-002679,2025-09-05,CUST-045,Karthika Departmental Store,Small Commercial,BR-03,EMP-009,2702.0,486.36,3188.36,Invoiced
SO-002680,2025-09-05,CUST-027,InnoTech Coworking Hub,Small Commercial,BR-02,EMP-006,1323.0,238.14,1561.14,Invoiced
SO-002681,2025-09-06,CUST-029,Raghavendra Infrastructure Developers,Builder / Commercial,BR-02,EMP-006,148723.6,26770.25,175493.85,Invoiced
SO-002682,2025-09-06,CUST-004,Sri Ramakrishna Builders & Infra,Builder / Commercial,BR-01,EMP-002,151497.6,27269.57,178767.17,Invoiced
SO-002683,2025-09-06,CUST-036,Urban Spaces Interior Studio,Contractor,BR-02,EMP-007,71284.0,12831.12,84115.12,Invoiced
SO-002684,2025-09-06,CUST-046,Annamalai Agro Processing Unit,Small Commercial,BR-03,EMP-012,195.0,35.1,230.1,Invoiced
SO-002685,2025-09-08,CUST-009,Devi Agency & Lighting Store,Retailer / Trader,BR-01,EMP-003,158739.0,28573.02,187312.02,Invoiced
SO-002686,2025-09-08,CUST-018,Lakshmi Vilas Sweets & Bakery,Small Commercial,BR-01,EMP-003,698.0,125.64,823.64,Invoiced
SO-002687,2025-09-08,CUST-010,Vels Vidyashram School Campus,Institution,BR-01,EMP-002,720.0,129.6,849.6,Invoiced
SO-002688,2025-09-08,CUST-027,InnoTech Coworking Hub,Small Commercial,BR-02,EMP-007,840.0,151.2,991.2,Invoiced
SO-002689,2025-09-08,CUST-006,Dr. Priya Sundaram (Home Clinic),Residential / B2C,BR-01,EMP-003,7805.0,1404.9,9209.9,Invoiced
SO-002690,2025-09-08,CUST-008,Anbu Electricals (Anbazhagan),Electrician,BR-01,EMP-003,1530.0,275.4,1805.4,Invoiced
SO-002691,2025-09-08,CUST-040,Sri Krishna Engineering College Hostel,Institution,BR-03,EMP-010,863.6,155.45,1019.05,Invoiced
SO-002692,2025-09-09,CUST-010,Vels Vidyashram School Campus,Institution,BR-01,EMP-002,2721.0,489.78,3210.78,Invoiced
SO-002693,2025-09-09,CUST-037,Kovai Textile Mills Facility Team,Small Commercial,BR-03,EMP-010,537.0,96.66,633.66,Invoiced
SO-002694,2025-09-09,CUST-026,Manjunatha Electrical Works,Electrician,BR-02,EMP-007,3120.0,561.6,3681.6,Invoiced
SO-002695,2025-09-09,CUST-045,Karthika Departmental Store,Small Commercial,BR-03,EMP-010,1080.0,194.4,1274.4,Invoiced
SO-002696,2025-09-09,CUST-002,Kalaivani Hardware & Paints,Retailer / Trader,BR-01,EMP-003,68095.4,12257.17,80352.57,Invoiced
SO-002697,2025-09-09,CUST-034,Silicon Valley PG Hostel Chain,Institution,BR-02,EMP-006,7267.4,1308.13,8575.53,Invoiced
SO-002698,2025-09-09,CUST-037,Kovai Textile Mills Facility Team,Small Commercial,BR-03,EMP-009,45.0,8.1,53.1,Invoiced
SO-002699,2025-09-09,CUST-005,Murugan Auto Garage & Works,Small Commercial,BR-01,EMP-003,1682.0,302.76,1984.76,Invoiced
SO-002700,2025-09-10,CUST-029,Raghavendra Infrastructure Developers,Builder / Commercial,BR-02,EMP-006,4924.6,886.43,5811.03,Invoiced
SO-002701,2025-09-10,CUST-047,Kovai Elite Residency Hotel,Small Commercial,BR-03,EMP-010,4300.0,774.0,5074.0,Invoiced
SO-002702,2025-09-10,CUST-029,Raghavendra Infrastructure Developers,Builder / Commercial,BR-02,EMP-006,211262.2,38027.2,249289.4,Invoiced
SO-002703,2025-09-10,CUST-018,Lakshmi Vilas Sweets & Bakery,Small Commercial,BR-01,EMP-003,1410.0,253.8,1663.8,Invoiced
SO-002704,2025-09-11,CUST-048,Ramachandran (Individual House Owner),Residential / B2C,BR-03,EMP-010,4702.4,846.43,5548.83,Invoiced
SO-002705,2025-09-11,CUST-030,Dr. Arvind Rao Dental Clinic,Small Commercial,BR-02,EMP-007,15.0,2.7,17.7,Invoiced
SO-002706,2025-09-11,CUST-022,Global Smart Solutions (P) Ltd,Contractor,BR-01,EMP-003,95556.4,17200.15,112756.55,Invoiced
SO-002707,2025-09-12,CUST-036,Urban Spaces Interior Studio,Contractor,BR-02,EMP-006,30508.0,5491.44,35999.44,Invoiced
SO-002708,2025-09-12,CUST-044,Mani Bros Electricals (Mani),Electrician,BR-03,EMP-010,17640.0,3175.2,20815.2,Invoiced
SO-002709,2025-09-12,CUST-031,Nandini Milk Parlour & Mart,Small Commercial,BR-02,EMP-007,881.0,158.58,1039.58,Invoiced
SO-002710,2025-09-12,CUST-048,Ramachandran (Individual House Owner),Residential / B2C,BR-03,EMP-010,2776.0,499.68,3275.68,Invoiced
SO-002711,2025-09-13,CUST-010,Vels Vidyashram School Campus,Institution,BR-01,EMP-003,2157.0,388.26,2545.26,Invoiced
SO-002712,2025-09-13,CUST-015,Srinivasan & Sons Contractor,Contractor,BR-01,EMP-003,88858.0,15994.44,104852.44,Invoiced
SO-002713,2025-09-13,CUST-011,Victory Housing Projects Phase 2,Builder / Commercial,BR-01,EMP-003,120597.0,21707.46,142304.46,Invoiced
SO-002714,2025-09-13,CUST-021,Mohammed Riyaz (Home Renovation),Residential / B2C,BR-01,EMP-003,3450.0,621.0,4071.0,Invoiced
SO-002715,2025-09-15,CUST-002,Kalaivani Hardware & Paints,Retailer / Trader,BR-01,EMP-002,68448.0,12320.64,80768.64,Invoiced
SO-002716,2025-09-15,CUST-001,Balaji Electrical Contractors,Contractor,BR-01,EMP-003,78949.2,14210.86,93160.06,Invoiced
SO-002717,2025-09-15,CUST-043,Sundaram Hospital Maintenance,Institution,BR-03,EMP-010,3300.0,594.0,3894.0,Invoiced
SO-002718,2025-09-15,CUST-046,Annamalai Agro Processing Unit,Small Commercial,BR-03,EMP-010,4720.8,849.74,5570.54,Invoiced
SO-002719,2025-09-16,CUST-006,Dr. Priya Sundaram (Home Clinic),Residential / B2C,BR-01,EMP-003,330.0,59.4,389.4,Invoiced
SO-002720,2025-09-16,CUST-005,Murugan Auto Garage & Works,Small Commercial,BR-01,EMP-003,2150.0,387.0,2537.0,Invoiced
SO-002721,2025-09-16,CUST-040,Sri Krishna Engineering College Hostel,Institution,BR-03,EMP-010,495.0,89.1,584.1,Invoiced
SO-002722,2025-09-16,CUST-027,InnoTech Coworking Hub,Small Commercial,BR-02,EMP-006,3392.0,610.56,4002.56,Invoiced
SO-002723,2025-09-16,CUST-010,Vels Vidyashram School Campus,Institution,BR-01,EMP-003,1169.0,210.42,1379.42,Invoiced
SO-002724,2025-09-16,CUST-002,Kalaivani Hardware & Paints,Retailer / Trader,BR-01,EMP-003,60341.0,10861.38,71202.38,Invoiced
SO-002725,2025-09-16,CUST-016,Royal Comfort Residency Hotel,Small Commercial,BR-01,EMP-002,3390.0,610.2,4000.2,Invoiced
SO-002726,2025-09-17,CUST-002,Kalaivani Hardware & Paints,Retailer / Trader,BR-01,EMP-002,187659.2,33778.66,221437.86,Invoiced
SO-002727,2025-09-17,CUST-041,Kongu Builders & Real Estate,Builder / Commercial,BR-03,EMP-012,64433.2,11597.98,76031.18,Invoiced
SO-002728,2025-09-17,CUST-034,Silicon Valley PG Hostel Chain,Institution,BR-02,EMP-006,2403.6,432.65,2836.25,Invoiced
SO-002729,2025-09-18,CUST-041,Kongu Builders & Real Estate,Builder / Commercial,BR-03,EMP-012,76187.6,13713.77,89901.37,Invoiced
SO-002730,2025-09-18,CUST-001,Balaji Electrical Contractors,Contractor,BR-01,EMP-002,9579.6,1724.33,11303.93,Invoiced
SO-002731,2025-09-18,CUST-027,InnoTech Coworking Hub,Small Commercial,BR-02,EMP-006,562.0,101.16,663.16,Invoiced
SO-002732,2025-09-19,CUST-041,Kongu Builders & Real Estate,Builder / Commercial,BR-03,EMP-009,120480.8,21686.54,142167.34,Invoiced
SO-002733,2025-09-19,CUST-020,Selvam Electrician Services,Electrician,BR-01,EMP-003,2521.6,453.89,2975.49,Invoiced
SO-002734,2025-09-19,CUST-008,Anbu Electricals (Anbazhagan),Electrician,BR-01,EMP-002,2264.8,407.66,2672.46,Invoiced
SO-002735,2025-09-20,CUST-030,Dr. Arvind Rao Dental Clinic,Small Commercial,BR-02,EMP-007,3395.0,611.1,4006.1,Invoiced
SO-002736,2025-09-20,CUST-002,Kalaivani Hardware & Paints,Retailer / Trader,BR-01,EMP-002,155688.0,28023.84,183711.84,Invoiced
SO-002737,2025-09-20,CUST-014,Siva Shankaran (Individual Home),Residential / B2C,BR-01,EMP-003,138.0,24.84,162.84,Invoiced
SO-002738,2025-09-20,CUST-013,Metro Supermarket Tambaram,Small Commercial,BR-01,EMP-002,1907.0,343.26,2250.26,Invoiced
SO-002739,2025-09-20,CUST-017,Apex Manufacturing Solutions,Small Commercial,BR-01,EMP-003,7250.0,1305.0,8555.0,Invoiced
SO-002740,2025-09-22,CUST-017,Apex Manufacturing Solutions,Small Commercial,BR-01,EMP-002,287.0,51.66,338.66,Invoiced
SO-002741,2025-09-22,CUST-044,Mani Bros Electricals (Mani),Electrician,BR-03,EMP-012,6904.4,1242.79,8147.19,Invoiced
SO-002742,2025-09-22,CUST-009,Devi Agency & Lighting Store,Retailer / Trader,BR-01,EMP-002,181914.0,32744.52,214658.52,Invoiced
SO-002743,2025-09-22,CUST-048,Ramachandran (Individual House Owner),Residential / B2C,BR-03,EMP-010,3891.6,700.49,4592.09,Invoiced
SO-002744,2025-09-22,CUST-020,Selvam Electrician Services,Electrician,BR-01,EMP-003,14002.0,2520.36,16522.36,Invoiced
SO-002745,2025-09-22,CUST-037,Kovai Textile Mills Facility Team,Small Commercial,BR-03,EMP-009,1203.0,216.54,1419.54,Invoiced
SO-002746,2025-09-22,CUST-047,Kovai Elite Residency Hotel,Small Commercial,BR-03,EMP-012,4700.0,846.0,5546.0,Invoiced
SO-002747,2025-09-22,CUST-041,Kongu Builders & Real Estate,Builder / Commercial,BR-03,EMP-010,36872.4,6637.03,43509.43,Invoiced
SO-002748,2025-09-23,CUST-006,Dr. Priya Sundaram (Home Clinic),Residential / B2C,BR-01,EMP-002,1145.0,206.1,1351.1,Invoiced
SO-002749,2025-09-23,CUST-037,Kovai Textile Mills Facility Team,Small Commercial,BR-03,EMP-010,5168.6,930.35,6098.95,Invoiced
SO-002750,2025-09-23,CUST-045,Karthika Departmental Store,Small Commercial,BR-03,EMP-010,4185.0,753.3,4938.3,Invoiced
SO-002751,2025-09-23,CUST-045,Karthika Departmental Store,Small Commercial,BR-03,EMP-009,571.6,102.89,674.49,Invoiced
SO-002752,2025-09-23,CUST-035,Gowda Electrical Repairs,Electrician,BR-02,EMP-006,20802.0,3744.36,24546.36,Invoiced
SO-002753,2025-09-23,CUST-041,Kongu Builders & Real Estate,Builder / Commercial,BR-03,EMP-009,128568.8,23142.38,151711.18,Invoiced
SO-002754,2025-09-23,CUST-012,Karthik Residential Apartment Owner,Residential / B2C,BR-01,EMP-003,827.4,148.93,976.33,Invoiced
SO-002755,2025-09-24,CUST-012,Karthik Residential Apartment Owner,Residential / B2C,BR-01,EMP-002,480.0,86.4,566.4,Invoiced
SO-002756,2025-09-24,CUST-016,Royal Comfort Residency Hotel,Small Commercial,BR-01,EMP-003,4278.0,770.04,5048.04,Invoiced
SO-002757,2025-09-24,CUST-046,Annamalai Agro Processing Unit,Small Commercial,BR-03,EMP-010,3232.4,581.83,3814.23,Invoiced
SO-002758,2025-09-24,CUST-003,Saravana Electric Works (Govindaraj),Electrician,BR-01,EMP-002,18955.0,3411.9,22366.9,Invoiced
SO-002759,2025-09-24,CUST-016,Royal Comfort Residency Hotel,Small Commercial,BR-01,EMP-003,1161.6,209.09,1370.69,Invoiced
SO-002760,2025-09-24,CUST-007,TechPark Facility Maintenance Team,Institution,BR-01,EMP-002,3345.0,602.1,3947.1,Invoiced
SO-002761,2025-09-25,CUST-025,Brigade Vista Apartment Owners Assn,Residential / B2C,BR-02,EMP-006,2207.4,397.33,2604.73,Invoiced
SO-002762,2025-09-25,CUST-002,Kalaivani Hardware & Paints,Retailer / Trader,BR-01,EMP-002,96108.8,17299.58,113408.38,Invoiced
SO-002763,2025-09-25,CUST-034,Silicon Valley PG Hostel Chain,Institution,BR-02,EMP-007,280.0,50.4,330.4,Invoiced
SO-002764,2025-09-25,CUST-008,Anbu Electricals (Anbazhagan),Electrician,BR-01,EMP-002,1065.0,191.7,1256.7,Invoiced
SO-002765,2025-09-25,CUST-042,Velan Pump & Motor Spares Store,Retailer / Trader,BR-03,EMP-010,49190.6,8854.31,58044.91,Invoiced
SO-002766,2025-09-26,CUST-005,Murugan Auto Garage & Works,Small Commercial,BR-01,EMP-002,456.6,82.19,538.79,Invoiced
SO-002767,2025-09-26,CUST-011,Victory Housing Projects Phase 2,Builder / Commercial,BR-01,EMP-002,123540.0,22237.2,145777.2,Invoiced
SO-002768,2025-09-26,CUST-034,Silicon Valley PG Hostel Chain,Institution,BR-02,EMP-006,2590.0,466.2,3056.2,Invoiced
SO-002769,2025-09-26,CUST-036,Urban Spaces Interior Studio,Contractor,BR-02,EMP-006,40835.0,7350.3,48185.3,Invoiced
SO-002770,2025-09-26,CUST-047,Kovai Elite Residency Hotel,Small Commercial,BR-03,EMP-009,5021.6,903.89,5925.49,Invoiced
SO-002771,2025-09-26,CUST-031,Nandini Milk Parlour & Mart,Small Commercial,BR-02,EMP-006,2453.6,441.65,2895.25,Invoiced
SO-002772,2025-09-27,CUST-023,Kalam Brothers Electrical Store,Retailer / Trader,BR-01,EMP-002,73022.4,13144.03,86166.43,Invoiced
SO-002773,2025-09-27,CUST-045,Karthika Departmental Store,Small Commercial,BR-03,EMP-012,402.0,72.36,474.36,Invoiced
SO-002774,2025-09-27,CUST-039,Rangasamy Electrician Workshop,Electrician,BR-03,EMP-012,3422.4,616.03,4038.43,Invoiced
SO-002775,2025-09-27,CUST-042,Velan Pump & Motor Spares Store,Retailer / Trader,BR-03,EMP-010,309688.0,55743.84,365431.84,Invoiced
SO-002776,2025-09-27,CUST-031,Nandini Milk Parlour & Mart,Small Commercial,BR-02,EMP-007,1450.0,261.0,1711.0,Invoiced
SO-002777,2025-09-27,CUST-025,Brigade Vista Apartment Owners Assn,Residential / B2C,BR-02,EMP-006,303.6,54.65,358.25,Invoiced
SO-002778,2025-09-29,CUST-023,Kalam Brothers Electrical Store,Retailer / Trader,BR-01,EMP-002,80482.0,14486.76,94968.76,Invoiced
SO-002779,2025-09-29,CUST-028,Sri Venkateshwara Hardware & Electricals,Retailer / Trader,BR-02,EMP-006,81790.0,14722.2,96512.2,Invoiced
SO-002780,2025-09-29,CUST-029,Raghavendra Infrastructure Developers,Builder / Commercial,BR-02,EMP-007,161428.0,29057.04,190485.04,Invoiced
SO-002781,2025-09-29,CUST-042,Velan Pump & Motor Spares Store,Retailer / Trader,BR-03,EMP-012,34281.0,6170.58,40451.58,Invoiced
SO-002782,2025-09-29,CUST-034,Silicon Valley PG Hostel Chain,Institution,BR-02,EMP-006,850.0,153.0,1003.0,Invoiced
SO-002783,2025-09-29,CUST-025,Brigade Vista Apartment Owners Assn,Residential / B2C,BR-02,EMP-006,3465.0,623.7,4088.7,Invoiced
SO-002784,2025-09-30,CUST-041,Kongu Builders & Real Estate,Builder / Commercial,BR-03,EMP-009,91248.0,16424.64,107672.64,Invoiced
SO-002785,2025-09-30,CUST-004,Sri Ramakrishna Builders & Infra,Builder / Commercial,BR-01,EMP-003,201781.4,36320.65,238102.05,Invoiced
SO-002786,2025-09-30,CUST-041,Kongu Builders & Real Estate,Builder / Commercial,BR-03,EMP-009,166234.0,29922.12,196156.12,Invoiced
SO-002787,2025-09-30,CUST-016,Royal Comfort Residency Hotel,Small Commercial,BR-01,EMP-002,4112.4,740.23,4852.63,Invoiced
SO-002788,2025-10-01,CUST-009,Devi Agency & Lighting Store,Retailer / Trader,BR-01,EMP-002,248081.4,44654.65,292736.05,Invoiced
SO-002789,2025-10-01,CUST-018,Lakshmi Vilas Sweets & Bakery,Small Commercial,BR-01,EMP-003,1700.0,306.0,2006.0,Invoiced
SO-002790,2025-10-01,CUST-047,Kovai Elite Residency Hotel,Small Commercial,BR-03,EMP-010,4660.0,838.8,5498.8,Invoiced
SO-002791,2025-10-01,CUST-047,Kovai Elite Residency Hotel,Small Commercial,BR-03,EMP-012,4300.0,774.0,5074.0,Invoiced
SO-002792,2025-10-01,CUST-047,Kovai Elite Residency Hotel,Small Commercial,BR-03,EMP-009,6444.0,1159.92,7603.92,Invoiced
SO-002793,2025-10-01,CUST-021,Mohammed Riyaz (Home Renovation),Residential / B2C,BR-01,EMP-002,3519.0,633.42,4152.42,Invoiced
SO-002794,2025-10-01,CUST-001,Balaji Electrical Contractors,Contractor,BR-01,EMP-003,152307.6,27415.37,179722.97,Invoiced
SO-002795,2025-10-02,CUST-036,Urban Spaces Interior Studio,Contractor,BR-02,EMP-006,300326.0,54058.68,354384.68,Invoiced
SO-002796,2025-10-02,CUST-025,Brigade Vista Apartment Owners Assn,Residential / B2C,BR-02,EMP-007,3450.0,621.0,4071.0,Invoiced
SO-002797,2025-10-02,CUST-044,Mani Bros Electricals (Mani),Electrician,BR-03,EMP-010,25601.0,4608.18,30209.18,Invoiced
SO-002798,2025-10-02,CUST-012,Karthik Residential Apartment Owner,Residential / B2C,BR-01,EMP-002,2150.0,387.0,2537.0,Invoiced
SO-002799,2025-10-03,CUST-031,Nandini Milk Parlour & Mart,Small Commercial,BR-02,EMP-006,2200.0,396.0,2596.0,Invoiced
SO-002800,2025-10-03,CUST-006,Dr. Priya Sundaram (Home Clinic),Residential / B2C,BR-01,EMP-003,5961.0,1072.98,7033.98,Invoiced
SO-002801,2025-10-03,CUST-010,Vels Vidyashram School Campus,Institution,BR-01,EMP-003,1120.0,201.6,1321.6,Invoiced
SO-002802,2025-10-03,CUST-010,Vels Vidyashram School Campus,Institution,BR-01,EMP-002,3450.0,621.0,4071.0,Invoiced
SO-002803,2025-10-03,CUST-039,Rangasamy Electrician Workshop,Electrician,BR-03,EMP-010,37430.0,6737.4,44167.4,Invoiced
SO-002804,2025-10-03,CUST-039,Rangasamy Electrician Workshop,Electrician,BR-03,EMP-012,13494.0,2428.92,15922.92,Invoiced
SO-002805,2025-10-03,CUST-035,Gowda Electrical Repairs,Electrician,BR-02,EMP-006,16315.0,2936.7,19251.7,Invoiced
SO-002806,2025-10-04,CUST-047,Kovai Elite Residency Hotel,Small Commercial,BR-03,EMP-010,435.0,78.3,513.3,Invoiced
SO-002807,2025-10-04,CUST-019,Poompuhar Handicrafts Store,Small Commercial,BR-01,EMP-002,495.0,89.1,584.1,Invoiced
SO-002808,2025-10-04,CUST-011,Victory Housing Projects Phase 2,Builder / Commercial,BR-01,EMP-003,91628.0,16493.04,108121.04,Invoiced
SO-002809,2025-10-06,CUST-020,Selvam Electrician Services,Electrician,BR-01,EMP-002,3112.0,560.16,3672.16,Invoiced
SO-002810,2025-10-06,CUST-042,Velan Pump & Motor Spares Store,Retailer / Trader,BR-03,EMP-010,274102.0,49338.36,323440.36,Invoiced
SO-002811,2025-10-06,CUST-029,Raghavendra Infrastructure Developers,Builder / Commercial,BR-02,EMP-007,272392.4,49030.63,321423.03,Invoiced
SO-002812,2025-10-06,CUST-027,InnoTech Coworking Hub,Small Commercial,BR-02,EMP-007,195.0,35.1,230.1,Invoiced
SO-002813,2025-10-06,CUST-040,Sri Krishna Engineering College Hostel,Institution,BR-03,EMP-009,4300.0,774.0,5074.0,Invoiced
SO-002814,2025-10-07,CUST-041,Kongu Builders & Real Estate,Builder / Commercial,BR-03,EMP-012,49620.6,8931.71,58552.31,Invoiced
SO-002815,2025-10-07,CUST-004,Sri Ramakrishna Builders & Infra,Builder / Commercial,BR-01,EMP-003,91664.4,16499.59,108163.99,Invoiced
SO-002816,2025-10-07,CUST-041,Kongu Builders & Real Estate,Builder / Commercial,BR-03,EMP-009,77996.0,14039.28,92035.28,Invoiced
SO-002817,2025-10-07,CUST-042,Velan Pump & Motor Spares Store,Retailer / Trader,BR-03,EMP-010,203479.0,36626.22,240105.22,Invoiced
SO-002818,2025-10-07,CUST-041,Kongu Builders & Real Estate,Builder / Commercial,BR-03,EMP-009,43880.8,7898.54,51779.34,Invoiced
SO-002819,2025-10-07,CUST-041,Kongu Builders & Real Estate,Builder / Commercial,BR-03,EMP-010,38078.4,6854.11,44932.51,Invoiced
SO-002820,2025-10-07,CUST-019,Poompuhar Handicrafts Store,Small Commercial,BR-01,EMP-002,1810.0,325.8,2135.8,Invoiced
SO-002821,2025-10-08,CUST-014,Siva Shankaran (Individual Home),Residential / B2C,BR-01,EMP-003,4700.0,846.0,5546.0,Invoiced
SO-002822,2025-10-08,CUST-003,Saravana Electric Works (Govindaraj),Electrician,BR-01,EMP-003,3743.0,673.74,4416.74,Invoiced
SO-002823,2025-10-08,CUST-008,Anbu Electricals (Anbazhagan),Electrician,BR-01,EMP-003,8223.0,1480.14,9703.14,Invoiced
SO-002824,2025-10-09,CUST-040,Sri Krishna Engineering College Hostel,Institution,BR-03,EMP-009,2150.0,387.0,2537.0,Invoiced
SO-002825,2025-10-09,CUST-023,Kalam Brothers Electrical Store,Retailer / Trader,BR-01,EMP-003,64730.0,11651.4,76381.4,Invoiced
SO-002826,2025-10-09,CUST-028,Sri Venkateshwara Hardware & Electricals,Retailer / Trader,BR-02,EMP-006,93976.0,16915.68,110891.68,Invoiced
SO-002827,2025-10-09,CUST-039,Rangasamy Electrician Workshop,Electrician,BR-03,EMP-012,5850.0,1053.0,6903.0,Invoiced
SO-002828,2025-10-09,CUST-022,Global Smart Solutions (P) Ltd,Contractor,BR-01,EMP-003,181226.0,32620.68,213846.68,Invoiced
SO-002829,2025-10-10,CUST-013,Metro Supermarket Tambaram,Small Commercial,BR-01,EMP-003,130.0,23.4,153.4,Invoiced
SO-002830,2025-10-10,CUST-033,Suresh Babu (Villa Construction),Residential / B2C,BR-02,EMP-007,5818.0,1047.24,6865.24,Invoiced
SO-002831,2025-10-10,CUST-045,Karthika Departmental Store,Small Commercial,BR-03,EMP-009,2992.0,538.56,3530.56,Invoiced
SO-002832,2025-10-10,CUST-030,Dr. Arvind Rao Dental Clinic,Small Commercial,BR-02,EMP-007,2752.64,495.47,3248.11,Invoiced
SO-002833,2025-10-10,CUST-046,Annamalai Agro Processing Unit,Small Commercial,BR-03,EMP-009,367.84,66.21,434.05,Invoiced
SO-002834,2025-10-11,CUST-002,Kalaivani Hardware & Paints,Retailer / Trader,BR-01,EMP-002,74170.54,13350.7,87521.24,Invoiced
SO-002835,2025-10-11,CUST-026,Manjunatha Electrical Works,Electrician,BR-02,EMP-006,8297.44,1493.54,9790.98,Invoiced
SO-002836,2025-10-11,CUST-012,Karthik Residential Apartment Owner,Residential / B2C,BR-01,EMP-003,508.12,91.46,599.58,Invoiced
SO-002837,2025-10-13,CUST-006,Dr. Priya Sundaram (Home Clinic),Residential / B2C,BR-01,EMP-002,5583.6,1005.05,6588.65,Invoiced
SO-002838,2025-10-13,CUST-034,Silicon Valley PG Hostel Chain,Institution,BR-02,EMP-007,1028.72,185.17,1213.89,Invoiced
SO-002839,2025-10-13,CUST-045,Karthika Departmental Store,Small Commercial,BR-03,EMP-009,3105.32,558.96,3664.28,Invoiced
SO-002840,2025-10-13,CUST-007,TechPark Facility Maintenance Team,Institution,BR-01,EMP-002,4745.0,854.1,5599.1,Invoiced
SO-002841,2025-10-13,CUST-032,Cauvery Engineering Contractors,Contractor,BR-02,EMP-006,99623.0,17932.14,117555.14,Invoiced
SO-002842,2025-10-13,CUST-030,Dr. Arvind Rao Dental Clinic,Small Commercial,BR-02,EMP-006,615.3,110.75,726.05,Invoiced
SO-002843,2025-10-14,CUST-007,TechPark Facility Maintenance Team,Institution,BR-01,EMP-003,572.88,103.12,676.0,Invoiced
SO-002844,2025-10-14,CUST-039,Rangasamy Electrician Workshop,Electrician,BR-03,EMP-012,8199.0,1475.82,9674.82,Invoiced
SO-002845,2025-10-14,CUST-045,Karthika Departmental Store,Small Commercial,BR-03,EMP-010,429.32,77.28,506.6,Invoiced
SO-002846,2025-10-14,CUST-042,Velan Pump & Motor Spares Store,Retailer / Trader,BR-03,EMP-010,114005.42,20520.97,134526.39,Invoiced
SO-002847,2025-10-14,CUST-026,Manjunatha Electrical Works,Electrician,BR-02,EMP-006,56184.0,10113.12,66297.12,Invoiced
SO-002848,2025-10-15,CUST-030,Dr. Arvind Rao Dental Clinic,Small Commercial,BR-02,EMP-006,6457.0,1162.26,7619.26,Invoiced
SO-002849,2025-10-15,CUST-012,Karthik Residential Apartment Owner,Residential / B2C,BR-01,EMP-003,758.12,136.46,894.58,Invoiced
SO-002850,2025-10-15,CUST-022,Global Smart Solutions (P) Ltd,Contractor,BR-01,EMP-002,40412.0,7274.16,47686.16,Invoiced
SO-002851,2025-10-15,CUST-033,Suresh Babu (Villa Construction),Residential / B2C,BR-02,EMP-007,4976.4,895.75,5872.15,Invoiced
SO-002852,2025-10-15,CUST-036,Urban Spaces Interior Studio,Contractor,BR-02,EMP-007,122316.0,22016.88,144332.88,Invoiced
SO-002853,2025-10-15,CUST-002,Kalaivani Hardware & Paints,Retailer / Trader,BR-01,EMP-002,126363.76,22745.47,149109.23,Invoiced
SO-002854,2025-10-15,CUST-039,Rangasamy Electrician Workshop,Electrician,BR-03,EMP-012,13846.84,2492.43,16339.27,Invoiced
SO-002855,2025-10-16,CUST-048,Ramachandran (Individual House Owner),Residential / B2C,BR-03,EMP-009,6650.0,1197.0,7847.0,Invoiced
SO-002856,2025-10-16,CUST-032,Cauvery Engineering Contractors,Contractor,BR-02,EMP-006,107776.5,19399.77,127176.27,Invoiced
SO-002857,2025-10-16,CUST-022,Global Smart Solutions (P) Ltd,Contractor,BR-01,EMP-003,9427.9,1697.02,11124.92,Invoiced
SO-002858,2025-10-16,CUST-006,Dr. Priya Sundaram (Home Clinic),Residential / B2C,BR-01,EMP-002,631.72,113.71,745.43,Invoiced
SO-002859,2025-10-16,CUST-028,Sri Venkateshwara Hardware & Electricals,Retailer / Trader,BR-02,EMP-007,43185.64,7773.42,50959.06,Invoiced
SO-002860,2025-10-16,CUST-026,Manjunatha Electrical Works,Electrician,BR-02,EMP-006,3278.56,590.14,3868.7,Invoiced
SO-002861,2025-10-16,CUST-044,Mani Bros Electricals (Mani),Electrician,BR-03,EMP-010,43462.0,7823.16,51285.16,Invoiced
SO-002862,2025-10-16,CUST-017,Apex Manufacturing Solutions,Small Commercial,BR-01,EMP-003,364.32,65.58,429.9,Invoiced
SO-002863,2025-10-17,CUST-028,Sri Venkateshwara Hardware & Electricals,Retailer / Trader,BR-02,EMP-007,215807.8,38845.4,254653.2,Invoiced
SO-002864,2025-10-17,CUST-022,Global Smart Solutions (P) Ltd,Contractor,BR-01,EMP-003,12592.2,2266.6,14858.8,Invoiced
SO-002865,2025-10-17,CUST-046,Annamalai Agro Processing Unit,Small Commercial,BR-03,EMP-012,566.72,102.01,668.73,Invoiced
SO-002866,2025-10-17,CUST-016,Royal Comfort Residency Hotel,Small Commercial,BR-01,EMP-003,2893.64,520.86,3414.5,Invoiced
SO-002867,2025-10-17,CUST-038,Marutham Electrical & Power Agency,Retailer / Trader,BR-03,EMP-012,279232.2,50261.8,329494.0,Invoiced
SO-002868,2025-10-17,CUST-017,Apex Manufacturing Solutions,Small Commercial,BR-01,EMP-002,1256.16,226.1,1482.26,Invoiced
SO-002869,2025-10-17,CUST-027,InnoTech Coworking Hub,Small Commercial,BR-02,EMP-006,360.0,64.8,424.8,Invoiced
SO-002870,2025-10-17,CUST-019,Poompuhar Handicrafts Store,Small Commercial,BR-01,EMP-002,748.0,134.64,882.64,Invoiced
SO-002871,2025-10-18,CUST-035,Gowda Electrical Repairs,Electrician,BR-02,EMP-006,6018.84,1083.39,7102.23,Invoiced
SO-002872,2025-10-18,CUST-030,Dr. Arvind Rao Dental Clinic,Small Commercial,BR-02,EMP-006,720.0,129.6,849.6,Invoiced
SO-002873,2025-10-18,CUST-034,Silicon Valley PG Hostel Chain,Institution,BR-02,EMP-007,5830.0,1049.4,6879.4,Invoiced
SO-002874,2025-10-18,CUST-016,Royal Comfort Residency Hotel,Small Commercial,BR-01,EMP-003,3200.0,576.0,3776.0,Invoiced
SO-002875,2025-10-18,CUST-037,Kovai Textile Mills Facility Team,Small Commercial,BR-03,EMP-009,186.68,33.6,220.28,Invoiced
SO-002876,2025-10-18,CUST-026,Manjunatha Electrical Works,Electrician,BR-02,EMP-007,15816.0,2846.88,18662.88,Invoiced
SO-002877,2025-10-18,CUST-006,Dr. Priya Sundaram (Home Clinic),Residential / B2C,BR-01,EMP-003,194.3,34.97,229.27,Invoiced
SO-002878,2025-10-18,CUST-045,Karthika Departmental Store,Small Commercial,BR-03,EMP-010,1095.0,197.1,1292.1,Invoiced
SO-002879,2025-10-20,CUST-015,Srinivasan & Sons Contractor,Contractor,BR-01,EMP-002,68118.0,12261.24,80379.24,Invoiced
SO-002880,2025-10-20,CUST-031,Nandini Milk Parlour & Mart,Small Commercial,BR-02,EMP-007,3179.0,572.22,3751.22,Invoiced
SO-002881,2025-10-20,CUST-020,Selvam Electrician Services,Electrician,BR-01,EMP-002,6641.0,1195.38,7836.38,Invoiced
SO-002882,2025-10-21,CUST-019,Poompuhar Handicrafts Store,Small Commercial,BR-01,EMP-002,364.32,65.58,429.9,Invoiced
SO-002883,2025-10-21,CUST-043,Sundaram Hospital Maintenance,Institution,BR-03,EMP-012,1341.84,241.53,1583.37,Invoiced
SO-002884,2025-10-21,CUST-013,Metro Supermarket Tambaram,Small Commercial,BR-01,EMP-003,1851.86,333.34,2185.2,Invoiced
SO-002885,2025-10-21,CUST-004,Sri Ramakrishna Builders & Infra,Builder / Commercial,BR-01,EMP-002,47629.3,8573.28,56202.58,Invoiced
SO-002886,2025-10-21,CUST-048,Ramachandran (Individual House Owner),Residential / B2C,BR-03,EMP-010,388.6,69.95,458.55,Invoiced
SO-002887,2025-10-21,CUST-040,Sri Krishna Engineering College Hostel,Institution,BR-03,EMP-012,2820.64,507.71,3328.35,Invoiced
SO-002888,2025-10-21,CUST-021,Mohammed Riyaz (Home Renovation),Residential / B2C,BR-01,EMP-002,1001.52,180.28,1181.8,Invoiced
SO-002889,2025-10-22,CUST-001,Balaji Electrical Contractors,Contractor,BR-01,EMP-003,8651.68,1557.3,10208.98,Invoiced
SO-002890,2025-10-22,CUST-027,InnoTech Coworking Hub,Small Commercial,BR-02,EMP-006,388.6,69.95,458.55,Invoiced
SO-002891,2025-10-22,CUST-023,Kalam Brothers Electrical Store,Retailer / Trader,BR-01,EMP-003,187026.74,33664.81,220691.55,Invoiced
SO-002892,2025-10-22,CUST-022,Global Smart Solutions (P) Ltd,Contractor,BR-01,EMP-002,76051.94,13689.35,89741.29,Invoiced
SO-002893,2025-10-22,CUST-044,Mani Bros Electricals (Mani),Electrician,BR-03,EMP-012,9186.76,1653.62,10840.38,Invoiced
SO-002894,2025-10-22,CUST-033,Suresh Babu (Villa Construction),Residential / B2C,BR-02,EMP-007,2445.08,440.11,2885.19,Invoiced
SO-002895,2025-10-22,CUST-013,Metro Supermarket Tambaram,Small Commercial,BR-01,EMP-003,2773.06,499.15,3272.21,Invoiced
SO-002896,2025-10-23,CUST-017,Apex Manufacturing Solutions,Small Commercial,BR-01,EMP-002,4700.0,846.0,5546.0,Invoiced
SO-002897,2025-10-23,CUST-046,Annamalai Agro Processing Unit,Small Commercial,BR-03,EMP-009,381.68,68.7,450.38,Invoiced
SO-002898,2025-10-23,CUST-033,Suresh Babu (Villa Construction),Residential / B2C,BR-02,EMP-007,242.88,43.72,286.6,Invoiced
SO-002899,2025-10-23,CUST-011,Victory Housing Projects Phase 2,Builder / Commercial,BR-01,EMP-003,125308.0,22555.44,147863.44,Invoiced
SO-002900,2025-10-24,CUST-007,TechPark Facility Maintenance Team,Institution,BR-01,EMP-002,2101.0,378.18,2479.18,Invoiced
SO-002901,2025-10-24,CUST-037,Kovai Textile Mills Facility Team,Small Commercial,BR-03,EMP-009,1061.72,191.11,1252.83,Invoiced
SO-002902,2025-10-24,CUST-030,Dr. Arvind Rao Dental Clinic,Small Commercial,BR-02,EMP-007,3115.6,560.81,3676.41,Invoiced
SO-002903,2025-10-25,CUST-016,Royal Comfort Residency Hotel,Small Commercial,BR-01,EMP-002,3810.0,685.8,4495.8,Invoiced
SO-002904,2025-10-25,CUST-047,Kovai Elite Residency Hotel,Small Commercial,BR-03,EMP-012,3642.88,655.72,4298.6,Invoiced
SO-002905,2025-10-25,CUST-029,Raghavendra Infrastructure Developers,Builder / Commercial,BR-02,EMP-006,48882.56,8798.86,57681.42,Invoiced
SO-002906,2025-10-25,CUST-046,Annamalai Agro Processing Unit,Small Commercial,BR-03,EMP-012,557.8,100.4,658.2,Invoiced
SO-002907,2025-10-25,CUST-034,Silicon Valley PG Hostel Chain,Institution,BR-02,EMP-006,1074.66,193.44,1268.1,Invoiced
SO-002908,2025-10-27,CUST-047,Kovai Elite Residency Hotel,Small Commercial,BR-03,EMP-009,1057.06,190.27,1247.33,Invoiced
SO-002909,2025-10-27,CUST-028,Sri Venkateshwara Hardware & Electricals,Retailer / Trader,BR-02,EMP-006,195377.4,35167.93,230545.33,Invoiced
SO-002910,2025-10-27,CUST-002,Kalaivani Hardware & Paints,Retailer / Trader,BR-01,EMP-003,141870.2,25536.64,167406.84,Invoiced
SO-002911,2025-10-27,CUST-023,Kalam Brothers Electrical Store,Retailer / Trader,BR-01,EMP-003,26902.4,4842.43,31744.83,Invoiced
SO-002912,2025-10-28,CUST-041,Kongu Builders & Real Estate,Builder / Commercial,BR-03,EMP-009,11512.6,2072.27,13584.87,Invoiced
SO-002913,2025-10-28,CUST-008,Anbu Electricals (Anbazhagan),Electrician,BR-01,EMP-003,18433.56,3318.04,21751.6,Invoiced
SO-002914,2025-10-28,CUST-008,Anbu Electricals (Anbazhagan),Electrician,BR-01,EMP-003,5625.24,1012.54,6637.78,Invoiced
SO-002915,2025-10-28,CUST-009,Devi Agency & Lighting Store,Retailer / Trader,BR-01,EMP-002,227603.4,40968.61,268572.01,Invoiced
SO-002916,2025-10-28,CUST-002,Kalaivani Hardware & Paints,Retailer / Trader,BR-01,EMP-003,143500.0,25830.0,169330.0,Invoiced
SO-002917,2025-10-29,CUST-030,Dr. Arvind Rao Dental Clinic,Small Commercial,BR-02,EMP-007,240.0,43.2,283.2,Invoiced
SO-002918,2025-10-29,CUST-009,Devi Agency & Lighting Store,Retailer / Trader,BR-01,EMP-003,134898.0,24281.64,159179.64,Invoiced
SO-002919,2025-10-29,CUST-047,Kovai Elite Residency Hotel,Small Commercial,BR-03,EMP-012,480.0,86.4,566.4,Invoiced
SO-002920,2025-10-29,CUST-005,Murugan Auto Garage & Works,Small Commercial,BR-01,EMP-002,1690.3,304.25,1994.55,Invoiced
SO-002921,2025-10-29,CUST-023,Kalam Brothers Electrical Store,Retailer / Trader,BR-01,EMP-002,216905.52,39043.0,255948.52,Invoiced
SO-002922,2025-10-29,CUST-042,Velan Pump & Motor Spares Store,Retailer / Trader,BR-03,EMP-009,163185.32,29373.36,192558.68,Invoiced
SO-002923,2025-10-30,CUST-030,Dr. Arvind Rao Dental Clinic,Small Commercial,BR-02,EMP-007,243.12,43.76,286.88,Invoiced
SO-002924,2025-10-30,CUST-003,Saravana Electric Works (Govindaraj),Electrician,BR-01,EMP-003,5392.0,970.56,6362.56,Invoiced
SO-002925,2025-10-30,CUST-037,Kovai Textile Mills Facility Team,Small Commercial,BR-03,EMP-010,2877.2,517.9,3395.1,Invoiced
SO-002926,2025-10-30,CUST-048,Ramachandran (Individual House Owner),Residential / B2C,BR-03,EMP-009,356.24,64.12,420.36,Invoiced
SO-002927,2025-10-30,CUST-037,Kovai Textile Mills Facility Team,Small Commercial,BR-03,EMP-010,1080.0,194.4,1274.4,Invoiced
SO-002928,2025-10-30,CUST-030,Dr. Arvind Rao Dental Clinic,Small Commercial,BR-02,EMP-006,1468.6,264.35,1732.95,Invoiced
SO-002929,2025-10-30,CUST-027,InnoTech Coworking Hub,Small Commercial,BR-02,EMP-007,2100.0,378.0,2478.0,Invoiced
SO-002930,2025-10-31,CUST-014,Siva Shankaran (Individual Home),Residential / B2C,BR-01,EMP-003,178.12,32.06,210.18,Invoiced
SO-002931,2025-10-31,CUST-010,Vels Vidyashram School Campus,Institution,BR-01,EMP-002,9095.0,1637.1,10732.1,Invoiced
SO-002932,2025-10-31,CUST-034,Silicon Valley PG Hostel Chain,Institution,BR-02,EMP-006,837.06,150.67,987.73,Invoiced
SO-002933,2025-10-31,CUST-030,Dr. Arvind Rao Dental Clinic,Small Commercial,BR-02,EMP-006,1228.12,221.06,1449.18,Invoiced
SO-002934,2025-10-31,CUST-016,Royal Comfort Residency Hotel,Small Commercial,BR-01,EMP-003,6742.88,1213.72,7956.6,Invoiced
SO-002935,2025-11-01,CUST-020,Selvam Electrician Services,Electrician,BR-01,EMP-003,19267.0,3468.06,22735.06,Invoiced
SO-002936,2025-11-01,CUST-040,Sri Krishna Engineering College Hostel,Institution,BR-03,EMP-009,4774.24,859.36,5633.6,Invoiced
SO-002937,2025-11-01,CUST-017,Apex Manufacturing Solutions,Small Commercial,BR-01,EMP-002,480.0,86.4,566.4,Invoiced
SO-002938,2025-11-01,CUST-027,InnoTech Coworking Hub,Small Commercial,BR-02,EMP-006,1936.0,348.48,2284.48,Invoiced
SO-002939,2025-11-01,CUST-023,Kalam Brothers Electrical Store,Retailer / Trader,BR-01,EMP-002,57712.72,10388.29,68101.01,Invoiced
SO-002940,2025-11-01,CUST-008,Anbu Electricals (Anbazhagan),Electrician,BR-01,EMP-002,31000.0,5580.0,36580.0,Invoiced
SO-002941,2025-11-01,CUST-039,Rangasamy Electrician Workshop,Electrician,BR-03,EMP-010,6432.0,1157.76,7589.76,Invoiced
SO-002942,2025-11-01,CUST-043,Sundaram Hospital Maintenance,Institution,BR-03,EMP-009,4286.0,771.48,5057.48,Invoiced
SO-002943,2025-11-03,CUST-001,Balaji Electrical Contractors,Contractor,BR-01,EMP-003,33606.2,6049.12,39655.32,Invoiced
SO-002944,2025-11-03,CUST-015,Srinivasan & Sons Contractor,Contractor,BR-01,EMP-003,76684.8,13803.26,90488.06,Invoiced
SO-002945,2025-11-03,CUST-012,Karthik Residential Apartment Owner,Residential / B2C,BR-01,EMP-003,9894.0,1780.92,11674.92,Invoiced
SO-002946,2025-11-03,CUST-043,Sundaram Hospital Maintenance,Institution,BR-03,EMP-009,7671.0,1380.78,9051.78,Invoiced
SO-002947,2025-11-03,CUST-009,Devi Agency & Lighting Store,Retailer / Trader,BR-01,EMP-003,195542.0,35197.56,230739.56,Invoiced
SO-002948,2025-11-04,CUST-037,Kovai Textile Mills Facility Team,Small Commercial,BR-03,EMP-012,4500.0,810.0,5310.0,Invoiced
SO-002949,2025-11-04,CUST-012,Karthik Residential Apartment Owner,Residential / B2C,BR-01,EMP-003,1270.8,228.74,1499.54,Invoiced
SO-002950,2025-11-04,CUST-047,Kovai Elite Residency Hotel,Small Commercial,BR-03,EMP-010,1050.0,189.0,1239.0,Invoiced
SO-002951,2025-11-04,CUST-014,Siva Shankaran (Individual Home),Residential / B2C,BR-01,EMP-002,138.0,24.84,162.84,Invoiced
SO-002952,2025-11-05,CUST-025,Brigade Vista Apartment Owners Assn,Residential / B2C,BR-02,EMP-006,4830.0,869.4,5699.4,Invoiced
SO-002953,2025-11-05,CUST-025,Brigade Vista Apartment Owners Assn,Residential / B2C,BR-02,EMP-007,9250.0,1665.0,10915.0,Invoiced
SO-002954,2025-11-05,CUST-019,Poompuhar Handicrafts Store,Small Commercial,BR-01,EMP-003,667.6,120.17,787.77,Invoiced
SO-002955,2025-11-06,CUST-007,TechPark Facility Maintenance Team,Institution,BR-01,EMP-002,7940.0,1429.2,9369.2,Invoiced
SO-002956,2025-11-06,CUST-035,Gowda Electrical Repairs,Electrician,BR-02,EMP-006,2340.0,421.2,2761.2,Invoiced
SO-002957,2025-11-06,CUST-014,Siva Shankaran (Individual Home),Residential / B2C,BR-01,EMP-003,3595.0,647.1,4242.1,Invoiced
SO-002958,2025-11-06,CUST-005,Murugan Auto Garage & Works,Small Commercial,BR-01,EMP-003,4139.0,745.02,4884.02,Invoiced
SO-002959,2025-11-06,CUST-013,Metro Supermarket Tambaram,Small Commercial,BR-01,EMP-003,4315.0,776.7,5091.7,Invoiced
SO-002960,2025-11-06,CUST-027,InnoTech Coworking Hub,Small Commercial,BR-02,EMP-007,1392.0,250.56,1642.56,Invoiced
SO-002961,2025-11-06,CUST-036,Urban Spaces Interior Studio,Contractor,BR-02,EMP-007,189520.2,34113.64,223633.84,Invoiced
SO-002962,2025-11-06,CUST-028,Sri Venkateshwara Hardware & Electricals,Retailer / Trader,BR-02,EMP-006,37786.0,6801.48,44587.48,Invoiced
SO-002963,2025-11-07,CUST-025,Brigade Vista Apartment Owners Assn,Residential / B2C,BR-02,EMP-007,1978.0,356.04,2334.04,Invoiced
SO-002964,2025-11-07,CUST-030,Dr. Arvind Rao Dental Clinic,Small Commercial,BR-02,EMP-007,9138.0,1644.84,10782.84,Invoiced
SO-002965,2025-11-07,CUST-039,Rangasamy Electrician Workshop,Electrician,BR-03,EMP-009,7737.0,1392.66,9129.66,Invoiced
SO-002966,2025-11-07,CUST-036,Urban Spaces Interior Studio,Contractor,BR-02,EMP-006,62408.6,11233.54,73642.14,Invoiced
SO-002967,2025-11-08,CUST-015,Srinivasan & Sons Contractor,Contractor,BR-01,EMP-003,106833.8,19230.08,126063.88,Invoiced
SO-002968,2025-11-08,CUST-022,Global Smart Solutions (P) Ltd,Contractor,BR-01,EMP-003,64947.2,11690.5,76637.7,Invoiced
SO-002969,2025-11-08,CUST-033,Suresh Babu (Villa Construction),Residential / B2C,BR-02,EMP-006,1575.0,283.5,1858.5,Invoiced
SO-002970,2025-11-10,CUST-013,Metro Supermarket Tambaram,Small Commercial,BR-01,EMP-003,5580.0,1004.4,6584.4,Invoiced
SO-002971,2025-11-10,CUST-047,Kovai Elite Residency Hotel,Small Commercial,BR-03,EMP-012,2928.0,527.04,3455.04,Invoiced
SO-002972,2025-11-10,CUST-037,Kovai Textile Mills Facility Team,Small Commercial,BR-03,EMP-010,2692.8,484.7,3177.5,Invoiced
SO-002973,2025-11-10,CUST-032,Cauvery Engineering Contractors,Contractor,BR-02,EMP-006,13561.6,2441.09,16002.69,Invoiced
SO-002974,2025-11-11,CUST-023,Kalam Brothers Electrical Store,Retailer / Trader,BR-01,EMP-003,141361.4,25445.05,166806.45,Invoiced
SO-002975,2025-11-11,CUST-033,Suresh Babu (Villa Construction),Residential / B2C,BR-02,EMP-006,414.0,74.52,488.52,Invoiced
SO-002976,2025-11-11,CUST-021,Mohammed Riyaz (Home Renovation),Residential / B2C,BR-01,EMP-002,3400.0,612.0,4012.0,Invoiced
SO-002977,2025-11-11,CUST-048,Ramachandran (Individual House Owner),Residential / B2C,BR-03,EMP-010,3450.0,621.0,4071.0,Invoiced
SO-002978,2025-11-11,CUST-029,Raghavendra Infrastructure Developers,Builder / Commercial,BR-02,EMP-006,211862.0,38135.16,249997.16,Invoiced
SO-002979,2025-11-11,CUST-035,Gowda Electrical Repairs,Electrician,BR-02,EMP-007,4899.0,881.82,5780.82,Invoiced
SO-002980,2025-11-11,CUST-004,Sri Ramakrishna Builders & Infra,Builder / Commercial,BR-01,EMP-003,27964.6,5033.63,32998.23,Invoiced
SO-002981,2025-11-11,CUST-046,Annamalai Agro Processing Unit,Small Commercial,BR-03,EMP-012,4962.4,893.23,5855.63,Invoiced
SO-002982,2025-11-12,CUST-005,Murugan Auto Garage & Works,Small Commercial,BR-01,EMP-002,2175.0,391.5,2566.5,Invoiced
SO-002983,2025-11-12,CUST-002,Kalaivani Hardware & Paints,Retailer / Trader,BR-01,EMP-003,209053.0,37629.54,246682.54,Invoiced
SO-002984,2025-11-12,CUST-005,Murugan Auto Garage & Works,Small Commercial,BR-01,EMP-003,6814.0,1226.52,8040.52,Invoiced
SO-002985,2025-11-12,CUST-037,Kovai Textile Mills Facility Team,Small Commercial,BR-03,EMP-009,1894.0,340.92,2234.92,Invoiced
SO-002986,2025-11-13,CUST-013,Metro Supermarket Tambaram,Small Commercial,BR-01,EMP-002,5824.0,1048.32,6872.32,Invoiced
SO-002987,2025-11-13,CUST-031,Nandini Milk Parlour & Mart,Small Commercial,BR-02,EMP-006,1100.0,198.0,1298.0,Invoiced
SO-002988,2025-11-13,CUST-021,Mohammed Riyaz (Home Renovation),Residential / B2C,BR-01,EMP-002,6900.0,1242.0,8142.0,Invoiced
SO-002989,2025-11-13,CUST-045,Karthika Departmental Store,Small Commercial,BR-03,EMP-012,1575.0,283.5,1858.5,Invoiced
SO-002990,2025-11-13,CUST-016,Royal Comfort Residency Hotel,Small Commercial,BR-01,EMP-002,3085.0,555.3,3640.3,Invoiced
SO-002991,2025-11-13,CUST-036,Urban Spaces Interior Studio,Contractor,BR-02,EMP-007,77636.6,13974.59,91611.19,Invoiced
SO-002992,2025-11-13,CUST-017,Apex Manufacturing Solutions,Small Commercial,BR-01,EMP-002,4715.0,848.7,5563.7,Invoiced
SO-002993,2025-11-13,CUST-005,Murugan Auto Garage & Works,Small Commercial,BR-01,EMP-003,1656.0,298.08,1954.08,Invoiced
SO-002994,2025-11-14,CUST-023,Kalam Brothers Electrical Store,Retailer / Trader,BR-01,EMP-003,90846.0,16352.28,107198.28,Invoiced
SO-002995,2025-11-14,CUST-025,Brigade Vista Apartment Owners Assn,Residential / B2C,BR-02,EMP-007,345.0,62.1,407.1,Invoiced
SO-002996,2025-11-14,CUST-046,Annamalai Agro Processing Unit,Small Commercial,BR-03,EMP-010,2910.0,523.8,3433.8,Invoiced
SO-002997,2025-11-14,CUST-005,Murugan Auto Garage & Works,Small Commercial,BR-01,EMP-003,2590.0,466.2,3056.2,Invoiced
SO-002998,2025-11-14,CUST-029,Raghavendra Infrastructure Developers,Builder / Commercial,BR-02,EMP-007,72828.0,13109.04,85937.04,Invoiced
SO-002999,2025-11-15,CUST-018,Lakshmi Vilas Sweets & Bakery,Small Commercial,BR-01,EMP-002,1205.2,216.94,1422.14,Invoiced
SO-003000,2025-11-15,CUST-009,Devi Agency & Lighting Store,Retailer / Trader,BR-01,EMP-003,131546.4,23678.35,155224.75,Invoiced
SO-003001,2025-11-15,CUST-041,Kongu Builders & Real Estate,Builder / Commercial,BR-03,EMP-010,57235.0,10302.3,67537.3,Invoiced
SO-003002,2025-11-15,CUST-012,Karthik Residential Apartment Owner,Residential / B2C,BR-01,EMP-003,7950.0,1431.0,9381.0,Invoiced
SO-003003,2025-11-15,CUST-047,Kovai Elite Residency Hotel,Small Commercial,BR-03,EMP-010,6900.0,1242.0,8142.0,Invoiced
SO-003004,2025-11-15,CUST-036,Urban Spaces Interior Studio,Contractor,BR-02,EMP-006,172600.4,31068.07,203668.47,Invoiced
SO-003005,2025-11-17,CUST-035,Gowda Electrical Repairs,Electrician,BR-02,EMP-007,1755.2,315.94,2071.14,Invoiced
SO-003006,2025-11-17,CUST-046,Annamalai Agro Processing Unit,Small Commercial,BR-03,EMP-010,3070.0,552.6,3622.6,Invoiced
SO-003007,2025-11-17,CUST-011,Victory Housing Projects Phase 2,Builder / Commercial,BR-01,EMP-003,49529.0,8915.22,58444.22,Invoiced
SO-003008,2025-11-17,CUST-022,Global Smart Solutions (P) Ltd,Contractor,BR-01,EMP-003,174618.0,31431.24,206049.24,Invoiced
SO-003009,2025-11-17,CUST-008,Anbu Electricals (Anbazhagan),Electrician,BR-01,EMP-003,2320.0,417.6,2737.6,Invoiced
SO-003010,2025-11-17,CUST-011,Victory Housing Projects Phase 2,Builder / Commercial,BR-01,EMP-003,52081.4,9374.65,61456.05,Invoiced
SO-003011,2025-11-17,CUST-015,Srinivasan & Sons Contractor,Contractor,BR-01,EMP-002,39834.0,7170.12,47004.12,Invoiced
SO-003012,2025-11-18,CUST-047,Kovai Elite Residency Hotel,Small Commercial,BR-03,EMP-012,5044.0,907.92,5951.92,Invoiced
SO-003013,2025-11-18,CUST-015,Srinivasan & Sons Contractor,Contractor,BR-01,EMP-003,128812.8,23186.3,151999.1,Invoiced
SO-003014,2025-11-18,CUST-039,Rangasamy Electrician Workshop,Electrician,BR-03,EMP-009,18185.0,3273.3,21458.3,Invoiced
SO-003015,2025-11-18,CUST-020,Selvam Electrician Services,Electrician,BR-01,EMP-003,11304.0,2034.72,13338.72,Invoiced
SO-003016,2025-11-18,CUST-003,Saravana Electric Works (Govindaraj),Electrician,BR-01,EMP-002,38532.0,6935.76,45467.76,Invoiced
SO-003017,2025-11-18,CUST-035,Gowda Electrical Repairs,Electrician,BR-02,EMP-007,8709.6,1567.73,10277.33,Invoiced
SO-003018,2025-11-18,CUST-022,Global Smart Solutions (P) Ltd,Contractor,BR-01,EMP-003,46498.2,8369.68,54867.88,Invoiced
SO-003019,2025-11-18,CUST-036,Urban Spaces Interior Studio,Contractor,BR-02,EMP-006,14919.0,2685.42,17604.42,Invoiced
SO-003020,2025-11-19,CUST-037,Kovai Textile Mills Facility Team,Small Commercial,BR-03,EMP-009,883.2,158.98,1042.18,Invoiced
SO-003021,2025-11-19,CUST-039,Rangasamy Electrician Workshop,Electrician,BR-03,EMP-012,10084.0,1815.12,11899.12,Invoiced
SO-003022,2025-11-19,CUST-030,Dr. Arvind Rao Dental Clinic,Small Commercial,BR-02,EMP-007,202.4,36.43,238.83,Invoiced
SO-003023,2025-11-19,CUST-020,Selvam Electrician Services,Electrician,BR-01,EMP-003,21533.0,3875.94,25408.94,Invoiced
SO-003024,2025-11-20,CUST-034,Silicon Valley PG Hostel Chain,Institution,BR-02,EMP-007,6900.0,1242.0,8142.0,Invoiced
SO-003025,2025-11-20,CUST-002,Kalaivani Hardware & Paints,Retailer / Trader,BR-01,EMP-003,107135.0,19284.3,126419.3,Invoiced
SO-003026,2025-11-20,CUST-009,Devi Agency & Lighting Store,Retailer / Trader,BR-01,EMP-002,301681.8,54302.72,355984.52,Invoiced
SO-003027,2025-11-20,CUST-030,Dr. Arvind Rao Dental Clinic,Small Commercial,BR-02,EMP-007,202.4,36.43,238.83,Invoiced
SO-003028,2025-11-20,CUST-039,Rangasamy Electrician Workshop,Electrician,BR-03,EMP-009,5746.0,1034.28,6780.28,Invoiced
SO-003029,2025-11-21,CUST-041,Kongu Builders & Real Estate,Builder / Commercial,BR-03,EMP-010,115296.0,20753.28,136049.28,Invoiced
SO-003030,2025-11-21,CUST-032,Cauvery Engineering Contractors,Contractor,BR-02,EMP-006,45704.4,8226.79,53931.19,Invoiced
SO-003031,2025-11-21,CUST-037,Kovai Textile Mills Facility Team,Small Commercial,BR-03,EMP-012,1824.0,328.32,2152.32,Invoiced
SO-003032,2025-11-21,CUST-015,Srinivasan & Sons Contractor,Contractor,BR-01,EMP-003,40331.4,7259.65,47591.05,Invoiced
SO-003033,2025-11-22,CUST-028,Sri Venkateshwara Hardware & Electricals,Retailer / Trader,BR-02,EMP-007,200065.8,36011.85,236077.65,Invoiced
SO-003034,2025-11-22,CUST-037,Kovai Textile Mills Facility Team,Small Commercial,BR-03,EMP-010,2590.0,466.2,3056.2,Invoiced
SO-003035,2025-11-22,CUST-002,Kalaivani Hardware & Paints,Retailer / Trader,BR-01,EMP-003,114525.6,20614.61,135140.21,Invoiced
SO-003036,2025-11-22,CUST-027,InnoTech Coworking Hub,Small Commercial,BR-02,EMP-007,2785.0,501.3,3286.3,Invoiced
SO-003037,2025-11-22,CUST-025,Brigade Vista Apartment Owners Assn,Residential / B2C,BR-02,EMP-006,101.2,18.22,119.42,Invoiced
SO-003038,2025-11-22,CUST-022,Global Smart Solutions (P) Ltd,Contractor,BR-01,EMP-002,95180.0,17132.4,112312.4,Invoiced
SO-003039,2025-11-22,CUST-036,Urban Spaces Interior Studio,Contractor,BR-02,EMP-007,50335.0,9060.3,59395.3,Invoiced
SO-003040,2025-11-24,CUST-015,Srinivasan & Sons Contractor,Contractor,BR-01,EMP-003,75478.0,13586.04,89064.04,Invoiced
SO-003041,2025-11-24,CUST-038,Marutham Electrical & Power Agency,Retailer / Trader,BR-03,EMP-009,169410.0,30493.8,199903.8,Invoiced
SO-003042,2025-11-24,CUST-029,Raghavendra Infrastructure Developers,Builder / Commercial,BR-02,EMP-007,232488.4,41847.91,274336.31,Invoiced
SO-003043,2025-11-24,CUST-012,Karthik Residential Apartment Owner,Residential / B2C,BR-01,EMP-003,883.2,158.98,1042.18,Invoiced
SO-003044,2025-11-24,CUST-012,Karthik Residential Apartment Owner,Residential / B2C,BR-01,EMP-003,299.0,53.82,352.82,Invoiced
SO-003045,2025-11-25,CUST-046,Annamalai Agro Processing Unit,Small Commercial,BR-03,EMP-012,2414.0,434.52,2848.52,Invoiced
SO-003046,2025-11-25,CUST-041,Kongu Builders & Real Estate,Builder / Commercial,BR-03,EMP-012,230979.0,41576.22,272555.22,Invoiced
SO-003047,2025-11-25,CUST-044,Mani Bros Electricals (Mani),Electrician,BR-03,EMP-009,8865.6,1595.81,10461.41,Invoiced
SO-003048,2025-11-26,CUST-038,Marutham Electrical & Power Agency,Retailer / Trader,BR-03,EMP-012,146722.0,26409.96,173131.96,Invoiced
SO-003049,2025-11-26,CUST-036,Urban Spaces Interior Studio,Contractor,BR-02,EMP-006,66169.2,11910.46,78079.66,Invoiced
SO-003050,2025-11-26,CUST-004,Sri Ramakrishna Builders & Infra,Builder / Commercial,BR-01,EMP-002,55765.2,10037.74,65802.94,Invoiced
SO-003051,2025-11-26,CUST-032,Cauvery Engineering Contractors,Contractor,BR-02,EMP-007,174909.2,31483.66,206392.86,Invoiced
SO-003052,2025-11-26,CUST-010,Vels Vidyashram School Campus,Institution,BR-01,EMP-003,2910.0,523.8,3433.8,Invoiced
SO-003053,2025-11-26,CUST-004,Sri Ramakrishna Builders & Infra,Builder / Commercial,BR-01,EMP-003,72382.0,13028.76,85410.76,Invoiced
SO-003054,2025-11-26,CUST-002,Kalaivani Hardware & Paints,Retailer / Trader,BR-01,EMP-002,163780.0,29480.4,193260.4,Invoiced
SO-003055,2025-11-27,CUST-013,Metro Supermarket Tambaram,Small Commercial,BR-01,EMP-003,579.6,104.33,683.93,Invoiced
SO-003056,2025-11-27,CUST-028,Sri Venkateshwara Hardware & Electricals,Retailer / Trader,BR-02,EMP-007,394920.0,71085.6,466005.6,Invoiced
SO-003057,2025-11-27,CUST-032,Cauvery Engineering Contractors,Contractor,BR-02,EMP-007,79252.0,14265.36,93517.36,Invoiced
SO-003058,2025-11-27,CUST-017,Apex Manufacturing Solutions,Small Commercial,BR-01,EMP-003,1257.4,226.33,1483.73,Invoiced
SO-003059,2025-11-27,CUST-012,Karthik Residential Apartment Owner,Residential / B2C,BR-01,EMP-003,883.2,158.98,1042.18,Invoiced
SO-003060,2025-11-27,CUST-019,Poompuhar Handicrafts Store,Small Commercial,BR-01,EMP-002,386.2,69.52,455.72,Invoiced
SO-003061,2025-11-28,CUST-047,Kovai Elite Residency Hotel,Small Commercial,BR-03,EMP-009,7750.0,1395.0,9145.0,Invoiced
SO-003062,2025-11-28,CUST-020,Selvam Electrician Services,Electrician,BR-01,EMP-003,19252.0,3465.36,22717.36,Invoiced
SO-003063,2025-11-28,CUST-041,Kongu Builders & Real Estate,Builder / Commercial,BR-03,EMP-010,20455.0,3681.9,24136.9,Invoiced
SO-003064,2025-11-28,CUST-008,Anbu Electricals (Anbazhagan),Electrician,BR-01,EMP-002,9195.0,1655.1,10850.1,Invoiced
SO-003065,2025-11-28,CUST-010,Vels Vidyashram School Campus,Institution,BR-01,EMP-003,30.0,5.4,35.4,Invoiced
SO-003066,2025-11-28,CUST-045,Karthika Departmental Store,Small Commercial,BR-03,EMP-009,4250.0,765.0,5015.0,Invoiced
SO-003067,2025-11-29,CUST-025,Brigade Vista Apartment Owners Assn,Residential / B2C,BR-02,EMP-006,4500.0,810.0,5310.0,Invoiced
SO-003068,2025-11-29,CUST-027,InnoTech Coworking Hub,Small Commercial,BR-02,EMP-007,3856.0,694.08,4550.08,Invoiced
SO-003069,2025-11-29,CUST-040,Sri Krishna Engineering College Hostel,Institution,BR-03,EMP-012,1432.2,257.8,1690.0,Invoiced
SO-003070,2025-11-29,CUST-008,Anbu Electricals (Anbazhagan),Electrician,BR-01,EMP-003,1460.0,262.8,1722.8,Invoiced
SO-003071,2025-12-01,CUST-003,Saravana Electric Works (Govindaraj),Electrician,BR-01,EMP-003,1973.4,355.21,2328.61,Invoiced
SO-003072,2025-12-01,CUST-001,Balaji Electrical Contractors,Contractor,BR-01,EMP-002,146827.0,26428.86,173255.86,Invoiced
SO-003073,2025-12-01,CUST-006,Dr. Priya Sundaram (Home Clinic),Residential / B2C,BR-01,EMP-003,986.2,177.52,1163.72,Invoiced
SO-003074,2025-12-02,CUST-028,Sri Venkateshwara Hardware & Electricals,Retailer / Trader,BR-02,EMP-006,80767.2,14538.09,95305.29,Invoiced
SO-003075,2025-12-02,CUST-023,Kalam Brothers Electrical Store,Retailer / Trader,BR-01,EMP-002,153300.0,27594.0,180894.0,Invoiced
SO-003076,2025-12-02,CUST-045,Karthika Departmental Store,Small Commercial,BR-03,EMP-009,2219.0,399.42,2618.42,Invoiced
SO-003077,2025-12-02,CUST-008,Anbu Electricals (Anbazhagan),Electrician,BR-01,EMP-003,5533.0,995.94,6528.94,Invoiced
SO-003078,2025-12-03,CUST-048,Ramachandran (Individual House Owner),Residential / B2C,BR-03,EMP-010,220.8,39.74,260.54,Invoiced
SO-003079,2025-12-03,CUST-034,Silicon Valley PG Hostel Chain,Institution,BR-02,EMP-006,836.2,150.52,986.72,Invoiced
SO-003080,2025-12-03,CUST-037,Kovai Textile Mills Facility Team,Small Commercial,BR-03,EMP-012,1051.6,189.29,1240.89,Invoiced
SO-003081,2025-12-03,CUST-015,Srinivasan & Sons Contractor,Contractor,BR-01,EMP-003,186805.0,33624.9,220429.9,Invoiced
SO-003082,2025-12-03,CUST-028,Sri Venkateshwara Hardware & Electricals,Retailer / Trader,BR-02,EMP-007,93672.0,16860.96,110532.96,Invoiced
SO-003083,2025-12-03,CUST-015,Srinivasan & Sons Contractor,Contractor,BR-01,EMP-002,46634.4,8394.19,55028.59,Invoiced
SO-003084,2025-12-03,CUST-007,TechPark Facility Maintenance Team,Institution,BR-01,EMP-003,322.0,57.96,379.96,Invoiced
SO-003085,2025-12-04,CUST-048,Ramachandran (Individual House Owner),Residential / B2C,BR-03,EMP-009,1050.0,189.0,1239.0,Invoiced
SO-003086,2025-12-04,CUST-006,Dr. Priya Sundaram (Home Clinic),Residential / B2C,BR-01,EMP-002,2710.0,487.8,3197.8,Invoiced
SO-003087,2025-12-04,CUST-048,Ramachandran (Individual House Owner),Residential / B2C,BR-03,EMP-009,330.0,59.4,389.4,Invoiced
SO-003088,2025-12-04,CUST-019,Poompuhar Handicrafts Store,Small Commercial,BR-01,EMP-002,4914.0,884.52,5798.52,Invoiced
SO-003089,2025-12-04,CUST-008,Anbu Electricals (Anbazhagan),Electrician,BR-01,EMP-002,2975.0,535.5,3510.5,Invoiced
SO-003090,2025-12-04,CUST-013,Metro Supermarket Tambaram,Small Commercial,BR-01,EMP-003,1050.0,189.0,1239.0,Invoiced
SO-003091,2025-12-04,CUST-022,Global Smart Solutions (P) Ltd,Contractor,BR-01,EMP-003,7290.0,1312.2,8602.2,Invoiced
SO-003092,2025-12-05,CUST-014,Siva Shankaran (Individual Home),Residential / B2C,BR-01,EMP-003,720.0,129.6,849.6,Invoiced
SO-003093,2025-12-05,CUST-007,TechPark Facility Maintenance Team,Institution,BR-01,EMP-003,4862.0,875.16,5737.16,Invoiced
SO-003094,2025-12-05,CUST-044,Mani Bros Electricals (Mani),Electrician,BR-03,EMP-009,3147.0,566.46,3713.46,Invoiced
SO-003095,2025-12-05,CUST-033,Suresh Babu (Villa Construction),Residential / B2C,BR-02,EMP-006,10641.6,1915.49,12557.09,Invoiced
SO-003096,2025-12-05,CUST-022,Global Smart Solutions (P) Ltd,Contractor,BR-01,EMP-003,85047.6,15308.57,100356.17,Invoiced
SO-003097,2025-12-05,CUST-039,Rangasamy Electrician Workshop,Electrician,BR-03,EMP-012,4956.0,892.08,5848.08,Invoiced
SO-003098,2025-12-05,CUST-006,Dr. Priya Sundaram (Home Clinic),Residential / B2C,BR-01,EMP-002,1090.0,196.2,1286.2,Invoiced
SO-003099,2025-12-05,CUST-030,Dr. Arvind Rao Dental Clinic,Small Commercial,BR-02,EMP-006,1541.6,277.49,1819.09,Invoiced
SO-003100,2025-12-06,CUST-012,Karthik Residential Apartment Owner,Residential / B2C,BR-01,EMP-003,3250.0,585.0,3835.0,Invoiced
SO-003101,2025-12-06,CUST-034,Silicon Valley PG Hostel Chain,Institution,BR-02,EMP-007,1050.0,189.0,1239.0,Invoiced
SO-003102,2025-12-06,CUST-045,Karthika Departmental Store,Small Commercial,BR-03,EMP-012,65.0,11.7,76.7,Invoiced
SO-003103,2025-12-06,CUST-048,Ramachandran (Individual House Owner),Residential / B2C,BR-03,EMP-009,3450.0,621.0,4071.0,Invoiced
SO-003104,2025-12-06,CUST-002,Kalaivani Hardware & Paints,Retailer / Trader,BR-01,EMP-003,34517.0,6213.06,40730.06,Invoiced
SO-003105,2025-12-06,CUST-017,Apex Manufacturing Solutions,Small Commercial,BR-01,EMP-002,5348.8,962.78,6311.58,Invoiced
SO-003106,2025-12-08,CUST-035,Gowda Electrical Repairs,Electrician,BR-02,EMP-006,3351.0,603.18,3954.18,Invoiced
SO-003107,2025-12-08,CUST-030,Dr. Arvind Rao Dental Clinic,Small Commercial,BR-02,EMP-007,30.0,5.4,35.4,Invoiced
SO-003108,2025-12-08,CUST-011,Victory Housing Projects Phase 2,Builder / Commercial,BR-01,EMP-002,24760.8,4456.94,29217.74,Invoiced
SO-003109,2025-12-08,CUST-044,Mani Bros Electricals (Mani),Electrician,BR-03,EMP-009,7371.6,1326.89,8698.49,Invoiced
SO-003110,2025-12-09,CUST-013,Metro Supermarket Tambaram,Small Commercial,BR-01,EMP-003,938.4,168.91,1107.31,Invoiced
SO-003111,2025-12-09,CUST-033,Suresh Babu (Villa Construction),Residential / B2C,BR-02,EMP-007,6930.0,1247.4,8177.4,Invoiced
SO-003112,2025-12-09,CUST-023,Kalam Brothers Electrical Store,Retailer / Trader,BR-01,EMP-002,184215.0,33158.7,217373.7,Invoiced
SO-003113,2025-12-09,CUST-042,Velan Pump & Motor Spares Store,Retailer / Trader,BR-03,EMP-010,135515.0,24392.7,159907.7,Invoiced
SO-003114,2025-12-09,CUST-004,Sri Ramakrishna Builders & Infra,Builder / Commercial,BR-01,EMP-002,15443.4,2779.81,18223.21,Invoiced
SO-003115,2025-12-09,CUST-045,Karthika Departmental Store,Small Commercial,BR-03,EMP-010,207.0,37.26,244.26,Invoiced
SO-003116,2025-12-10,CUST-038,Marutham Electrical & Power Agency,Retailer / Trader,BR-03,EMP-010,109173.2,19651.18,128824.38,Invoiced
SO-003117,2025-12-10,CUST-026,Manjunatha Electrical Works,Electrician,BR-02,EMP-007,370.0,66.6,436.6,Invoiced
SO-003118,2025-12-10,CUST-004,Sri Ramakrishna Builders & Infra,Builder / Commercial,BR-01,EMP-002,52960.0,9532.8,62492.8,Invoiced
SO-003119,2025-12-10,CUST-032,Cauvery Engineering Contractors,Contractor,BR-02,EMP-007,30101.0,5418.18,35519.18,Invoiced
SO-003120,2025-12-10,CUST-043,Sundaram Hospital Maintenance,Institution,BR-03,EMP-009,8364.0,1505.52,9869.52,Invoiced
SO-003121,2025-12-10,CUST-022,Global Smart Solutions (P) Ltd,Contractor,BR-01,EMP-002,32261.2,5807.02,38068.22,Invoiced
SO-003122,2025-12-10,CUST-026,Manjunatha Electrical Works,Electrician,BR-02,EMP-007,5493.0,988.74,6481.74,Invoiced
SO-003123,2025-12-10,CUST-029,Raghavendra Infrastructure Developers,Builder / Commercial,BR-02,EMP-006,52809.2,9505.66,62314.86,Invoiced
SO-003124,2025-12-11,CUST-013,Metro Supermarket Tambaram,Small Commercial,BR-01,EMP-003,69.0,12.42,81.42,Invoiced
SO-003125,2025-12-11,CUST-020,Selvam Electrician Services,Electrician,BR-01,EMP-003,26620.0,4791.6,31411.6,Invoiced
SO-003126,2025-12-11,CUST-038,Marutham Electrical & Power Agency,Retailer / Trader,BR-03,EMP-010,39267.0,7068.06,46335.06,Invoiced
SO-003127,2025-12-11,CUST-045,Karthika Departmental Store,Small Commercial,BR-03,EMP-009,3600.0,648.0,4248.0,Invoiced
SO-003128,2025-12-11,CUST-027,InnoTech Coworking Hub,Small Commercial,BR-02,EMP-006,2619.0,471.42,3090.42,Invoiced
SO-003129,2025-12-12,CUST-047,Kovai Elite Residency Hotel,Small Commercial,BR-03,EMP-010,2150.0,387.0,2537.0,Invoiced
SO-003130,2025-12-12,CUST-043,Sundaram Hospital Maintenance,Institution,BR-03,EMP-009,495.0,89.1,584.1,Invoiced
SO-003131,2025-12-12,CUST-046,Annamalai Agro Processing Unit,Small Commercial,BR-03,EMP-012,2648.6,476.75,3125.35,Invoiced
SO-003132,2025-12-12,CUST-013,Metro Supermarket Tambaram,Small Commercial,BR-01,EMP-002,1940.0,349.2,2289.2,Invoiced
SO-003133,2025-12-12,CUST-014,Siva Shankaran (Individual Home),Residential / B2C,BR-01,EMP-002,586.6,105.59,692.19,Invoiced
SO-003134,2025-12-13,CUST-047,Kovai Elite Residency Hotel,Small Commercial,BR-03,EMP-009,6245.6,1124.21,7369.81,Invoiced
SO-003135,2025-12-13,CUST-040,Sri Krishna Engineering College Hostel,Institution,BR-03,EMP-012,4702.4,846.43,5548.83,Invoiced
SO-003136,2025-12-13,CUST-029,Raghavendra Infrastructure Developers,Builder / Commercial,BR-02,EMP-007,184890.0,33280.2,218170.2,Invoiced
SO-003137,2025-12-13,CUST-043,Sundaram Hospital Maintenance,Institution,BR-03,EMP-009,2430.0,437.4,2867.4,Invoiced
SO-003138,2025-12-15,CUST-039,Rangasamy Electrician Workshop,Electrician,BR-03,EMP-009,7160.0,1288.8,8448.8,Invoiced
SO-003139,2025-12-15,CUST-001,Balaji Electrical Contractors,Contractor,BR-01,EMP-003,317576.0,57163.68,374739.68,Invoiced
SO-003140,2025-12-15,CUST-033,Suresh Babu (Villa Construction),Residential / B2C,BR-02,EMP-007,8000.0,1440.0,9440.0,Invoiced
SO-003141,2025-12-15,CUST-015,Srinivasan & Sons Contractor,Contractor,BR-01,EMP-002,67820.0,12207.6,80027.6,Invoiced
SO-003142,2025-12-16,CUST-021,Mohammed Riyaz (Home Renovation),Residential / B2C,BR-01,EMP-002,1100.0,198.0,1298.0,Invoiced
SO-003143,2025-12-16,CUST-001,Balaji Electrical Contractors,Contractor,BR-01,EMP-003,14680.0,2642.4,17322.4,Invoiced
SO-003144,2025-12-16,CUST-039,Rangasamy Electrician Workshop,Electrician,BR-03,EMP-009,2478.0,446.04,2924.04,Invoiced
SO-003145,2025-12-17,CUST-012,Karthik Residential Apartment Owner,Residential / B2C,BR-01,EMP-002,280.0,50.4,330.4,Invoiced
SO-003146,2025-12-17,CUST-035,Gowda Electrical Repairs,Electrician,BR-02,EMP-006,8271.0,1488.78,9759.78,Invoiced
SO-003147,2025-12-17,CUST-021,Mohammed Riyaz (Home Renovation),Residential / B2C,BR-01,EMP-003,1151.2,207.22,1358.42,Invoiced
SO-003148,2025-12-17,CUST-044,Mani Bros Electricals (Mani),Electrician,BR-03,EMP-009,21566.0,3881.88,25447.88,Invoiced
SO-003149,2025-12-17,CUST-013,Metro Supermarket Tambaram,Small Commercial,BR-01,EMP-002,1080.0,194.4,1274.4,Invoiced
SO-003150,2025-12-18,CUST-019,Poompuhar Handicrafts Store,Small Commercial,BR-01,EMP-002,2350.0,423.0,2773.0,Invoiced
SO-003151,2025-12-18,CUST-010,Vels Vidyashram School Campus,Institution,BR-01,EMP-003,1740.6,313.31,2053.91,Invoiced
SO-003152,2025-12-18,CUST-028,Sri Venkateshwara Hardware & Electricals,Retailer / Trader,BR-02,EMP-007,245386.8,44169.62,289556.42,Invoiced
SO-003153,2025-12-18,CUST-047,Kovai Elite Residency Hotel,Small Commercial,BR-03,EMP-009,2350.0,423.0,2773.0,Invoiced
SO-003154,2025-12-18,CUST-009,Devi Agency & Lighting Store,Retailer / Trader,BR-01,EMP-003,215124.4,38722.39,253846.79,Invoiced
SO-003155,2025-12-18,CUST-028,Sri Venkateshwara Hardware & Electricals,Retailer / Trader,BR-02,EMP-007,141287.0,25431.66,166718.66,Invoiced
SO-003156,2025-12-18,CUST-002,Kalaivani Hardware & Paints,Retailer / Trader,BR-01,EMP-002,190794.0,34342.92,225136.92,Invoiced
SO-003157,2025-12-19,CUST-029,Raghavendra Infrastructure Developers,Builder / Commercial,BR-02,EMP-006,93302.4,16794.43,110096.83,Invoiced
SO-003158,2025-12-19,CUST-048,Ramachandran (Individual House Owner),Residential / B2C,BR-03,EMP-010,330.0,59.4,389.4,Invoiced
SO-003159,2025-12-19,CUST-027,InnoTech Coworking Hub,Small Commercial,BR-02,EMP-006,1215.0,218.7,1433.7,Invoiced
SO-003160,2025-12-19,CUST-021,Mohammed Riyaz (Home Renovation),Residential / B2C,BR-01,EMP-003,2552.4,459.43,3011.83,Invoiced
SO-003161,2025-12-19,CUST-035,Gowda Electrical Repairs,Electrician,BR-02,EMP-007,12407.2,2233.3,14640.5,Invoiced
SO-003162,2025-12-20,CUST-043,Sundaram Hospital Maintenance,Institution,BR-03,EMP-009,3301.2,594.22,3895.42,Invoiced
SO-003163,2025-12-20,CUST-021,Mohammed Riyaz (Home Renovation),Residential / B2C,BR-01,EMP-002,6120.0,1101.6,7221.6,Invoiced
SO-003164,2025-12-20,CUST-032,Cauvery Engineering Contractors,Contractor,BR-02,EMP-006,116400.0,20952.0,137352.0,Invoiced
SO-003165,2025-12-20,CUST-034,Silicon Valley PG Hostel Chain,Institution,BR-02,EMP-006,2182.8,392.9,2575.7,Invoiced
SO-003166,2025-12-20,CUST-013,Metro Supermarket Tambaram,Small Commercial,BR-01,EMP-003,1700.0,306.0,2006.0,Invoiced
SO-003167,2025-12-20,CUST-020,Selvam Electrician Services,Electrician,BR-01,EMP-002,4740.0,853.2,5593.2,Invoiced
SO-003168,2025-12-20,CUST-023,Kalam Brothers Electrical Store,Retailer / Trader,BR-01,EMP-002,214258.0,38566.44,252824.44,Invoiced
SO-003169,2025-12-22,CUST-017,Apex Manufacturing Solutions,Small Commercial,BR-01,EMP-002,2583.0,464.94,3047.94,Invoiced
SO-003170,2025-12-22,CUST-001,Balaji Electrical Contractors,Contractor,BR-01,EMP-003,53260.0,9586.8,62846.8,Invoiced
SO-003171,2025-12-22,CUST-025,Brigade Vista Apartment Owners Assn,Residential / B2C,BR-02,EMP-007,4512.4,812.23,5324.63,Invoiced
SO-003172,2025-12-22,CUST-018,Lakshmi Vilas Sweets & Bakery,Small Commercial,BR-01,EMP-002,720.0,129.6,849.6,Invoiced
SO-003173,2025-12-23,CUST-023,Kalam Brothers Electrical Store,Retailer / Trader,BR-01,EMP-003,263105.6,47359.01,310464.61,Invoiced
SO-003174,2025-12-23,CUST-030,Dr. Arvind Rao Dental Clinic,Small Commercial,BR-02,EMP-006,720.0,129.6,849.6,Invoiced
SO-003175,2025-12-23,CUST-034,Silicon Valley PG Hostel Chain,Institution,BR-02,EMP-006,2150.0,387.0,2537.0,Invoiced
SO-003176,2025-12-23,CUST-030,Dr. Arvind Rao Dental Clinic,Small Commercial,BR-02,EMP-007,6900.0,1242.0,8142.0,Invoiced
SO-003177,2025-12-23,CUST-022,Global Smart Solutions (P) Ltd,Contractor,BR-01,EMP-003,7398.0,1331.64,8729.64,Invoiced
SO-003178,2025-12-24,CUST-025,Brigade Vista Apartment Owners Assn,Residential / B2C,BR-02,EMP-006,2100.0,378.0,2478.0,Invoiced
SO-003179,2025-12-24,CUST-043,Sundaram Hospital Maintenance,Institution,BR-03,EMP-009,3850.0,693.0,4543.0,Invoiced
SO-003180,2025-12-24,CUST-019,Poompuhar Handicrafts Store,Small Commercial,BR-01,EMP-003,65.0,11.7,76.7,Invoiced
SO-003181,2025-12-24,CUST-001,Balaji Electrical Contractors,Contractor,BR-01,EMP-002,14709.8,2647.76,17357.56,Invoiced
SO-003182,2025-12-24,CUST-003,Saravana Electric Works (Govindaraj),Electrician,BR-01,EMP-003,13408.0,2413.44,15821.44,Invoiced
SO-003183,2025-12-24,CUST-036,Urban Spaces Interior Studio,Contractor,BR-02,EMP-007,58205.6,10477.01,68682.61,Invoiced
SO-003184,2025-12-24,CUST-028,Sri Venkateshwara Hardware & Electricals,Retailer / Trader,BR-02,EMP-007,42647.2,7676.5,50323.7,Invoiced
SO-003185,2025-12-24,CUST-048,Ramachandran (Individual House Owner),Residential / B2C,BR-03,EMP-010,4428.0,797.04,5225.04,Invoiced
SO-003186,2025-12-25,CUST-013,Metro Supermarket Tambaram,Small Commercial,BR-01,EMP-002,3339.0,601.02,3940.02,Invoiced
SO-003187,2025-12-25,CUST-032,Cauvery Engineering Contractors,Contractor,BR-02,EMP-006,46320.0,8337.6,54657.6,Invoiced
SO-003188,2025-12-25,CUST-005,Murugan Auto Garage & Works,Small Commercial,BR-01,EMP-002,850.0,153.0,1003.0,Invoiced
SO-003189,2025-12-25,CUST-007,TechPark Facility Maintenance Team,Institution,BR-01,EMP-002,5978.0,1076.04,7054.04,Invoiced
SO-003190,2025-12-25,CUST-009,Devi Agency & Lighting Store,Retailer / Trader,BR-01,EMP-002,77958.0,14032.44,91990.44,Invoiced
SO-003191,2025-12-25,CUST-033,Suresh Babu (Villa Construction),Residential / B2C,BR-02,EMP-006,483.0,86.94,569.94,Invoiced
SO-003192,2025-12-25,CUST-039,Rangasamy Electrician Workshop,Electrician,BR-03,EMP-010,9600.0,1728.0,11328.0,Invoiced
SO-003193,2025-12-26,CUST-014,Siva Shankaran (Individual Home),Residential / B2C,BR-01,EMP-002,1080.0,194.4,1274.4,Invoiced
SO-003194,2025-12-26,CUST-022,Global Smart Solutions (P) Ltd,Contractor,BR-01,EMP-002,78405.0,14112.9,92517.9,Invoiced
SO-003195,2025-12-26,CUST-002,Kalaivani Hardware & Paints,Retailer / Trader,BR-01,EMP-003,368639.4,66355.09,434994.49,Invoiced
SO-003196,2025-12-27,CUST-025,Brigade Vista Apartment Owners Assn,Residential / B2C,BR-02,EMP-006,280.0,50.4,330.4,Invoiced
SO-003197,2025-12-27,CUST-021,Mohammed Riyaz (Home Renovation),Residential / B2C,BR-01,EMP-002,1600.0,288.0,1888.0,Invoiced
SO-003198,2025-12-27,CUST-031,Nandini Milk Parlour & Mart,Small Commercial,BR-02,EMP-007,1242.0,223.56,1465.56,Invoiced
SO-003199,2025-12-27,CUST-028,Sri Venkateshwara Hardware & Electricals,Retailer / Trader,BR-02,EMP-007,113425.0,20416.5,133841.5,Invoiced
SO-003200,2025-12-27,CUST-044,Mani Bros Electricals (Mani),Electrician,BR-03,EMP-009,8475.0,1525.5,10000.5,Invoiced
SO-003201,2025-12-29,CUST-014,Siva Shankaran (Individual Home),Residential / B2C,BR-01,EMP-003,1980.0,356.4,2336.4,Invoiced
SO-003202,2025-12-29,CUST-011,Victory Housing Projects Phase 2,Builder / Commercial,BR-01,EMP-003,9410.0,1693.8,11103.8,Invoiced
SO-003203,2025-12-29,CUST-021,Mohammed Riyaz (Home Renovation),Residential / B2C,BR-01,EMP-002,6900.0,1242.0,8142.0,Invoiced
SO-003204,2025-12-29,CUST-023,Kalam Brothers Electrical Store,Retailer / Trader,BR-01,EMP-003,99656.0,17938.08,117594.08,Invoiced
SO-003205,2025-12-29,CUST-012,Karthik Residential Apartment Owner,Residential / B2C,BR-01,EMP-003,130.0,23.4,153.4,Invoiced
SO-003206,2025-12-30,CUST-037,Kovai Textile Mills Facility Team,Small Commercial,BR-03,EMP-010,7675.0,1381.5,9056.5,Invoiced
SO-003207,2025-12-30,CUST-018,Lakshmi Vilas Sweets & Bakery,Small Commercial,BR-01,EMP-002,4700.0,846.0,5546.0,Invoiced
SO-003208,2025-12-30,CUST-045,Karthika Departmental Store,Small Commercial,BR-03,EMP-010,2460.0,442.8,2902.8,Invoiced
SO-003209,2025-12-30,CUST-012,Karthik Residential Apartment Owner,Residential / B2C,BR-01,EMP-002,662.4,119.23,781.63,Invoiced
SO-003210,2025-12-30,CUST-020,Selvam Electrician Services,Electrician,BR-01,EMP-002,5776.6,1039.79,6816.39,Invoiced
SO-003211,2025-12-30,CUST-007,TechPark Facility Maintenance Team,Institution,BR-01,EMP-002,1675.6,301.61,1977.21,Invoiced
SO-003212,2025-12-30,CUST-004,Sri Ramakrishna Builders & Infra,Builder / Commercial,BR-01,EMP-002,60358.6,10864.55,71223.15,Invoiced
SO-003213,2025-12-30,CUST-012,Karthik Residential Apartment Owner,Residential / B2C,BR-01,EMP-003,850.0,153.0,1003.0,Invoiced
SO-003214,2025-12-31,CUST-002,Kalaivani Hardware & Paints,Retailer / Trader,BR-01,EMP-003,132780.0,23900.4,156680.4,Invoiced
SO-003215,2025-12-31,CUST-020,Selvam Electrician Services,Electrician,BR-01,EMP-002,7390.0,1330.2,8720.2,Invoiced
SO-003216,2025-12-31,CUST-027,InnoTech Coworking Hub,Small Commercial,BR-02,EMP-006,525.0,94.5,619.5,Invoiced
SO-003217,2025-12-31,CUST-028,Sri Venkateshwara Hardware & Electricals,Retailer / Trader,BR-02,EMP-006,99927.0,17986.86,117913.86,Invoiced
SO-003218,2026-01-01,CUST-041,Kongu Builders & Real Estate,Builder / Commercial,BR-03,EMP-010,19391.0,3490.38,22881.38,Invoiced
SO-003219,2026-01-01,CUST-012,Karthik Residential Apartment Owner,Residential / B2C,BR-01,EMP-002,395.0,71.1,466.1,Invoiced
SO-003220,2026-01-01,CUST-006,Dr. Priya Sundaram (Home Clinic),Residential / B2C,BR-01,EMP-002,2391.6,430.49,2822.09,Invoiced
SO-003221,2026-01-01,CUST-029,Raghavendra Infrastructure Developers,Builder / Commercial,BR-02,EMP-007,9809.6,1765.73,11575.33,Invoiced
SO-003222,2026-01-01,CUST-008,Anbu Electricals (Anbazhagan),Electrician,BR-01,EMP-002,6517.0,1173.06,7690.06,Invoiced
SO-003223,2026-01-01,CUST-006,Dr. Priya Sundaram (Home Clinic),Residential / B2C,BR-01,EMP-002,360.0,64.8,424.8,Invoiced
SO-003224,2026-01-02,CUST-011,Victory Housing Projects Phase 2,Builder / Commercial,BR-01,EMP-002,153151.4,27567.25,180718.65,Invoiced
SO-003225,2026-01-02,CUST-004,Sri Ramakrishna Builders & Infra,Builder / Commercial,BR-01,EMP-003,59339.0,10681.02,70020.02,Invoiced
SO-003226,2026-01-02,CUST-014,Siva Shankaran (Individual Home),Residential / B2C,BR-01,EMP-002,4700.0,846.0,5546.0,Invoiced
SO-003227,2026-01-02,CUST-037,Kovai Textile Mills Facility Team,Small Commercial,BR-03,EMP-012,4962.2,893.2,5855.4,Invoiced
SO-003228,2026-01-03,CUST-035,Gowda Electrical Repairs,Electrician,BR-02,EMP-006,14845.0,2672.1,17517.1,Invoiced
SO-003229,2026-01-03,CUST-044,Mani Bros Electricals (Mani),Electrician,BR-03,EMP-010,4006.0,721.08,4727.08,Invoiced
SO-003230,2026-01-03,CUST-045,Karthika Departmental Store,Small Commercial,BR-03,EMP-012,616.4,110.95,727.35,Invoiced
SO-003231,2026-01-03,CUST-014,Siva Shankaran (Individual Home),Residential / B2C,BR-01,EMP-003,138.0,24.84,162.84,Invoiced
SO-003232,2026-01-03,CUST-042,Velan Pump & Motor Spares Store,Retailer / Trader,BR-03,EMP-010,63084.0,11355.12,74439.12,Invoiced
SO-003233,2026-01-03,CUST-022,Global Smart Solutions (P) Ltd,Contractor,BR-01,EMP-002,33032.0,5945.76,38977.76,Invoiced
SO-003234,2026-01-05,CUST-005,Murugan Auto Garage & Works,Small Commercial,BR-01,EMP-003,1100.0,198.0,1298.0,Invoiced
SO-003235,2026-01-05,CUST-012,Karthik Residential Apartment Owner,Residential / B2C,BR-01,EMP-003,5350.0,963.0,6313.0,Invoiced
SO-003236,2026-01-05,CUST-035,Gowda Electrical Repairs,Electrician,BR-02,EMP-007,2591.0,466.38,3057.38,Invoiced
SO-003237,2026-01-05,CUST-018,Lakshmi Vilas Sweets & Bakery,Small Commercial,BR-01,EMP-002,1920.8,345.74,2266.54,Invoiced
SO-003238,2026-01-05,CUST-007,TechPark Facility Maintenance Team,Institution,BR-01,EMP-002,560.0,100.8,660.8,Invoiced
SO-003239,2026-01-06,CUST-016,Royal Comfort Residency Hotel,Small Commercial,BR-01,EMP-002,1280.0,230.4,1510.4,Invoiced
SO-003240,2026-01-06,CUST-006,Dr. Priya Sundaram (Home Clinic),Residential / B2C,BR-01,EMP-002,600.0,108.0,708.0,Invoiced
SO-003241,2026-01-06,CUST-026,Manjunatha Electrical Works,Electrician,BR-02,EMP-007,6800.0,1224.0,8024.0,Invoiced
SO-003242,2026-01-06,CUST-029,Raghavendra Infrastructure Developers,Builder / Commercial,BR-02,EMP-006,6118.0,1101.24,7219.24,Invoiced
SO-003243,2026-01-06,CUST-012,Karthik Residential Apartment Owner,Residential / B2C,BR-01,EMP-002,3772.0,678.96,4450.96,Invoiced
SO-003244,2026-01-06,CUST-019,Poompuhar Handicrafts Store,Small Commercial,BR-01,EMP-003,750.0,135.0,885.0,Invoiced
SO-003245,2026-01-06,CUST-038,Marutham Electrical & Power Agency,Retailer / Trader,BR-03,EMP-009,98075.0,17653.5,115728.5,Invoiced
SO-003246,2026-01-07,CUST-026,Manjunatha Electrical Works,Electrician,BR-02,EMP-006,6516.0,1172.88,7688.88,Invoiced
SO-003247,2026-01-07,CUST-039,Rangasamy Electrician Workshop,Electrician,BR-03,EMP-010,5645.0,1016.1,6661.1,Invoiced
SO-003248,2026-01-07,CUST-015,Srinivasan & Sons Contractor,Contractor,BR-01,EMP-003,69119.0,12441.42,81560.42,Invoiced
SO-003249,2026-01-07,CUST-034,Silicon Valley PG Hostel Chain,Institution,BR-02,EMP-007,1115.0,200.7,1315.7,Invoiced
SO-003250,2026-01-07,CUST-006,Dr. Priya Sundaram (Home Clinic),Residential / B2C,BR-01,EMP-003,65.0,11.7,76.7,Invoiced
SO-003251,2026-01-07,CUST-025,Brigade Vista Apartment Owners Assn,Residential / B2C,BR-02,EMP-007,3420.8,615.74,4036.54,Invoiced
SO-003252,2026-01-07,CUST-032,Cauvery Engineering Contractors,Contractor,BR-02,EMP-006,35413.2,6374.38,41787.58,Invoiced
SO-003253,2026-01-07,CUST-030,Dr. Arvind Rao Dental Clinic,Small Commercial,BR-02,EMP-006,4861.0,874.98,5735.98,Invoiced
SO-003254,2026-01-08,CUST-017,Apex Manufacturing Solutions,Small Commercial,BR-01,EMP-002,597.4,107.53,704.93,Invoiced
SO-003255,2026-01-08,CUST-014,Siva Shankaran (Individual Home),Residential / B2C,BR-01,EMP-002,441.6,79.49,521.09,Invoiced
SO-003256,2026-01-08,CUST-016,Royal Comfort Residency Hotel,Small Commercial,BR-01,EMP-002,850.0,153.0,1003.0,Invoiced
SO-003257,2026-01-08,CUST-043,Sundaram Hospital Maintenance,Institution,BR-03,EMP-010,304.8,54.86,359.66,Invoiced
SO-003258,2026-01-08,CUST-021,Mohammed Riyaz (Home Renovation),Residential / B2C,BR-01,EMP-002,3029.2,545.26,3574.46,Invoiced
SO-003259,2026-01-08,CUST-013,Metro Supermarket Tambaram,Small Commercial,BR-01,EMP-003,542.8,97.7,640.5,Invoiced
SO-003260,2026-01-08,CUST-025,Brigade Vista Apartment Owners Assn,Residential / B2C,BR-02,EMP-007,562.0,101.16,663.16,Invoiced
SO-003261,2026-01-08,CUST-023,Kalam Brothers Electrical Store,Retailer / Trader,BR-01,EMP-003,56415.0,10154.7,66569.7,Invoiced
SO-003262,2026-01-09,CUST-006,Dr. Priya Sundaram (Home Clinic),Residential / B2C,BR-01,EMP-002,2900.0,522.0,3422.0,Invoiced
SO-003263,2026-01-09,CUST-037,Kovai Textile Mills Facility Team,Small Commercial,BR-03,EMP-010,1700.0,306.0,2006.0,Invoiced
SO-003264,2026-01-09,CUST-016,Royal Comfort Residency Hotel,Small Commercial,BR-01,EMP-002,8600.0,1548.0,10148.0,Invoiced
SO-003265,2026-01-09,CUST-028,Sri Venkateshwara Hardware & Electricals,Retailer / Trader,BR-02,EMP-006,207566.0,37361.88,244927.88,Invoiced
SO-003266,2026-01-09,CUST-019,Poompuhar Handicrafts Store,Small Commercial,BR-01,EMP-002,280.0,50.4,330.4,Invoiced
SO-003267,2026-01-09,CUST-046,Annamalai Agro Processing Unit,Small Commercial,BR-03,EMP-012,1412.4,254.23,1666.63,Invoiced
SO-003268,2026-01-09,CUST-030,Dr. Arvind Rao Dental Clinic,Small Commercial,BR-02,EMP-006,2350.0,423.0,2773.0,Invoiced
SO-003269,2026-01-10,CUST-045,Karthika Departmental Store,Small Commercial,BR-03,EMP-012,736.0,132.48,868.48,Invoiced
SO-003270,2026-01-10,CUST-010,Vels Vidyashram School Campus,Institution,BR-01,EMP-003,5938.0,1068.84,7006.84,Invoiced
SO-003271,2026-01-10,CUST-003,Saravana Electric Works (Govindaraj),Electrician,BR-01,EMP-002,2905.0,522.9,3427.9,Invoiced
SO-003272,2026-01-10,CUST-030,Dr. Arvind Rao Dental Clinic,Small Commercial,BR-02,EMP-006,441.6,79.49,521.09,Invoiced
SO-003273,2026-01-10,CUST-046,Annamalai Agro Processing Unit,Small Commercial,BR-03,EMP-012,84.0,15.12,99.12,Invoiced
SO-003274,2026-01-10,CUST-031,Nandini Milk Parlour & Mart,Small Commercial,BR-02,EMP-007,545.0,98.1,643.1,Invoiced
SO-003275,2026-01-12,CUST-018,Lakshmi Vilas Sweets & Bakery,Small Commercial,BR-01,EMP-002,30.0,5.4,35.4,Invoiced
SO-003276,2026-01-12,CUST-035,Gowda Electrical Repairs,Electrician,BR-02,EMP-007,24920.0,4485.6,29405.6,Invoiced
SO-003277,2026-01-12,CUST-036,Urban Spaces Interior Studio,Contractor,BR-02,EMP-007,69168.8,12450.38,81619.18,Invoiced
SO-003278,2026-01-12,CUST-012,Karthik Residential Apartment Owner,Residential / B2C,BR-01,EMP-003,305.0,54.9,359.9,Invoiced
SO-003279,2026-01-13,CUST-001,Balaji Electrical Contractors,Contractor,BR-01,EMP-002,19812.0,3566.16,23378.16,Invoiced
SO-003280,2026-01-13,CUST-023,Kalam Brothers Electrical Store,Retailer / Trader,BR-01,EMP-003,61254.0,11025.72,72279.72,Invoiced
SO-003281,2026-01-13,CUST-041,Kongu Builders & Real Estate,Builder / Commercial,BR-03,EMP-012,40974.0,7375.32,48349.32,Invoiced
SO-003282,2026-01-13,CUST-017,Apex Manufacturing Solutions,Small Commercial,BR-01,EMP-003,4450.0,801.0,5251.0,Invoiced
SO-003283,2026-01-14,CUST-003,Saravana Electric Works (Govindaraj),Electrician,BR-01,EMP-003,19412.0,3494.16,22906.16,Invoiced
SO-003284,2026-01-14,CUST-005,Murugan Auto Garage & Works,Small Commercial,BR-01,EMP-002,828.0,149.04,977.04,Invoiced
SO-003285,2026-01-14,CUST-041,Kongu Builders & Real Estate,Builder / Commercial,BR-03,EMP-010,134694.0,24244.92,158938.92,Invoiced
SO-003286,2026-01-15,CUST-007,TechPark Facility Maintenance Team,Institution,BR-01,EMP-003,1784.0,321.12,2105.12,Invoiced
SO-003287,2026-01-15,CUST-030,Dr. Arvind Rao Dental Clinic,Small Commercial,BR-02,EMP-007,1016.2,182.92,1199.12,Invoiced
SO-003288,2026-01-15,CUST-022,Global Smart Solutions (P) Ltd,Contractor,BR-01,EMP-003,166225.8,29920.64,196146.44,Invoiced
SO-003289,2026-01-15,CUST-006,Dr. Priya Sundaram (Home Clinic),Residential / B2C,BR-01,EMP-003,740.0,133.2,873.2,Invoiced
SO-003290,2026-01-15,CUST-009,Devi Agency & Lighting Store,Retailer / Trader,BR-01,EMP-002,138011.2,24842.01,162853.21,Invoiced
SO-003291,2026-01-15,CUST-040,Sri Krishna Engineering College Hostel,Institution,BR-03,EMP-009,101.2,18.22,119.42,Invoiced
SO-003292,2026-01-16,CUST-041,Kongu Builders & Real Estate,Builder / Commercial,BR-03,EMP-012,14242.0,2563.56,16805.56,Invoiced
SO-003293,2026-01-16,CUST-012,Karthik Residential Apartment Owner,Residential / B2C,BR-01,EMP-003,130.0,23.4,153.4,Invoiced
SO-003294,2026-01-16,CUST-039,Rangasamy Electrician Workshop,Electrician,BR-03,EMP-010,7667.0,1380.06,9047.06,Invoiced
SO-003295,2026-01-16,CUST-018,Lakshmi Vilas Sweets & Bakery,Small Commercial,BR-01,EMP-003,414.0,74.52,488.52,Invoiced
SO-003296,2026-01-16,CUST-027,InnoTech Coworking Hub,Small Commercial,BR-02,EMP-006,131.2,23.62,154.82,Invoiced
SO-003297,2026-01-17,CUST-008,Anbu Electricals (Anbazhagan),Electrician,BR-01,EMP-002,3990.0,718.2,4708.2,Invoiced
SO-003298,2026-01-17,CUST-037,Kovai Textile Mills Facility Team,Small Commercial,BR-03,EMP-009,6965.0,1253.7,8218.7,Invoiced
SO-003299,2026-01-17,CUST-013,Metro Supermarket Tambaram,Small Commercial,BR-01,EMP-002,685.0,123.3,808.3,Invoiced
SO-003300,2026-01-17,CUST-029,Raghavendra Infrastructure Developers,Builder / Commercial,BR-02,EMP-007,118076.0,21253.68,139329.68,Invoiced
SO-003301,2026-01-19,CUST-004,Sri Ramakrishna Builders & Infra,Builder / Commercial,BR-01,EMP-003,39962.0,7193.16,47155.16,Invoiced
SO-003302,2026-01-19,CUST-035,Gowda Electrical Repairs,Electrician,BR-02,EMP-006,4350.0,783.0,5133.0,Invoiced
SO-003303,2026-01-19,CUST-026,Manjunatha Electrical Works,Electrician,BR-02,EMP-006,2260.0,406.8,2666.8,Invoiced
SO-003304,2026-01-19,CUST-022,Global Smart Solutions (P) Ltd,Contractor,BR-01,EMP-003,20450.0,3681.0,24131.0,Invoiced
SO-003305,2026-01-20,CUST-043,Sundaram Hospital Maintenance,Institution,BR-03,EMP-012,5665.0,1019.7,6684.7,Invoiced
SO-003306,2026-01-20,CUST-032,Cauvery Engineering Contractors,Contractor,BR-02,EMP-006,22763.0,4097.34,26860.34,Invoiced
SO-003307,2026-01-20,CUST-010,Vels Vidyashram School Campus,Institution,BR-01,EMP-003,1100.0,198.0,1298.0,Invoiced
SO-003308,2026-01-20,CUST-028,Sri Venkateshwara Hardware & Electricals,Retailer / Trader,BR-02,EMP-007,75109.8,13519.76,88629.56,Invoiced
SO-003309,2026-01-20,CUST-033,Suresh Babu (Villa Construction),Residential / B2C,BR-02,EMP-007,3749.0,674.82,4423.82,Invoiced
SO-003310,2026-01-20,CUST-015,Srinivasan & Sons Contractor,Contractor,BR-01,EMP-002,6365.0,1145.7,7510.7,Invoiced
SO-003311,2026-01-20,CUST-015,Srinivasan & Sons Contractor,Contractor,BR-01,EMP-002,93714.8,16868.66,110583.46,Invoiced
SO-003312,2026-01-20,CUST-048,Ramachandran (Individual House Owner),Residential / B2C,BR-03,EMP-010,1065.0,191.7,1256.7,Invoiced
SO-003313,2026-01-21,CUST-043,Sundaram Hospital Maintenance,Institution,BR-03,EMP-010,161.0,28.98,189.98,Invoiced
SO-003314,2026-01-21,CUST-003,Saravana Electric Works (Govindaraj),Electrician,BR-01,EMP-003,11360.0,2044.8,13404.8,Invoiced
SO-003315,2026-01-21,CUST-025,Brigade Vista Apartment Owners Assn,Residential / B2C,BR-02,EMP-007,2350.0,423.0,2773.0,Invoiced
SO-003316,2026-01-21,CUST-031,Nandini Milk Parlour & Mart,Small Commercial,BR-02,EMP-007,230.0,41.4,271.4,Invoiced
SO-003317,2026-01-21,CUST-016,Royal Comfort Residency Hotel,Small Commercial,BR-01,EMP-002,240.0,43.2,283.2,Invoiced
SO-003318,2026-01-21,CUST-007,TechPark Facility Maintenance Team,Institution,BR-01,EMP-003,2680.8,482.54,3163.34,Invoiced
SO-003319,2026-01-22,CUST-043,Sundaram Hospital Maintenance,Institution,BR-03,EMP-012,1050.0,189.0,1239.0,Invoiced
SO-003320,2026-01-22,CUST-019,Poompuhar Handicrafts Store,Small Commercial,BR-01,EMP-003,2692.8,484.71,3177.51,Invoiced
SO-003321,2026-01-22,CUST-029,Raghavendra Infrastructure Developers,Builder / Commercial,BR-02,EMP-007,180291.6,32452.48,212744.08,Invoiced
SO-003322,2026-01-22,CUST-032,Cauvery Engineering Contractors,Contractor,BR-02,EMP-007,24091.2,4336.42,28427.62,Invoiced
SO-003323,2026-01-22,CUST-004,Sri Ramakrishna Builders & Infra,Builder / Commercial,BR-01,EMP-002,17571.8,3162.92,20734.72,Invoiced
SO-003324,2026-01-22,CUST-005,Murugan Auto Garage & Works,Small Commercial,BR-01,EMP-003,789.0,142.02,931.02,Invoiced
SO-003325,2026-01-22,CUST-029,Raghavendra Infrastructure Developers,Builder / Commercial,BR-02,EMP-006,103649.0,18656.82,122305.82,Invoiced
SO-003326,2026-01-23,CUST-008,Anbu Electricals (Anbazhagan),Electrician,BR-01,EMP-002,32610.0,5869.8,38479.8,Invoiced
SO-003327,2026-01-23,CUST-038,Marutham Electrical & Power Agency,Retailer / Trader,BR-03,EMP-012,136046.4,24488.35,160534.75,Invoiced
SO-003328,2026-01-23,CUST-019,Poompuhar Handicrafts Store,Small Commercial,BR-01,EMP-003,2645.0,476.1,3121.1,Invoiced
SO-003329,2026-01-23,CUST-021,Mohammed Riyaz (Home Renovation),Residential / B2C,BR-01,EMP-002,130.0,23.4,153.4,Invoiced
SO-003330,2026-01-23,CUST-047,Kovai Elite Residency Hotel,Small Commercial,BR-03,EMP-009,240.0,43.2,283.2,Invoiced
SO-003331,2026-01-23,CUST-036,Urban Spaces Interior Studio,Contractor,BR-02,EMP-006,44342.2,7981.6,52323.8,Invoiced
SO-003332,2026-01-23,CUST-038,Marutham Electrical & Power Agency,Retailer / Trader,BR-03,EMP-010,218902.0,39402.36,258304.36,Invoiced
SO-003333,2026-01-23,CUST-047,Kovai Elite Residency Hotel,Small Commercial,BR-03,EMP-012,1930.0,347.4,2277.4,Invoiced
SO-003334,2026-01-24,CUST-001,Balaji Electrical Contractors,Contractor,BR-01,EMP-003,79596.8,14327.42,93924.22,Invoiced
SO-003335,2026-01-24,CUST-012,Karthik Residential Apartment Owner,Residential / B2C,BR-01,EMP-003,789.0,142.02,931.02,Invoiced
SO-003336,2026-01-24,CUST-046,Annamalai Agro Processing Unit,Small Commercial,BR-03,EMP-010,414.0,74.52,488.52,Invoiced
SO-003337,2026-01-24,CUST-001,Balaji Electrical Contractors,Contractor,BR-01,EMP-002,228118.0,41061.24,269179.24,Invoiced
SO-003338,2026-01-24,CUST-041,Kongu Builders & Real Estate,Builder / Commercial,BR-03,EMP-009,32262.8,5807.3,38070.1,Invoiced
SO-003339,2026-01-24,CUST-005,Murugan Auto Garage & Works,Small Commercial,BR-01,EMP-003,3772.0,678.96,4450.96,Invoiced
SO-003340,2026-01-26,CUST-015,Srinivasan & Sons Contractor,Contractor,BR-01,EMP-002,17731.0,3191.58,20922.58,Invoiced
SO-003341,2026-01-26,CUST-038,Marutham Electrical & Power Agency,Retailer / Trader,BR-03,EMP-009,215020.4,38703.67,253724.07,Invoiced
SO-003342,2026-01-26,CUST-017,Apex Manufacturing Solutions,Small Commercial,BR-01,EMP-002,2811.2,506.02,3317.22,Invoiced
SO-003343,2026-01-26,CUST-018,Lakshmi Vilas Sweets & Bakery,Small Commercial,BR-01,EMP-003,165.0,29.7,194.7,Invoiced
SO-003344,2026-01-26,CUST-047,Kovai Elite Residency Hotel,Small Commercial,BR-03,EMP-012,1550.8,279.14,1829.94,Invoiced
SO-003345,2026-01-27,CUST-028,Sri Venkateshwara Hardware & Electricals,Retailer / Trader,BR-02,EMP-006,126975.0,22855.5,149830.5,Invoiced
SO-003346,2026-01-27,CUST-042,Velan Pump & Motor Spares Store,Retailer / Trader,BR-03,EMP-009,285991.0,51478.38,337469.38,Invoiced
SO-003347,2026-01-27,CUST-046,Annamalai Agro Processing Unit,Small Commercial,BR-03,EMP-010,1541.6,277.49,1819.09,Invoiced
SO-003348,2026-01-27,CUST-046,Annamalai Agro Processing Unit,Small Commercial,BR-03,EMP-012,2488.0,447.84,2935.84,Invoiced
SO-003349,2026-01-27,CUST-028,Sri Venkateshwara Hardware & Electricals,Retailer / Trader,BR-02,EMP-007,185553.0,33399.54,218952.54,Invoiced
SO-003350,2026-01-27,CUST-010,Vels Vidyashram School Campus,Institution,BR-01,EMP-002,1145.0,206.1,1351.1,Invoiced
SO-003351,2026-01-27,CUST-009,Devi Agency & Lighting Store,Retailer / Trader,BR-01,EMP-003,222170.0,39990.6,262160.6,Invoiced
SO-003352,2026-01-28,CUST-029,Raghavendra Infrastructure Developers,Builder / Commercial,BR-02,EMP-007,49016.6,8822.99,57839.59,Invoiced
SO-003353,2026-01-28,CUST-008,Anbu Electricals (Anbazhagan),Electrician,BR-01,EMP-002,9023.0,1624.14,10647.14,Invoiced
SO-003354,2026-01-28,CUST-036,Urban Spaces Interior Studio,Contractor,BR-02,EMP-007,42582.8,7664.9,50247.7,Invoiced
SO-003355,2026-01-28,CUST-008,Anbu Electricals (Anbazhagan),Electrician,BR-01,EMP-002,9600.0,1728.0,11328.0,Invoiced
SO-003356,2026-01-28,CUST-032,Cauvery Engineering Contractors,Contractor,BR-02,EMP-006,44389.0,7990.02,52379.02,Invoiced
SO-003357,2026-01-28,CUST-011,Victory Housing Projects Phase 2,Builder / Commercial,BR-01,EMP-002,81954.6,14751.83,96706.43,Invoiced
SO-003358,2026-01-28,CUST-033,Suresh Babu (Villa Construction),Residential / B2C,BR-02,EMP-006,3960.0,712.8,4672.8,Invoiced
SO-003359,2026-01-29,CUST-002,Kalaivani Hardware & Paints,Retailer / Trader,BR-01,EMP-003,178577.2,32143.9,210721.1,Invoiced
SO-003360,2026-01-29,CUST-037,Kovai Textile Mills Facility Team,Small Commercial,BR-03,EMP-009,4630.0,833.4,5463.4,Invoiced
SO-003361,2026-01-29,CUST-020,Selvam Electrician Services,Electrician,BR-01,EMP-003,4105.0,738.9,4843.9,Invoiced
SO-003362,2026-01-30,CUST-015,Srinivasan & Sons Contractor,Contractor,BR-01,EMP-002,103221.6,18579.89,121801.49,Invoiced
SO-003363,2026-01-30,CUST-035,Gowda Electrical Repairs,Electrician,BR-02,EMP-007,2909.6,523.73,3433.33,Invoiced
SO-003364,2026-01-30,CUST-038,Marutham Electrical & Power Agency,Retailer / Trader,BR-03,EMP-009,47545.4,8558.17,56103.57,Invoiced
SO-003365,2026-01-30,CUST-007,TechPark Facility Maintenance Team,Institution,BR-01,EMP-002,65.0,11.7,76.7,Invoiced
SO-003366,2026-01-30,CUST-033,Suresh Babu (Villa Construction),Residential / B2C,BR-02,EMP-007,2650.8,477.14,3127.94,Invoiced
SO-003367,2026-01-30,CUST-005,Murugan Auto Garage & Works,Small Commercial,BR-01,EMP-003,2570.8,462.74,3033.54,Invoiced
SO-003368,2026-01-31,CUST-014,Siva Shankaran (Individual Home),Residential / B2C,BR-01,EMP-002,9000.0,1620.0,10620.0,Invoiced
SO-003369,2026-01-31,CUST-019,Poompuhar Handicrafts Store,Small Commercial,BR-01,EMP-002,2517.4,453.13,2970.53,Invoiced
SO-003370,2026-01-31,CUST-013,Metro Supermarket Tambaram,Small Commercial,BR-01,EMP-002,360.0,64.8,424.8,Invoiced
SO-003371,2026-01-31,CUST-022,Global Smart Solutions (P) Ltd,Contractor,BR-01,EMP-002,133619.4,24051.49,157670.89,Invoiced
SO-003372,2026-01-31,CUST-022,Global Smart Solutions (P) Ltd,Contractor,BR-01,EMP-002,136590.4,24586.27,161176.67,Invoiced
SO-003373,2026-01-31,CUST-030,Dr. Arvind Rao Dental Clinic,Small Commercial,BR-02,EMP-006,1768.8,318.38,2087.18,Invoiced
SO-003374,2026-01-31,CUST-041,Kongu Builders & Real Estate,Builder / Commercial,BR-03,EMP-009,89329.0,16079.22,105408.22,Invoiced
SO-003375,2026-01-31,CUST-006,Dr. Priya Sundaram (Home Clinic),Residential / B2C,BR-01,EMP-002,2850.8,513.14,3363.94,Invoiced
SO-003376,2026-02-02,CUST-039,Rangasamy Electrician Workshop,Electrician,BR-03,EMP-010,5394.0,970.92,6364.92,Invoiced
SO-003377,2026-02-02,CUST-005,Murugan Auto Garage & Works,Small Commercial,BR-01,EMP-003,6719.0,1209.42,7928.42,Invoiced
SO-003378,2026-02-02,CUST-020,Selvam Electrician Services,Electrician,BR-01,EMP-003,9820.0,1767.6,11587.6,Invoiced
SO-003379,2026-02-02,CUST-025,Brigade Vista Apartment Owners Assn,Residential / B2C,BR-02,EMP-007,1240.0,223.2,1463.2,Invoiced
SO-003380,2026-02-02,CUST-009,Devi Agency & Lighting Store,Retailer / Trader,BR-01,EMP-003,163302.4,29394.43,192696.83,Invoiced
SO-003381,2026-02-03,CUST-042,Velan Pump & Motor Spares Store,Retailer / Trader,BR-03,EMP-010,204423.0,36796.14,241219.14,Invoiced
SO-003382,2026-02-03,CUST-022,Global Smart Solutions (P) Ltd,Contractor,BR-01,EMP-002,51590.0,9286.2,60876.2,Invoiced
SO-003383,2026-02-03,CUST-030,Dr. Arvind Rao Dental Clinic,Small Commercial,BR-02,EMP-006,2350.0,423.0,2773.0,Invoiced
SO-003384,2026-02-03,CUST-005,Murugan Auto Garage & Works,Small Commercial,BR-01,EMP-002,7620.0,1371.6,8991.6,Invoiced
SO-003385,2026-02-03,CUST-027,InnoTech Coworking Hub,Small Commercial,BR-02,EMP-006,15.0,2.7,17.7,Invoiced
SO-003386,2026-02-03,CUST-010,Vels Vidyashram School Campus,Institution,BR-01,EMP-003,2350.0,423.0,2773.0,Invoiced
SO-003387,2026-02-03,CUST-014,Siva Shankaran (Individual Home),Residential / B2C,BR-01,EMP-003,280.0,50.4,330.4,Invoiced
SO-003388,2026-02-04,CUST-007,TechPark Facility Maintenance Team,Institution,BR-01,EMP-003,1054.0,189.72,1243.72,Invoiced
SO-003389,2026-02-04,CUST-045,Karthika Departmental Store,Small Commercial,BR-03,EMP-012,3450.0,621.0,4071.0,Invoiced
SO-003390,2026-02-04,CUST-037,Kovai Textile Mills Facility Team,Small Commercial,BR-03,EMP-012,7636.0,1374.48,9010.48,Invoiced
SO-003391,2026-02-05,CUST-015,Srinivasan & Sons Contractor,Contractor,BR-01,EMP-002,33180.6,5972.51,39153.11,Invoiced
SO-003392,2026-02-05,CUST-025,Brigade Vista Apartment Owners Assn,Residential / B2C,BR-02,EMP-006,3900.0,702.0,4602.0,Invoiced
SO-003393,2026-02-05,CUST-021,Mohammed Riyaz (Home Renovation),Residential / B2C,BR-01,EMP-002,280.0,50.4,330.4,Invoiced
SO-003394,2026-02-06,CUST-014,Siva Shankaran (Individual Home),Residential / B2C,BR-01,EMP-003,886.2,159.52,1045.72,Invoiced
SO-003395,2026-02-06,CUST-041,Kongu Builders & Real Estate,Builder / Commercial,BR-03,EMP-009,9096.0,1637.28,10733.28,Invoiced
SO-003396,2026-02-06,CUST-003,Saravana Electric Works (Govindaraj),Electrician,BR-01,EMP-002,6555.0,1179.9,7734.9,Invoiced
SO-003397,2026-02-06,CUST-012,Karthik Residential Apartment Owner,Residential / B2C,BR-01,EMP-002,30.0,5.4,35.4,Invoiced
SO-003398,2026-02-06,CUST-012,Karthik Residential Apartment Owner,Residential / B2C,BR-01,EMP-003,589.0,106.02,695.02,Invoiced
SO-003399,2026-02-06,CUST-035,Gowda Electrical Repairs,Electrician,BR-02,EMP-007,1310.0,235.8,1545.8,Invoiced
SO-003400,2026-02-06,CUST-039,Rangasamy Electrician Workshop,Electrician,BR-03,EMP-009,4943.2,889.78,5832.98,Invoiced
SO-003401,2026-02-07,CUST-005,Murugan Auto Garage & Works,Small Commercial,BR-01,EMP-002,2352.4,423.43,2775.83,Invoiced
SO-003402,2026-02-07,CUST-010,Vels Vidyashram School Campus,Institution,BR-01,EMP-003,1700.0,306.0,2006.0,Invoiced
SO-003403,2026-02-07,CUST-048,Ramachandran (Individual House Owner),Residential / B2C,BR-03,EMP-010,5550.0,999.0,6549.0,Invoiced
SO-003404,2026-02-09,CUST-026,Manjunatha Electrical Works,Electrician,BR-02,EMP-007,3786.0,681.48,4467.48,Invoiced
SO-003405,2026-02-09,CUST-029,Raghavendra Infrastructure Developers,Builder / Commercial,BR-02,EMP-006,41433.0,7457.94,48890.94,Invoiced
SO-003406,2026-02-09,CUST-022,Global Smart Solutions (P) Ltd,Contractor,BR-01,EMP-002,145825.6,26248.61,172074.21,Invoiced
SO-003407,2026-02-09,CUST-041,Kongu Builders & Real Estate,Builder / Commercial,BR-03,EMP-010,6207.4,1117.33,7324.73,Invoiced
SO-003408,2026-02-09,CUST-044,Mani Bros Electricals (Mani),Electrician,BR-03,EMP-010,10758.0,1936.44,12694.44,Invoiced
SO-003409,2026-02-09,CUST-003,Saravana Electric Works (Govindaraj),Electrician,BR-01,EMP-002,799.0,143.82,942.82,Invoiced
SO-003410,2026-02-09,CUST-010,Vels Vidyashram School Campus,Institution,BR-01,EMP-003,322.0,57.96,379.96,Invoiced
SO-003411,2026-02-09,CUST-015,Srinivasan & Sons Contractor,Contractor,BR-01,EMP-002,139380.0,25088.4,164468.4,Invoiced
SO-003412,2026-02-10,CUST-029,Raghavendra Infrastructure Developers,Builder / Commercial,BR-02,EMP-007,150618.6,27111.35,177729.95,Invoiced
SO-003413,2026-02-10,CUST-013,Metro Supermarket Tambaram,Small Commercial,BR-01,EMP-003,220.8,39.74,260.54,Invoiced
SO-003414,2026-02-10,CUST-015,Srinivasan & Sons Contractor,Contractor,BR-01,EMP-003,20588.8,3705.98,24294.78,Invoiced
SO-003415,2026-02-10,CUST-015,Srinivasan & Sons Contractor,Contractor,BR-01,EMP-003,44597.6,8027.57,52625.17,Invoiced
SO-003416,2026-02-10,CUST-004,Sri Ramakrishna Builders & Infra,Builder / Commercial,BR-01,EMP-003,244136.0,43944.48,288080.48,Invoiced
SO-003417,2026-02-10,CUST-012,Karthik Residential Apartment Owner,Residential / B2C,BR-01,EMP-002,1016.2,182.92,1199.12,Invoiced
SO-003418,2026-02-11,CUST-004,Sri Ramakrishna Builders & Infra,Builder / Commercial,BR-01,EMP-003,145403.8,26172.68,171576.48,Invoiced
SO-003419,2026-02-11,CUST-044,Mani Bros Electricals (Mani),Electrician,BR-03,EMP-009,5880.0,1058.4,6938.4,Invoiced
SO-003420,2026-02-11,CUST-019,Poompuhar Handicrafts Store,Small Commercial,BR-01,EMP-002,8219.0,1479.42,9698.42,Invoiced
SO-003421,2026-02-12,CUST-033,Suresh Babu (Villa Construction),Residential / B2C,BR-02,EMP-007,429.0,77.22,506.22,Invoiced
SO-003422,2026-02-12,CUST-028,Sri Venkateshwara Hardware & Electricals,Retailer / Trader,BR-02,EMP-007,30040.4,5407.27,35447.67,Invoiced
SO-003423,2026-02-12,CUST-034,Silicon Valley PG Hostel Chain,Institution,BR-02,EMP-007,2764.0,497.52,3261.52,Invoiced
SO-003424,2026-02-12,CUST-014,Siva Shankaran (Individual Home),Residential / B2C,BR-01,EMP-002,1050.0,189.0,1239.0,Invoiced
SO-003425,2026-02-13,CUST-043,Sundaram Hospital Maintenance,Institution,BR-03,EMP-009,2150.0,387.0,2537.0,Invoiced
SO-003426,2026-02-13,CUST-021,Mohammed Riyaz (Home Renovation),Residential / B2C,BR-01,EMP-002,646.2,116.32,762.52,Invoiced
SO-003427,2026-02-13,CUST-004,Sri Ramakrishna Builders & Infra,Builder / Commercial,BR-01,EMP-003,8304.0,1494.72,9798.72,Invoiced
SO-003428,2026-02-13,CUST-019,Poompuhar Handicrafts Store,Small Commercial,BR-01,EMP-002,1050.0,189.0,1239.0,Invoiced
SO-003429,2026-02-13,CUST-043,Sundaram Hospital Maintenance,Institution,BR-03,EMP-012,690.0,124.2,814.2,Invoiced
SO-003430,2026-02-13,CUST-047,Kovai Elite Residency Hotel,Small Commercial,BR-03,EMP-009,2303.0,414.54,2717.54,Invoiced
SO-003431,2026-02-13,CUST-037,Kovai Textile Mills Facility Team,Small Commercial,BR-03,EMP-012,3138.0,564.84,3702.84,Invoiced
SO-003432,2026-02-14,CUST-018,Lakshmi Vilas Sweets & Bakery,Small Commercial,BR-01,EMP-002,8170.8,1470.74,9641.54,Invoiced
SO-003433,2026-02-14,CUST-030,Dr. Arvind Rao Dental Clinic,Small Commercial,BR-02,EMP-006,2511.0,451.98,2962.98,Invoiced
SO-003434,2026-02-14,CUST-041,Kongu Builders & Real Estate,Builder / Commercial,BR-03,EMP-009,13450.0,2421.0,15871.0,Invoiced
SO-003435,2026-02-14,CUST-031,Nandini Milk Parlour & Mart,Small Commercial,BR-02,EMP-006,5564.0,1001.52,6565.52,Invoiced
SO-003436,2026-02-14,CUST-011,Victory Housing Projects Phase 2,Builder / Commercial,BR-01,EMP-002,123186.0,22173.48,145359.48,Invoiced
SO-003437,2026-02-14,CUST-009,Devi Agency & Lighting Store,Retailer / Trader,BR-01,EMP-003,28386.2,5109.52,33495.72,Invoiced
SO-003438,2026-02-14,CUST-047,Kovai Elite Residency Hotel,Small Commercial,BR-03,EMP-012,785.0,141.3,926.3,Invoiced
SO-003439,2026-02-14,CUST-008,Anbu Electricals (Anbazhagan),Electrician,BR-01,EMP-002,17080.0,3074.4,20154.4,Invoiced
SO-003440,2026-02-16,CUST-041,Kongu Builders & Real Estate,Builder / Commercial,BR-03,EMP-010,91349.4,16442.89,107792.29,Invoiced
SO-003441,2026-02-16,CUST-004,Sri Ramakrishna Builders & Infra,Builder / Commercial,BR-01,EMP-003,83705.4,15066.97,98772.37,Invoiced
SO-003442,2026-02-16,CUST-015,Srinivasan & Sons Contractor,Contractor,BR-01,EMP-003,117229.6,21101.33,138330.93,Invoiced
SO-003443,2026-02-16,CUST-041,Kongu Builders & Real Estate,Builder / Commercial,BR-03,EMP-010,232827.2,41908.9,274736.1,Invoiced
SO-003444,2026-02-16,CUST-029,Raghavendra Infrastructure Developers,Builder / Commercial,BR-02,EMP-006,15286.0,2751.48,18037.48,Invoiced
SO-003445,2026-02-16,CUST-032,Cauvery Engineering Contractors,Contractor,BR-02,EMP-006,99045.6,17828.21,116873.81,Invoiced
SO-003446,2026-02-16,CUST-002,Kalaivani Hardware & Paints,Retailer / Trader,BR-01,EMP-002,15766.0,2837.88,18603.88,Invoiced
SO-003447,2026-02-16,CUST-018,Lakshmi Vilas Sweets & Bakery,Small Commercial,BR-01,EMP-003,1131.6,203.69,1335.29,Invoiced
SO-003448,2026-02-17,CUST-045,Karthika Departmental Store,Small Commercial,BR-03,EMP-012,414.0,74.52,488.52,Invoiced
SO-003449,2026-02-17,CUST-038,Marutham Electrical & Power Agency,Retailer / Trader,BR-03,EMP-009,14310.0,2575.8,16885.8,Invoiced
SO-003450,2026-02-17,CUST-003,Saravana Electric Works (Govindaraj),Electrician,BR-01,EMP-003,4832.0,869.76,5701.76,Invoiced
SO-003451,2026-02-17,CUST-018,Lakshmi Vilas Sweets & Bakery,Small Commercial,BR-01,EMP-002,2531.8,455.72,2987.52,Invoiced
SO-003452,2026-02-18,CUST-009,Devi Agency & Lighting Store,Retailer / Trader,BR-01,EMP-002,453610.0,81649.8,535259.8,Invoiced
SO-003453,2026-02-18,CUST-047,Kovai Elite Residency Hotel,Small Commercial,BR-03,EMP-010,1820.0,327.6,2147.6,Invoiced
SO-003454,2026-02-18,CUST-008,Anbu Electricals (Anbazhagan),Electrician,BR-01,EMP-003,10328.0,1859.04,12187.04,Invoiced
SO-003455,2026-02-19,CUST-026,Manjunatha Electrical Works,Electrician,BR-02,EMP-006,13032.0,2345.76,15377.76,Invoiced
SO-003456,2026-02-19,CUST-002,Kalaivani Hardware & Paints,Retailer / Trader,BR-01,EMP-003,47775.0,8599.5,56374.5,Invoiced
SO-003457,2026-02-19,CUST-012,Karthik Residential Apartment Owner,Residential / B2C,BR-01,EMP-002,363.4,65.41,428.81,Invoiced
SO-003458,2026-02-19,CUST-010,Vels Vidyashram School Campus,Institution,BR-01,EMP-003,240.0,43.2,283.2,Invoiced
SO-003459,2026-02-19,CUST-012,Karthik Residential Apartment Owner,Residential / B2C,BR-01,EMP-003,6930.0,1247.4,8177.4,Invoiced
SO-003460,2026-02-20,CUST-029,Raghavendra Infrastructure Developers,Builder / Commercial,BR-02,EMP-006,60345.0,10862.1,71207.1,Invoiced
SO-003461,2026-02-20,CUST-035,Gowda Electrical Repairs,Electrician,BR-02,EMP-006,6198.0,1115.64,7313.64,Invoiced
SO-003462,2026-02-20,CUST-003,Saravana Electric Works (Govindaraj),Electrician,BR-01,EMP-002,5840.0,1051.2,6891.2,Invoiced
SO-003463,2026-02-20,CUST-044,Mani Bros Electricals (Mani),Electrician,BR-03,EMP-012,3460.0,622.8,4082.8,Invoiced
SO-003464,2026-02-20,CUST-012,Karthik Residential Apartment Owner,Residential / B2C,BR-01,EMP-002,322.0,57.96,379.96,Invoiced
SO-003465,2026-02-20,CUST-042,Velan Pump & Motor Spares Store,Retailer / Trader,BR-03,EMP-012,121390.0,21850.2,143240.2,Invoiced
SO-003466,2026-02-21,CUST-031,Nandini Milk Parlour & Mart,Small Commercial,BR-02,EMP-007,1011.0,181.98,1192.98,Invoiced
SO-003467,2026-02-21,CUST-020,Selvam Electrician Services,Electrician,BR-01,EMP-002,21420.0,3855.6,25275.6,Invoiced
SO-003468,2026-02-21,CUST-048,Ramachandran (Individual House Owner),Residential / B2C,BR-03,EMP-009,5800.0,1044.0,6844.0,Invoiced
SO-003469,2026-02-21,CUST-017,Apex Manufacturing Solutions,Small Commercial,BR-01,EMP-003,2350.0,423.0,2773.0,Invoiced
SO-003470,2026-02-23,CUST-044,Mani Bros Electricals (Mani),Electrician,BR-03,EMP-010,12828.0,2309.04,15137.04,Invoiced
SO-003471,2026-02-23,CUST-040,Sri Krishna Engineering College Hostel,Institution,BR-03,EMP-012,270.0,48.6,318.6,Invoiced
SO-003472,2026-02-23,CUST-040,Sri Krishna Engineering College Hostel,Institution,BR-03,EMP-010,170.2,30.64,200.84,Invoiced
SO-003473,2026-02-23,CUST-019,Poompuhar Handicrafts Store,Small Commercial,BR-01,EMP-002,10078.0,1814.04,11892.04,Invoiced
SO-003474,2026-02-23,CUST-018,Lakshmi Vilas Sweets & Bakery,Small Commercial,BR-01,EMP-002,4822.0,867.96,5689.96,Invoiced
SO-003475,2026-02-24,CUST-046,Annamalai Agro Processing Unit,Small Commercial,BR-03,EMP-009,828.0,149.04,977.04,Invoiced
SO-003476,2026-02-24,CUST-016,Royal Comfort Residency Hotel,Small Commercial,BR-01,EMP-003,4601.2,828.22,5429.42,Invoiced
SO-003477,2026-02-24,CUST-006,Dr. Priya Sundaram (Home Clinic),Residential / B2C,BR-01,EMP-003,345.0,62.1,407.1,Invoiced
SO-003478,2026-02-25,CUST-013,Metro Supermarket Tambaram,Small Commercial,BR-01,EMP-003,562.0,101.16,663.16,Invoiced
SO-003479,2026-02-25,CUST-020,Selvam Electrician Services,Electrician,BR-01,EMP-003,14776.0,2659.68,17435.68,Invoiced
SO-003480,2026-02-25,CUST-041,Kongu Builders & Real Estate,Builder / Commercial,BR-03,EMP-010,117264.0,21107.52,138371.52,Invoiced
SO-003481,2026-02-25,CUST-031,Nandini Milk Parlour & Mart,Small Commercial,BR-02,EMP-007,363.4,65.41,428.81,Invoiced
SO-003482,2026-02-25,CUST-026,Manjunatha Electrical Works,Electrician,BR-02,EMP-007,1493.6,268.85,1762.45,Invoiced
SO-003483,2026-02-26,CUST-026,Manjunatha Electrical Works,Electrician,BR-02,EMP-006,8800.0,1584.0,10384.0,Invoiced
SO-003484,2026-02-26,CUST-042,Velan Pump & Motor Spares Store,Retailer / Trader,BR-03,EMP-012,265262.0,47747.16,313009.16,Invoiced
SO-003485,2026-02-26,CUST-029,Raghavendra Infrastructure Developers,Builder / Commercial,BR-02,EMP-006,46571.8,8382.92,54954.72,Invoiced
SO-003486,2026-02-26,CUST-033,Suresh Babu (Villa Construction),Residential / B2C,BR-02,EMP-006,1005.0,180.9,1185.9,Invoiced
SO-003487,2026-02-26,CUST-010,Vels Vidyashram School Campus,Institution,BR-01,EMP-002,305.0,54.9,359.9,Invoiced
SO-003488,2026-02-26,CUST-013,Metro Supermarket Tambaram,Small Commercial,BR-01,EMP-002,880.0,158.4,1038.4,Invoiced
SO-003489,2026-02-26,CUST-019,Poompuhar Handicrafts Store,Small Commercial,BR-01,EMP-002,850.0,153.0,1003.0,Invoiced
SO-003490,2026-02-26,CUST-019,Poompuhar Handicrafts Store,Small Commercial,BR-01,EMP-003,789.0,142.02,931.02,Invoiced
SO-003491,2026-02-27,CUST-009,Devi Agency & Lighting Store,Retailer / Trader,BR-01,EMP-003,117102.0,21078.36,138180.36,Invoiced
SO-003492,2026-02-27,CUST-007,TechPark Facility Maintenance Team,Institution,BR-01,EMP-002,4365.0,785.7,5150.7,Invoiced
SO-003493,2026-02-27,CUST-019,Poompuhar Handicrafts Store,Small Commercial,BR-01,EMP-002,930.0,167.4,1097.4,Invoiced
SO-003494,2026-02-28,CUST-018,Lakshmi Vilas Sweets & Bakery,Small Commercial,BR-01,EMP-003,861.2,155.02,1016.22,Invoiced
SO-003495,2026-02-28,CUST-038,Marutham Electrical & Power Agency,Retailer / Trader,BR-03,EMP-012,166913.8,30044.48,196958.28,Invoiced
SO-003496,2026-02-28,CUST-005,Murugan Auto Garage & Works,Small Commercial,BR-01,EMP-002,220.8,39.74,260.54,Invoiced
SO-003497,2026-02-28,CUST-035,Gowda Electrical Repairs,Electrician,BR-02,EMP-007,9159.0,1648.62,10807.62,Invoiced
SO-003498,2026-02-28,CUST-012,Karthik Residential Apartment Owner,Residential / B2C,BR-01,EMP-003,202.4,36.43,238.83,Invoiced
SO-003499,2026-03-02,CUST-022,Global Smart Solutions (P) Ltd,Contractor,BR-01,EMP-002,175312.0,31556.16,206868.16,Invoiced
SO-003500,2026-03-02,CUST-016,Royal Comfort Residency Hotel,Small Commercial,BR-01,EMP-002,4700.0,846.0,5546.0,Invoiced
SO-003501,2026-03-02,CUST-026,Manjunatha Electrical Works,Electrician,BR-02,EMP-006,3744.0,673.92,4417.92,Invoiced
SO-003502,2026-03-02,CUST-027,InnoTech Coworking Hub,Small Commercial,BR-02,EMP-006,370.0,66.6,436.6,Invoiced
SO-003503,2026-03-03,CUST-045,Karthika Departmental Store,Small Commercial,BR-03,EMP-009,4300.0,774.0,5074.0,Invoiced
SO-003504,2026-03-03,CUST-003,Saravana Electric Works (Govindaraj),Electrician,BR-01,EMP-003,3715.0,668.7,4383.7,Invoiced
SO-003505,2026-03-04,CUST-020,Selvam Electrician Services,Electrician,BR-01,EMP-002,5770.0,1038.6,6808.6,Invoiced
SO-003506,2026-03-04,CUST-018,Lakshmi Vilas Sweets & Bakery,Small Commercial,BR-01,EMP-002,280.0,50.4,330.4,Invoiced
SO-003507,2026-03-04,CUST-004,Sri Ramakrishna Builders & Infra,Builder / Commercial,BR-01,EMP-003,149854.2,26973.76,176827.96,Invoiced
SO-003508,2026-03-04,CUST-046,Annamalai Agro Processing Unit,Small Commercial,BR-03,EMP-009,360.0,64.8,424.8,Invoiced
SO-003509,2026-03-04,CUST-020,Selvam Electrician Services,Electrician,BR-01,EMP-002,14480.8,2606.54,17087.34,Invoiced
SO-003510,2026-03-05,CUST-041,Kongu Builders & Real Estate,Builder / Commercial,BR-03,EMP-012,74010.0,13321.8,87331.8,Invoiced
SO-003511,2026-03-05,CUST-002,Kalaivani Hardware & Paints,Retailer / Trader,BR-01,EMP-002,328810.0,59185.8,387995.8,Invoiced
SO-003512,2026-03-05,CUST-034,Silicon Valley PG Hostel Chain,Institution,BR-02,EMP-007,2591.0,466.38,3057.38,Invoiced
SO-003513,2026-03-06,CUST-004,Sri Ramakrishna Builders & Infra,Builder / Commercial,BR-01,EMP-003,24488.4,4407.91,28896.31,Invoiced
SO-003514,2026-03-06,CUST-006,Dr. Priya Sundaram (Home Clinic),Residential / B2C,BR-01,EMP-002,2583.0,464.94,3047.94,Invoiced
SO-003515,2026-03-06,CUST-045,Karthika Departmental Store,Small Commercial,BR-03,EMP-010,1514.0,272.52,1786.52,Invoiced
SO-003516,2026-03-06,CUST-009,Devi Agency & Lighting Store,Retailer / Trader,BR-01,EMP-002,122238.0,22002.84,144240.84,Invoiced
SO-003517,2026-03-06,CUST-006,Dr. Priya Sundaram (Home Clinic),Residential / B2C,BR-01,EMP-002,2316.2,416.92,2733.12,Invoiced
SO-003518,2026-03-06,CUST-025,Brigade Vista Apartment Owners Assn,Residential / B2C,BR-02,EMP-007,4353.0,783.54,5136.54,Invoiced
SO-003519,2026-03-07,CUST-019,Poompuhar Handicrafts Store,Small Commercial,BR-01,EMP-002,549.0,98.82,647.82,Invoiced
SO-003520,2026-03-07,CUST-029,Raghavendra Infrastructure Developers,Builder / Commercial,BR-02,EMP-007,99062.0,17831.16,116893.16,Invoiced
SO-003521,2026-03-07,CUST-002,Kalaivani Hardware & Paints,Retailer / Trader,BR-01,EMP-003,196843.0,35431.74,232274.74,Invoiced
SO-003522,2026-03-07,CUST-009,Devi Agency & Lighting Store,Retailer / Trader,BR-01,EMP-002,97670.0,17580.6,115250.6,Invoiced
SO-003523,2026-03-07,CUST-036,Urban Spaces Interior Studio,Contractor,BR-02,EMP-006,13669.0,2460.42,16129.42,Invoiced
SO-003524,2026-03-09,CUST-034,Silicon Valley PG Hostel Chain,Institution,BR-02,EMP-007,1176.0,211.68,1387.68,Invoiced
SO-003525,2026-03-09,CUST-017,Apex Manufacturing Solutions,Small Commercial,BR-01,EMP-003,1320.8,237.74,1558.54,Invoiced
SO-003526,2026-03-09,CUST-006,Dr. Priya Sundaram (Home Clinic),Residential / B2C,BR-01,EMP-002,730.2,131.44,861.64,Invoiced
SO-003527,2026-03-09,CUST-018,Lakshmi Vilas Sweets & Bakery,Small Commercial,BR-01,EMP-002,101.2,18.22,119.42,Invoiced
SO-003528,2026-03-09,CUST-035,Gowda Electrical Repairs,Electrician,BR-02,EMP-006,9956.0,1792.08,11748.08,Invoiced
SO-003529,2026-03-09,CUST-041,Kongu Builders & Real Estate,Builder / Commercial,BR-03,EMP-009,132206.0,23797.08,156003.08,Invoiced
SO-003530,2026-03-10,CUST-011,Victory Housing Projects Phase 2,Builder / Commercial,BR-01,EMP-003,213418.0,38415.24,251833.24,Invoiced
SO-003531,2026-03-10,CUST-022,Global Smart Solutions (P) Ltd,Contractor,BR-01,EMP-003,58860.8,10594.94,69455.74,Invoiced
SO-003532,2026-03-10,CUST-007,TechPark Facility Maintenance Team,Institution,BR-01,EMP-003,130.0,23.4,153.4,Invoiced
SO-003533,2026-03-10,CUST-027,InnoTech Coworking Hub,Small Commercial,BR-02,EMP-007,850.0,153.0,1003.0,Invoiced
SO-003534,2026-03-10,CUST-014,Siva Shankaran (Individual Home),Residential / B2C,BR-01,EMP-003,6900.0,1242.0,8142.0,Invoiced
SO-003535,2026-03-10,CUST-037,Kovai Textile Mills Facility Team,Small Commercial,BR-03,EMP-012,175.0,31.5,206.5,Invoiced
SO-003536,2026-03-10,CUST-020,Selvam Electrician Services,Electrician,BR-01,EMP-003,9895.0,1781.1,11676.1,Invoiced
SO-003537,2026-03-10,CUST-041,Kongu Builders & Real Estate,Builder / Commercial,BR-03,EMP-010,120087.2,21615.7,141702.9,Invoiced
SO-003538,2026-03-11,CUST-038,Marutham Electrical & Power Agency,Retailer / Trader,BR-03,EMP-010,83037.0,14946.66,97983.66,Invoiced
SO-003539,2026-03-11,CUST-033,Suresh Babu (Villa Construction),Residential / B2C,BR-02,EMP-006,1784.0,321.12,2105.12,Invoiced
SO-003540,2026-03-11,CUST-044,Mani Bros Electricals (Mani),Electrician,BR-03,EMP-012,4981.0,896.58,5877.58,Invoiced
SO-003541,2026-03-11,CUST-042,Velan Pump & Motor Spares Store,Retailer / Trader,BR-03,EMP-009,210426.0,37876.68,248302.68,Invoiced
SO-003542,2026-03-11,CUST-043,Sundaram Hospital Maintenance,Institution,BR-03,EMP-009,720.0,129.6,849.6,Invoiced
SO-003543,2026-03-11,CUST-027,InnoTech Coworking Hub,Small Commercial,BR-02,EMP-006,3615.0,650.7,4265.7,Invoiced
SO-003544,2026-03-11,CUST-003,Saravana Electric Works (Govindaraj),Electrician,BR-01,EMP-002,11469.0,2064.42,13533.42,Invoiced
SO-003545,2026-03-12,CUST-048,Ramachandran (Individual House Owner),Residential / B2C,BR-03,EMP-010,130.0,23.4,153.4,Invoiced
SO-003546,2026-03-12,CUST-025,Brigade Vista Apartment Owners Assn,Residential / B2C,BR-02,EMP-007,11520.0,2073.6,13593.6,Invoiced
SO-003547,2026-03-12,CUST-029,Raghavendra Infrastructure Developers,Builder / Commercial,BR-02,EMP-007,214382.0,38588.76,252970.76,Invoiced
SO-003548,2026-03-13,CUST-048,Ramachandran (Individual House Owner),Residential / B2C,BR-03,EMP-009,1080.0,194.4,1274.4,Invoiced
SO-003549,2026-03-13,CUST-034,Silicon Valley PG Hostel Chain,Institution,BR-02,EMP-006,850.0,153.0,1003.0,Invoiced
SO-003550,2026-03-13,CUST-027,InnoTech Coworking Hub,Small Commercial,BR-02,EMP-007,9000.0,1620.0,10620.0,Invoiced
SO-003551,2026-03-13,CUST-036,Urban Spaces Interior Studio,Contractor,BR-02,EMP-006,97886.0,17619.48,115505.48,Invoiced
SO-003552,2026-03-14,CUST-003,Saravana Electric Works (Govindaraj),Electrician,BR-01,EMP-003,7720.0,1389.6,9109.6,Invoiced
SO-003553,2026-03-14,CUST-039,Rangasamy Electrician Workshop,Electrician,BR-03,EMP-009,37020.0,6663.6,43683.6,Invoiced
SO-003554,2026-03-14,CUST-018,Lakshmi Vilas Sweets & Bakery,Small Commercial,BR-01,EMP-003,2733.0,491.94,3224.94,Invoiced
SO-003555,2026-03-14,CUST-006,Dr. Priya Sundaram (Home Clinic),Residential / B2C,BR-01,EMP-002,2200.0,396.0,2596.0,Invoiced
SO-003556,2026-03-14,CUST-013,Metro Supermarket Tambaram,Small Commercial,BR-01,EMP-002,3645.0,656.1,4301.1,Invoiced
SO-003557,2026-03-14,CUST-036,Urban Spaces Interior Studio,Contractor,BR-02,EMP-007,29260.0,5266.8,34526.8,Invoiced
SO-003558,2026-03-14,CUST-033,Suresh Babu (Villa Construction),Residential / B2C,BR-02,EMP-007,161.0,28.98,189.98,Invoiced
SO-003559,2026-03-14,CUST-040,Sri Krishna Engineering College Hostel,Institution,BR-03,EMP-009,14574.0,2623.32,17197.32,Invoiced
SO-003560,2026-03-16,CUST-010,Vels Vidyashram School Campus,Institution,BR-01,EMP-002,1803.0,324.54,2127.54,Invoiced
SO-003561,2026-03-16,CUST-018,Lakshmi Vilas Sweets & Bakery,Small Commercial,BR-01,EMP-003,2514.0,452.52,2966.52,Invoiced
SO-003562,2026-03-16,CUST-039,Rangasamy Electrician Workshop,Electrician,BR-03,EMP-012,5736.0,1032.48,6768.48,Invoiced
SO-003563,2026-03-16,CUST-005,Murugan Auto Garage & Works,Small Commercial,BR-01,EMP-002,206.0,37.08,243.08,Invoiced
SO-003564,2026-03-17,CUST-016,Royal Comfort Residency Hotel,Small Commercial,BR-01,EMP-002,460.0,82.8,542.8,Invoiced
SO-003565,2026-03-17,CUST-025,Brigade Vista Apartment Owners Assn,Residential / B2C,BR-02,EMP-007,195.0,35.1,230.1,Invoiced
SO-003566,2026-03-17,CUST-031,Nandini Milk Parlour & Mart,Small Commercial,BR-02,EMP-006,325.0,58.5,383.5,Invoiced
SO-003567,2026-03-17,CUST-002,Kalaivani Hardware & Paints,Retailer / Trader,BR-01,EMP-002,502333.0,90419.94,592752.94,Invoiced
SO-003568,2026-03-18,CUST-021,Mohammed Riyaz (Home Renovation),Residential / B2C,BR-01,EMP-002,495.0,89.1,584.1,Invoiced
SO-003569,2026-03-18,CUST-020,Selvam Electrician Services,Electrician,BR-01,EMP-003,2816.0,506.88,3322.88,Invoiced
SO-003570,2026-03-18,CUST-004,Sri Ramakrishna Builders & Infra,Builder / Commercial,BR-01,EMP-002,106643.8,19195.88,125839.68,Invoiced
SO-003571,2026-03-19,CUST-004,Sri Ramakrishna Builders & Infra,Builder / Commercial,BR-01,EMP-002,31500.6,5670.11,37170.71,Invoiced
SO-003572,2026-03-19,CUST-004,Sri Ramakrishna Builders & Infra,Builder / Commercial,BR-01,EMP-003,96898.0,17441.64,114339.64,Invoiced
SO-003573,2026-03-19,CUST-042,Velan Pump & Motor Spares Store,Retailer / Trader,BR-03,EMP-012,23953.2,4311.58,28264.78,Invoiced
SO-003574,2026-03-20,CUST-010,Vels Vidyashram School Campus,Institution,BR-01,EMP-003,2094.4,376.99,2471.39,Invoiced
SO-003575,2026-03-20,CUST-036,Urban Spaces Interior Studio,Contractor,BR-02,EMP-006,26148.8,4706.78,30855.58,Invoiced
SO-003576,2026-03-20,CUST-048,Ramachandran (Individual House Owner),Residential / B2C,BR-03,EMP-009,4056.0,730.08,4786.08,Invoiced
SO-003577,2026-03-20,CUST-039,Rangasamy Electrician Workshop,Electrician,BR-03,EMP-009,1275.0,229.5,1504.5,Invoiced
SO-003578,2026-03-20,CUST-029,Raghavendra Infrastructure Developers,Builder / Commercial,BR-02,EMP-006,92921.2,16725.82,109647.02,Invoiced
SO-003579,2026-03-20,CUST-016,Royal Comfort Residency Hotel,Small Commercial,BR-01,EMP-002,2083.8,375.08,2458.88,Invoiced
SO-003580,2026-03-20,CUST-042,Velan Pump & Motor Spares Store,Retailer / Trader,BR-03,EMP-010,159231.0,28661.58,187892.58,Invoiced
SO-003581,2026-03-21,CUST-043,Sundaram Hospital Maintenance,Institution,BR-03,EMP-012,12448.0,2240.64,14688.64,Invoiced
SO-003582,2026-03-21,CUST-035,Gowda Electrical Repairs,Electrician,BR-02,EMP-006,11630.0,2093.4,13723.4,Invoiced
SO-003583,2026-03-21,CUST-006,Dr. Priya Sundaram (Home Clinic),Residential / B2C,BR-01,EMP-002,99.0,17.82,116.82,Invoiced
SO-003584,2026-03-23,CUST-004,Sri Ramakrishna Builders & Infra,Builder / Commercial,BR-01,EMP-003,206486.8,37167.62,243654.42,Invoiced
SO-003585,2026-03-23,CUST-019,Poompuhar Handicrafts Store,Small Commercial,BR-01,EMP-002,101.2,18.22,119.42,Invoiced
SO-003586,2026-03-23,CUST-033,Suresh Babu (Villa Construction),Residential / B2C,BR-02,EMP-006,2200.0,396.0,2596.0,Invoiced
SO-003587,2026-03-24,CUST-006,Dr. Priya Sundaram (Home Clinic),Residential / B2C,BR-01,EMP-002,45.0,8.1,53.1,Invoiced
SO-003588,2026-03-24,CUST-021,Mohammed Riyaz (Home Renovation),Residential / B2C,BR-01,EMP-002,1334.0,240.12,1574.12,Invoiced
SO-003589,2026-03-24,CUST-015,Srinivasan & Sons Contractor,Contractor,BR-01,EMP-003,104692.0,18844.56,123536.56,Invoiced
SO-003590,2026-03-24,CUST-040,Sri Krishna Engineering College Hostel,Institution,BR-03,EMP-010,1928.0,347.04,2275.04,Invoiced
SO-003591,2026-03-24,CUST-047,Kovai Elite Residency Hotel,Small Commercial,BR-03,EMP-010,2558.8,460.58,3019.38,Invoiced
SO-003592,2026-03-24,CUST-034,Silicon Valley PG Hostel Chain,Institution,BR-02,EMP-006,1220.8,219.74,1440.54,Invoiced
SO-003593,2026-03-25,CUST-015,Srinivasan & Sons Contractor,Contractor,BR-01,EMP-003,10845.0,1952.1,12797.1,Invoiced
SO-003594,2026-03-25,CUST-042,Velan Pump & Motor Spares Store,Retailer / Trader,BR-03,EMP-009,110554.0,19899.72,130453.72,Invoiced
SO-003595,2026-03-25,CUST-001,Balaji Electrical Contractors,Contractor,BR-01,EMP-002,81166.0,14609.88,95775.88,Invoiced
SO-003596,2026-03-26,CUST-019,Poompuhar Handicrafts Store,Small Commercial,BR-01,EMP-002,1201.2,216.22,1417.42,Invoiced
SO-003597,2026-03-26,CUST-035,Gowda Electrical Repairs,Electrician,BR-02,EMP-007,13823.6,2488.25,16311.85,Invoiced
SO-003598,2026-03-26,CUST-021,Mohammed Riyaz (Home Renovation),Residential / B2C,BR-01,EMP-002,220.8,39.74,260.54,Invoiced
SO-003599,2026-03-27,CUST-038,Marutham Electrical & Power Agency,Retailer / Trader,BR-03,EMP-009,70169.0,12630.42,82799.42,Invoiced
SO-003600,2026-03-27,CUST-027,InnoTech Coworking Hub,Small Commercial,BR-02,EMP-006,130.0,23.4,153.4,Invoiced
SO-003601,2026-03-27,CUST-038,Marutham Electrical & Power Agency,Retailer / Trader,BR-03,EMP-012,21812.4,3926.23,25738.63,Invoiced
SO-003602,2026-03-27,CUST-048,Ramachandran (Individual House Owner),Residential / B2C,BR-03,EMP-010,69.0,12.42,81.42,Invoiced
SO-003603,2026-03-27,CUST-015,Srinivasan & Sons Contractor,Contractor,BR-01,EMP-003,230928.0,41567.04,272495.04,Invoiced
SO-003604,2026-03-27,CUST-012,Karthik Residential Apartment Owner,Residential / B2C,BR-01,EMP-002,1700.0,306.0,2006.0,Invoiced
SO-003605,2026-03-27,CUST-032,Cauvery Engineering Contractors,Contractor,BR-02,EMP-006,39116.8,7041.02,46157.82,Invoiced
SO-003606,2026-03-28,CUST-008,Anbu Electricals (Anbazhagan),Electrician,BR-01,EMP-003,33295.0,5993.1,39288.1,Invoiced
SO-003607,2026-03-28,CUST-019,Poompuhar Handicrafts Store,Small Commercial,BR-01,EMP-002,7613.0,1370.34,8983.34,Invoiced
SO-003608,2026-03-28,CUST-047,Kovai Elite Residency Hotel,Small Commercial,BR-03,EMP-012,6218.2,1119.28,7337.48,Invoiced
SO-003609,2026-03-28,CUST-015,Srinivasan & Sons Contractor,Contractor,BR-01,EMP-003,68655.6,12358.01,81013.61,Invoiced
SO-003610,2026-03-28,CUST-042,Velan Pump & Motor Spares Store,Retailer / Trader,BR-03,EMP-009,73268.0,13188.24,86456.24,Invoiced
SO-003611,2026-03-28,CUST-036,Urban Spaces Interior Studio,Contractor,BR-02,EMP-007,42237.0,7602.66,49839.66,Invoiced
SO-003612,2026-03-28,CUST-026,Manjunatha Electrical Works,Electrician,BR-02,EMP-006,5540.0,997.2,6537.2,Invoiced
SO-003613,2026-03-28,CUST-026,Manjunatha Electrical Works,Electrician,BR-02,EMP-007,3810.0,685.8,4495.8,Invoiced
SO-003614,2026-03-30,CUST-008,Anbu Electricals (Anbazhagan),Electrician,BR-01,EMP-002,3870.0,696.6,4566.6,Invoiced
SO-003615,2026-03-30,CUST-037,Kovai Textile Mills Facility Team,Small Commercial,BR-03,EMP-009,1560.0,280.8,1840.8,Invoiced
SO-003616,2026-03-30,CUST-014,Siva Shankaran (Individual Home),Residential / B2C,BR-01,EMP-002,914.8,164.66,1079.46,Invoiced
SO-003617,2026-03-30,CUST-020,Selvam Electrician Services,Electrician,BR-01,EMP-003,2135.0,384.3,2519.3,Invoiced
SO-003618,2026-03-30,CUST-042,Velan Pump & Motor Spares Store,Retailer / Trader,BR-03,EMP-010,40445.0,7280.1,47725.1,Invoiced
SO-003619,2026-03-30,CUST-021,Mohammed Riyaz (Home Renovation),Residential / B2C,BR-01,EMP-003,1295.0,233.1,1528.1,Invoiced
SO-003620,2026-03-31,CUST-010,Vels Vidyashram School Campus,Institution,BR-01,EMP-002,3472.0,624.96,4096.96,Invoiced
SO-003621,2026-03-31,CUST-034,Silicon Valley PG Hostel Chain,Institution,BR-02,EMP-006,12327.0,2218.86,14545.86,Invoiced
SO-003622,2026-03-31,CUST-007,TechPark Facility Maintenance Team,Institution,BR-01,EMP-002,3168.8,570.38,3739.18,Invoiced
SO-003623,2026-03-31,CUST-031,Nandini Milk Parlour & Mart,Small Commercial,BR-02,EMP-007,4340.0,781.2,5121.2,Invoiced
SO-003624,2026-03-31,CUST-047,Kovai Elite Residency Hotel,Small Commercial,BR-03,EMP-012,2563.8,461.48,3025.28,Invoiced
SO-003625,2026-04-01,CUST-017,Apex Manufacturing Solutions,Small Commercial,BR-01,EMP-003,5676.0,1021.68,6697.68,Invoiced
SO-003626,2026-04-01,CUST-003,Saravana Electric Works (Govindaraj),Electrician,BR-01,EMP-002,8625.0,1552.5,10177.5,Invoiced
SO-003627,2026-04-01,CUST-019,Poompuhar Handicrafts Store,Small Commercial,BR-01,EMP-002,954.0,171.72,1125.72,Invoiced
SO-003628,2026-04-02,CUST-010,Vels Vidyashram School Campus,Institution,BR-01,EMP-002,45.0,8.1,53.1,Invoiced
SO-003629,2026-04-02,CUST-003,Saravana Electric Works (Govindaraj),Electrician,BR-01,EMP-003,3958.2,712.48,4670.68,Invoiced
SO-003630,2026-04-02,CUST-012,Karthik Residential Apartment Owner,Residential / B2C,BR-01,EMP-003,1769.0,318.42,2087.42,Invoiced
SO-003631,2026-04-02,CUST-036,Urban Spaces Interior Studio,Contractor,BR-02,EMP-007,146628.4,26393.11,173021.51,Invoiced
SO-003632,2026-04-03,CUST-037,Kovai Textile Mills Facility Team,Small Commercial,BR-03,EMP-009,486.6,87.59,574.19,Invoiced
SO-003633,2026-04-03,CUST-003,Saravana Electric Works (Govindaraj),Electrician,BR-01,EMP-003,2615.0,470.7,3085.7,Invoiced
SO-003634,2026-04-03,CUST-027,InnoTech Coworking Hub,Small Commercial,BR-02,EMP-006,3352.0,603.36,3955.36,Invoiced
SO-003635,2026-04-03,CUST-031,Nandini Milk Parlour & Mart,Small Commercial,BR-02,EMP-006,1659.0,298.62,1957.62,Invoiced
SO-003636,2026-04-04,CUST-041,Kongu Builders & Real Estate,Builder / Commercial,BR-03,EMP-010,85552.0,15399.36,100951.36,Invoiced
SO-003637,2026-04-04,CUST-035,Gowda Electrical Repairs,Electrician,BR-02,EMP-007,8775.0,1579.5,10354.5,Invoiced
SO-003638,2026-04-04,CUST-026,Manjunatha Electrical Works,Electrician,BR-02,EMP-006,5538.0,996.84,6534.84,Invoiced
SO-003639,2026-04-04,CUST-034,Silicon Valley PG Hostel Chain,Institution,BR-02,EMP-007,379.0,68.22,447.22,Invoiced
SO-003640,2026-04-06,CUST-042,Velan Pump & Motor Spares Store,Retailer / Trader,BR-03,EMP-009,96159.2,17308.66,113467.86,Invoiced
SO-003641,2026-04-06,CUST-033,Suresh Babu (Villa Construction),Residential / B2C,BR-02,EMP-007,552.0,99.36,651.36,Invoiced
SO-003642,2026-04-06,CUST-002,Kalaivani Hardware & Paints,Retailer / Trader,BR-01,EMP-003,14894.6,2681.03,17575.63,Invoiced
SO-003643,2026-04-06,CUST-026,Manjunatha Electrical Works,Electrician,BR-02,EMP-006,3945.0,710.1,4655.1,Invoiced
SO-003644,2026-04-06,CUST-002,Kalaivani Hardware & Paints,Retailer / Trader,BR-01,EMP-002,64976.0,11695.68,76671.68,Invoiced
SO-003645,2026-04-07,CUST-011,Victory Housing Projects Phase 2,Builder / Commercial,BR-01,EMP-002,162667.0,29280.06,191947.06,Invoiced
SO-003646,2026-04-07,CUST-043,Sundaram Hospital Maintenance,Institution,BR-03,EMP-010,439.0,79.02,518.02,Invoiced
SO-003647,2026-04-07,CUST-015,Srinivasan & Sons Contractor,Contractor,BR-01,EMP-003,26604.0,4788.72,31392.72,Invoiced
SO-003648,2026-04-08,CUST-016,Royal Comfort Residency Hotel,Small Commercial,BR-01,EMP-002,8128.0,1463.04,9591.04,Invoiced
SO-003649,2026-04-08,CUST-026,Manjunatha Electrical Works,Electrician,BR-02,EMP-007,4830.0,869.4,5699.4,Invoiced
SO-003650,2026-04-08,CUST-002,Kalaivani Hardware & Paints,Retailer / Trader,BR-01,EMP-002,270125.4,48622.57,318747.97,Invoiced
SO-003651,2026-04-08,CUST-004,Sri Ramakrishna Builders & Infra,Builder / Commercial,BR-01,EMP-003,77256.0,13906.08,91162.08,Invoiced
SO-003652,2026-04-09,CUST-017,Apex Manufacturing Solutions,Small Commercial,BR-01,EMP-002,5236.0,942.48,6178.48,Invoiced
SO-003653,2026-04-09,CUST-023,Kalam Brothers Electrical Store,Retailer / Trader,BR-01,EMP-002,109159.0,19648.62,128807.62,Invoiced
SO-003654,2026-04-09,CUST-011,Victory Housing Projects Phase 2,Builder / Commercial,BR-01,EMP-002,116433.0,20957.94,137390.94,Invoiced
SO-003655,2026-04-10,CUST-046,Annamalai Agro Processing Unit,Small Commercial,BR-03,EMP-009,630.8,113.54,744.34,Invoiced
SO-003656,2026-04-10,CUST-034,Silicon Valley PG Hostel Chain,Institution,BR-02,EMP-006,2387.0,429.66,2816.66,Invoiced
SO-003657,2026-04-10,CUST-021,Mohammed Riyaz (Home Renovation),Residential / B2C,BR-01,EMP-003,280.0,50.4,330.4,Invoiced
SO-003658,2026-04-10,CUST-023,Kalam Brothers Electrical Store,Retailer / Trader,BR-01,EMP-003,55443.6,9979.85,65423.45,Invoiced
SO-003659,2026-04-10,CUST-032,Cauvery Engineering Contractors,Contractor,BR-02,EMP-006,8540.0,1537.2,10077.2,Invoiced
SO-003660,2026-04-10,CUST-002,Kalaivani Hardware & Paints,Retailer / Trader,BR-01,EMP-002,188608.0,33949.44,222557.44,Invoiced
SO-003661,2026-04-11,CUST-014,Siva Shankaran (Individual Home),Residential / B2C,BR-01,EMP-002,1377.0,247.86,1624.86,Invoiced
SO-003662,2026-04-11,CUST-032,Cauvery Engineering Contractors,Contractor,BR-02,EMP-006,10252.0,1845.36,12097.36,Invoiced
SO-003663,2026-04-11,CUST-007,TechPark Facility Maintenance Team,Institution,BR-01,EMP-002,1780.8,320.54,2101.34,Invoiced
SO-003664,2026-04-11,CUST-020,Selvam Electrician Services,Electrician,BR-01,EMP-003,6611.0,1189.98,7800.98,Invoiced
SO-003665,2026-04-13,CUST-005,Murugan Auto Garage & Works,Small Commercial,BR-01,EMP-002,1149.0,206.82,1355.82,Invoiced
SO-003666,2026-04-13,CUST-033,Suresh Babu (Villa Construction),Residential / B2C,BR-02,EMP-006,560.0,100.8,660.8,Invoiced
SO-003667,2026-04-13,CUST-035,Gowda Electrical Repairs,Electrician,BR-02,EMP-007,23670.0,4260.6,27930.6,Invoiced
SO-003668,2026-04-13,CUST-047,Kovai Elite Residency Hotel,Small Commercial,BR-03,EMP-012,1095.6,197.21,1292.81,Invoiced
SO-003669,2026-04-13,CUST-042,Velan Pump & Motor Spares Store,Retailer / Trader,BR-03,EMP-009,64587.0,11625.66,76212.66,Invoiced
SO-003670,2026-04-13,CUST-048,Ramachandran (Individual House Owner),Residential / B2C,BR-03,EMP-010,8433.0,1517.94,9950.94,Invoiced
SO-003671,2026-04-13,CUST-037,Kovai Textile Mills Facility Team,Small Commercial,BR-03,EMP-009,6330.0,1139.4,7469.4,Invoiced
SO-003672,2026-04-14,CUST-026,Manjunatha Electrical Works,Electrician,BR-02,EMP-007,27875.0,5017.5,32892.5,Invoiced
SO-003673,2026-04-14,CUST-006,Dr. Priya Sundaram (Home Clinic),Residential / B2C,BR-01,EMP-003,2989.6,538.13,3527.73,Invoiced
SO-003674,2026-04-14,CUST-041,Kongu Builders & Real Estate,Builder / Commercial,BR-03,EMP-009,215423.4,38776.21,254199.61,Invoiced
SO-003675,2026-04-15,CUST-027,InnoTech Coworking Hub,Small Commercial,BR-02,EMP-007,686.0,123.48,809.48,Invoiced
SO-003676,2026-04-15,CUST-041,Kongu Builders & Real Estate,Builder / Commercial,BR-03,EMP-012,57891.0,10420.38,68311.38,Invoiced
SO-003677,2026-04-15,CUST-001,Balaji Electrical Contractors,Contractor,BR-01,EMP-003,16630.0,2993.4,19623.4,Invoiced
SO-003678,2026-04-15,CUST-004,Sri Ramakrishna Builders & Infra,Builder / Commercial,BR-01,EMP-003,58900.0,10602.0,69502.0,Invoiced
SO-003679,2026-04-16,CUST-042,Velan Pump & Motor Spares Store,Retailer / Trader,BR-03,EMP-010,63305.2,11394.94,74700.14,Invoiced
SO-003680,2026-04-16,CUST-026,Manjunatha Electrical Works,Electrician,BR-02,EMP-007,30168.0,5430.24,35598.24,Invoiced
SO-003681,2026-04-16,CUST-010,Vels Vidyashram School Campus,Institution,BR-01,EMP-002,360.0,64.8,424.8,Invoiced
SO-003682,2026-04-16,CUST-013,Metro Supermarket Tambaram,Small Commercial,BR-01,EMP-003,656.0,118.08,774.08,Invoiced
SO-003683,2026-04-16,CUST-020,Selvam Electrician Services,Electrician,BR-01,EMP-003,4498.8,809.78,5308.58,Invoiced
SO-003684,2026-04-16,CUST-016,Royal Comfort Residency Hotel,Small Commercial,BR-01,EMP-003,8690.0,1564.2,10254.2,Invoiced
SO-003685,2026-04-17,CUST-030,Dr. Arvind Rao Dental Clinic,Small Commercial,BR-02,EMP-007,1080.0,194.4,1274.4,Invoiced
SO-003686,2026-04-17,CUST-045,Karthika Departmental Store,Small Commercial,BR-03,EMP-012,542.8,97.7,640.5,Invoiced
SO-003687,2026-04-17,CUST-044,Mani Bros Electricals (Mani),Electrician,BR-03,EMP-012,13014.0,2342.52,15356.52,Invoiced
SO-003688,2026-04-17,CUST-016,Royal Comfort Residency Hotel,Small Commercial,BR-01,EMP-002,1892.0,340.56,2232.56,Invoiced
SO-003689,2026-04-17,CUST-006,Dr. Priya Sundaram (Home Clinic),Residential / B2C,BR-01,EMP-002,1030.0,185.4,1215.4,Invoiced
SO-003690,2026-04-17,CUST-011,Victory Housing Projects Phase 2,Builder / Commercial,BR-01,EMP-002,78669.0,14160.42,92829.42,Invoiced
SO-003691,2026-04-17,CUST-006,Dr. Priya Sundaram (Home Clinic),Residential / B2C,BR-01,EMP-003,694.0,124.92,818.92,Invoiced
SO-003692,2026-04-18,CUST-025,Brigade Vista Apartment Owners Assn,Residential / B2C,BR-02,EMP-006,1700.0,306.0,2006.0,Invoiced
SO-003693,2026-04-18,CUST-008,Anbu Electricals (Anbazhagan),Electrician,BR-01,EMP-002,3770.0,678.6,4448.6,Invoiced
SO-003694,2026-04-18,CUST-013,Metro Supermarket Tambaram,Small Commercial,BR-01,EMP-002,4136.0,744.48,4880.48,Invoiced
SO-003695,2026-04-18,CUST-028,Sri Venkateshwara Hardware & Electricals,Retailer / Trader,BR-02,EMP-006,440368.4,79266.31,519634.71,Invoiced
SO-003696,2026-04-18,CUST-010,Vels Vidyashram School Campus,Institution,BR-01,EMP-002,1100.0,198.0,1298.0,Invoiced
SO-003697,2026-04-18,CUST-010,Vels Vidyashram School Campus,Institution,BR-01,EMP-002,3266.0,587.88,3853.88,Invoiced
SO-003698,2026-04-18,CUST-016,Royal Comfort Residency Hotel,Small Commercial,BR-01,EMP-002,6197.0,1115.46,7312.46,Invoiced
SO-003699,2026-04-20,CUST-028,Sri Venkateshwara Hardware & Electricals,Retailer / Trader,BR-02,EMP-006,363334.0,65400.12,428734.12,Invoiced
SO-003700,2026-04-20,CUST-017,Apex Manufacturing Solutions,Small Commercial,BR-01,EMP-003,3916.8,705.02,4621.82,Invoiced
SO-003701,2026-04-20,CUST-046,Annamalai Agro Processing Unit,Small Commercial,BR-03,EMP-012,2758.0,496.44,3254.44,Invoiced
SO-003702,2026-04-20,CUST-043,Sundaram Hospital Maintenance,Institution,BR-03,EMP-010,2816.0,506.88,3322.88,Invoiced
SO-003703,2026-04-20,CUST-032,Cauvery Engineering Contractors,Contractor,BR-02,EMP-006,135143.2,24325.78,159468.98,Invoiced
SO-003704,2026-04-20,CUST-031,Nandini Milk Parlour & Mart,Small Commercial,BR-02,EMP-006,12209.0,2197.62,14406.62,Invoiced
SO-003705,2026-04-20,CUST-045,Karthika Departmental Store,Small Commercial,BR-03,EMP-012,8272.0,1488.96,9760.96,Invoiced
SO-003706,2026-04-21,CUST-002,Kalaivani Hardware & Paints,Retailer / Trader,BR-01,EMP-003,149000.0,26820.0,175820.0,Invoiced
SO-003707,2026-04-21,CUST-021,Mohammed Riyaz (Home Renovation),Residential / B2C,BR-01,EMP-003,5676.0,1021.68,6697.68,Invoiced
SO-003708,2026-04-21,CUST-014,Siva Shankaran (Individual Home),Residential / B2C,BR-01,EMP-003,1080.0,194.4,1274.4,Invoiced
SO-003709,2026-04-21,CUST-032,Cauvery Engineering Contractors,Contractor,BR-02,EMP-007,123608.0,22249.44,145857.44,Invoiced
SO-003710,2026-04-21,CUST-046,Annamalai Agro Processing Unit,Small Commercial,BR-03,EMP-009,3960.0,712.8,4672.8,Invoiced
SO-003711,2026-04-21,CUST-032,Cauvery Engineering Contractors,Contractor,BR-02,EMP-007,90855.4,16353.97,107209.37,Invoiced
SO-003712,2026-04-21,CUST-039,Rangasamy Electrician Workshop,Electrician,BR-03,EMP-010,1512.0,272.16,1784.16,Invoiced
SO-003713,2026-04-22,CUST-035,Gowda Electrical Repairs,Electrician,BR-02,EMP-006,8273.2,1489.18,9762.38,Invoiced
SO-003714,2026-04-22,CUST-043,Sundaram Hospital Maintenance,Institution,BR-03,EMP-009,195.0,35.1,230.1,Invoiced
SO-003715,2026-04-22,CUST-035,Gowda Electrical Repairs,Electrician,BR-02,EMP-007,1985.0,357.3,2342.3,Invoiced
SO-003716,2026-04-22,CUST-008,Anbu Electricals (Anbazhagan),Electrician,BR-01,EMP-002,3517.0,633.06,4150.06,Invoiced
SO-003717,2026-04-22,CUST-043,Sundaram Hospital Maintenance,Institution,BR-03,EMP-010,280.0,50.4,330.4,Invoiced
SO-003718,2026-04-22,CUST-016,Royal Comfort Residency Hotel,Small Commercial,BR-01,EMP-002,924.0,166.32,1090.32,Invoiced
SO-003719,2026-04-22,CUST-041,Kongu Builders & Real Estate,Builder / Commercial,BR-03,EMP-012,21198.0,3815.64,25013.64,Invoiced
SO-003720,2026-04-22,CUST-010,Vels Vidyashram School Campus,Institution,BR-01,EMP-002,7450.0,1341.0,8791.0,Invoiced
SO-003721,2026-04-23,CUST-009,Devi Agency & Lighting Store,Retailer / Trader,BR-01,EMP-003,49578.0,8924.04,58502.04,Invoiced
SO-003722,2026-04-23,CUST-032,Cauvery Engineering Contractors,Contractor,BR-02,EMP-006,13090.6,2356.31,15446.91,Invoiced
SO-003723,2026-04-23,CUST-009,Devi Agency & Lighting Store,Retailer / Trader,BR-01,EMP-002,93036.0,16746.48,109782.48,Invoiced
SO-003724,2026-04-24,CUST-040,Sri Krishna Engineering College Hostel,Institution,BR-03,EMP-012,596.2,107.32,703.52,Invoiced
SO-003725,2026-04-24,CUST-025,Brigade Vista Apartment Owners Assn,Residential / B2C,BR-02,EMP-006,640.0,115.2,755.2,Invoiced
SO-003726,2026-04-24,CUST-002,Kalaivani Hardware & Paints,Retailer / Trader,BR-01,EMP-002,211219.6,38019.53,249239.13,Invoiced
SO-003727,2026-04-24,CUST-015,Srinivasan & Sons Contractor,Contractor,BR-01,EMP-003,65363.0,11765.34,77128.34,Invoiced
SO-003728,2026-04-24,CUST-032,Cauvery Engineering Contractors,Contractor,BR-02,EMP-007,22429.6,4037.33,26466.93,Invoiced
SO-003729,2026-04-24,CUST-021,Mohammed Riyaz (Home Renovation),Residential / B2C,BR-01,EMP-002,2992.8,538.7,3531.5,Invoiced
SO-003730,2026-04-25,CUST-016,Royal Comfort Residency Hotel,Small Commercial,BR-01,EMP-003,330.0,59.4,389.4,Invoiced
SO-003731,2026-04-25,CUST-045,Karthika Departmental Store,Small Commercial,BR-03,EMP-009,1080.0,194.4,1274.4,Invoiced
SO-003732,2026-04-25,CUST-032,Cauvery Engineering Contractors,Contractor,BR-02,EMP-006,118591.4,21346.45,139937.85,Invoiced
SO-003733,2026-04-25,CUST-043,Sundaram Hospital Maintenance,Institution,BR-03,EMP-010,1165.0,209.7,1374.7,Invoiced
SO-003734,2026-04-25,CUST-007,TechPark Facility Maintenance Team,Institution,BR-01,EMP-003,3406.0,613.08,4019.08,Invoiced
SO-003735,2026-04-27,CUST-028,Sri Venkateshwara Hardware & Electricals,Retailer / Trader,BR-02,EMP-006,96188.2,17313.87,113502.07,Invoiced
SO-003736,2026-04-27,CUST-015,Srinivasan & Sons Contractor,Contractor,BR-01,EMP-002,77301.0,13914.18,91215.18,Invoiced
SO-003737,2026-04-27,CUST-003,Saravana Electric Works (Govindaraj),Electrician,BR-01,EMP-003,28185.0,5073.3,33258.3,Invoiced
SO-003738,2026-04-27,CUST-028,Sri Venkateshwara Hardware & Electricals,Retailer / Trader,BR-02,EMP-006,130512.0,23492.16,154004.16,Invoiced
SO-003739,2026-04-27,CUST-040,Sri Krishna Engineering College Hostel,Institution,BR-03,EMP-010,4587.0,825.66,5412.66,Invoiced
SO-003740,2026-04-27,CUST-043,Sundaram Hospital Maintenance,Institution,BR-03,EMP-009,9603.0,1728.54,11331.54,Invoiced
SO-003741,2026-04-27,CUST-043,Sundaram Hospital Maintenance,Institution,BR-03,EMP-012,526.2,94.72,620.92,Invoiced
SO-003742,2026-04-28,CUST-025,Brigade Vista Apartment Owners Assn,Residential / B2C,BR-02,EMP-007,3036.0,546.48,3582.48,Invoiced
SO-003743,2026-04-28,CUST-001,Balaji Electrical Contractors,Contractor,BR-01,EMP-003,14331.8,2579.72,16911.52,Invoiced
SO-003744,2026-04-28,CUST-022,Global Smart Solutions (P) Ltd,Contractor,BR-01,EMP-002,18157.0,3268.26,21425.26,Invoiced
SO-003745,2026-04-28,CUST-020,Selvam Electrician Services,Electrician,BR-01,EMP-002,4301.2,774.22,5075.42,Invoiced
SO-003746,2026-04-28,CUST-002,Kalaivani Hardware & Paints,Retailer / Trader,BR-01,EMP-003,276678.0,49802.04,326480.04,Invoiced
SO-003747,2026-04-28,CUST-041,Kongu Builders & Real Estate,Builder / Commercial,BR-03,EMP-012,171335.0,30840.3,202175.3,Invoiced
SO-003748,2026-04-28,CUST-043,Sundaram Hospital Maintenance,Institution,BR-03,EMP-012,2689.0,484.02,3173.02,Invoiced
SO-003749,2026-04-28,CUST-014,Siva Shankaran (Individual Home),Residential / B2C,BR-01,EMP-003,202.4,36.43,238.83,Invoiced
SO-003750,2026-04-29,CUST-043,Sundaram Hospital Maintenance,Institution,BR-03,EMP-012,6396.0,1151.28,7547.28,Invoiced
SO-003751,2026-04-29,CUST-011,Victory Housing Projects Phase 2,Builder / Commercial,BR-01,EMP-003,77663.6,13979.45,91643.05,Invoiced
SO-003752,2026-04-29,CUST-016,Royal Comfort Residency Hotel,Small Commercial,BR-01,EMP-003,542.8,97.7,640.5,Invoiced
SO-003753,2026-04-29,CUST-006,Dr. Priya Sundaram (Home Clinic),Residential / B2C,BR-01,EMP-002,580.8,104.54,685.34,Invoiced
SO-003754,2026-04-30,CUST-006,Dr. Priya Sundaram (Home Clinic),Residential / B2C,BR-01,EMP-003,1380.0,248.4,1628.4,Invoiced
SO-003755,2026-04-30,CUST-046,Annamalai Agro Processing Unit,Small Commercial,BR-03,EMP-010,9636.0,1734.48,11370.48,Invoiced
SO-003756,2026-04-30,CUST-029,Raghavendra Infrastructure Developers,Builder / Commercial,BR-02,EMP-007,115787.0,20841.66,136628.66,Invoiced
SO-003757,2026-04-30,CUST-011,Victory Housing Projects Phase 2,Builder / Commercial,BR-01,EMP-003,83266.0,14987.88,98253.88,Invoiced
SO-003758,2026-04-30,CUST-021,Mohammed Riyaz (Home Renovation),Residential / B2C,BR-01,EMP-002,5110.0,919.8,6029.8,Invoiced
SO-003759,2026-05-01,CUST-026,Manjunatha Electrical Works,Electrician,BR-02,EMP-007,8160.0,1468.8,9628.8,Invoiced
SO-003760,2026-05-01,CUST-032,Cauvery Engineering Contractors,Contractor,BR-02,EMP-007,67899.0,12221.82,80120.82,Invoiced
SO-003761,2026-05-01,CUST-004,Sri Ramakrishna Builders & Infra,Builder / Commercial,BR-01,EMP-003,69534.0,12516.12,82050.12,Invoiced
SO-003762,2026-05-01,CUST-002,Kalaivani Hardware & Paints,Retailer / Trader,BR-01,EMP-003,176242.0,31723.56,207965.56,Invoiced
SO-003763,2026-05-01,CUST-026,Manjunatha Electrical Works,Electrician,BR-02,EMP-006,22879.0,4118.22,26997.22,Invoiced
SO-003764,2026-05-01,CUST-040,Sri Krishna Engineering College Hostel,Institution,BR-03,EMP-012,4628.0,833.04,5461.04,Invoiced
SO-003765,2026-05-01,CUST-018,Lakshmi Vilas Sweets & Bakery,Small Commercial,BR-01,EMP-002,924.0,166.32,1090.32,Invoiced
SO-003766,2026-05-02,CUST-030,Dr. Arvind Rao Dental Clinic,Small Commercial,BR-02,EMP-007,9561.2,1721.02,11282.22,Invoiced
SO-003767,2026-05-02,CUST-012,Karthik Residential Apartment Owner,Residential / B2C,BR-01,EMP-003,624.0,112.32,736.32,Invoiced
SO-003768,2026-05-02,CUST-037,Kovai Textile Mills Facility Team,Small Commercial,BR-03,EMP-009,8154.0,1467.72,9621.72,Invoiced
SO-003769,2026-05-02,CUST-003,Saravana Electric Works (Govindaraj),Electrician,BR-01,EMP-002,7800.0,1404.0,9204.0,Invoiced
SO-003770,2026-05-02,CUST-045,Karthika Departmental Store,Small Commercial,BR-03,EMP-012,495.0,89.1,584.1,Invoiced
SO-003771,2026-05-02,CUST-046,Annamalai Agro Processing Unit,Small Commercial,BR-03,EMP-010,2720.0,489.6,3209.6,Invoiced
SO-003772,2026-05-02,CUST-047,Kovai Elite Residency Hotel,Small Commercial,BR-03,EMP-012,2191.0,394.38,2585.38,Invoiced
SO-003773,2026-05-02,CUST-047,Kovai Elite Residency Hotel,Small Commercial,BR-03,EMP-009,11088.0,1995.84,13083.84,Invoiced
SO-003774,2026-05-04,CUST-047,Kovai Elite Residency Hotel,Small Commercial,BR-03,EMP-012,6090.0,1096.2,7186.2,Invoiced
SO-003775,2026-05-04,CUST-013,Metro Supermarket Tambaram,Small Commercial,BR-01,EMP-003,15.0,2.7,17.7,Invoiced
SO-003776,2026-05-04,CUST-036,Urban Spaces Interior Studio,Contractor,BR-02,EMP-007,48657.6,8758.37,57415.97,Invoiced
SO-003777,2026-05-04,CUST-011,Victory Housing Projects Phase 2,Builder / Commercial,BR-01,EMP-003,73440.0,13219.2,86659.2,Invoiced
SO-003778,2026-05-05,CUST-028,Sri Venkateshwara Hardware & Electricals,Retailer / Trader,BR-02,EMP-006,184350.8,33183.14,217533.94,Invoiced
SO-003779,2026-05-05,CUST-004,Sri Ramakrishna Builders & Infra,Builder / Commercial,BR-01,EMP-002,67490.2,12148.24,79638.44,Invoiced
SO-003780,2026-05-05,CUST-003,Saravana Electric Works (Govindaraj),Electrician,BR-01,EMP-002,6885.0,1239.3,8124.3,Invoiced
SO-003781,2026-05-05,CUST-046,Annamalai Agro Processing Unit,Small Commercial,BR-03,EMP-010,2172.0,390.96,2562.96,Invoiced
SO-003782,2026-05-05,CUST-020,Selvam Electrician Services,Electrician,BR-01,EMP-003,9675.0,1741.5,11416.5,Invoiced
SO-003783,2026-05-05,CUST-041,Kongu Builders & Real Estate,Builder / Commercial,BR-03,EMP-010,5892.0,1060.56,6952.56,Invoiced
SO-003784,2026-05-06,CUST-008,Anbu Electricals (Anbazhagan),Electrician,BR-01,EMP-003,1119.0,201.42,1320.42,Invoiced
SO-003785,2026-05-06,CUST-019,Poompuhar Handicrafts Store,Small Commercial,BR-01,EMP-003,69.0,12.42,81.42,Invoiced
SO-003786,2026-05-06,CUST-026,Manjunatha Electrical Works,Electrician,BR-02,EMP-006,21612.0,3890.16,25502.16,Invoiced
SO-003787,2026-05-06,CUST-039,Rangasamy Electrician Workshop,Electrician,BR-03,EMP-010,5918.0,1065.24,6983.24,Invoiced
SO-003788,2026-05-06,CUST-007,TechPark Facility Maintenance Team,Institution,BR-01,EMP-003,1961.0,352.98,2313.98,Invoiced
SO-003789,2026-05-06,CUST-019,Poompuhar Handicrafts Store,Small Commercial,BR-01,EMP-002,799.8,143.96,943.76,Invoiced
SO-003790,2026-05-07,CUST-043,Sundaram Hospital Maintenance,Institution,BR-03,EMP-010,1100.0,198.0,1298.0,Invoiced
SO-003791,2026-05-07,CUST-006,Dr. Priya Sundaram (Home Clinic),Residential / B2C,BR-01,EMP-003,101.2,18.22,119.42,Invoiced
SO-003792,2026-05-07,CUST-038,Marutham Electrical & Power Agency,Retailer / Trader,BR-03,EMP-012,152160.0,27388.8,179548.8,Invoiced
SO-003793,2026-05-07,CUST-001,Balaji Electrical Contractors,Contractor,BR-01,EMP-003,34648.0,6236.64,40884.64,Invoiced
SO-003794,2026-05-07,CUST-014,Siva Shankaran (Individual Home),Residential / B2C,BR-01,EMP-002,423.2,76.17,499.37,Invoiced
SO-003795,2026-05-07,CUST-001,Balaji Electrical Contractors,Contractor,BR-01,EMP-002,36395.0,6551.1,42946.1,Invoiced
SO-003796,2026-05-07,CUST-035,Gowda Electrical Repairs,Electrician,BR-02,EMP-007,2350.6,423.11,2773.71,Invoiced
SO-003797,2026-05-08,CUST-023,Kalam Brothers Electrical Store,Retailer / Trader,BR-01,EMP-002,222084.0,39975.12,262059.12,Invoiced
SO-003798,2026-05-08,CUST-046,Annamalai Agro Processing Unit,Small Commercial,BR-03,EMP-009,11225.0,2020.5,13245.5,Invoiced
SO-003799,2026-05-08,CUST-019,Poompuhar Handicrafts Store,Small Commercial,BR-01,EMP-003,634.8,114.26,749.06,Invoiced
SO-003800,2026-05-08,CUST-004,Sri Ramakrishna Builders & Infra,Builder / Commercial,BR-01,EMP-003,35477.2,6385.9,41863.1,Invoiced
SO-003801,2026-05-08,CUST-001,Balaji Electrical Contractors,Contractor,BR-01,EMP-003,69570.0,12522.6,82092.6,Invoiced
SO-003802,2026-05-09,CUST-037,Kovai Textile Mills Facility Team,Small Commercial,BR-03,EMP-010,1254.0,225.72,1479.72,Invoiced
SO-003803,2026-05-09,CUST-026,Manjunatha Electrical Works,Electrician,BR-02,EMP-007,10270.0,1848.6,12118.6,Invoiced
SO-003804,2026-05-09,CUST-023,Kalam Brothers Electrical Store,Retailer / Trader,BR-01,EMP-002,87439.0,15739.02,103178.02,Invoiced
SO-003805,2026-05-09,CUST-036,Urban Spaces Interior Studio,Contractor,BR-02,EMP-007,87858.0,15814.44,103672.44,Invoiced
SO-003806,2026-05-11,CUST-035,Gowda Electrical Repairs,Electrician,BR-02,EMP-007,21608.0,3889.44,25497.44,Invoiced
SO-003807,2026-05-11,CUST-046,Annamalai Agro Processing Unit,Small Commercial,BR-03,EMP-009,1700.0,306.0,2006.0,Invoiced
SO-003808,2026-05-11,CUST-039,Rangasamy Electrician Workshop,Electrician,BR-03,EMP-010,11028.0,1985.04,13013.04,Invoiced
SO-003809,2026-05-11,CUST-047,Kovai Elite Residency Hotel,Small Commercial,BR-03,EMP-012,7010.0,1261.8,8271.8,Invoiced
SO-003810,2026-05-12,CUST-019,Poompuhar Handicrafts Store,Small Commercial,BR-01,EMP-002,322.0,57.96,379.96,Invoiced
SO-003811,2026-05-12,CUST-023,Kalam Brothers Electrical Store,Retailer / Trader,BR-01,EMP-003,142791.0,25702.38,168493.38,Invoiced
SO-003812,2026-05-12,CUST-044,Mani Bros Electricals (Mani),Electrician,BR-03,EMP-009,7571.0,1362.78,8933.78,Invoiced
SO-003813,2026-05-12,CUST-013,Metro Supermarket Tambaram,Small Commercial,BR-01,EMP-003,500.8,90.14,590.94,Invoiced
SO-003814,2026-05-12,CUST-033,Suresh Babu (Villa Construction),Residential / B2C,BR-02,EMP-007,2200.0,396.0,2596.0,Invoiced
SO-003815,2026-05-12,CUST-040,Sri Krishna Engineering College Hostel,Institution,BR-03,EMP-009,19961.0,3592.98,23553.98,Invoiced
SO-003816,2026-05-13,CUST-021,Mohammed Riyaz (Home Renovation),Residential / B2C,BR-01,EMP-003,3450.0,621.0,4071.0,Invoiced
SO-003817,2026-05-13,CUST-033,Suresh Babu (Villa Construction),Residential / B2C,BR-02,EMP-007,390.0,70.2,460.2,Invoiced
SO-003818,2026-05-13,CUST-016,Royal Comfort Residency Hotel,Small Commercial,BR-01,EMP-002,4748.0,854.64,5602.64,Invoiced
SO-003819,2026-05-13,CUST-048,Ramachandran (Individual House Owner),Residential / B2C,BR-03,EMP-009,6444.0,1159.92,7603.92,Invoiced
SO-003820,2026-05-13,CUST-042,Velan Pump & Motor Spares Store,Retailer / Trader,BR-03,EMP-012,119522.0,21513.96,141035.96,Invoiced
SO-003821,2026-05-13,CUST-004,Sri Ramakrishna Builders & Infra,Builder / Commercial,BR-01,EMP-002,23479.4,4226.29,27705.69,Invoiced
SO-003822,2026-05-14,CUST-033,Suresh Babu (Villa Construction),Residential / B2C,BR-02,EMP-007,3028.0,545.04,3573.04,Invoiced
SO-003823,2026-05-14,CUST-027,InnoTech Coworking Hub,Small Commercial,BR-02,EMP-007,69.0,12.42,81.42,Invoiced
SO-003824,2026-05-14,CUST-006,Dr. Priya Sundaram (Home Clinic),Residential / B2C,BR-01,EMP-003,9782.0,1760.76,11542.76,Invoiced
SO-003825,2026-05-15,CUST-017,Apex Manufacturing Solutions,Small Commercial,BR-01,EMP-002,720.0,129.6,849.6,Invoiced
SO-003826,2026-05-15,CUST-022,Global Smart Solutions (P) Ltd,Contractor,BR-01,EMP-002,21122.0,3801.96,24923.96,Invoiced
SO-003827,2026-05-15,CUST-021,Mohammed Riyaz (Home Renovation),Residential / B2C,BR-01,EMP-003,2648.8,476.78,3125.58,Invoiced
SO-003828,2026-05-15,CUST-004,Sri Ramakrishna Builders & Infra,Builder / Commercial,BR-01,EMP-003,124915.0,22484.7,147399.7,Invoiced
SO-003829,2026-05-15,CUST-012,Karthik Residential Apartment Owner,Residential / B2C,BR-01,EMP-003,9663.0,1739.34,11402.34,Invoiced
SO-003830,2026-05-15,CUST-003,Saravana Electric Works (Govindaraj),Electrician,BR-01,EMP-003,27471.0,4944.78,32415.78,Invoiced
SO-003831,2026-05-15,CUST-042,Velan Pump & Motor Spares Store,Retailer / Trader,BR-03,EMP-009,28177.0,5071.86,33248.86,Invoiced
SO-003832,2026-05-15,CUST-015,Srinivasan & Sons Contractor,Contractor,BR-01,EMP-003,135527.2,24394.9,159922.1,Invoiced
SO-003833,2026-05-16,CUST-040,Sri Krishna Engineering College Hostel,Institution,BR-03,EMP-009,675.0,121.5,796.5,Invoiced
SO-003834,2026-05-16,CUST-030,Dr. Arvind Rao Dental Clinic,Small Commercial,BR-02,EMP-006,12991.0,2338.38,15329.38,Invoiced
SO-003835,2026-05-16,CUST-015,Srinivasan & Sons Contractor,Contractor,BR-01,EMP-003,43730.4,7871.47,51601.87,Invoiced
SO-003836,2026-05-18,CUST-023,Kalam Brothers Electrical Store,Retailer / Trader,BR-01,EMP-002,145030.0,26105.4,171135.4,Invoiced
SO-003837,2026-05-18,CUST-006,Dr. Priya Sundaram (Home Clinic),Residential / B2C,BR-01,EMP-002,475.0,85.5,560.5,Invoiced
SO-003838,2026-05-18,CUST-048,Ramachandran (Individual House Owner),Residential / B2C,BR-03,EMP-010,3036.0,546.48,3582.48,Invoiced
SO-003839,2026-05-18,CUST-011,Victory Housing Projects Phase 2,Builder / Commercial,BR-01,EMP-003,56229.0,10121.22,66350.22,Invoiced
SO-003840,2026-05-19,CUST-044,Mani Bros Electricals (Mani),Electrician,BR-03,EMP-009,10195.0,1835.1,12030.1,Invoiced
SO-003841,2026-05-19,CUST-021,Mohammed Riyaz (Home Renovation),Residential / B2C,BR-01,EMP-003,3330.0,599.4,3929.4,Invoiced
SO-003842,2026-05-19,CUST-041,Kongu Builders & Real Estate,Builder / Commercial,BR-03,EMP-009,110291.4,19852.45,130143.85,Invoiced
SO-003843,2026-05-19,CUST-044,Mani Bros Electricals (Mani),Electrician,BR-03,EMP-010,19298.0,3473.64,22771.64,Invoiced
SO-003844,2026-05-19,CUST-030,Dr. Arvind Rao Dental Clinic,Small Commercial,BR-02,EMP-006,435.0,78.3,513.3,Invoiced
SO-003845,2026-05-19,CUST-018,Lakshmi Vilas Sweets & Bakery,Small Commercial,BR-01,EMP-003,954.0,171.72,1125.72,Invoiced
SO-003846,2026-05-19,CUST-032,Cauvery Engineering Contractors,Contractor,BR-02,EMP-007,42308.0,7615.44,49923.44,Invoiced
SO-003847,2026-05-20,CUST-015,Srinivasan & Sons Contractor,Contractor,BR-01,EMP-003,4923.4,886.21,5809.61,Invoiced
SO-003848,2026-05-20,CUST-011,Victory Housing Projects Phase 2,Builder / Commercial,BR-01,EMP-002,44648.0,8036.64,52684.64,Invoiced
SO-003849,2026-05-20,CUST-002,Kalaivani Hardware & Paints,Retailer / Trader,BR-01,EMP-003,162963.0,29333.34,192296.34,Invoiced
SO-003850,2026-05-20,CUST-047,Kovai Elite Residency Hotel,Small Commercial,BR-03,EMP-009,1299.6,233.93,1533.53,Invoiced
SO-003851,2026-05-20,CUST-036,Urban Spaces Interior Studio,Contractor,BR-02,EMP-007,268107.0,48259.26,316366.26,Invoiced
SO-003852,2026-05-20,CUST-018,Lakshmi Vilas Sweets & Bakery,Small Commercial,BR-01,EMP-003,11337.0,2040.66,13377.66,Invoiced
SO-003853,2026-05-20,CUST-038,Marutham Electrical & Power Agency,Retailer / Trader,BR-03,EMP-012,167650.0,30177.0,197827.0,Invoiced
SO-003854,2026-05-20,CUST-002,Kalaivani Hardware & Paints,Retailer / Trader,BR-01,EMP-002,36344.0,6541.92,42885.92,Invoiced
SO-003855,2026-05-21,CUST-025,Brigade Vista Apartment Owners Assn,Residential / B2C,BR-02,EMP-007,10340.0,1861.2,12201.2,Invoiced
SO-003856,2026-05-21,CUST-006,Dr. Priya Sundaram (Home Clinic),Residential / B2C,BR-01,EMP-003,1001.0,180.18,1181.18,Invoiced
SO-003857,2026-05-21,CUST-002,Kalaivani Hardware & Paints,Retailer / Trader,BR-01,EMP-002,24710.0,4447.8,29157.8,Invoiced
SO-003858,2026-05-21,CUST-028,Sri Venkateshwara Hardware & Electricals,Retailer / Trader,BR-02,EMP-007,199955.2,35991.94,235947.14,Invoiced
SO-003859,2026-05-22,CUST-025,Brigade Vista Apartment Owners Assn,Residential / B2C,BR-02,EMP-006,495.0,89.1,584.1,Invoiced
SO-003860,2026-05-22,CUST-042,Velan Pump & Motor Spares Store,Retailer / Trader,BR-03,EMP-012,271424.8,48856.46,320281.26,Invoiced
SO-003861,2026-05-22,CUST-030,Dr. Arvind Rao Dental Clinic,Small Commercial,BR-02,EMP-006,3231.0,581.58,3812.58,Invoiced
SO-003862,2026-05-22,CUST-020,Selvam Electrician Services,Electrician,BR-01,EMP-002,4396.0,791.28,5187.28,Invoiced
SO-003863,2026-05-22,CUST-038,Marutham Electrical & Power Agency,Retailer / Trader,BR-03,EMP-012,550672.0,99120.96,649792.96,Invoiced
SO-003864,2026-05-22,CUST-021,Mohammed Riyaz (Home Renovation),Residential / B2C,BR-01,EMP-002,746.6,134.39,880.99,Invoiced
SO-003865,2026-05-22,CUST-015,Srinivasan & Sons Contractor,Contractor,BR-01,EMP-002,9031.8,1625.72,10657.52,Invoiced
SO-003866,2026-05-22,CUST-012,Karthik Residential Apartment Owner,Residential / B2C,BR-01,EMP-002,640.0,115.2,755.2,Invoiced
SO-003867,2026-05-23,CUST-033,Suresh Babu (Villa Construction),Residential / B2C,BR-02,EMP-006,1950.0,351.0,2301.0,Invoiced
SO-003868,2026-05-23,CUST-042,Velan Pump & Motor Spares Store,Retailer / Trader,BR-03,EMP-012,77439.0,13939.02,91378.02,Invoiced
SO-003869,2026-05-23,CUST-042,Velan Pump & Motor Spares Store,Retailer / Trader,BR-03,EMP-010,371958.0,66952.44,438910.44,Invoiced
SO-003870,2026-05-25,CUST-047,Kovai Elite Residency Hotel,Small Commercial,BR-03,EMP-012,3332.0,599.76,3931.76,Invoiced
SO-003871,2026-05-25,CUST-017,Apex Manufacturing Solutions,Small Commercial,BR-01,EMP-003,828.0,149.04,977.04,Invoiced
SO-003872,2026-05-25,CUST-044,Mani Bros Electricals (Mani),Electrician,BR-03,EMP-012,15244.0,2743.92,17987.92,Invoiced
SO-003873,2026-05-25,CUST-018,Lakshmi Vilas Sweets & Bakery,Small Commercial,BR-01,EMP-003,7014.0,1262.52,8276.52,Invoiced
SO-003874,2026-05-25,CUST-013,Metro Supermarket Tambaram,Small Commercial,BR-01,EMP-003,630.8,113.54,744.34,Invoiced
SO-003875,2026-05-25,CUST-046,Annamalai Agro Processing Unit,Small Commercial,BR-03,EMP-012,9238.0,1662.84,10900.84,Invoiced
SO-003876,2026-05-26,CUST-022,Global Smart Solutions (P) Ltd,Contractor,BR-01,EMP-003,26501.0,4770.18,31271.18,Invoiced
SO-003877,2026-05-26,CUST-019,Poompuhar Handicrafts Store,Small Commercial,BR-01,EMP-002,2802.0,504.36,3306.36,Invoiced
SO-003878,2026-05-26,CUST-015,Srinivasan & Sons Contractor,Contractor,BR-01,EMP-003,26925.0,4846.5,31771.5,Invoiced
SO-003879,2026-05-26,CUST-030,Dr. Arvind Rao Dental Clinic,Small Commercial,BR-02,EMP-007,2772.0,498.96,3270.96,Invoiced
SO-003880,2026-05-26,CUST-008,Anbu Electricals (Anbazhagan),Electrician,BR-01,EMP-003,5120.0,921.6,6041.6,Invoiced
SO-003881,2026-05-26,CUST-033,Suresh Babu (Villa Construction),Residential / B2C,BR-02,EMP-007,2992.0,538.56,3530.56,Invoiced
SO-003882,2026-05-26,CUST-044,Mani Bros Electricals (Mani),Electrician,BR-03,EMP-009,2463.2,443.38,2906.58,Invoiced
SO-003883,2026-05-26,CUST-034,Silicon Valley PG Hostel Chain,Institution,BR-02,EMP-007,7540.0,1357.2,8897.2,Invoiced
SO-003884,2026-05-27,CUST-033,Suresh Babu (Villa Construction),Residential / B2C,BR-02,EMP-006,1060.4,190.87,1251.27,Invoiced
SO-003885,2026-05-27,CUST-008,Anbu Electricals (Anbazhagan),Electrician,BR-01,EMP-002,4285.0,771.3,5056.3,Invoiced
SO-003886,2026-05-27,CUST-035,Gowda Electrical Repairs,Electrician,BR-02,EMP-007,13493.0,2428.74,15921.74,Invoiced
SO-003887,2026-05-28,CUST-045,Karthika Departmental Store,Small Commercial,BR-03,EMP-010,185.2,33.34,218.54,Invoiced
SO-003888,2026-05-28,CUST-007,TechPark Facility Maintenance Team,Institution,BR-01,EMP-002,914.8,164.66,1079.46,Invoiced
SO-003889,2026-05-28,CUST-022,Global Smart Solutions (P) Ltd,Contractor,BR-01,EMP-002,56668.0,10200.24,66868.24,Invoiced
SO-003890,2026-05-29,CUST-039,Rangasamy Electrician Workshop,Electrician,BR-03,EMP-010,6731.0,1211.58,7942.58,Invoiced
SO-003891,2026-05-29,CUST-044,Mani Bros Electricals (Mani),Electrician,BR-03,EMP-012,11460.0,2062.8,13522.8,Invoiced
SO-003892,2026-05-29,CUST-047,Kovai Elite Residency Hotel,Small Commercial,BR-03,EMP-009,4433.0,797.94,5230.94,Invoiced
SO-003893,2026-05-29,CUST-022,Global Smart Solutions (P) Ltd,Contractor,BR-01,EMP-003,13020.0,2343.6,15363.6,Invoiced
SO-003894,2026-05-29,CUST-034,Silicon Valley PG Hostel Chain,Institution,BR-02,EMP-007,9966.0,1793.88,11759.88,Invoiced
SO-003895,2026-05-29,CUST-007,TechPark Facility Maintenance Team,Institution,BR-01,EMP-002,15460.0,2782.8,18242.8,Invoiced
SO-003896,2026-05-29,CUST-048,Ramachandran (Individual House Owner),Residential / B2C,BR-03,EMP-012,1345.0,242.1,1587.1,Invoiced
SO-003897,2026-05-29,CUST-015,Srinivasan & Sons Contractor,Contractor,BR-01,EMP-002,23766.8,4278.02,28044.82,Invoiced
SO-003898,2026-05-30,CUST-047,Kovai Elite Residency Hotel,Small Commercial,BR-03,EMP-009,45.0,8.1,53.1,Invoiced
SO-003899,2026-05-30,CUST-015,Srinivasan & Sons Contractor,Contractor,BR-01,EMP-002,73331.8,13199.72,86531.52,Invoiced
SO-003900,2026-05-30,CUST-032,Cauvery Engineering Contractors,Contractor,BR-02,EMP-006,68930.6,12407.51,81338.11,Invoiced
SO-003901,2026-05-30,CUST-046,Annamalai Agro Processing Unit,Small Commercial,BR-03,EMP-009,2068.0,372.24,2440.24,Invoiced
SO-003902,2026-06-01,CUST-026,Manjunatha Electrical Works,Electrician,BR-02,EMP-007,3802.4,684.43,4486.83,Invoiced
SO-003903,2026-06-01,CUST-043,Sundaram Hospital Maintenance,Institution,BR-03,EMP-010,3802.0,684.36,4486.36,Invoiced
SO-003904,2026-06-01,CUST-042,Velan Pump & Motor Spares Store,Retailer / Trader,BR-03,EMP-012,84172.0,15150.96,99322.96,Invoiced
SO-003905,2026-06-02,CUST-002,Kalaivani Hardware & Paints,Retailer / Trader,BR-01,EMP-003,173954.8,31311.87,205266.67,Invoiced
SO-003906,2026-06-02,CUST-041,Kongu Builders & Real Estate,Builder / Commercial,BR-03,EMP-012,9490.0,1708.2,11198.2,Invoiced
SO-003907,2026-06-02,CUST-007,TechPark Facility Maintenance Team,Institution,BR-01,EMP-003,69.0,12.42,81.42,Invoiced
SO-003908,2026-06-02,CUST-036,Urban Spaces Interior Studio,Contractor,BR-02,EMP-007,110126.0,19822.68,129948.68,Invoiced
SO-003909,2026-06-03,CUST-048,Ramachandran (Individual House Owner),Residential / B2C,BR-03,EMP-009,4595.0,827.1,5422.1,Invoiced
SO-003910,2026-06-03,CUST-048,Ramachandran (Individual House Owner),Residential / B2C,BR-03,EMP-010,10365.0,1865.7,12230.7,Invoiced
SO-003911,2026-06-03,CUST-008,Anbu Electricals (Anbazhagan),Electrician,BR-01,EMP-002,3360.0,604.8,3964.8,Invoiced
SO-003912,2026-06-03,CUST-009,Devi Agency & Lighting Store,Retailer / Trader,BR-01,EMP-003,89031.6,16025.69,105057.29,Invoiced
SO-003913,2026-06-03,CUST-017,Apex Manufacturing Solutions,Small Commercial,BR-01,EMP-003,2302.4,414.43,2716.83,Invoiced
SO-003914,2026-06-03,CUST-023,Kalam Brothers Electrical Store,Retailer / Trader,BR-01,EMP-002,58038.6,10446.95,68485.55,Invoiced
SO-003915,2026-06-03,CUST-014,Siva Shankaran (Individual Home),Residential / B2C,BR-01,EMP-003,220.8,39.74,260.54,Invoiced
SO-003916,2026-06-03,CUST-038,Marutham Electrical & Power Agency,Retailer / Trader,BR-03,EMP-010,294905.0,53082.9,347987.9,Invoiced
SO-003917,2026-06-04,CUST-029,Raghavendra Infrastructure Developers,Builder / Commercial,BR-02,EMP-007,14333.8,2580.08,16913.88,Invoiced
SO-003918,2026-06-04,CUST-028,Sri Venkateshwara Hardware & Electricals,Retailer / Trader,BR-02,EMP-006,89953.2,16191.58,106144.78,Invoiced
SO-003919,2026-06-04,CUST-019,Poompuhar Handicrafts Store,Small Commercial,BR-01,EMP-003,30.0,5.4,35.4,Invoiced
SO-003920,2026-06-04,CUST-029,Raghavendra Infrastructure Developers,Builder / Commercial,BR-02,EMP-006,77756.0,13996.08,91752.08,Invoiced
SO-003921,2026-06-04,CUST-026,Manjunatha Electrical Works,Electrician,BR-02,EMP-007,2840.0,511.2,3351.2,Invoiced
SO-003922,2026-06-05,CUST-015,Srinivasan & Sons Contractor,Contractor,BR-01,EMP-003,78545.0,14138.1,92683.1,Invoiced
SO-003923,2026-06-05,CUST-048,Ramachandran (Individual House Owner),Residential / B2C,BR-03,EMP-009,2200.0,396.0,2596.0,Invoiced
SO-003924,2026-06-05,CUST-004,Sri Ramakrishna Builders & Infra,Builder / Commercial,BR-01,EMP-002,71440.0,12859.2,84299.2,Invoiced
SO-003925,2026-06-05,CUST-048,Ramachandran (Individual House Owner),Residential / B2C,BR-03,EMP-012,17880.0,3218.4,21098.4,Invoiced
SO-003926,2026-06-05,CUST-044,Mani Bros Electricals (Mani),Electrician,BR-03,EMP-010,6754.4,1215.79,7970.19,Invoiced
SO-003927,2026-06-05,CUST-013,Metro Supermarket Tambaram,Small Commercial,BR-01,EMP-002,7621.0,1371.78,8992.78,Invoiced
SO-003928,2026-06-05,CUST-025,Brigade Vista Apartment Owners Assn,Residential / B2C,BR-02,EMP-006,3865.0,695.7,4560.7,Invoiced
SO-003929,2026-06-06,CUST-029,Raghavendra Infrastructure Developers,Builder / Commercial,BR-02,EMP-006,10934.0,1968.12,12902.12,Invoiced
SO-003930,2026-06-06,CUST-012,Karthik Residential Apartment Owner,Residential / B2C,BR-01,EMP-003,4461.0,802.98,5263.98,Invoiced
SO-003931,2026-06-06,CUST-012,Karthik Residential Apartment Owner,Residential / B2C,BR-01,EMP-002,10791.6,1942.49,12734.09,Invoiced
SO-003932,2026-06-06,CUST-039,Rangasamy Electrician Workshop,Electrician,BR-03,EMP-012,4425.0,796.5,5221.5,Invoiced
SO-003933,2026-06-06,CUST-027,InnoTech Coworking Hub,Small Commercial,BR-02,EMP-006,1119.0,201.42,1320.42,Invoiced
SO-003934,2026-06-06,CUST-026,Manjunatha Electrical Works,Electrician,BR-02,EMP-006,14570.0,2622.6,17192.6,Invoiced
SO-003935,2026-06-06,CUST-014,Siva Shankaran (Individual Home),Residential / B2C,BR-01,EMP-003,4534.0,816.12,5350.12,Invoiced
SO-003936,2026-06-06,CUST-026,Manjunatha Electrical Works,Electrician,BR-02,EMP-006,2530.0,455.4,2985.4,Invoiced
SO-003937,2026-06-08,CUST-038,Marutham Electrical & Power Agency,Retailer / Trader,BR-03,EMP-012,300924.4,54166.39,355090.79,Invoiced
SO-003938,2026-06-08,CUST-017,Apex Manufacturing Solutions,Small Commercial,BR-01,EMP-002,10320.0,1857.6,12177.6,Invoiced
SO-003939,2026-06-08,CUST-018,Lakshmi Vilas Sweets & Bakery,Small Commercial,BR-01,EMP-003,9165.0,1649.7,10814.7,Invoiced
SO-003940,2026-06-08,CUST-026,Manjunatha Electrical Works,Electrician,BR-02,EMP-006,11127.4,2002.93,13130.33,Invoiced
SO-003941,2026-06-08,CUST-013,Metro Supermarket Tambaram,Small Commercial,BR-01,EMP-003,11710.0,2107.8,13817.8,Invoiced
SO-003942,2026-06-08,CUST-046,Annamalai Agro Processing Unit,Small Commercial,BR-03,EMP-009,2150.0,387.0,2537.0,Invoiced
SO-003943,2026-06-08,CUST-016,Royal Comfort Residency Hotel,Small Commercial,BR-01,EMP-002,1950.0,351.0,2301.0,Invoiced
SO-003944,2026-06-08,CUST-028,Sri Venkateshwara Hardware & Electricals,Retailer / Trader,BR-02,EMP-007,119153.8,21447.68,140601.48,Invoiced
SO-003945,2026-06-09,CUST-041,Kongu Builders & Real Estate,Builder / Commercial,BR-03,EMP-010,94116.2,16940.92,111057.12,Invoiced
SO-003946,2026-06-09,CUST-042,Velan Pump & Motor Spares Store,Retailer / Trader,BR-03,EMP-009,25542.2,4597.6,30139.8,Invoiced
SO-003947,2026-06-09,CUST-033,Suresh Babu (Villa Construction),Residential / B2C,BR-02,EMP-006,2215.0,398.7,2613.7,Invoiced
SO-003948,2026-06-09,CUST-003,Saravana Electric Works (Govindaraj),Electrician,BR-01,EMP-003,1397.0,251.46,1648.46,Invoiced
SO-003949,2026-06-09,CUST-036,Urban Spaces Interior Studio,Contractor,BR-02,EMP-006,26206.0,4717.08,30923.08,Invoiced
SO-003950,2026-06-10,CUST-028,Sri Venkateshwara Hardware & Electricals,Retailer / Trader,BR-02,EMP-007,153777.8,27680.01,181457.81,Invoiced
SO-003951,2026-06-10,CUST-029,Raghavendra Infrastructure Developers,Builder / Commercial,BR-02,EMP-006,3487.0,627.66,4114.66,Invoiced
SO-003952,2026-06-10,CUST-035,Gowda Electrical Repairs,Electrician,BR-02,EMP-007,740.0,133.2,873.2,Invoiced
SO-003953,2026-06-10,CUST-028,Sri Venkateshwara Hardware & Electricals,Retailer / Trader,BR-02,EMP-006,180848.6,32552.75,213401.35,Invoiced
SO-003954,2026-06-10,CUST-046,Annamalai Agro Processing Unit,Small Commercial,BR-03,EMP-012,760.0,136.8,896.8,Invoiced
SO-003955,2026-06-10,CUST-014,Siva Shankaran (Individual Home),Residential / B2C,BR-01,EMP-003,2639.8,475.16,3114.96,Invoiced
SO-003956,2026-06-11,CUST-044,Mani Bros Electricals (Mani),Electrician,BR-03,EMP-009,5861.0,1054.98,6915.98,Invoiced
SO-003957,2026-06-11,CUST-007,TechPark Facility Maintenance Team,Institution,BR-01,EMP-003,1281.2,230.62,1511.82,Invoiced
SO-003958,2026-06-11,CUST-007,TechPark Facility Maintenance Team,Institution,BR-01,EMP-002,990.0,178.2,1168.2,Invoiced
SO-003959,2026-06-11,CUST-022,Global Smart Solutions (P) Ltd,Contractor,BR-01,EMP-002,83050.0,14949.0,97999.0,Invoiced
SO-003960,2026-06-11,CUST-018,Lakshmi Vilas Sweets & Bakery,Small Commercial,BR-01,EMP-002,10515.0,1892.7,12407.7,Invoiced
SO-003961,2026-06-11,CUST-023,Kalam Brothers Electrical Store,Retailer / Trader,BR-01,EMP-002,70698.0,12725.64,83423.64,Invoiced
SO-003962,2026-06-11,CUST-038,Marutham Electrical & Power Agency,Retailer / Trader,BR-03,EMP-009,158239.4,28483.09,186722.49,Invoiced
SO-003963,2026-06-11,CUST-009,Devi Agency & Lighting Store,Retailer / Trader,BR-01,EMP-003,181196.2,32615.32,213811.52,Invoiced
SO-003964,2026-06-12,CUST-033,Suresh Babu (Villa Construction),Residential / B2C,BR-02,EMP-006,763.6,137.45,901.05,Invoiced
SO-003965,2026-06-12,CUST-036,Urban Spaces Interior Studio,Contractor,BR-02,EMP-006,8705.0,1566.9,10271.9,Invoiced
SO-003966,2026-06-12,CUST-033,Suresh Babu (Villa Construction),Residential / B2C,BR-02,EMP-007,3730.0,671.4,4401.4,Invoiced
SO-003967,2026-06-12,CUST-040,Sri Krishna Engineering College Hostel,Institution,BR-03,EMP-010,165.0,29.7,194.7,Invoiced
SO-003968,2026-06-12,CUST-042,Velan Pump & Motor Spares Store,Retailer / Trader,BR-03,EMP-010,166789.2,30022.06,196811.26,Invoiced
SO-003969,2026-06-12,CUST-004,Sri Ramakrishna Builders & Infra,Builder / Commercial,BR-01,EMP-002,31757.0,5716.26,37473.26,Invoiced
SO-003970,2026-06-13,CUST-021,Mohammed Riyaz (Home Renovation),Residential / B2C,BR-01,EMP-002,165.0,29.7,194.7,Invoiced
SO-003971,2026-06-13,CUST-037,Kovai Textile Mills Facility Team,Small Commercial,BR-03,EMP-010,360.0,64.8,424.8,Invoiced
SO-003972,2026-06-13,CUST-010,Vels Vidyashram School Campus,Institution,BR-01,EMP-002,8000.0,1440.0,9440.0,Invoiced
SO-003973,2026-06-15,CUST-029,Raghavendra Infrastructure Developers,Builder / Commercial,BR-02,EMP-007,15556.8,2800.22,18357.02,Invoiced
SO-003974,2026-06-15,CUST-007,TechPark Facility Maintenance Team,Institution,BR-01,EMP-003,7372.0,1326.96,8698.96,Invoiced
SO-003975,2026-06-16,CUST-041,Kongu Builders & Real Estate,Builder / Commercial,BR-03,EMP-012,165664.0,29819.52,195483.52,Invoiced
SO-003976,2026-06-16,CUST-032,Cauvery Engineering Contractors,Contractor,BR-02,EMP-007,56200.0,10116.0,66316.0,Invoiced
SO-003977,2026-06-16,CUST-005,Murugan Auto Garage & Works,Small Commercial,BR-01,EMP-002,980.0,176.4,1156.4,Invoiced
SO-003978,2026-06-16,CUST-030,Dr. Arvind Rao Dental Clinic,Small Commercial,BR-02,EMP-007,7680.8,1382.54,9063.34,Invoiced
SO-003979,2026-06-16,CUST-028,Sri Venkateshwara Hardware & Electricals,Retailer / Trader,BR-02,EMP-007,37946.0,6830.28,44776.28,Invoiced
SO-003980,2026-06-16,CUST-004,Sri Ramakrishna Builders & Infra,Builder / Commercial,BR-01,EMP-003,16088.0,2895.84,18983.84,Invoiced
SO-003981,2026-06-16,CUST-008,Anbu Electricals (Anbazhagan),Electrician,BR-01,EMP-002,9222.0,1659.96,10881.96,Invoiced
SO-003982,2026-06-17,CUST-035,Gowda Electrical Repairs,Electrician,BR-02,EMP-006,7910.0,1423.8,9333.8,Invoiced
SO-003983,2026-06-17,CUST-030,Dr. Arvind Rao Dental Clinic,Small Commercial,BR-02,EMP-007,3772.0,678.96,4450.96,Invoiced
SO-003984,2026-06-17,CUST-021,Mohammed Riyaz (Home Renovation),Residential / B2C,BR-01,EMP-003,7038.0,1266.84,8304.84,Invoiced
SO-003985,2026-06-17,CUST-023,Kalam Brothers Electrical Store,Retailer / Trader,BR-01,EMP-002,126640.0,22795.2,149435.2,Invoiced
SO-003986,2026-06-17,CUST-036,Urban Spaces Interior Studio,Contractor,BR-02,EMP-007,77376.4,13927.75,91304.15,Invoiced
SO-003987,2026-06-17,CUST-045,Karthika Departmental Store,Small Commercial,BR-03,EMP-010,4300.0,774.0,5074.0,Invoiced
SO-003988,2026-06-18,CUST-025,Brigade Vista Apartment Owners Assn,Residential / B2C,BR-02,EMP-007,3886.0,699.48,4585.48,Invoiced
SO-003989,2026-06-18,CUST-033,Suresh Babu (Villa Construction),Residential / B2C,BR-02,EMP-006,5650.0,1017.0,6667.0,Invoiced
SO-003990,2026-06-18,CUST-002,Kalaivani Hardware & Paints,Retailer / Trader,BR-01,EMP-003,101735.6,18312.41,120048.01,Invoiced
SO-003991,2026-06-18,CUST-005,Murugan Auto Garage & Works,Small Commercial,BR-01,EMP-002,3150.0,567.0,3717.0,Invoiced
SO-003992,2026-06-19,CUST-032,Cauvery Engineering Contractors,Contractor,BR-02,EMP-006,41754.2,7515.76,49269.96,Invoiced
SO-003993,2026-06-19,CUST-039,Rangasamy Electrician Workshop,Electrician,BR-03,EMP-012,2690.0,484.2,3174.2,Invoiced
SO-003994,2026-06-19,CUST-017,Apex Manufacturing Solutions,Small Commercial,BR-01,EMP-003,165.0,29.7,194.7,Invoiced
SO-003995,2026-06-19,CUST-019,Poompuhar Handicrafts Store,Small Commercial,BR-01,EMP-002,226.0,40.68,266.68,Invoiced
SO-003996,2026-06-19,CUST-030,Dr. Arvind Rao Dental Clinic,Small Commercial,BR-02,EMP-007,506.6,91.19,597.79,Invoiced
SO-003997,2026-06-20,CUST-035,Gowda Electrical Repairs,Electrician,BR-02,EMP-007,24760.0,4456.8,29216.8,Invoiced
SO-003998,2026-06-20,CUST-013,Metro Supermarket Tambaram,Small Commercial,BR-01,EMP-002,202.4,36.43,238.83,Invoiced
SO-003999,2026-06-20,CUST-028,Sri Venkateshwara Hardware & Electricals,Retailer / Trader,BR-02,EMP-006,210903.4,37962.61,248866.01,Invoiced
SO-004000,2026-06-20,CUST-039,Rangasamy Electrician Workshop,Electrician,BR-03,EMP-010,565.0,101.7,666.7,Invoiced
SO-004001,2026-06-20,CUST-038,Marutham Electrical & Power Agency,Retailer / Trader,BR-03,EMP-009,115796.0,20843.28,136639.28,Invoiced
SO-004002,2026-06-20,CUST-005,Murugan Auto Garage & Works,Small Commercial,BR-01,EMP-003,396.8,71.42,468.22,Invoiced
SO-004003,2026-06-20,CUST-034,Silicon Valley PG Hostel Chain,Institution,BR-02,EMP-006,1312.2,236.2,1548.4,Invoiced
SO-004004,2026-06-20,CUST-041,Kongu Builders & Real Estate,Builder / Commercial,BR-03,EMP-009,21094.0,3796.92,24890.92,Invoiced
SO-004005,2026-06-22,CUST-004,Sri Ramakrishna Builders & Infra,Builder / Commercial,BR-01,EMP-002,17753.6,3195.65,20949.25,Invoiced
SO-004006,2026-06-22,CUST-019,Poompuhar Handicrafts Store,Small Commercial,BR-01,EMP-002,1595.0,287.1,1882.1,Invoiced
SO-004007,2026-06-22,CUST-021,Mohammed Riyaz (Home Renovation),Residential / B2C,BR-01,EMP-002,423.2,76.18,499.38,Invoiced
SO-004008,2026-06-22,CUST-019,Poompuhar Handicrafts Store,Small Commercial,BR-01,EMP-003,3265.0,587.7,3852.7,Invoiced
SO-004009,2026-06-22,CUST-015,Srinivasan & Sons Contractor,Contractor,BR-01,EMP-003,11820.0,2127.6,13947.6,Invoiced
SO-004010,2026-06-23,CUST-035,Gowda Electrical Repairs,Electrician,BR-02,EMP-007,3523.0,634.14,4157.14,Invoiced
SO-004011,2026-06-23,CUST-046,Annamalai Agro Processing Unit,Small Commercial,BR-03,EMP-009,322.0,57.96,379.96,Invoiced
SO-004012,2026-06-23,CUST-033,Suresh Babu (Villa Construction),Residential / B2C,BR-02,EMP-007,3150.0,567.0,3717.0,Invoiced
SO-004013,2026-06-24,CUST-004,Sri Ramakrishna Builders & Infra,Builder / Commercial,BR-01,EMP-003,56990.0,10258.2,67248.2,Invoiced
SO-004014,2026-06-24,CUST-023,Kalam Brothers Electrical Store,Retailer / Trader,BR-01,EMP-003,33403.0,6012.54,39415.54,Invoiced
SO-004015,2026-06-24,CUST-031,Nandini Milk Parlour & Mart,Small Commercial,BR-02,EMP-007,778.6,140.15,918.75,Invoiced
SO-004016,2026-06-25,CUST-041,Kongu Builders & Real Estate,Builder / Commercial,BR-03,EMP-012,143554.6,25839.83,169394.43,Invoiced
SO-004017,2026-06-25,CUST-004,Sri Ramakrishna Builders & Infra,Builder / Commercial,BR-01,EMP-002,62183.8,11193.08,73376.88,Invoiced
SO-004018,2026-06-25,CUST-029,Raghavendra Infrastructure Developers,Builder / Commercial,BR-02,EMP-006,56951.2,10251.22,67202.42,Invoiced
SO-004019,2026-06-25,CUST-001,Balaji Electrical Contractors,Contractor,BR-01,EMP-002,48390.0,8710.2,57100.2,Invoiced
SO-004020,2026-06-25,CUST-029,Raghavendra Infrastructure Developers,Builder / Commercial,BR-02,EMP-007,22959.2,4132.66,27091.86,Invoiced
SO-004021,2026-06-25,CUST-010,Vels Vidyashram School Campus,Institution,BR-01,EMP-002,515.2,92.74,607.94,Invoiced
SO-004022,2026-06-25,CUST-037,Kovai Textile Mills Facility Team,Small Commercial,BR-03,EMP-009,2580.0,464.4,3044.4,Invoiced
SO-004023,2026-06-25,CUST-002,Kalaivani Hardware & Paints,Retailer / Trader,BR-01,EMP-002,159876.0,28777.68,188653.68,Invoiced
SO-004024,2026-06-26,CUST-022,Global Smart Solutions (P) Ltd,Contractor,BR-01,EMP-002,211512.4,38072.23,249584.63,Invoiced
SO-004025,2026-06-26,CUST-023,Kalam Brothers Electrical Store,Retailer / Trader,BR-01,EMP-003,146063.8,26291.48,172355.28,Invoiced
SO-004026,2026-06-26,CUST-004,Sri Ramakrishna Builders & Infra,Builder / Commercial,BR-01,EMP-002,45342.0,8161.56,53503.56,Invoiced
SO-004027,2026-06-26,CUST-001,Balaji Electrical Contractors,Contractor,BR-01,EMP-002,54213.0,9758.34,63971.34,Invoiced
SO-004028,2026-06-27,CUST-009,Devi Agency & Lighting Store,Retailer / Trader,BR-01,EMP-003,64532.4,11615.83,76148.23,Invoiced
SO-004029,2026-06-27,CUST-013,Metro Supermarket Tambaram,Small Commercial,BR-01,EMP-003,220.8,39.74,260.54,Invoiced
SO-004030,2026-06-27,CUST-001,Balaji Electrical Contractors,Contractor,BR-01,EMP-002,59900.0,10782.0,70682.0,Invoiced
SO-004031,2026-06-27,CUST-005,Murugan Auto Garage & Works,Small Commercial,BR-01,EMP-002,322.0,57.96,379.96,Invoiced
SO-004032,2026-06-29,CUST-031,Nandini Milk Parlour & Mart,Small Commercial,BR-02,EMP-006,3784.8,681.26,4466.06,Invoiced
SO-004033,2026-06-29,CUST-025,Brigade Vista Apartment Owners Assn,Residential / B2C,BR-02,EMP-007,2623.2,472.18,3095.38,Invoiced
SO-004034,2026-06-29,CUST-042,Velan Pump & Motor Spares Store,Retailer / Trader,BR-03,EMP-012,143146.0,25766.28,168912.28,Invoiced
SO-004035,2026-06-29,CUST-018,Lakshmi Vilas Sweets & Bakery,Small Commercial,BR-01,EMP-003,1090.0,196.2,1286.2,Invoiced
SO-004036,2026-06-29,CUST-037,Kovai Textile Mills Facility Team,Small Commercial,BR-03,EMP-012,11350.0,2043.0,13393.0,Invoiced
SO-004037,2026-06-30,CUST-031,Nandini Milk Parlour & Mart,Small Commercial,BR-02,EMP-007,460.8,82.94,543.74,Invoiced
SO-004038,2026-06-30,CUST-012,Karthik Residential Apartment Owner,Residential / B2C,BR-01,EMP-002,1430.8,257.54,1688.34,Invoiced
SO-004039,2026-06-30,CUST-020,Selvam Electrician Services,Electrician,BR-01,EMP-002,16450.0,2961.0,19411.0,Invoiced
SO-004040,2026-07-01,CUST-007,TechPark Facility Maintenance Team,Institution,BR-01,EMP-003,4980.0,896.4,5876.4,Invoiced
SO-004041,2026-07-01,CUST-029,Raghavendra Infrastructure Developers,Builder / Commercial,BR-02,EMP-006,3963.0,713.34,4676.34,Invoiced
SO-004042,2026-07-01,CUST-029,Raghavendra Infrastructure Developers,Builder / Commercial,BR-02,EMP-006,28103.2,5058.58,33161.78,Invoiced
SO-004043,2026-07-01,CUST-040,Sri Krishna Engineering College Hostel,Institution,BR-03,EMP-010,220.8,39.74,260.54,Invoiced
SO-004044,2026-07-01,CUST-016,Royal Comfort Residency Hotel,Small Commercial,BR-01,EMP-002,235.8,42.44,278.24,Invoiced
SO-004045,2026-07-01,CUST-034,Silicon Valley PG Hostel Chain,Institution,BR-02,EMP-006,1928.0,347.04,2275.04,Invoiced
SO-004046,2026-07-01,CUST-017,Apex Manufacturing Solutions,Small Commercial,BR-01,EMP-002,414.0,74.52,488.52,Invoiced
SO-004047,2026-07-02,CUST-009,Devi Agency & Lighting Store,Retailer / Trader,BR-01,EMP-002,173791.0,31282.38,205073.38,Invoiced
SO-004048,2026-07-02,CUST-044,Mani Bros Electricals (Mani),Electrician,BR-03,EMP-009,20624.0,3712.32,24336.32,Invoiced
SO-004049,2026-07-02,CUST-040,Sri Krishna Engineering College Hostel,Institution,BR-03,EMP-009,5352.0,963.36,6315.36,Invoiced
SO-004050,2026-07-02,CUST-009,Devi Agency & Lighting Store,Retailer / Trader,BR-01,EMP-002,197156.4,35488.15,232644.55,Invoiced
SO-004051,2026-07-02,CUST-022,Global Smart Solutions (P) Ltd,Contractor,BR-01,EMP-002,146001.0,26280.18,172281.18,Invoiced
SO-004052,2026-07-02,CUST-023,Kalam Brothers Electrical Store,Retailer / Trader,BR-01,EMP-003,135360.0,24364.8,159724.8,Invoiced
SO-004053,2026-07-03,CUST-023,Kalam Brothers Electrical Store,Retailer / Trader,BR-01,EMP-002,247368.0,44526.24,291894.24,Invoiced
SO-004054,2026-07-03,CUST-022,Global Smart Solutions (P) Ltd,Contractor,BR-01,EMP-002,37054.4,6669.79,43724.19,Invoiced
SO-004055,2026-07-03,CUST-026,Manjunatha Electrical Works,Electrician,BR-02,EMP-007,6330.0,1139.4,7469.4,Invoiced
SO-004056,2026-07-03,CUST-007,TechPark Facility Maintenance Team,Institution,BR-01,EMP-002,4780.0,860.4,5640.4,Invoiced
SO-004057,2026-07-03,CUST-009,Devi Agency & Lighting Store,Retailer / Trader,BR-01,EMP-003,151032.6,27185.87,178218.47,Invoiced
SO-004058,2026-07-03,CUST-025,Brigade Vista Apartment Owners Assn,Residential / B2C,BR-02,EMP-006,3670.8,660.74,4331.54,Invoiced
SO-004059,2026-07-04,CUST-031,Nandini Milk Parlour & Mart,Small Commercial,BR-02,EMP-006,7379.0,1328.22,8707.22,Invoiced
SO-004060,2026-07-04,CUST-012,Karthik Residential Apartment Owner,Residential / B2C,BR-01,EMP-002,65.0,11.7,76.7,Invoiced
SO-004061,2026-07-04,CUST-033,Suresh Babu (Villa Construction),Residential / B2C,BR-02,EMP-007,7765.0,1397.7,9162.7,Invoiced
SO-004062,2026-07-04,CUST-016,Royal Comfort Residency Hotel,Small Commercial,BR-01,EMP-002,69.0,12.42,81.42,Invoiced
SO-004063,2026-07-04,CUST-010,Vels Vidyashram School Campus,Institution,BR-01,EMP-003,65.0,11.7,76.7,Invoiced
SO-004064,2026-07-04,CUST-048,Ramachandran (Individual House Owner),Residential / B2C,BR-03,EMP-010,562.0,101.16,663.16,Invoiced
SO-004065,2026-07-04,CUST-048,Ramachandran (Individual House Owner),Residential / B2C,BR-03,EMP-010,7305.0,1314.9,8619.9,Invoiced
SO-004066,2026-07-06,CUST-026,Manjunatha Electrical Works,Electrician,BR-02,EMP-006,11529.6,2075.32,13604.92,Invoiced
SO-004067,2026-07-06,CUST-016,Royal Comfort Residency Hotel,Small Commercial,BR-01,EMP-003,240.0,43.2,283.2,Invoiced
SO-004068,2026-07-06,CUST-013,Metro Supermarket Tambaram,Small Commercial,BR-01,EMP-003,414.0,74.52,488.52,Invoiced
SO-004069,2026-07-06,CUST-043,Sundaram Hospital Maintenance,Institution,BR-03,EMP-010,915.0,164.7,1079.7,Invoiced
SO-004070,2026-07-06,CUST-043,Sundaram Hospital Maintenance,Institution,BR-03,EMP-012,2830.0,509.4,3339.4,Invoiced
SO-004071,2026-07-06,CUST-007,TechPark Facility Maintenance Team,Institution,BR-01,EMP-003,828.0,149.04,977.04,Invoiced
SO-004072,2026-07-06,CUST-010,Vels Vidyashram School Campus,Institution,BR-01,EMP-003,1579.0,284.22,1863.22,Invoiced
SO-004073,2026-07-06,CUST-029,Raghavendra Infrastructure Developers,Builder / Commercial,BR-02,EMP-007,15572.2,2803.0,18375.2,Invoiced
SO-004074,2026-07-07,CUST-002,Kalaivani Hardware & Paints,Retailer / Trader,BR-01,EMP-002,36952.4,6651.43,43603.83,Invoiced
SO-004075,2026-07-07,CUST-028,Sri Venkateshwara Hardware & Electricals,Retailer / Trader,BR-02,EMP-007,212816.6,38306.99,251123.59,Invoiced
SO-004076,2026-07-07,CUST-030,Dr. Arvind Rao Dental Clinic,Small Commercial,BR-02,EMP-006,3910.0,703.8,4613.8,Invoiced
SO-004077,2026-07-07,CUST-019,Poompuhar Handicrafts Store,Small Commercial,BR-01,EMP-003,375.0,67.5,442.5,Invoiced
SO-004078,2026-07-07,CUST-011,Victory Housing Projects Phase 2,Builder / Commercial,BR-01,EMP-002,46437.6,8358.77,54796.37,Invoiced
SO-004079,2026-07-07,CUST-003,Saravana Electric Works (Govindaraj),Electrician,BR-01,EMP-002,674.0,121.32,795.32,Invoiced
SO-004080,2026-07-08,CUST-011,Victory Housing Projects Phase 2,Builder / Commercial,BR-01,EMP-002,124270.8,22368.74,146639.54,Invoiced
SO-004081,2026-07-08,CUST-046,Annamalai Agro Processing Unit,Small Commercial,BR-03,EMP-009,1211.0,217.98,1428.98,Invoiced
SO-004082,2026-07-08,CUST-018,Lakshmi Vilas Sweets & Bakery,Small Commercial,BR-01,EMP-002,161.0,28.98,189.98,Invoiced
SO-004083,2026-07-08,CUST-016,Royal Comfort Residency Hotel,Small Commercial,BR-01,EMP-002,555.0,99.9,654.9,Invoiced
SO-004084,2026-07-08,CUST-041,Kongu Builders & Real Estate,Builder / Commercial,BR-03,EMP-009,53401.0,9612.18,63013.18,Invoiced
SO-004085,2026-07-08,CUST-003,Saravana Electric Works (Govindaraj),Electrician,BR-01,EMP-003,4263.4,767.41,5030.81,Invoiced
SO-004086,2026-07-09,CUST-018,Lakshmi Vilas Sweets & Bakery,Small Commercial,BR-01,EMP-002,982.2,176.8,1159.0,Invoiced
SO-004087,2026-07-09,CUST-029,Raghavendra Infrastructure Developers,Builder / Commercial,BR-02,EMP-007,94593.2,17026.78,111619.98,Invoiced
SO-004088,2026-07-09,CUST-038,Marutham Electrical & Power Agency,Retailer / Trader,BR-03,EMP-009,15059.4,2710.69,17770.09,Invoiced
SO-004089,2026-07-09,CUST-013,Metro Supermarket Tambaram,Small Commercial,BR-01,EMP-003,360.0,64.8,424.8,Invoiced
SO-004090,2026-07-09,CUST-022,Global Smart Solutions (P) Ltd,Contractor,BR-01,EMP-003,47653.2,8577.58,56230.78,Invoiced
SO-004091,2026-07-10,CUST-026,Manjunatha Electrical Works,Electrician,BR-02,EMP-006,7380.0,1328.4,8708.4,Invoiced
SO-004092,2026-07-10,CUST-027,InnoTech Coworking Hub,Small Commercial,BR-02,EMP-006,2710.0,487.8,3197.8,Invoiced
SO-004093,2026-07-10,CUST-042,Velan Pump & Motor Spares Store,Retailer / Trader,BR-03,EMP-010,40442.2,7279.6,47721.8,Invoiced
SO-004094,2026-07-11,CUST-043,Sundaram Hospital Maintenance,Institution,BR-03,EMP-010,7140.0,1285.2,8425.2,Invoiced
SO-004095,2026-07-11,CUST-022,Global Smart Solutions (P) Ltd,Contractor,BR-01,EMP-002,72747.6,13094.57,85842.17,Invoiced
SO-004096,2026-07-11,CUST-041,Kongu Builders & Real Estate,Builder / Commercial,BR-03,EMP-012,34296.0,6173.28,40469.28,Invoiced
SO-004097,2026-07-11,CUST-035,Gowda Electrical Repairs,Electrician,BR-02,EMP-006,14438.0,2598.84,17036.84,Invoiced
SO-004098,2026-07-11,CUST-001,Balaji Electrical Contractors,Contractor,BR-01,EMP-002,180345.8,32462.24,212808.04,Invoiced
SO-004099,2026-07-11,CUST-018,Lakshmi Vilas Sweets & Bakery,Small Commercial,BR-01,EMP-002,1150.0,207.0,1357.0,Invoiced
SO-004100,2026-07-11,CUST-045,Karthika Departmental Store,Small Commercial,BR-03,EMP-010,2535.8,456.44,2992.24,Invoiced
SO-004101,2026-07-13,CUST-035,Gowda Electrical Repairs,Electrician,BR-02,EMP-006,1697.0,305.46,2002.46,Invoiced
SO-004102,2026-07-13,CUST-003,Saravana Electric Works (Govindaraj),Electrician,BR-01,EMP-002,18233.8,3282.08,21515.88,Invoiced
SO-004103,2026-07-13,CUST-023,Kalam Brothers Electrical Store,Retailer / Trader,BR-01,EMP-002,276420.0,49755.6,326175.6,Invoiced
SO-004104,2026-07-13,CUST-030,Dr. Arvind Rao Dental Clinic,Small Commercial,BR-02,EMP-007,4300.0,774.0,5074.0,Invoiced
SO-004105,2026-07-13,CUST-014,Siva Shankaran (Individual Home),Residential / B2C,BR-01,EMP-002,392.2,70.6,462.8,Invoiced
SO-004106,2026-07-13,CUST-046,Annamalai Agro Processing Unit,Small Commercial,BR-03,EMP-010,441.6,79.49,521.09,Invoiced
SO-004107,2026-07-13,CUST-018,Lakshmi Vilas Sweets & Bakery,Small Commercial,BR-01,EMP-003,1123.0,202.14,1325.14,Invoiced
SO-004108,2026-07-13,CUST-007,TechPark Facility Maintenance Team,Institution,BR-01,EMP-003,506.6,91.19,597.79,Invoiced
SO-004109,2026-07-14,CUST-031,Nandini Milk Parlour & Mart,Small Commercial,BR-02,EMP-007,1050.0,189.0,1239.0,Invoiced
SO-004110,2026-07-14,CUST-003,Saravana Electric Works (Govindaraj),Electrician,BR-01,EMP-003,6269.0,1128.42,7397.42,Invoiced
SO-004111,2026-07-14,CUST-011,Victory Housing Projects Phase 2,Builder / Commercial,BR-01,EMP-002,81851.0,14733.18,96584.18,Invoiced
SO-004112,2026-07-14,CUST-047,Kovai Elite Residency Hotel,Small Commercial,BR-03,EMP-012,230.0,41.4,271.4,Invoiced
SO-004113,2026-07-14,CUST-045,Karthika Departmental Store,Small Commercial,BR-03,EMP-009,202.4,36.43,238.83,Invoiced
SO-004114,2026-07-14,CUST-044,Mani Bros Electricals (Mani),Electrician,BR-03,EMP-012,23907.0,4303.26,28210.26,Invoiced
SO-004115,2026-07-14,CUST-018,Lakshmi Vilas Sweets & Bakery,Small Commercial,BR-01,EMP-002,285.8,51.44,337.24,Invoiced
SO-004116,2026-07-14,CUST-047,Kovai Elite Residency Hotel,Small Commercial,BR-03,EMP-009,391.0,70.38,461.38,Invoiced
SO-004117,2026-07-15,CUST-035,Gowda Electrical Repairs,Electrician,BR-02,EMP-006,8325.0,1498.5,9823.5,Invoiced
SO-004118,2026-07-15,CUST-015,Srinivasan & Sons Contractor,Contractor,BR-01,EMP-003,11890.4,2140.27,14030.67,Invoiced
SO-004119,2026-07-15,CUST-007,TechPark Facility Maintenance Team,Institution,BR-01,EMP-003,3511.6,632.09,4143.69,Invoiced
SO-004120,2026-07-15,CUST-011,Victory Housing Projects Phase 2,Builder / Commercial,BR-01,EMP-002,45537.0,8196.66,53733.66,Invoiced
SO-004121,2026-07-15,CUST-007,TechPark Facility Maintenance Team,Institution,BR-01,EMP-002,828.0,149.04,977.04,Invoiced
SO-004122,2026-07-15,CUST-031,Nandini Milk Parlour & Mart,Small Commercial,BR-02,EMP-006,6041.6,1087.49,7129.09,Invoiced
SO-004123,2026-07-16,CUST-019,Poompuhar Handicrafts Store,Small Commercial,BR-01,EMP-002,1211.0,217.98,1428.98,Invoiced
SO-004124,2026-07-16,CUST-031,Nandini Milk Parlour & Mart,Small Commercial,BR-02,EMP-006,735.0,132.3,867.3,Invoiced
SO-004125,2026-07-16,CUST-030,Dr. Arvind Rao Dental Clinic,Small Commercial,BR-02,EMP-007,441.6,79.49,521.09,Invoiced
SO-004126,2026-07-16,CUST-012,Karthik Residential Apartment Owner,Residential / B2C,BR-01,EMP-002,414.0,74.52,488.52,Invoiced
SO-004127,2026-07-17,CUST-035,Gowda Electrical Repairs,Electrician,BR-02,EMP-007,23807.0,4285.26,28092.26,Invoiced
SO-004128,2026-07-17,CUST-012,Karthik Residential Apartment Owner,Residential / B2C,BR-01,EMP-003,600.0,108.0,708.0,Invoiced
SO-004129,2026-07-17,CUST-019,Poompuhar Handicrafts Store,Small Commercial,BR-01,EMP-002,1320.8,237.74,1558.54,Invoiced
SO-004130,2026-07-17,CUST-047,Kovai Elite Residency Hotel,Small Commercial,BR-03,EMP-010,202.4,36.43,238.83,Invoiced
SO-004131,2026-07-18,CUST-040,Sri Krishna Engineering College Hostel,Institution,BR-03,EMP-012,1041.6,187.49,1229.09,Invoiced
SO-004132,2026-07-18,CUST-011,Victory Housing Projects Phase 2,Builder / Commercial,BR-01,EMP-002,16206.8,2917.22,19124.02,Invoiced
SO-004133,2026-07-18,CUST-046,Annamalai Agro Processing Unit,Small Commercial,BR-03,EMP-009,536.0,96.48,632.48,Invoiced
SO-004134,2026-07-18,CUST-038,Marutham Electrical & Power Agency,Retailer / Trader,BR-03,EMP-012,55774.8,10039.46,65814.26,Invoiced
SO-004135,2026-07-18,CUST-011,Victory Housing Projects Phase 2,Builder / Commercial,BR-01,EMP-003,14742.0,2653.56,17395.56,Invoiced
SO-004136,2026-07-18,CUST-017,Apex Manufacturing Solutions,Small Commercial,BR-01,EMP-003,2886.0,519.48,3405.48,Invoiced
SO-004137,2026-07-20,CUST-036,Urban Spaces Interior Studio,Contractor,BR-02,EMP-006,13783.0,2480.94,16263.94,Invoiced
SO-004138,2026-07-20,CUST-047,Kovai Elite Residency Hotel,Small Commercial,BR-03,EMP-009,360.0,64.8,424.8,Invoiced
SO-004139,2026-07-20,CUST-043,Sundaram Hospital Maintenance,Institution,BR-03,EMP-012,1015.0,182.7,1197.7,Invoiced
SO-004140,2026-07-20,CUST-002,Kalaivani Hardware & Paints,Retailer / Trader,BR-01,EMP-003,111808.0,20125.44,131933.44,Invoiced
SO-004141,2026-07-20,CUST-047,Kovai Elite Residency Hotel,Small Commercial,BR-03,EMP-012,425.0,76.5,501.5,Invoiced
SO-004142,2026-07-20,CUST-046,Annamalai Agro Processing Unit,Small Commercial,BR-03,EMP-010,360.0,64.8,424.8,Invoiced
SO-004143,2026-07-21,CUST-043,Sundaram Hospital Maintenance,Institution,BR-03,EMP-009,303.0,54.54,357.54,Invoiced
SO-004144,2026-07-21,CUST-010,Vels Vidyashram School Campus,Institution,BR-01,EMP-002,1380.0,248.4,1628.4,Invoiced
SO-004145,2026-07-21,CUST-045,Karthika Departmental Store,Small Commercial,BR-03,EMP-010,3450.0,621.0,4071.0,Invoiced
SO-004146,2026-07-22,CUST-048,Ramachandran (Individual House Owner),Residential / B2C,BR-03,EMP-009,4940.0,889.2,5829.2,Invoiced
SO-004147,2026-07-22,CUST-002,Kalaivani Hardware & Paints,Retailer / Trader,BR-01,EMP-003,218609.4,39349.69,257959.09,Invoiced
SO-004148,2026-07-22,CUST-021,Mohammed Riyaz (Home Renovation),Residential / B2C,BR-01,EMP-003,3519.0,633.42,4152.42,Invoiced
SO-004149,2026-07-22,CUST-025,Brigade Vista Apartment Owners Assn,Residential / B2C,BR-02,EMP-007,1761.2,317.02,2078.22,Invoiced
SO-004150,2026-07-22,CUST-019,Poompuhar Handicrafts Store,Small Commercial,BR-01,EMP-002,4822.0,867.96,5689.96,Invoiced
SO-004151,2026-07-22,CUST-039,Rangasamy Electrician Workshop,Electrician,BR-03,EMP-012,3480.0,626.4,4106.4,Invoiced
SO-004152,2026-07-22,CUST-046,Annamalai Agro Processing Unit,Small Commercial,BR-03,EMP-010,2710.0,487.8,3197.8,Invoiced
SO-004153,2026-07-23,CUST-006,Dr. Priya Sundaram (Home Clinic),Residential / B2C,BR-01,EMP-003,560.0,100.8,660.8,Invoiced
SO-004154,2026-07-23,CUST-001,Balaji Electrical Contractors,Contractor,BR-01,EMP-002,52512.2,9452.2,61964.4,Invoiced
SO-004155,2026-07-23,CUST-045,Karthika Departmental Store,Small Commercial,BR-03,EMP-010,460.8,82.94,543.74,Invoiced
SO-004156,2026-07-23,CUST-014,Siva Shankaran (Individual Home),Residential / B2C,BR-01,EMP-002,322.0,57.96,379.96,Invoiced
SO-004157,2026-07-23,CUST-005,Murugan Auto Garage & Works,Small Commercial,BR-01,EMP-003,2100.0,378.0,2478.0,Invoiced
SO-004158,2026-07-24,CUST-019,Poompuhar Handicrafts Store,Small Commercial,BR-01,EMP-003,280.0,50.4,330.4,Invoiced
SO-004159,2026-07-24,CUST-003,Saravana Electric Works (Govindaraj),Electrician,BR-01,EMP-003,6966.0,1253.88,8219.88,Invoiced
SO-004160,2026-07-24,CUST-003,Saravana Electric Works (Govindaraj),Electrician,BR-01,EMP-002,3685.0,663.3,4348.3,Invoiced
SO-004161,2026-07-24,CUST-023,Kalam Brothers Electrical Store,Retailer / Trader,BR-01,EMP-002,28155.0,5067.9,33222.9,Invoiced
SO-004162,2026-07-24,CUST-046,Annamalai Agro Processing Unit,Small Commercial,BR-03,EMP-010,165.0,29.7,194.7,Invoiced
SO-004163,2026-07-24,CUST-011,Victory Housing Projects Phase 2,Builder / Commercial,BR-01,EMP-003,49428.0,8897.04,58325.04,Invoiced
SO-004164,2026-07-24,CUST-012,Karthik Residential Apartment Owner,Residential / B2C,BR-01,EMP-003,2590.0,466.2,3056.2,Invoiced
SO-004165,2026-07-24,CUST-034,Silicon Valley PG Hostel Chain,Institution,BR-02,EMP-006,3745.0,674.1,4419.1,Invoiced
SO-004166,2026-07-25,CUST-028,Sri Venkateshwara Hardware & Electricals,Retailer / Trader,BR-02,EMP-006,68677.0,12361.86,81038.86,Invoiced
SO-004167,2026-07-25,CUST-040,Sri Krishna Engineering College Hostel,Institution,BR-03,EMP-012,525.0,94.5,619.5,Invoiced
SO-004168,2026-07-25,CUST-019,Poompuhar Handicrafts Store,Small Commercial,BR-01,EMP-002,6965.0,1253.7,8218.7,Invoiced
SO-004169,2026-07-25,CUST-047,Kovai Elite Residency Hotel,Small Commercial,BR-03,EMP-010,4638.0,834.84,5472.84,Invoiced
SO-004170,2026-07-25,CUST-004,Sri Ramakrishna Builders & Infra,Builder / Commercial,BR-01,EMP-002,50853.2,9153.58,60006.78,Invoiced
SO-004171,2026-07-25,CUST-036,Urban Spaces Interior Studio,Contractor,BR-02,EMP-006,8159.8,1468.76,9628.56,Invoiced
SO-004172,2026-07-25,CUST-013,Metro Supermarket Tambaram,Small Commercial,BR-01,EMP-003,5150.0,927.0,6077.0,Invoiced
SO-004173,2026-07-25,CUST-035,Gowda Electrical Repairs,Electrician,BR-02,EMP-006,16100.0,2898.0,18998.0,Invoiced
SO-004174,2026-07-27,CUST-026,Manjunatha Electrical Works,Electrician,BR-02,EMP-006,7820.0,1407.6,9227.6,Invoiced
SO-004175,2026-07-27,CUST-004,Sri Ramakrishna Builders & Infra,Builder / Commercial,BR-01,EMP-003,41699.0,7505.82,49204.82,Invoiced
SO-004176,2026-07-27,CUST-016,Royal Comfort Residency Hotel,Small Commercial,BR-01,EMP-002,202.4,36.43,238.83,Invoiced
SO-004177,2026-07-27,CUST-023,Kalam Brothers Electrical Store,Retailer / Trader,BR-01,EMP-002,89490.0,16108.2,105598.2,Invoiced
SO-004178,2026-07-27,CUST-016,Royal Comfort Residency Hotel,Small Commercial,BR-01,EMP-002,309.0,55.62,364.62,Invoiced
SO-004179,2026-07-27,CUST-037,Kovai Textile Mills Facility Team,Small Commercial,BR-03,EMP-009,615.8,110.84,726.64,Invoiced
SO-004180,2026-07-27,CUST-020,Selvam Electrician Services,Electrician,BR-01,EMP-002,3675.0,661.5,4336.5,Invoiced
SO-004181,2026-07-28,CUST-017,Apex Manufacturing Solutions,Small Commercial,BR-01,EMP-002,1700.0,306.0,2006.0,Invoiced
SO-004182,2026-07-28,CUST-007,TechPark Facility Maintenance Team,Institution,BR-01,EMP-002,2215.0,398.7,2613.7,Invoiced
SO-004183,2026-07-28,CUST-001,Balaji Electrical Contractors,Contractor,BR-01,EMP-002,55523.2,9994.18,65517.38,Invoiced
SO-004184,2026-07-28,CUST-045,Karthika Departmental Store,Small Commercial,BR-03,EMP-012,138.0,24.84,162.84,Invoiced
SO-004185,2026-07-28,CUST-015,Srinivasan & Sons Contractor,Contractor,BR-01,EMP-003,43975.2,7915.54,51890.74,Invoiced
SO-004186,2026-07-29,CUST-031,Nandini Milk Parlour & Mart,Small Commercial,BR-02,EMP-006,4250.0,765.0,5015.0,Invoiced
SO-004187,2026-07-29,CUST-021,Mohammed Riyaz (Home Renovation),Residential / B2C,BR-01,EMP-003,240.0,43.2,283.2,Invoiced
SO-004188,2026-07-29,CUST-011,Victory Housing Projects Phase 2,Builder / Commercial,BR-01,EMP-003,49065.0,8831.7,57896.7,Invoiced
SO-004189,2026-07-29,CUST-037,Kovai Textile Mills Facility Team,Small Commercial,BR-03,EMP-012,487.0,87.66,574.66,Invoiced
SO-004190,2026-07-29,CUST-007,TechPark Facility Maintenance Team,Institution,BR-01,EMP-002,161.0,28.98,189.98,Invoiced
SO-004191,2026-07-30,CUST-041,Kongu Builders & Real Estate,Builder / Commercial,BR-03,EMP-010,72004.0,12960.72,84964.72,Invoiced
SO-004192,2026-07-30,CUST-036,Urban Spaces Interior Studio,Contractor,BR-02,EMP-006,49528.4,8915.11,58443.51,Invoiced
SO-004193,2026-07-30,CUST-025,Brigade Vista Apartment Owners Assn,Residential / B2C,BR-02,EMP-007,4765.0,857.7,5622.7,Invoiced
SO-004194,2026-07-30,CUST-036,Urban Spaces Interior Studio,Contractor,BR-02,EMP-007,86174.2,15511.36,101685.56,Invoiced
SO-004195,2026-07-31,CUST-022,Global Smart Solutions (P) Ltd,Contractor,BR-01,EMP-003,11337.8,2040.8,13378.6,Invoiced
SO-004196,2026-07-31,CUST-038,Marutham Electrical & Power Agency,Retailer / Trader,BR-03,EMP-012,136332.0,24539.76,160871.76,Invoiced
SO-004197,2026-07-31,CUST-041,Kongu Builders & Real Estate,Builder / Commercial,BR-03,EMP-009,52918.0,9525.24,62443.24,Invoiced
SO-004198,2026-07-31,CUST-031,Nandini Milk Parlour & Mart,Small Commercial,BR-02,EMP-007,1608.8,289.58,1898.38,Invoiced
SO-004199,2026-08-01,CUST-028,Sri Venkateshwara Hardware & Electricals,Retailer / Trader,BR-02,EMP-007,129684.41,23343.19,153027.6,Invoiced
SO-004200,2026-08-01,CUST-047,Kovai Elite Residency Hotel,Small Commercial,BR-03,EMP-012,495.0,89.1,584.1,Invoiced
SO-004201,2026-08-01,CUST-005,Murugan Auto Garage & Works,Small Commercial,BR-01,EMP-002,2680.0,482.4,3162.4,Invoiced
SO-004202,2026-08-03,CUST-014,Siva Shankaran (Individual Home),Residential / B2C,BR-01,EMP-002,3117.0,561.06,3678.06,Invoiced
SO-004203,2026-08-03,CUST-023,Kalam Brothers Electrical Store,Retailer / Trader,BR-01,EMP-002,133574.35,24043.38,157617.73,Invoiced
SO-004204,2026-08-03,CUST-005,Murugan Auto Garage & Works,Small Commercial,BR-01,EMP-003,2733.0,491.94,3224.94,Invoiced
SO-004205,2026-08-03,CUST-015,Srinivasan & Sons Contractor,Contractor,BR-01,EMP-003,61722.56,11110.06,72832.62,Invoiced
SO-004206,2026-08-03,CUST-025,Brigade Vista Apartment Owners Assn,Residential / B2C,BR-02,EMP-007,843.0,151.74,994.74,Invoiced
SO-004207,2026-08-03,CUST-021,Mohammed Riyaz (Home Renovation),Residential / B2C,BR-01,EMP-002,1350.6,243.11,1593.71,Invoiced
SO-004208,2026-08-03,CUST-019,Poompuhar Handicrafts Store,Small Commercial,BR-01,EMP-003,8170.8,1470.74,9641.54,Invoiced
SO-004209,2026-08-04,CUST-009,Devi Agency & Lighting Store,Retailer / Trader,BR-01,EMP-002,159568.08,28722.25,188290.33,Invoiced
SO-004210,2026-08-04,CUST-031,Nandini Milk Parlour & Mart,Small Commercial,BR-02,EMP-006,8053.6,1449.65,9503.25,Invoiced
SO-004211,2026-08-04,CUST-047,Kovai Elite Residency Hotel,Small Commercial,BR-03,EMP-010,850.0,153.0,1003.0,Invoiced
SO-004212,2026-08-04,CUST-018,Lakshmi Vilas Sweets & Bakery,Small Commercial,BR-01,EMP-003,2004.6,360.83,2365.43,Invoiced
SO-004213,2026-08-04,CUST-035,Gowda Electrical Repairs,Electrician,BR-02,EMP-006,3200.0,576.0,3776.0,Invoiced
SO-004214,2026-08-04,CUST-044,Mani Bros Electricals (Mani),Electrician,BR-03,EMP-012,634.0,114.12,748.12,Invoiced
SO-004215,2026-08-05,CUST-043,Sundaram Hospital Maintenance,Institution,BR-03,EMP-012,2550.0,459.0,3009.0,Invoiced
SO-004216,2026-08-05,CUST-042,Velan Pump & Motor Spares Store,Retailer / Trader,BR-03,EMP-010,154868.24,27876.28,182744.52,Invoiced
SO-004217,2026-08-05,CUST-008,Anbu Electricals (Anbazhagan),Electrician,BR-01,EMP-002,4529.4,815.29,5344.69,Invoiced
SO-004218,2026-08-06,CUST-033,Suresh Babu (Villa Construction),Residential / B2C,BR-02,EMP-006,3900.0,702.0,4602.0,Invoiced
SO-004219,2026-08-06,CUST-016,Royal Comfort Residency Hotel,Small Commercial,BR-01,EMP-003,3705.0,666.9,4371.9,Invoiced
SO-004220,2026-08-06,CUST-046,Annamalai Agro Processing Unit,Small Commercial,BR-03,EMP-009,656.0,118.08,774.08,Invoiced
SO-004221,2026-08-06,CUST-033,Suresh Babu (Villa Construction),Residential / B2C,BR-02,EMP-007,1070.8,192.74,1263.54,Invoiced
SO-004222,2026-08-06,CUST-036,Urban Spaces Interior Studio,Contractor,BR-02,EMP-006,35510.2,6391.84,41902.04,Invoiced
SO-004223,2026-08-06,CUST-033,Suresh Babu (Villa Construction),Residential / B2C,BR-02,EMP-006,1700.0,306.0,2006.0,Invoiced
SO-004224,2026-08-06,CUST-015,Srinivasan & Sons Contractor,Contractor,BR-01,EMP-003,72960.92,13132.97,86093.89,Invoiced
SO-004225,2026-08-06,CUST-010,Vels Vidyashram School Campus,Institution,BR-01,EMP-003,2150.0,387.0,2537.0,Invoiced
SO-004226,2026-08-07,CUST-017,Apex Manufacturing Solutions,Small Commercial,BR-01,EMP-002,303.6,54.65,358.25,Invoiced
SO-004227,2026-08-07,CUST-023,Kalam Brothers Electrical Store,Retailer / Trader,BR-01,EMP-003,52242.0,9403.56,61645.56,Invoiced
SO-004228,2026-08-07,CUST-011,Victory Housing Projects Phase 2,Builder / Commercial,BR-01,EMP-002,286664.0,51599.53,338263.53,Invoiced
SO-004229,2026-08-07,CUST-016,Royal Comfort Residency Hotel,Small Commercial,BR-01,EMP-003,3461.0,622.98,4083.98,Invoiced
SO-004230,2026-08-08,CUST-022,Global Smart Solutions (P) Ltd,Contractor,BR-01,EMP-002,43294.62,7793.03,51087.65,Invoiced
SO-004231,2026-08-08,CUST-046,Annamalai Agro Processing Unit,Small Commercial,BR-03,EMP-009,280.0,50.4,330.4,Invoiced
SO-004232,2026-08-08,CUST-017,Apex Manufacturing Solutions,Small Commercial,BR-01,EMP-002,936.0,168.48,1104.48,Invoiced
SO-004233,2026-08-10,CUST-022,Global Smart Solutions (P) Ltd,Contractor,BR-01,EMP-003,34510.92,6211.96,40722.88,Invoiced
SO-004234,2026-08-10,CUST-030,Dr. Arvind Rao Dental Clinic,Small Commercial,BR-02,EMP-007,15.0,2.7,17.7,Invoiced
SO-004235,2026-08-10,CUST-039,Rangasamy Electrician Workshop,Electrician,BR-03,EMP-009,24160.0,4348.8,28508.8,Invoiced
SO-004236,2026-08-10,CUST-001,Balaji Electrical Contractors,Contractor,BR-01,EMP-003,23466.5,4223.97,27690.47,Invoiced
SO-004237,2026-08-10,CUST-013,Metro Supermarket Tambaram,Small Commercial,BR-01,EMP-002,2820.0,507.6,3327.6,Invoiced
SO-004238,2026-08-10,CUST-034,Silicon Valley PG Hostel Chain,Institution,BR-02,EMP-006,4507.0,811.26,5318.26,Invoiced
SO-004239,2026-08-11,CUST-047,Kovai Elite Residency Hotel,Small Commercial,BR-03,EMP-012,1706.6,307.19,2013.79,Invoiced
SO-004240,2026-08-11,CUST-036,Urban Spaces Interior Studio,Contractor,BR-02,EMP-006,188351.14,33903.21,222254.35,Invoiced
SO-004241,2026-08-11,CUST-009,Devi Agency & Lighting Store,Retailer / Trader,BR-01,EMP-003,44090.2,7936.24,52026.44,Invoiced
SO-004242,2026-08-11,CUST-035,Gowda Electrical Repairs,Electrician,BR-02,EMP-007,23484.0,4227.12,27711.12,Invoiced
SO-004243,2026-08-11,CUST-017,Apex Manufacturing Solutions,Small Commercial,BR-01,EMP-002,322.0,57.96,379.96,Invoiced
SO-004244,2026-08-11,CUST-030,Dr. Arvind Rao Dental Clinic,Small Commercial,BR-02,EMP-007,1050.0,189.0,1239.0,Invoiced
SO-004245,2026-08-11,CUST-002,Kalaivani Hardware & Paints,Retailer / Trader,BR-01,EMP-002,158932.4,28607.83,187540.23,Invoiced
SO-004246,2026-08-11,CUST-045,Karthika Departmental Store,Small Commercial,BR-03,EMP-012,4140.0,745.2,4885.2,Invoiced
SO-004247,2026-08-12,CUST-038,Marutham Electrical & Power Agency,Retailer / Trader,BR-03,EMP-010,173917.68,31305.18,205222.86,Invoiced
SO-004248,2026-08-12,CUST-020,Selvam Electrician Services,Electrician,BR-01,EMP-003,10590.0,1906.2,12496.2,Invoiced
SO-004249,2026-08-12,CUST-031,Nandini Milk Parlour & Mart,Small Commercial,BR-02,EMP-006,4630.0,833.4,5463.4,Invoiced
SO-004250,2026-08-12,CUST-002,Kalaivani Hardware & Paints,Retailer / Trader,BR-01,EMP-002,289376.62,52087.79,341464.41,Invoiced
SO-004251,2026-08-12,CUST-009,Devi Agency & Lighting Store,Retailer / Trader,BR-01,EMP-003,141015.0,25382.7,166397.7,Invoiced
SO-004252,2026-08-12,CUST-032,Cauvery Engineering Contractors,Contractor,BR-02,EMP-006,24198.87,4355.8,28554.67,Invoiced
SO-004253,2026-08-12,CUST-017,Apex Manufacturing Solutions,Small Commercial,BR-01,EMP-003,340.4,61.27,401.67,Invoiced
SO-004254,2026-08-12,CUST-040,Sri Krishna Engineering College Hostel,Institution,BR-03,EMP-012,220.8,39.74,260.54,Invoiced
SO-004255,2026-08-13,CUST-013,Metro Supermarket Tambaram,Small Commercial,BR-01,EMP-002,202.4,36.43,238.83,Invoiced
SO-004256,2026-08-13,CUST-001,Balaji Electrical Contractors,Contractor,BR-01,EMP-003,23085.92,4155.46,27241.38,Invoiced
SO-004257,2026-08-13,CUST-029,Raghavendra Infrastructure Developers,Builder / Commercial,BR-02,EMP-007,86342.52,15541.65,101884.17,Invoiced
SO-004258,2026-08-13,CUST-014,Siva Shankaran (Individual Home),Residential / B2C,BR-01,EMP-003,5622.4,1012.03,6634.43,Invoiced
SO-004259,2026-08-14,CUST-038,Marutham Electrical & Power Agency,Retailer / Trader,BR-03,EMP-010,116638.0,20994.84,137632.84,Invoiced
SO-004260,2026-08-14,CUST-003,Saravana Electric Works (Govindaraj),Electrician,BR-01,EMP-003,10460.0,1882.8,12342.8,Invoiced
SO-004261,2026-08-14,CUST-002,Kalaivani Hardware & Paints,Retailer / Trader,BR-01,EMP-003,12335.6,2220.41,14556.01,Invoiced
SO-004262,2026-08-14,CUST-036,Urban Spaces Interior Studio,Contractor,BR-02,EMP-006,84727.68,15250.99,99978.67,Invoiced
SO-004263,2026-08-14,CUST-036,Urban Spaces Interior Studio,Contractor,BR-02,EMP-007,32776.8,5899.82,38676.62,Invoiced
SO-004264,2026-08-14,CUST-042,Velan Pump & Motor Spares Store,Retailer / Trader,BR-03,EMP-010,163099.28,29357.87,192457.15,Invoiced
SO-004265,2026-08-15,CUST-012,Karthik Residential Apartment Owner,Residential / B2C,BR-01,EMP-002,280.0,50.4,330.4,Invoiced
SO-004266,2026-08-15,CUST-048,Ramachandran (Individual House Owner),Residential / B2C,BR-03,EMP-012,3369.0,606.42,3975.42,Invoiced
SO-004267,2026-08-15,CUST-034,Silicon Valley PG Hostel Chain,Institution,BR-02,EMP-007,2643.6,475.85,3119.45,Invoiced
SO-004268,2026-08-17,CUST-008,Anbu Electricals (Anbazhagan),Electrician,BR-01,EMP-003,33677.0,6061.86,39738.86,Invoiced
SO-004269,2026-08-17,CUST-004,Sri Ramakrishna Builders & Infra,Builder / Commercial,BR-01,EMP-002,271845.92,48932.26,320778.18,Invoiced
SO-004270,2026-08-17,CUST-015,Srinivasan & Sons Contractor,Contractor,BR-01,EMP-002,77151.08,13887.19,91038.27,Invoiced
SO-004271,2026-08-17,CUST-021,Mohammed Riyaz (Home Renovation),Residential / B2C,BR-01,EMP-003,678.0,122.04,800.04,Invoiced
SO-004272,2026-08-18,CUST-005,Murugan Auto Garage & Works,Small Commercial,BR-01,EMP-003,483.0,86.94,569.94,Invoiced
SO-004273,2026-08-18,CUST-018,Lakshmi Vilas Sweets & Bakery,Small Commercial,BR-01,EMP-003,2350.0,423.0,2773.0,Invoiced
SO-004274,2026-08-18,CUST-032,Cauvery Engineering Contractors,Contractor,BR-02,EMP-007,47484.36,8547.18,56031.54,Invoiced
SO-004275,2026-08-19,CUST-025,Brigade Vista Apartment Owners Assn,Residential / B2C,BR-02,EMP-007,3962.4,713.23,4675.63,Invoiced
SO-004276,2026-08-19,CUST-039,Rangasamy Electrician Workshop,Electrician,BR-03,EMP-009,14630.0,2633.4,17263.4,Invoiced
SO-004277,2026-08-19,CUST-038,Marutham Electrical & Power Agency,Retailer / Trader,BR-03,EMP-009,37645.2,6776.14,44421.34,Invoiced
SO-004278,2026-08-19,CUST-041,Kongu Builders & Real Estate,Builder / Commercial,BR-03,EMP-010,132293.3,23812.8,156106.1,Invoiced
SO-004279,2026-08-20,CUST-009,Devi Agency & Lighting Store,Retailer / Trader,BR-01,EMP-003,80859.0,14554.62,95413.62,Invoiced
SO-004280,2026-08-20,CUST-045,Karthika Departmental Store,Small Commercial,BR-03,EMP-010,3450.0,621.0,4071.0,Invoiced
SO-004281,2026-08-20,CUST-030,Dr. Arvind Rao Dental Clinic,Small Commercial,BR-02,EMP-007,920.0,165.6,1085.6,Invoiced
SO-004282,2026-08-20,CUST-016,Royal Comfort Residency Hotel,Small Commercial,BR-01,EMP-003,285.8,51.44,337.24,Invoiced
SO-004283,2026-08-21,CUST-026,Manjunatha Electrical Works,Electrician,BR-02,EMP-006,3728.0,671.04,4399.04,Invoiced
SO-004284,2026-08-21,CUST-008,Anbu Electricals (Anbazhagan),Electrician,BR-01,EMP-003,7090.0,1276.2,8366.2,Invoiced
SO-004285,2026-08-21,CUST-047,Kovai Elite Residency Hotel,Small Commercial,BR-03,EMP-010,1242.0,223.56,1465.56,Invoiced
SO-004286,2026-08-22,CUST-034,Silicon Valley PG Hostel Chain,Institution,BR-02,EMP-006,3611.0,649.98,4260.98,Invoiced
SO-004287,2026-08-22,CUST-044,Mani Bros Electricals (Mani),Electrician,BR-03,EMP-009,6525.0,1174.5,7699.5,Invoiced
SO-004288,2026-08-22,CUST-020,Selvam Electrician Services,Electrician,BR-01,EMP-002,507.0,91.26,598.26,Invoiced
SO-004289,2026-08-22,CUST-031,Nandini Milk Parlour & Mart,Small Commercial,BR-02,EMP-007,4971.6,894.89,5866.49,Invoiced
SO-004290,2026-08-22,CUST-016,Royal Comfort Residency Hotel,Small Commercial,BR-01,EMP-003,1085.8,195.44,1281.24,Invoiced
SO-004291,2026-08-22,CUST-030,Dr. Arvind Rao Dental Clinic,Small Commercial,BR-02,EMP-006,2350.0,423.0,2773.0,Invoiced
SO-004292,2026-08-24,CUST-005,Murugan Auto Garage & Works,Small Commercial,BR-01,EMP-003,207.0,37.26,244.26,Invoiced
SO-004293,2026-08-24,CUST-023,Kalam Brothers Electrical Store,Retailer / Trader,BR-01,EMP-002,121742.2,21913.59,143655.79,Invoiced
SO-004294,2026-08-24,CUST-008,Anbu Electricals (Anbazhagan),Electrician,BR-01,EMP-002,4627.4,832.93,5460.33,Invoiced
SO-004295,2026-08-24,CUST-047,Kovai Elite Residency Hotel,Small Commercial,BR-03,EMP-010,498.6,89.75,588.35,Invoiced
SO-004296,2026-08-24,CUST-039,Rangasamy Electrician Workshop,Electrician,BR-03,EMP-012,3401.0,612.18,4013.18,Invoiced
SO-004297,2026-08-25,CUST-013,Metro Supermarket Tambaram,Small Commercial,BR-01,EMP-003,3890.0,700.2,4590.2,Invoiced
SO-004298,2026-08-25,CUST-038,Marutham Electrical & Power Agency,Retailer / Trader,BR-03,EMP-012,300356.4,54064.15,354420.55,Invoiced
SO-004299,2026-08-25,CUST-034,Silicon Valley PG Hostel Chain,Institution,BR-02,EMP-006,295.0,53.1,348.1,Invoiced
SO-004300,2026-08-25,CUST-004,Sri Ramakrishna Builders & Infra,Builder / Commercial,BR-01,EMP-002,23503.2,4230.58,27733.78,Invoiced
SO-004301,2026-08-25,CUST-045,Karthika Departmental Store,Small Commercial,BR-03,EMP-010,5033.0,905.94,5938.94,Invoiced
SO-004302,2026-08-26,CUST-002,Kalaivani Hardware & Paints,Retailer / Trader,BR-01,EMP-002,313963.0,56513.34,370476.34,Invoiced
SO-004303,2026-08-26,CUST-025,Brigade Vista Apartment Owners Assn,Residential / B2C,BR-02,EMP-007,2160.8,388.94,2549.74,Invoiced
SO-004304,2026-08-26,CUST-047,Kovai Elite Residency Hotel,Small Commercial,BR-03,EMP-009,1070.8,192.74,1263.54,Invoiced
SO-004305,2026-08-26,CUST-032,Cauvery Engineering Contractors,Contractor,BR-02,EMP-006,118367.0,21306.06,139673.06,Invoiced
SO-004306,2026-08-26,CUST-009,Devi Agency & Lighting Store,Retailer / Trader,BR-01,EMP-002,167240.2,30103.24,197343.44,Invoiced
SO-004307,2026-08-26,CUST-002,Kalaivani Hardware & Paints,Retailer / Trader,BR-01,EMP-003,92960.0,16732.8,109692.8,Invoiced
SO-004308,2026-08-27,CUST-038,Marutham Electrical & Power Agency,Retailer / Trader,BR-03,EMP-010,191604.0,34488.72,226092.72,Invoiced
SO-004309,2026-08-27,CUST-046,Annamalai Agro Processing Unit,Small Commercial,BR-03,EMP-010,249.0,44.82,293.82,Invoiced
SO-004310,2026-08-27,CUST-015,Srinivasan & Sons Contractor,Contractor,BR-01,EMP-002,114140.0,20545.2,134685.2,Invoiced
SO-004311,2026-08-27,CUST-004,Sri Ramakrishna Builders & Infra,Builder / Commercial,BR-01,EMP-002,25472.8,4585.1,30057.9,Invoiced
SO-004312,2026-08-27,CUST-044,Mani Bros Electricals (Mani),Electrician,BR-03,EMP-010,5041.0,907.38,5948.38,Invoiced
SO-004313,2026-08-27,CUST-039,Rangasamy Electrician Workshop,Electrician,BR-03,EMP-009,8194.4,1474.99,9669.39,Invoiced
SO-004314,2026-08-27,CUST-038,Marutham Electrical & Power Agency,Retailer / Trader,BR-03,EMP-010,127415.6,22934.81,150350.41,Invoiced
SO-004315,2026-08-27,CUST-040,Sri Krishna Engineering College Hostel,Institution,BR-03,EMP-010,2777.8,500.0,3277.8,Invoiced
SO-004316,2026-08-28,CUST-003,Saravana Electric Works (Govindaraj),Electrician,BR-01,EMP-002,7228.0,1301.04,8529.04,Invoiced
SO-004317,2026-08-28,CUST-032,Cauvery Engineering Contractors,Contractor,BR-02,EMP-006,91446.8,16460.42,107907.22,Invoiced
SO-004318,2026-08-28,CUST-019,Poompuhar Handicrafts Store,Small Commercial,BR-01,EMP-002,3430.0,617.4,4047.4,Invoiced
SO-004319,2026-08-29,CUST-015,Srinivasan & Sons Contractor,Contractor,BR-01,EMP-002,58921.0,10605.78,69526.78,Invoiced
SO-004320,2026-08-29,CUST-036,Urban Spaces Interior Studio,Contractor,BR-02,EMP-007,59920.0,10785.6,70705.6,Invoiced
SO-004321,2026-08-29,CUST-005,Murugan Auto Garage & Works,Small Commercial,BR-01,EMP-002,662.4,119.23,781.63,Invoiced
SO-004322,2026-08-29,CUST-030,Dr. Arvind Rao Dental Clinic,Small Commercial,BR-02,EMP-007,2356.0,424.08,2780.08,Invoiced
SO-004323,2026-08-29,CUST-040,Sri Krishna Engineering College Hostel,Institution,BR-03,EMP-009,2750.0,495.0,3245.0,Invoiced
SO-004324,2026-08-29,CUST-047,Kovai Elite Residency Hotel,Small Commercial,BR-03,EMP-010,206.0,37.08,243.08,Invoiced
SO-004325,2026-08-31,CUST-026,Manjunatha Electrical Works,Electrician,BR-02,EMP-007,1025.8,184.64,1210.44,Invoiced
SO-004326,2026-08-31,CUST-019,Poompuhar Handicrafts Store,Small Commercial,BR-01,EMP-003,994.2,178.96,1173.16,Invoiced
SO-004327,2026-08-31,CUST-009,Devi Agency & Lighting Store,Retailer / Trader,BR-01,EMP-002,158206.0,28477.08,186683.08,Invoiced
SO-004328,2026-08-31,CUST-040,Sri Krishna Engineering College Hostel,Institution,BR-03,EMP-010,1100.0,198.0,1298.0,Invoiced
SO-004329,2026-09-01,CUST-028,Sri Venkateshwara Hardware & Electricals,Retailer / Trader,BR-02,EMP-006,223240.6,40183.31,263423.91,Invoiced
SO-004330,2026-09-01,CUST-028,Sri Venkateshwara Hardware & Electricals,Retailer / Trader,BR-02,EMP-007,117734.0,21192.12,138926.12,Invoiced
SO-004331,2026-09-01,CUST-043,Sundaram Hospital Maintenance,Institution,BR-03,EMP-009,960.0,172.8,1132.8,Invoiced
SO-004332,2026-09-01,CUST-028,Sri Venkateshwara Hardware & Electricals,Retailer / Trader,BR-02,EMP-007,128559.2,23140.66,151699.86,Invoiced
SO-004333,2026-09-01,CUST-045,Karthika Departmental Store,Small Commercial,BR-03,EMP-010,1671.0,300.78,1971.78,Invoiced
SO-004334,2026-09-02,CUST-002,Kalaivani Hardware & Paints,Retailer / Trader,BR-01,EMP-002,279130.0,50243.4,329373.4,Invoiced
SO-004335,2026-09-02,CUST-044,Mani Bros Electricals (Mani),Electrician,BR-03,EMP-009,23522.0,4233.96,27755.96,Invoiced
SO-004336,2026-09-02,CUST-011,Victory Housing Projects Phase 2,Builder / Commercial,BR-01,EMP-003,127368.4,22926.31,150294.71,Invoiced
SO-004337,2026-09-02,CUST-023,Kalam Brothers Electrical Store,Retailer / Trader,BR-01,EMP-002,32168.6,5790.35,37958.95,Invoiced
SO-004338,2026-09-02,CUST-037,Kovai Textile Mills Facility Team,Small Commercial,BR-03,EMP-009,590.0,106.2,696.2,Invoiced
SO-004339,2026-09-03,CUST-030,Dr. Arvind Rao Dental Clinic,Small Commercial,BR-02,EMP-007,7460.0,1342.8,8802.8,Invoiced
SO-004340,2026-09-03,CUST-035,Gowda Electrical Repairs,Electrician,BR-02,EMP-007,6899.0,1241.82,8140.82,Invoiced
SO-004341,2026-09-03,CUST-020,Selvam Electrician Services,Electrician,BR-01,EMP-003,26913.2,4844.38,31757.58,Invoiced
SO-004342,2026-09-04,CUST-033,Suresh Babu (Villa Construction),Residential / B2C,BR-02,EMP-007,4197.0,755.46,4952.46,Invoiced
SO-004343,2026-09-04,CUST-003,Saravana Electric Works (Govindaraj),Electrician,BR-01,EMP-002,4077.0,733.86,4810.86,Invoiced
SO-004344,2026-09-04,CUST-041,Kongu Builders & Real Estate,Builder / Commercial,BR-03,EMP-009,150738.0,27132.84,177870.84,Invoiced
SO-004345,2026-09-04,CUST-045,Karthika Departmental Store,Small Commercial,BR-03,EMP-012,4386.6,789.59,5176.19,Invoiced
SO-004346,2026-09-04,CUST-018,Lakshmi Vilas Sweets & Bakery,Small Commercial,BR-01,EMP-003,3250.0,585.0,3835.0,Invoiced
SO-004347,2026-09-04,CUST-034,Silicon Valley PG Hostel Chain,Institution,BR-02,EMP-007,1047.0,188.46,1235.46,Invoiced
SO-004348,2026-09-04,CUST-029,Raghavendra Infrastructure Developers,Builder / Commercial,BR-02,EMP-006,83978.8,15116.19,99094.99,Invoiced
SO-004349,2026-09-05,CUST-047,Kovai Elite Residency Hotel,Small Commercial,BR-03,EMP-012,840.0,151.2,991.2,Invoiced
SO-004350,2026-09-05,CUST-010,Vels Vidyashram School Campus,Institution,BR-01,EMP-003,1835.0,330.3,2165.3,Invoiced
SO-004351,2026-09-05,CUST-045,Karthika Departmental Store,Small Commercial,BR-03,EMP-009,502.6,90.47,593.07,Invoiced
SO-004352,2026-09-07,CUST-022,Global Smart Solutions (P) Ltd,Contractor,BR-01,EMP-003,25226.0,4540.68,29766.68,Invoiced
SO-004353,2026-09-07,CUST-044,Mani Bros Electricals (Mani),Electrician,BR-03,EMP-012,7148.0,1286.64,8434.64,Invoiced
SO-004354,2026-09-07,CUST-027,InnoTech Coworking Hub,Small Commercial,BR-02,EMP-006,3891.6,700.49,4592.09,Invoiced
SO-004355,2026-09-07,CUST-043,Sundaram Hospital Maintenance,Institution,BR-03,EMP-009,1305.0,234.9,1539.9,Invoiced
SO-004356,2026-09-07,CUST-038,Marutham Electrical & Power Agency,Retailer / Trader,BR-03,EMP-010,358903.2,64602.57,423505.77,Invoiced
SO-004357,2026-09-07,CUST-012,Karthik Residential Apartment Owner,Residential / B2C,BR-01,EMP-002,7016.2,1262.92,8279.12,Invoiced
SO-004358,2026-09-07,CUST-019,Poompuhar Handicrafts Store,Small Commercial,BR-01,EMP-003,1433.6,258.05,1691.65,Invoiced
SO-004359,2026-09-08,CUST-030,Dr. Arvind Rao Dental Clinic,Small Commercial,BR-02,EMP-006,974.0,175.32,1149.32,Invoiced
SO-004360,2026-09-08,CUST-032,Cauvery Engineering Contractors,Contractor,BR-02,EMP-007,161710.0,29107.8,190817.8,Invoiced
SO-004361,2026-09-08,CUST-007,TechPark Facility Maintenance Team,Institution,BR-01,EMP-003,1050.0,189.0,1239.0,Invoiced
SO-004362,2026-09-08,CUST-025,Brigade Vista Apartment Owners Assn,Residential / B2C,BR-02,EMP-006,3300.0,594.0,3894.0,Invoiced
SO-004363,2026-09-08,CUST-028,Sri Venkateshwara Hardware & Electricals,Retailer / Trader,BR-02,EMP-006,154042.0,27727.56,181769.56,Invoiced
SO-004364,2026-09-08,CUST-043,Sundaram Hospital Maintenance,Institution,BR-03,EMP-012,45.0,8.1,53.1,Invoiced
SO-004365,2026-09-08,CUST-028,Sri Venkateshwara Hardware & Electricals,Retailer / Trader,BR-02,EMP-006,297622.0,53571.96,351193.96,Invoiced
SO-004366,2026-09-09,CUST-007,TechPark Facility Maintenance Team,Institution,BR-01,EMP-002,545.0,98.1,643.1,Invoiced
SO-004367,2026-09-09,CUST-003,Saravana Electric Works (Govindaraj),Electrician,BR-01,EMP-003,9570.0,1722.6,11292.6,Invoiced
SO-004368,2026-09-09,CUST-018,Lakshmi Vilas Sweets & Bakery,Small Commercial,BR-01,EMP-003,4190.0,754.2,4944.2,Invoiced
SO-004369,2026-09-10,CUST-006,Dr. Priya Sundaram (Home Clinic),Residential / B2C,BR-01,EMP-003,4028.0,725.04,4753.04,Invoiced
SO-004370,2026-09-10,CUST-040,Sri Krishna Engineering College Hostel,Institution,BR-03,EMP-009,2232.4,401.83,2634.23,Invoiced
SO-004371,2026-09-10,CUST-008,Anbu Electricals (Anbazhagan),Electrician,BR-01,EMP-003,23830.8,4289.54,28120.34,Invoiced
SO-004372,2026-09-11,CUST-030,Dr. Arvind Rao Dental Clinic,Small Commercial,BR-02,EMP-007,2150.0,387.0,2537.0,Invoiced
SO-004373,2026-09-11,CUST-013,Metro Supermarket Tambaram,Small Commercial,BR-01,EMP-002,1479.0,266.22,1745.22,Invoiced
SO-004374,2026-09-11,CUST-047,Kovai Elite Residency Hotel,Small Commercial,BR-03,EMP-010,1835.0,330.3,2165.3,Invoiced
SO-004375,2026-09-11,CUST-006,Dr. Priya Sundaram (Home Clinic),Residential / B2C,BR-01,EMP-003,2338.0,420.84,2758.84,Invoiced
SO-004376,2026-09-11,CUST-035,Gowda Electrical Repairs,Electrician,BR-02,EMP-007,5420.0,975.6,6395.6,Invoiced
SO-004377,2026-09-11,CUST-012,Karthik Residential Apartment Owner,Residential / B2C,BR-01,EMP-003,1790.8,322.34,2113.14,Invoiced
SO-004378,2026-09-11,CUST-014,Siva Shankaran (Individual Home),Residential / B2C,BR-01,EMP-002,456.6,82.19,538.79,Invoiced
SO-004379,2026-09-11,CUST-009,Devi Agency & Lighting Store,Retailer / Trader,BR-01,EMP-002,129909.0,23383.62,153292.62,Invoiced
SO-004380,2026-09-12,CUST-031,Nandini Milk Parlour & Mart,Small Commercial,BR-02,EMP-006,441.6,79.49,521.09,Invoiced
SO-004381,2026-09-12,CUST-043,Sundaram Hospital Maintenance,Institution,BR-03,EMP-009,207.0,37.26,244.26,Invoiced
SO-004382,2026-09-12,CUST-043,Sundaram Hospital Maintenance,Institution,BR-03,EMP-010,869.4,156.49,1025.89,Invoiced
SO-004383,2026-09-12,CUST-017,Apex Manufacturing Solutions,Small Commercial,BR-01,EMP-002,1700.0,306.0,2006.0,Invoiced
SO-004384,2026-09-12,CUST-001,Balaji Electrical Contractors,Contractor,BR-01,EMP-003,31971.4,5754.85,37726.25,Invoiced
SO-004385,2026-09-14,CUST-032,Cauvery Engineering Contractors,Contractor,BR-02,EMP-006,92502.0,16650.36,109152.36,Invoiced
SO-004386,2026-09-14,CUST-048,Ramachandran (Individual House Owner),Residential / B2C,BR-03,EMP-010,1172.0,210.96,1382.96,Invoiced
SO-004387,2026-09-14,CUST-021,Mohammed Riyaz (Home Renovation),Residential / B2C,BR-01,EMP-003,65.0,11.7,76.7,Invoiced
SO-004388,2026-09-14,CUST-016,Royal Comfort Residency Hotel,Small Commercial,BR-01,EMP-003,2806.6,505.19,3311.79,Invoiced
SO-004389,2026-09-14,CUST-011,Victory Housing Projects Phase 2,Builder / Commercial,BR-01,EMP-003,82905.0,14922.9,97827.9,Invoiced
SO-004390,2026-09-14,CUST-012,Karthik Residential Apartment Owner,Residential / B2C,BR-01,EMP-003,7587.0,1365.66,8952.66,Invoiced
SO-004391,2026-09-14,CUST-005,Murugan Auto Garage & Works,Small Commercial,BR-01,EMP-002,840.0,151.2,991.2,Invoiced
SO-004392,2026-09-15,CUST-037,Kovai Textile Mills Facility Team,Small Commercial,BR-03,EMP-010,7380.0,1328.4,8708.4,Invoiced
SO-004393,2026-09-15,CUST-003,Saravana Electric Works (Govindaraj),Electrician,BR-01,EMP-002,7844.0,1411.92,9255.92,Invoiced
SO-004394,2026-09-15,CUST-016,Royal Comfort Residency Hotel,Small Commercial,BR-01,EMP-002,101.2,18.22,119.42,Invoiced
SO-004395,2026-09-16,CUST-002,Kalaivani Hardware & Paints,Retailer / Trader,BR-01,EMP-003,236091.6,42496.49,278588.09,Invoiced
SO-004396,2026-09-16,CUST-015,Srinivasan & Sons Contractor,Contractor,BR-01,EMP-002,49450.0,8901.0,58351.0,Invoiced
SO-004397,2026-09-16,CUST-003,Saravana Electric Works (Govindaraj),Electrician,BR-01,EMP-003,23500.0,4230.0,27730.0,Invoiced
SO-004398,2026-09-16,CUST-007,TechPark Facility Maintenance Team,Institution,BR-01,EMP-003,552.0,99.36,651.36,Invoiced
SO-004399,2026-09-17,CUST-016,Royal Comfort Residency Hotel,Small Commercial,BR-01,EMP-002,2797.4,503.53,3300.93,Invoiced
SO-004400,2026-09-17,CUST-033,Suresh Babu (Villa Construction),Residential / B2C,BR-02,EMP-007,840.0,151.2,991.2,Invoiced
SO-004401,2026-09-17,CUST-010,Vels Vidyashram School Campus,Institution,BR-01,EMP-002,202.4,36.43,238.83,Invoiced
SO-004402,2026-09-17,CUST-031,Nandini Milk Parlour & Mart,Small Commercial,BR-02,EMP-006,850.0,153.0,1003.0,Invoiced
SO-004403,2026-09-17,CUST-001,Balaji Electrical Contractors,Contractor,BR-01,EMP-003,183818.8,33087.38,216906.18,Invoiced
SO-004404,2026-09-17,CUST-045,Karthika Departmental Store,Small Commercial,BR-03,EMP-009,195.0,35.1,230.1,Invoiced
SO-004405,2026-09-18,CUST-025,Brigade Vista Apartment Owners Assn,Residential / B2C,BR-02,EMP-007,828.0,149.04,977.04,Invoiced
SO-004406,2026-09-18,CUST-043,Sundaram Hospital Maintenance,Institution,BR-03,EMP-010,4128.0,743.04,4871.04,Invoiced
SO-004407,2026-09-18,CUST-023,Kalam Brothers Electrical Store,Retailer / Trader,BR-01,EMP-003,115140.0,20725.2,135865.2,Invoiced
SO-004408,2026-09-18,CUST-025,Brigade Vista Apartment Owners Assn,Residential / B2C,BR-02,EMP-007,1242.0,223.56,1465.56,Invoiced
SO-004409,2026-09-18,CUST-019,Poompuhar Handicrafts Store,Small Commercial,BR-01,EMP-003,1235.2,222.34,1457.54,Invoiced
SO-004410,2026-09-18,CUST-035,Gowda Electrical Repairs,Electrician,BR-02,EMP-007,10157.0,1828.26,11985.26,Invoiced
SO-004411,2026-09-18,CUST-006,Dr. Priya Sundaram (Home Clinic),Residential / B2C,BR-01,EMP-002,840.0,151.2,991.2,Invoiced
SO-004412,2026-09-18,CUST-011,Victory Housing Projects Phase 2,Builder / Commercial,BR-01,EMP-003,110840.0,19951.2,130791.2,Invoiced
SO-004413,2026-09-19,CUST-034,Silicon Valley PG Hostel Chain,Institution,BR-02,EMP-007,1065.0,191.7,1256.7,Invoiced
SO-004414,2026-09-19,CUST-041,Kongu Builders & Real Estate,Builder / Commercial,BR-03,EMP-010,74421.0,13395.78,87816.78,Invoiced
SO-004415,2026-09-19,CUST-045,Karthika Departmental Store,Small Commercial,BR-03,EMP-010,1384.0,249.12,1633.12,Invoiced
SO-004416,2026-09-19,CUST-038,Marutham Electrical & Power Agency,Retailer / Trader,BR-03,EMP-012,99850.0,17973.0,117823.0,Invoiced
SO-004417,2026-09-19,CUST-023,Kalam Brothers Electrical Store,Retailer / Trader,BR-01,EMP-003,185838.0,33450.84,219288.84,Invoiced
SO-004418,2026-09-19,CUST-005,Murugan Auto Garage & Works,Small Commercial,BR-01,EMP-002,8142.0,1465.56,9607.56,Invoiced
SO-004419,2026-09-19,CUST-019,Poompuhar Handicrafts Store,Small Commercial,BR-01,EMP-003,165.0,29.7,194.7,Invoiced
SO-004420,2026-09-19,CUST-042,Velan Pump & Motor Spares Store,Retailer / Trader,BR-03,EMP-009,22750.0,4095.0,26845.0,Invoiced
SO-004421,2026-09-21,CUST-048,Ramachandran (Individual House Owner),Residential / B2C,BR-03,EMP-009,441.6,79.49,521.09,Invoiced
SO-004422,2026-09-21,CUST-011,Victory Housing Projects Phase 2,Builder / Commercial,BR-01,EMP-002,77485.0,13947.3,91432.3,Invoiced
SO-004423,2026-09-21,CUST-037,Kovai Textile Mills Facility Team,Small Commercial,BR-03,EMP-009,1861.0,334.98,2195.98,Invoiced
SO-004424,2026-09-21,CUST-042,Velan Pump & Motor Spares Store,Retailer / Trader,BR-03,EMP-010,218345.0,39302.1,257647.1,Invoiced
SO-004425,2026-09-21,CUST-015,Srinivasan & Sons Contractor,Contractor,BR-01,EMP-003,41727.0,7510.86,49237.86,Invoiced
SO-004426,2026-09-21,CUST-015,Srinivasan & Sons Contractor,Contractor,BR-01,EMP-003,15368.4,2766.31,18134.71,Invoiced
SO-004427,2026-09-21,CUST-003,Saravana Electric Works (Govindaraj),Electrician,BR-01,EMP-003,15450.0,2781.0,18231.0,Invoiced
SO-004428,2026-09-21,CUST-028,Sri Venkateshwara Hardware & Electricals,Retailer / Trader,BR-02,EMP-007,90245.2,16244.14,106489.34,Invoiced
SO-004429,2026-09-22,CUST-036,Urban Spaces Interior Studio,Contractor,BR-02,EMP-007,48228.4,8681.11,56909.51,Invoiced
SO-004430,2026-09-22,CUST-035,Gowda Electrical Repairs,Electrician,BR-02,EMP-007,855.0,153.9,1008.9,Invoiced
SO-004431,2026-09-22,CUST-001,Balaji Electrical Contractors,Contractor,BR-01,EMP-002,81393.8,14650.88,96044.68,Invoiced
SO-004432,2026-09-23,CUST-036,Urban Spaces Interior Studio,Contractor,BR-02,EMP-006,352378.0,63428.04,415806.04,Invoiced
SO-004433,2026-09-23,CUST-015,Srinivasan & Sons Contractor,Contractor,BR-01,EMP-003,62182.0,11192.76,73374.76,Invoiced
SO-004434,2026-09-23,CUST-041,Kongu Builders & Real Estate,Builder / Commercial,BR-03,EMP-010,56929.8,10247.36,67177.16,Invoiced
SO-004435,2026-09-23,CUST-033,Suresh Babu (Villa Construction),Residential / B2C,BR-02,EMP-007,2770.8,498.74,3269.54,Invoiced
SO-004436,2026-09-23,CUST-033,Suresh Babu (Villa Construction),Residential / B2C,BR-02,EMP-006,240.0,43.2,283.2,Invoiced
SO-004437,2026-09-23,CUST-026,Manjunatha Electrical Works,Electrician,BR-02,EMP-007,36492.0,6568.56,43060.56,Invoiced
SO-004438,2026-09-24,CUST-001,Balaji Electrical Contractors,Contractor,BR-01,EMP-003,70510.0,12691.8,83201.8,Invoiced
SO-004439,2026-09-24,CUST-043,Sundaram Hospital Maintenance,Institution,BR-03,EMP-012,6900.0,1242.0,8142.0,Invoiced
SO-004440,2026-09-24,CUST-029,Raghavendra Infrastructure Developers,Builder / Commercial,BR-02,EMP-006,48002.2,8640.4,56642.6,Invoiced
SO-004441,2026-09-24,CUST-038,Marutham Electrical & Power Agency,Retailer / Trader,BR-03,EMP-012,80013.2,14402.38,94415.58,Invoiced
SO-004442,2026-09-24,CUST-012,Karthik Residential Apartment Owner,Residential / B2C,BR-01,EMP-003,8150.0,1467.0,9617.0,Invoiced
SO-004443,2026-09-25,CUST-023,Kalam Brothers Electrical Store,Retailer / Trader,BR-01,EMP-002,115820.0,20847.6,136667.6,Invoiced
SO-004444,2026-09-25,CUST-036,Urban Spaces Interior Studio,Contractor,BR-02,EMP-006,17371.8,3126.92,20498.72,Invoiced
SO-004445,2026-09-25,CUST-006,Dr. Priya Sundaram (Home Clinic),Residential / B2C,BR-01,EMP-002,993.0,178.74,1171.74,Invoiced
SO-004446,2026-09-25,CUST-002,Kalaivani Hardware & Paints,Retailer / Trader,BR-01,EMP-003,180213.0,32438.34,212651.34,Invoiced
SO-004447,2026-09-25,CUST-009,Devi Agency & Lighting Store,Retailer / Trader,BR-01,EMP-003,399312.0,71876.16,471188.16,Invoiced
SO-004448,2026-09-25,CUST-028,Sri Venkateshwara Hardware & Electricals,Retailer / Trader,BR-02,EMP-006,83900.2,15102.04,99002.24,Invoiced
SO-004449,2026-09-25,CUST-018,Lakshmi Vilas Sweets & Bakery,Small Commercial,BR-01,EMP-003,727.0,130.86,857.86,Invoiced
SO-004450,2026-09-26,CUST-022,Global Smart Solutions (P) Ltd,Contractor,BR-01,EMP-002,61092.0,10996.56,72088.56,Invoiced
SO-004451,2026-09-26,CUST-013,Metro Supermarket Tambaram,Small Commercial,BR-01,EMP-003,3008.0,541.44,3549.44,Invoiced
SO-004452,2026-09-26,CUST-047,Kovai Elite Residency Hotel,Small Commercial,BR-03,EMP-009,1700.0,306.0,2006.0,Invoiced
SO-004453,2026-09-26,CUST-046,Annamalai Agro Processing Unit,Small Commercial,BR-03,EMP-009,6322.0,1137.96,7459.96,Invoiced
SO-004454,2026-09-28,CUST-039,Rangasamy Electrician Workshop,Electrician,BR-03,EMP-012,3310.0,595.8,3905.8,Invoiced
SO-004455,2026-09-28,CUST-003,Saravana Electric Works (Govindaraj),Electrician,BR-01,EMP-002,3200.0,576.0,3776.0,Invoiced
SO-004456,2026-09-28,CUST-035,Gowda Electrical Repairs,Electrician,BR-02,EMP-006,13860.0,2494.8,16354.8,Invoiced
SO-004457,2026-09-29,CUST-027,InnoTech Coworking Hub,Small Commercial,BR-02,EMP-007,4902.4,882.43,5784.83,Invoiced
SO-004458,2026-09-29,CUST-011,Victory Housing Projects Phase 2,Builder / Commercial,BR-01,EMP-002,164488.0,29607.84,194095.84,Invoiced
SO-004459,2026-09-29,CUST-006,Dr. Priya Sundaram (Home Clinic),Residential / B2C,BR-01,EMP-002,240.0,43.2,283.2,Invoiced
SO-004460,2026-09-30,CUST-021,Mohammed Riyaz (Home Renovation),Residential / B2C,BR-01,EMP-002,441.6,79.49,521.09,Invoiced
SO-004461,2026-09-30,CUST-009,Devi Agency & Lighting Store,Retailer / Trader,BR-01,EMP-003,99079.8,17834.36,116914.16,Invoiced
SO-004462,2026-09-30,CUST-033,Suresh Babu (Villa Construction),Residential / B2C,BR-02,EMP-006,1662.4,299.23,1961.63,Invoiced
SO-004463,2026-09-30,CUST-043,Sundaram Hospital Maintenance,Institution,BR-03,EMP-009,1721.0,309.78,2030.78,Invoiced
SO-004464,2026-09-30,CUST-030,Dr. Arvind Rao Dental Clinic,Small Commercial,BR-02,EMP-006,1305.0,234.9,1539.9,Invoiced
SO-004465,2026-09-30,CUST-006,Dr. Priya Sundaram (Home Clinic),Residential / B2C,BR-01,EMP-002,2550.0,459.0,3009.0,Invoiced
SO-004466,2026-09-30,CUST-034,Silicon Valley PG Hostel Chain,Institution,BR-02,EMP-006,629.0,113.22,742.22,Invoiced
