delivery_id,order_id,invoice_id,customer_id,branch_id,order_date,promised_date,actual_delivery_date,delivery_status,vehicle_info
DEL-000001,SO-000003,INV-000003,CUST-011,BR-01,2024-01-01,2024-01-04,2024-01-04,Delivered,Vidyut Logistics Delivery Van
DEL-000002,SO-000009,INV-000009,CUST-011,BR-01,2024-01-03,2024-01-05,2024-01-05,Delivered,Vidyut Logistics Delivery Van
DEL-000003,SO-000012,INV-000012,CUST-029,BR-02,2024-01-03,2024-01-06,2024-01-06,Delivered,Vidyut Logistics Delivery Van
DEL-000004,SO-000018,INV-000018,CUST-001,BR-01,2024-01-04,2024-01-05,2024-01-06,Delivered,Vidyut Logistics Delivery Van
DEL-000005,SO-000020,INV-000020,CUST-041,BR-03,2024-01-05,2024-01-06,2024-01-06,Delivered,Vidyut Logistics Delivery Van
DEL-000006,SO-000021,INV-000021,CUST-007,BR-01,2024-01-05,2024-01-08,2024-01-08,Delivered,Vidyut Logistics Delivery Van
DEL-000007,SO-000022,INV-000022,CUST-029,BR-02,2024-01-06,2024-01-07,2024-01-07,Delivered,Vidyut Logistics Delivery Van
DEL-000008,SO-000025,INV-000025,CUST-032,BR-02,2024-01-06,2024-01-07,2024-01-07,Delivered,Vidyut Logistics Delivery Van
DEL-000009,SO-000028,INV-000028,CUST-022,BR-01,2024-01-08,2024-01-10,2024-01-10,Delivered,Vidyut Logistics Delivery Van
DEL-000010,SO-000034,INV-000034,CUST-001,BR-01,2024-01-08,2024-01-09,2024-01-09,Delivered,Vidyut Logistics Delivery Van
DEL-000011,SO-000038,INV-000038,CUST-015,BR-01,2024-01-09,2024-01-11,2024-01-11,Delivered,Vidyut Logistics Delivery Van
DEL-000012,SO-000048,INV-000048,CUST-010,BR-01,2024-01-12,2024-01-13,2024-01-13,Delivered,Vidyut Logistics Delivery Van
DEL-000013,SO-000050,INV-000050,CUST-004,BR-01,2024-01-12,2024-01-14,2024-01-15,Delivered,Vidyut Logistics Delivery Van
DEL-000014,SO-000054,INV-000054,CUST-041,BR-03,2024-01-13,2024-01-16,2024-01-17,Delivered,Vidyut Logistics Delivery Van
DEL-000015,SO-000056,INV-000056,CUST-010,BR-01,2024-01-15,2024-01-16,2024-01-16,Delivered,Vidyut Logistics Delivery Van
DEL-000016,SO-000057,INV-000057,CUST-004,BR-01,2024-01-15,2024-01-18,2024-01-18,Delivered,Vidyut Logistics Delivery Van
DEL-000017,SO-000067,INV-000067,CUST-007,BR-01,2024-01-17,2024-01-18,2024-01-18,Delivered,Vidyut Logistics Delivery Van
DEL-000018,SO-000073,INV-000073,CUST-040,BR-03,2024-01-18,2024-01-20,2024-01-21,Delivered,Vidyut Logistics Delivery Van
DEL-000019,SO-000074,INV-000074,CUST-010,BR-01,2024-01-19,2024-01-22,2024-01-22,Delivered,Vidyut Logistics Delivery Van
DEL-000020,SO-000076,INV-000076,CUST-040,BR-03,2024-01-19,2024-01-21,2024-01-22,Delivered,Vidyut Logistics Delivery Van
DEL-000021,SO-000078,INV-000078,CUST-007,BR-01,2024-01-19,2024-01-20,2024-01-21,Delivered,Vidyut Logistics Delivery Van
DEL-000022,SO-000083,INV-000083,CUST-004,BR-01,2024-01-22,2024-01-24,2024-01-24,Delivered,Vidyut Logistics Delivery Van
DEL-000023,SO-000085,INV-000085,CUST-004,BR-01,2024-01-23,2024-01-25,2024-01-25,Delivered,Vidyut Logistics Delivery Van
DEL-000024,SO-000086,INV-000086,CUST-029,BR-02,2024-01-23,2024-01-25,2024-01-26,Delivered,Vidyut Logistics Delivery Van
DEL-000025,SO-000087,INV-000087,CUST-040,BR-03,2024-01-23,2024-01-26,2024-01-28,Delivered,Vidyut Logistics Delivery Van
DEL-000026,SO-000090,INV-000090,CUST-011,BR-01,2024-01-24,2024-01-25,2024-01-25,Delivered,Vidyut Logistics Delivery Van
DEL-000027,SO-000093,INV-000093,CUST-010,BR-01,2024-01-24,2024-01-25,2024-01-25,Delivered,Vidyut Logistics Delivery Van
DEL-000028,SO-000107,INV-000107,CUST-015,BR-01,2024-01-29,2024-01-31,2024-01-31,Delivered,Vidyut Logistics Delivery Van
DEL-000029,SO-000109,INV-000109,CUST-041,BR-03,2024-01-29,2024-02-01,2024-02-01,Delivered,Vidyut Logistics Delivery Van
DEL-000030,SO-000112,INV-000112,CUST-010,BR-01,2024-01-30,2024-02-01,2024-02-02,Delivered,Vidyut Logistics Delivery Van
DEL-000031,SO-000113,INV-000113,CUST-004,BR-01,2024-01-30,2024-02-01,2024-02-01,Delivered,Vidyut Logistics Delivery Van
DEL-000032,SO-000116,INV-000116,CUST-007,BR-01,2024-01-30,2024-02-02,2024-02-02,Delivered,Vidyut Logistics Delivery Van
DEL-000033,SO-000117,INV-000117,CUST-032,BR-02,2024-01-31,2024-02-02,2024-02-02,Delivered,Vidyut Logistics Delivery Van
DEL-000034,SO-000118,INV-000118,CUST-004,BR-01,2024-01-31,2024-02-03,2024-02-03,Delivered,Vidyut Logistics Delivery Van
DEL-000035,SO-000124,INV-000124,CUST-004,BR-01,2024-02-01,2024-02-02,2024-02-02,Delivered,Vidyut Logistics Delivery Van
DEL-000036,SO-000127,INV-000127,CUST-001,BR-01,2024-02-02,2024-02-03,2024-02-03,Delivered,Vidyut Logistics Delivery Van
DEL-000037,SO-000131,INV-000131,CUST-007,BR-01,2024-02-03,2024-02-05,2024-02-06,Delivered,Vidyut Logistics Delivery Van
DEL-000038,SO-000133,INV-000133,CUST-029,BR-02,2024-02-05,2024-02-07,2024-02-08,Delivered,Vidyut Logistics Delivery Van
DEL-000039,SO-000140,INV-000140,CUST-041,BR-03,2024-02-07,2024-02-08,2024-02-08,Delivered,Vidyut Logistics Delivery Van
DEL-000040,SO-000144,INV-000144,CUST-029,BR-02,2024-02-07,2024-02-08,2024-02-08,Delivered,Vidyut Logistics Delivery Van
DEL-000041,SO-000147,INV-000147,CUST-001,BR-01,2024-02-08,2024-02-11,2024-02-11,Delivered,Vidyut Logistics Delivery Van
DEL-000042,SO-000148,INV-000148,CUST-022,BR-01,2024-02-08,2024-02-11,2024-02-11,Delivered,Vidyut Logistics Delivery Van
DEL-000043,SO-000151,INV-000151,CUST-001,BR-01,2024-02-08,2024-02-10,2024-02-10,Delivered,Vidyut Logistics Delivery Van
DEL-000044,SO-000154,INV-000154,CUST-040,BR-03,2024-02-09,2024-02-12,2024-02-12,Delivered,Vidyut Logistics Delivery Van
DEL-000045,SO-000158,INV-000158,CUST-001,BR-01,2024-02-10,2024-02-13,2024-02-13,Delivered,Vidyut Logistics Delivery Van
DEL-000046,SO-000159,INV-000159,CUST-004,BR-01,2024-02-10,2024-02-13,2024-02-13,Delivered,Vidyut Logistics Delivery Van
DEL-000047,SO-000164,INV-000164,CUST-010,BR-01,2024-02-12,2024-02-14,2024-02-14,Delivered,Vidyut Logistics Delivery Van
DEL-000048,SO-000166,INV-000166,CUST-015,BR-01,2024-02-12,2024-02-14,2024-02-15,Delivered,Vidyut Logistics Delivery Van
DEL-000049,SO-000168,INV-000168,CUST-010,BR-01,2024-02-12,2024-02-13,2024-02-13,Delivered,Vidyut Logistics Delivery Van
DEL-000050,SO-000174,INV-000174,CUST-022,BR-01,2024-02-14,2024-02-16,2024-02-16,Delivered,Vidyut Logistics Delivery Van
DEL-000051,SO-000177,INV-000177,CUST-040,BR-03,2024-02-15,2024-02-18,2024-02-18,Delivered,Vidyut Logistics Delivery Van
DEL-000052,SO-000179,INV-000179,CUST-011,BR-01,2024-02-15,2024-02-16,2024-02-16,Delivered,Vidyut Logistics Delivery Van
DEL-000053,SO-000180,INV-000180,CUST-022,BR-01,2024-02-16,2024-02-18,2024-02-19,Delivered,Vidyut Logistics Delivery Van
DEL-000054,SO-000184,INV-000184,CUST-007,BR-01,2024-02-17,2024-02-20,2024-02-21,Delivered,Vidyut Logistics Delivery Van
DEL-000055,SO-000188,INV-000188,CUST-022,BR-01,2024-02-19,2024-02-22,2024-02-22,Delivered,Vidyut Logistics Delivery Van
DEL-000056,SO-000195,INV-000195,CUST-043,BR-03,2024-02-20,2024-02-21,2024-02-21,Delivered,Vidyut Logistics Delivery Van
DEL-000057,SO-000197,INV-000197,CUST-022,BR-01,2024-02-21,2024-02-23,2024-02-23,Delivered,Vidyut Logistics Delivery Van
DEL-000058,SO-000200,INV-000200,CUST-011,BR-01,2024-02-21,2024-02-22,2024-02-22,Delivered,Vidyut Logistics Delivery Van
DEL-000059,SO-000204,INV-000204,CUST-040,BR-03,2024-02-22,2024-02-24,2024-02-24,Delivered,Vidyut Logistics Delivery Van
DEL-000060,SO-000209,INV-000209,CUST-029,BR-02,2024-02-23,2024-02-26,2024-02-26,Delivered,Vidyut Logistics Delivery Van
DEL-000061,SO-000211,INV-000211,CUST-040,BR-03,2024-02-23,2024-02-24,2024-02-24,Delivered,Vidyut Logistics Delivery Van
DEL-000062,SO-000212,INV-000212,CUST-015,BR-01,2024-02-23,2024-02-26,2024-02-27,Delivered,Vidyut Logistics Delivery Van
DEL-000063,SO-000214,INV-000214,CUST-041,BR-03,2024-02-23,2024-02-24,2024-02-24,Delivered,Vidyut Logistics Delivery Van
DEL-000064,SO-000217,INV-000217,CUST-029,BR-02,2024-02-24,2024-02-27,2024-02-27,Delivered,Vidyut Logistics Delivery Van
DEL-000065,SO-000219,INV-000219,CUST-029,BR-02,2024-02-24,2024-02-27,2024-02-27,Delivered,Vidyut Logistics Delivery Van
DEL-000066,SO-000224,INV-000224,CUST-029,BR-02,2024-02-26,2024-02-27,2024-02-27,Delivered,Vidyut Logistics Delivery Van
DEL-000067,SO-000225,INV-000225,CUST-001,BR-01,2024-02-27,2024-02-29,2024-02-29,Delivered,Vidyut Logistics Delivery Van
DEL-000068,SO-000226,INV-000226,CUST-004,BR-01,2024-02-27,2024-03-01,2024-03-01,Delivered,Vidyut Logistics Delivery Van
DEL-000069,SO-000228,INV-000228,CUST-015,BR-01,2024-02-27,2024-02-28,2024-02-29,Delivered,Vidyut Logistics Delivery Van
DEL-000070,SO-000230,INV-000230,CUST-015,BR-01,2024-02-27,2024-02-28,2024-02-28,Delivered,Vidyut Logistics Delivery Van
DEL-000071,SO-000231,INV-000231,CUST-022,BR-01,2024-02-28,2024-03-01,2024-03-01,Delivered,Vidyut Logistics Delivery Van
DEL-000072,SO-000232,INV-000232,CUST-007,BR-01,2024-02-28,2024-03-02,2024-03-02,Delivered,Vidyut Logistics Delivery Van
DEL-000073,SO-000234,INV-000234,CUST-043,BR-03,2024-02-28,2024-02-29,2024-03-01,Delivered,Vidyut Logistics Delivery Van
DEL-000074,SO-000236,INV-000236,CUST-034,BR-02,2024-02-28,2024-02-29,2024-02-29,Delivered,Vidyut Logistics Delivery Van
DEL-000075,SO-000245,INV-000245,CUST-001,BR-01,2024-03-01,2024-03-03,2024-03-03,Delivered,Vidyut Logistics Delivery Van
DEL-000076,SO-000252,INV-000252,CUST-001,BR-01,2024-03-04,2024-03-05,2024-03-05,Delivered,Vidyut Logistics Delivery Van
DEL-000077,SO-000262,INV-000262,CUST-034,BR-02,2024-03-07,2024-03-08,2024-03-08,Delivered,Vidyut Logistics Delivery Van
DEL-000078,SO-000263,INV-000263,CUST-043,BR-03,2024-03-07,2024-03-10,2024-03-10,Delivered,Vidyut Logistics Delivery Van
DEL-000079,SO-000267,INV-000267,CUST-040,BR-03,2024-03-08,2024-03-09,2024-03-09,Delivered,Vidyut Logistics Delivery Van
DEL-000080,SO-000268,INV-000268,CUST-010,BR-01,2024-03-08,2024-03-09,2024-03-09,Delivered,Vidyut Logistics Delivery Van
DEL-000081,SO-000271,INV-000271,CUST-041,BR-03,2024-03-09,2024-03-10,2024-03-11,Delivered,Vidyut Logistics Delivery Van
DEL-000082,SO-000272,INV-000272,CUST-010,BR-01,2024-03-09,2024-03-12,2024-03-12,Delivered,Vidyut Logistics Delivery Van
DEL-000083,SO-000273,INV-000273,CUST-015,BR-01,2024-03-09,2024-03-12,2024-03-12,Delivered,Vidyut Logistics Delivery Van
DEL-000084,SO-000278,INV-000278,CUST-004,BR-01,2024-03-12,2024-03-15,2024-03-15,Delivered,Vidyut Logistics Delivery Van
DEL-000085,SO-000284,INV-000284,CUST-010,BR-01,2024-03-13,2024-03-15,2024-03-17,Delivered,Vidyut Logistics Delivery Van
DEL-000086,SO-000287,INV-000287,CUST-015,BR-01,2024-03-13,2024-03-15,2024-03-15,Delivered,Vidyut Logistics Delivery Van
DEL-000087,SO-000289,INV-000289,CUST-010,BR-01,2024-03-13,2024-03-16,2024-03-16,Delivered,Vidyut Logistics Delivery Van
DEL-000088,SO-000293,INV-000293,CUST-034,BR-02,2024-03-15,2024-03-16,2024-03-16,Delivered,Vidyut Logistics Delivery Van
DEL-000089,SO-000295,INV-000295,CUST-015,BR-01,2024-03-15,2024-03-16,2024-03-16,Delivered,Vidyut Logistics Delivery Van
DEL-000090,SO-000298,INV-000298,CUST-034,BR-02,2024-03-15,2024-03-18,2024-03-18,Delivered,Vidyut Logistics Delivery Van
DEL-000091,SO-000301,INV-000301,CUST-011,BR-01,2024-03-16,2024-03-18,2024-03-19,Delivered,Vidyut Logistics Delivery Van
DEL-000092,SO-000302,INV-000302,CUST-001,BR-01,2024-03-16,2024-03-17,2024-03-17,Delivered,Vidyut Logistics Delivery Van
DEL-000093,SO-000306,INV-000306,CUST-032,BR-02,2024-03-18,2024-03-21,2024-03-21,Delivered,Vidyut Logistics Delivery Van
DEL-000094,SO-000310,INV-000310,CUST-022,BR-01,2024-03-19,2024-03-21,2024-03-21,Delivered,Vidyut Logistics Delivery Van
DEL-000095,SO-000315,INV-000315,CUST-040,BR-03,2024-03-21,2024-03-22,2024-03-23,Delivered,Vidyut Logistics Delivery Van
DEL-000096,SO-000316,INV-000316,CUST-015,BR-01,2024-03-21,2024-03-22,2024-03-22,Delivered,Vidyut Logistics Delivery Van
DEL-000097,SO-000325,INV-000325,CUST-034,BR-02,2024-03-23,2024-03-25,2024-03-25,Delivered,Vidyut Logistics Delivery Van
DEL-000098,SO-000326,INV-000326,CUST-040,BR-03,2024-03-25,2024-03-26,2024-03-26,Delivered,Vidyut Logistics Delivery Van
DEL-000099,SO-000329,INV-000329,CUST-015,BR-01,2024-03-25,2024-03-27,2024-03-27,Delivered,Vidyut Logistics Delivery Van
DEL-000100,SO-000333,INV-000333,CUST-032,BR-02,2024-03-26,2024-03-27,2024-03-27,Delivered,Vidyut Logistics Delivery Van
DEL-000101,SO-000336,INV-000336,CUST-022,BR-01,2024-03-27,2024-03-30,2024-03-31,Delivered,Vidyut Logistics Delivery Van
DEL-000102,SO-000337,INV-000337,CUST-041,BR-03,2024-03-27,2024-03-29,2024-03-29,Delivered,Vidyut Logistics Delivery Van
DEL-000103,SO-000342,INV-000342,CUST-041,BR-03,2024-03-27,2024-03-28,2024-03-28,Delivered,Vidyut Logistics Delivery Van
DEL-000104,SO-000343,INV-000343,CUST-041,BR-03,2024-03-28,2024-03-29,2024-03-29,Delivered,Vidyut Logistics Delivery Van
DEL-000105,SO-000346,INV-000346,CUST-029,BR-02,2024-03-29,2024-03-30,2024-03-30,Delivered,Vidyut Logistics Delivery Van
DEL-000106,SO-000349,INV-000349,CUST-011,BR-01,2024-03-30,2024-03-31,2024-04-01,Delivered,Vidyut Logistics Delivery Van
DEL-000107,SO-000351,INV-000351,CUST-007,BR-01,2024-03-30,2024-04-01,2024-04-01,Delivered,Vidyut Logistics Delivery Van
DEL-000108,SO-000356,INV-000356,CUST-029,BR-02,2024-04-01,2024-04-02,2024-04-02,Delivered,Vidyut Logistics Delivery Van
DEL-000109,SO-000357,INV-000357,CUST-032,BR-02,2024-04-01,2024-04-02,2024-04-02,Delivered,Vidyut Logistics Delivery Van
DEL-000110,SO-000358,INV-000358,CUST-034,BR-02,2024-04-01,2024-04-03,2024-04-03,Delivered,Vidyut Logistics Delivery Van
DEL-000111,SO-000363,INV-000363,CUST-015,BR-01,2024-04-02,2024-04-04,2024-04-04,Delivered,Vidyut Logistics Delivery Van
DEL-000112,SO-000364,INV-000364,CUST-001,BR-01,2024-04-03,2024-04-04,2024-04-04,Delivered,Vidyut Logistics Delivery Van
DEL-000113,SO-000377,INV-000377,CUST-007,BR-01,2024-04-06,2024-04-07,2024-04-08,Delivered,Vidyut Logistics Delivery Van
DEL-000114,SO-000380,INV-000380,CUST-032,BR-02,2024-04-08,2024-04-10,2024-04-10,Delivered,Vidyut Logistics Delivery Van
DEL-000115,SO-000381,INV-000381,CUST-004,BR-01,2024-04-08,2024-04-09,2024-04-10,Delivered,Vidyut Logistics Delivery Van
DEL-000116,SO-000384,INV-000384,CUST-040,BR-03,2024-04-09,2024-04-10,2024-04-10,Delivered,Vidyut Logistics Delivery Van
DEL-000117,SO-000385,INV-000385,CUST-004,BR-01,2024-04-09,2024-04-11,2024-04-12,Delivered,Vidyut Logistics Delivery Van
DEL-000118,SO-000398,INV-000398,CUST-022,BR-01,2024-04-11,2024-04-13,2024-04-13,Delivered,Vidyut Logistics Delivery Van
DEL-000119,SO-000404,INV-000404,CUST-004,BR-01,2024-04-12,2024-04-13,2024-04-13,Delivered,Vidyut Logistics Delivery Van
DEL-000120,SO-000408,INV-000408,CUST-043,BR-03,2024-04-15,2024-04-18,2024-04-18,Delivered,Vidyut Logistics Delivery Van
DEL-000121,SO-000416,INV-000416,CUST-040,BR-03,2024-04-17,2024-04-19,2024-04-19,Delivered,Vidyut Logistics Delivery Van
DEL-000122,SO-000420,INV-000420,CUST-010,BR-01,2024-04-17,2024-04-18,2024-04-19,Delivered,Vidyut Logistics Delivery Van
DEL-000123,SO-000421,INV-000421,CUST-032,BR-02,2024-04-17,2024-04-19,2024-04-19,Delivered,Vidyut Logistics Delivery Van
DEL-000124,SO-000424,INV-000424,CUST-011,BR-01,2024-04-18,2024-04-21,2024-04-21,Delivered,Vidyut Logistics Delivery Van
DEL-000125,SO-000426,INV-000426,CUST-029,BR-02,2024-04-19,2024-04-21,2024-04-21,Delivered,Vidyut Logistics Delivery Van
DEL-000126,SO-000427,INV-000427,CUST-034,BR-02,2024-04-19,2024-04-21,2024-04-21,Delivered,Vidyut Logistics Delivery Van
DEL-000127,SO-000432,INV-000432,CUST-034,BR-02,2024-04-20,2024-04-22,2024-04-24,Delivered,Vidyut Logistics Delivery Van
DEL-000128,SO-000433,INV-000433,CUST-034,BR-02,2024-04-20,2024-04-21,2024-04-21,Delivered,Vidyut Logistics Delivery Van
DEL-000129,SO-000435,INV-000435,CUST-029,BR-02,2024-04-22,2024-04-24,2024-04-25,Delivered,Vidyut Logistics Delivery Van
DEL-000130,SO-000441,INV-000441,CUST-007,BR-01,2024-04-22,2024-04-23,2024-04-23,Delivered,Vidyut Logistics Delivery Van
DEL-000131,SO-000442,INV-000442,CUST-041,BR-03,2024-04-23,2024-04-25,2024-04-25,Delivered,Vidyut Logistics Delivery Van
DEL-000132,SO-000448,INV-000448,CUST-001,BR-01,2024-04-24,2024-04-26,2024-04-26,Delivered,Vidyut Logistics Delivery Van
DEL-000133,SO-000455,INV-000455,CUST-040,BR-03,2024-04-25,2024-04-28,2024-04-28,Delivered,Vidyut Logistics Delivery Van
DEL-000134,SO-000456,INV-000456,CUST-029,BR-02,2024-04-26,2024-04-28,2024-04-28,Delivered,Vidyut Logistics Delivery Van
DEL-000135,SO-000457,INV-000457,CUST-001,BR-01,2024-04-26,2024-04-29,2024-04-29,Delivered,Vidyut Logistics Delivery Van
DEL-000136,SO-000459,INV-000459,CUST-015,BR-01,2024-04-26,2024-04-27,2024-04-27,Delivered,Vidyut Logistics Delivery Van
DEL-000137,SO-000462,INV-000462,CUST-041,BR-03,2024-04-27,2024-04-30,2024-05-01,Delivered,Vidyut Logistics Delivery Van
DEL-000138,SO-000463,INV-000463,CUST-040,BR-03,2024-04-27,2024-04-30,2024-05-01,Delivered,Vidyut Logistics Delivery Van
DEL-000139,SO-000470,INV-000470,CUST-029,BR-02,2024-04-29,2024-05-02,2024-05-02,Delivered,Vidyut Logistics Delivery Van
DEL-000140,SO-000472,INV-000472,CUST-029,BR-02,2024-04-30,2024-05-02,2024-05-04,Delivered,Vidyut Logistics Delivery Van
DEL-000141,SO-000473,INV-000473,CUST-011,BR-01,2024-04-30,2024-05-03,2024-05-04,Delivered,Vidyut Logistics Delivery Van
DEL-000142,SO-000474,INV-000474,CUST-001,BR-01,2024-04-30,2024-05-02,2024-05-02,Delivered,Vidyut Logistics Delivery Van
DEL-000143,SO-000476,INV-000476,CUST-043,BR-03,2024-04-30,2024-05-02,2024-05-02,Delivered,Vidyut Logistics Delivery Van
DEL-000144,SO-000482,INV-000482,CUST-011,BR-01,2024-05-02,2024-05-03,2024-05-03,Delivered,Vidyut Logistics Delivery Van
DEL-000145,SO-000484,INV-000484,CUST-007,BR-01,2024-05-02,2024-05-05,2024-05-05,Delivered,Vidyut Logistics Delivery Van
DEL-000146,SO-000489,INV-000489,CUST-011,BR-01,2024-05-03,2024-05-05,2024-05-06,Delivered,Vidyut Logistics Delivery Van
DEL-000147,SO-000494,INV-000494,CUST-011,BR-01,2024-05-04,2024-05-05,2024-05-05,Delivered,Vidyut Logistics Delivery Van
DEL-000148,SO-000497,INV-000497,CUST-007,BR-01,2024-05-06,2024-05-07,2024-05-07,Delivered,Vidyut Logistics Delivery Van
DEL-000149,SO-000499,INV-000499,CUST-022,BR-01,2024-05-06,2024-05-09,2024-05-09,Delivered,Vidyut Logistics Delivery Van
DEL-000150,SO-000500,INV-000500,CUST-040,BR-03,2024-05-06,2024-05-09,2024-05-09,Delivered,Vidyut Logistics Delivery Van
DEL-000151,SO-000503,INV-000503,CUST-043,BR-03,2024-05-07,2024-05-09,2024-05-10,Delivered,Vidyut Logistics Delivery Van
DEL-000152,SO-000507,INV-000507,CUST-043,BR-03,2024-05-08,2024-05-09,2024-05-09,Delivered,Vidyut Logistics Delivery Van
DEL-000153,SO-000516,INV-000516,CUST-011,BR-01,2024-05-10,2024-05-11,2024-05-11,Delivered,Vidyut Logistics Delivery Van
DEL-000154,SO-000518,INV-000518,CUST-040,BR-03,2024-05-10,2024-05-13,2024-05-13,Delivered,Vidyut Logistics Delivery Van
DEL-000155,SO-000521,INV-000521,CUST-041,BR-03,2024-05-11,2024-05-12,2024-05-12,Delivered,Vidyut Logistics Delivery Van
DEL-000156,SO-000522,INV-000522,CUST-032,BR-02,2024-05-11,2024-05-14,2024-05-14,Delivered,Vidyut Logistics Delivery Van
DEL-000157,SO-000525,INV-000525,CUST-032,BR-02,2024-05-13,2024-05-14,2024-05-14,Delivered,Vidyut Logistics Delivery Van
DEL-000158,SO-000529,INV-000529,CUST-034,BR-02,2024-05-14,2024-05-17,2024-05-17,Delivered,Vidyut Logistics Delivery Van
DEL-000159,SO-000530,INV-000530,CUST-043,BR-03,2024-05-14,2024-05-15,2024-05-15,Delivered,Vidyut Logistics Delivery Van
DEL-000160,SO-000531,INV-000531,CUST-011,BR-01,2024-05-14,2024-05-15,2024-05-15,Delivered,Vidyut Logistics Delivery Van
DEL-000161,SO-000532,INV-000532,CUST-022,BR-01,2024-05-15,2024-05-18,2024-05-18,Delivered,Vidyut Logistics Delivery Van
DEL-000162,SO-000533,INV-000533,CUST-007,BR-01,2024-05-15,2024-05-17,2024-05-17,Delivered,Vidyut Logistics Delivery Van
DEL-000163,SO-000534,INV-000534,CUST-004,BR-01,2024-05-15,2024-05-16,2024-05-16,Delivered,Vidyut Logistics Delivery Van
DEL-000164,SO-000535,INV-000535,CUST-001,BR-01,2024-05-15,2024-05-17,2024-05-17,Delivered,Vidyut Logistics Delivery Van
DEL-000165,SO-000545,INV-000545,CUST-032,BR-02,2024-05-17,2024-05-18,2024-05-19,Delivered,Vidyut Logistics Delivery Van
DEL-000166,SO-000547,INV-000547,CUST-007,BR-01,2024-05-17,2024-05-20,2024-05-20,Delivered,Vidyut Logistics Delivery Van
DEL-000167,SO-000548,INV-000548,CUST-001,BR-01,2024-05-18,2024-05-20,2024-05-20,Delivered,Vidyut Logistics Delivery Van
DEL-000168,SO-000557,INV-000557,CUST-034,BR-02,2024-05-21,2024-05-23,2024-05-24,Delivered,Vidyut Logistics Delivery Van
DEL-000169,SO-000558,INV-000558,CUST-011,BR-01,2024-05-21,2024-05-23,2024-05-23,Delivered,Vidyut Logistics Delivery Van
DEL-000170,SO-000562,INV-000562,CUST-040,BR-03,2024-05-22,2024-05-23,2024-05-23,Delivered,Vidyut Logistics Delivery Van
DEL-000171,SO-000572,INV-000572,CUST-041,BR-03,2024-05-23,2024-05-25,2024-05-25,Delivered,Vidyut Logistics Delivery Van
DEL-000172,SO-000580,INV-000580,CUST-040,BR-03,2024-05-25,2024-05-27,2024-05-27,Delivered,Vidyut Logistics Delivery Van
DEL-000173,SO-000590,INV-000590,CUST-032,BR-02,2024-05-29,2024-06-01,2024-06-02,Delivered,Vidyut Logistics Delivery Van
DEL-000174,SO-000593,INV-000593,CUST-001,BR-01,2024-05-30,2024-06-01,2024-06-01,Delivered,Vidyut Logistics Delivery Van
DEL-000175,SO-000596,INV-000596,CUST-007,BR-01,2024-05-31,2024-06-02,2024-06-02,Delivered,Vidyut Logistics Delivery Van
DEL-000176,SO-000597,INV-000597,CUST-040,BR-03,2024-05-31,2024-06-01,2024-06-01,Delivered,Vidyut Logistics Delivery Van
DEL-000177,SO-000599,INV-000599,CUST-010,BR-01,2024-06-01,2024-06-02,2024-06-02,Delivered,Vidyut Logistics Delivery Van
DEL-000178,SO-000601,INV-000601,CUST-015,BR-01,2024-06-01,2024-06-04,2024-06-04,Delivered,Vidyut Logistics Delivery Van
DEL-000179,SO-000605,INV-000605,CUST-007,BR-01,2024-06-03,2024-06-04,2024-06-04,Delivered,Vidyut Logistics Delivery Van
DEL-000180,SO-000608,INV-000608,CUST-015,BR-01,2024-06-04,2024-06-05,2024-06-05,Delivered,Vidyut Logistics Delivery Van
DEL-000181,SO-000619,INV-000619,CUST-004,BR-01,2024-06-06,2024-06-09,2024-06-09,Delivered,Vidyut Logistics Delivery Van
DEL-000182,SO-000620,INV-000620,CUST-001,BR-01,2024-06-07,2024-06-10,2024-06-10,Delivered,Vidyut Logistics Delivery Van
DEL-000183,SO-000621,INV-000621,CUST-043,BR-03,2024-06-07,2024-06-09,2024-06-09,Delivered,Vidyut Logistics Delivery Van
DEL-000184,SO-000622,INV-000622,CUST-032,BR-02,2024-06-07,2024-06-10,2024-06-10,Delivered,Vidyut Logistics Delivery Van
DEL-000185,SO-000624,INV-000624,CUST-034,BR-02,2024-06-08,2024-06-10,2024-06-11,Delivered,Vidyut Logistics Delivery Van
DEL-000186,SO-000630,INV-000630,CUST-001,BR-01,2024-06-10,2024-06-11,2024-06-12,Delivered,Vidyut Logistics Delivery Van
DEL-000187,SO-000635,INV-000635,CUST-015,BR-01,2024-06-11,2024-06-14,2024-06-14,Delivered,Vidyut Logistics Delivery Van
DEL-000188,SO-000637,INV-000637,CUST-015,BR-01,2024-06-12,2024-06-13,2024-06-13,Delivered,Vidyut Logistics Delivery Van
DEL-000189,SO-000638,INV-000638,CUST-036,BR-02,2024-06-12,2024-06-14,2024-06-14,Delivered,Vidyut Logistics Delivery Van
DEL-000190,SO-000639,INV-000639,CUST-040,BR-03,2024-06-12,2024-06-13,2024-06-13,Delivered,Vidyut Logistics Delivery Van
DEL-000191,SO-000644,INV-000644,CUST-041,BR-03,2024-06-13,2024-06-14,2024-06-14,Delivered,Vidyut Logistics Delivery Van
DEL-000192,SO-000645,INV-000645,CUST-029,BR-02,2024-06-13,2024-06-15,2024-06-16,Delivered,Vidyut Logistics Delivery Van
DEL-000193,SO-000648,INV-000648,CUST-015,BR-01,2024-06-14,2024-06-15,2024-06-15,Delivered,Vidyut Logistics Delivery Van
DEL-000194,SO-000653,INV-000653,CUST-022,BR-01,2024-06-15,2024-06-17,2024-06-17,Delivered,Vidyut Logistics Delivery Van
DEL-000195,SO-000656,INV-000656,CUST-040,BR-03,2024-06-15,2024-06-18,2024-06-18,Delivered,Vidyut Logistics Delivery Van
DEL-000196,SO-000657,INV-000657,CUST-010,BR-01,2024-06-15,2024-06-16,2024-06-16,Delivered,Vidyut Logistics Delivery Van
DEL-000197,SO-000661,INV-000661,CUST-036,BR-02,2024-06-18,2024-06-19,2024-06-19,Delivered,Vidyut Logistics Delivery Van
DEL-000198,SO-000665,INV-000665,CUST-015,BR-01,2024-06-18,2024-06-21,2024-06-22,Delivered,Vidyut Logistics Delivery Van
DEL-000199,SO-000674,INV-000674,CUST-041,BR-03,2024-06-20,2024-06-22,2024-06-22,Delivered,Vidyut Logistics Delivery Van
DEL-000200,SO-000675,INV-000675,CUST-010,BR-01,2024-06-20,2024-06-23,2024-06-24,Delivered,Vidyut Logistics Delivery Van
DEL-000201,SO-000677,INV-000677,CUST-011,BR-01,2024-06-20,2024-06-23,2024-06-23,Delivered,Vidyut Logistics Delivery Van
DEL-000202,SO-000678,INV-000678,CUST-010,BR-01,2024-06-20,2024-06-23,2024-06-24,Delivered,Vidyut Logistics Delivery Van
DEL-000203,SO-000683,INV-000683,CUST-004,BR-01,2024-06-22,2024-06-25,2024-06-25,Delivered,Vidyut Logistics Delivery Van
DEL-000204,SO-000685,INV-000685,CUST-036,BR-02,2024-06-22,2024-06-23,2024-06-23,Delivered,Vidyut Logistics Delivery Van
DEL-000205,SO-000688,INV-000688,CUST-043,BR-03,2024-06-24,2024-06-27,2024-06-27,Delivered,Vidyut Logistics Delivery Van
DEL-000206,SO-000689,INV-000689,CUST-001,BR-01,2024-06-24,2024-06-25,2024-06-25,Delivered,Vidyut Logistics Delivery Van
DEL-000207,SO-000693,INV-000693,CUST-034,BR-02,2024-06-25,2024-06-28,2024-06-28,Delivered,Vidyut Logistics Delivery Van
DEL-000208,SO-000696,INV-000696,CUST-007,BR-01,2024-06-26,2024-06-29,2024-06-29,Delivered,Vidyut Logistics Delivery Van
DEL-000209,SO-000699,INV-000699,CUST-007,BR-01,2024-06-26,2024-06-29,2024-06-29,Delivered,Vidyut Logistics Delivery Van
DEL-000210,SO-000711,INV-000711,CUST-001,BR-01,2024-06-28,2024-06-29,2024-06-29,Delivered,Vidyut Logistics Delivery Van
DEL-000211,SO-000715,INV-000715,CUST-029,BR-02,2024-06-29,2024-07-02,2024-07-02,Delivered,Vidyut Logistics Delivery Van
DEL-000212,SO-000716,INV-000716,CUST-040,BR-03,2024-06-29,2024-07-02,2024-07-02,Delivered,Vidyut Logistics Delivery Van
DEL-000213,SO-000717,INV-000717,CUST-011,BR-01,2024-06-29,2024-07-01,2024-07-01,Delivered,Vidyut Logistics Delivery Van
DEL-000214,SO-000718,INV-000718,CUST-022,BR-01,2024-06-29,2024-07-01,2024-07-01,Delivered,Vidyut Logistics Delivery Van
DEL-000215,SO-000719,INV-000719,CUST-022,BR-01,2024-07-01,2024-07-04,2024-07-05,Delivered,Vidyut Logistics Delivery Van
DEL-000216,SO-000726,INV-000726,CUST-032,BR-02,2024-07-02,2024-07-05,2024-07-05,Delivered,Vidyut Logistics Delivery Van
DEL-000217,SO-000729,INV-000729,CUST-004,BR-01,2024-07-02,2024-07-03,2024-07-03,Delivered,Vidyut Logistics Delivery Van
DEL-000218,SO-000732,INV-000732,CUST-007,BR-01,2024-07-03,2024-07-06,2024-07-06,Delivered,Vidyut Logistics Delivery Van
DEL-000219,SO-000735,INV-000735,CUST-004,BR-01,2024-07-04,2024-07-06,2024-07-06,Delivered,Vidyut Logistics Delivery Van
DEL-000220,SO-000747,INV-000747,CUST-007,BR-01,2024-07-08,2024-07-10,2024-07-10,Delivered,Vidyut Logistics Delivery Van
DEL-000221,SO-000749,INV-000749,CUST-011,BR-01,2024-07-08,2024-07-09,2024-07-10,Delivered,Vidyut Logistics Delivery Van
DEL-000222,SO-000750,INV-000750,CUST-010,BR-01,2024-07-08,2024-07-09,2024-07-10,Delivered,Vidyut Logistics Delivery Van
DEL-000223,SO-000752,INV-000752,CUST-015,BR-01,2024-07-09,2024-07-11,2024-07-11,Delivered,Vidyut Logistics Delivery Van
DEL-000224,SO-000755,INV-000755,CUST-032,BR-02,2024-07-09,2024-07-11,2024-07-11,Delivered,Vidyut Logistics Delivery Van
DEL-000225,SO-000756,INV-000756,CUST-010,BR-01,2024-07-10,2024-07-11,2024-07-11,Delivered,Vidyut Logistics Delivery Van
DEL-000226,SO-000757,INV-000757,CUST-040,BR-03,2024-07-10,2024-07-13,2024-07-14,Delivered,Vidyut Logistics Delivery Van
DEL-000227,SO-000760,INV-000760,CUST-041,BR-03,2024-07-11,2024-07-14,2024-07-14,Delivered,Vidyut Logistics Delivery Van
DEL-000228,SO-000763,INV-000763,CUST-043,BR-03,2024-07-12,2024-07-14,2024-07-14,Delivered,Vidyut Logistics Delivery Van
DEL-000229,SO-000764,INV-000764,CUST-029,BR-02,2024-07-12,2024-07-15,2024-07-15,Delivered,Vidyut Logistics Delivery Van
DEL-000230,SO-000765,INV-000765,CUST-004,BR-01,2024-07-12,2024-07-14,2024-07-14,Delivered,Vidyut Logistics Delivery Van
DEL-000231,SO-000767,INV-000767,CUST-032,BR-02,2024-07-12,2024-07-15,2024-07-15,Delivered,Vidyut Logistics Delivery Van
DEL-000232,SO-000769,INV-000769,CUST-029,BR-02,2024-07-12,2024-07-14,2024-07-14,Delivered,Vidyut Logistics Delivery Van
DEL-000233,SO-000770,INV-000770,CUST-036,BR-02,2024-07-13,2024-07-16,2024-07-16,Delivered,Vidyut Logistics Delivery Van
DEL-000234,SO-000779,INV-000779,CUST-036,BR-02,2024-07-15,2024-07-18,2024-07-18,Delivered,Vidyut Logistics Delivery Van
DEL-000235,SO-000781,INV-000781,CUST-029,BR-02,2024-07-15,2024-07-17,2024-07-17,Delivered,Vidyut Logistics Delivery Van
DEL-000236,SO-000785,INV-000785,CUST-015,BR-01,2024-07-16,2024-07-18,2024-07-18,Delivered,Vidyut Logistics Delivery Van
DEL-000237,SO-000786,INV-000786,CUST-032,BR-02,2024-07-16,2024-07-19,2024-07-20,Delivered,Vidyut Logistics Delivery Van
DEL-000238,SO-000788,INV-000788,CUST-015,BR-01,2024-07-16,2024-07-17,2024-07-17,Delivered,Vidyut Logistics Delivery Van
DEL-000239,SO-000789,INV-000789,CUST-029,BR-02,2024-07-17,2024-07-20,2024-07-22,Delivered,Vidyut Logistics Delivery Van
DEL-000240,SO-000790,INV-000790,CUST-040,BR-03,2024-07-17,2024-07-18,2024-07-18,Delivered,Vidyut Logistics Delivery Van
DEL-000241,SO-000792,INV-000792,CUST-040,BR-03,2024-07-17,2024-07-18,2024-07-18,Delivered,Vidyut Logistics Delivery Van
DEL-000242,SO-000795,INV-000795,CUST-036,BR-02,2024-07-17,2024-07-18,2024-07-18,Delivered,Vidyut Logistics Delivery Van
DEL-000243,SO-000797,INV-000797,CUST-041,BR-03,2024-07-18,2024-07-19,2024-07-19,Delivered,Vidyut Logistics Delivery Van
DEL-000244,SO-000799,INV-000799,CUST-036,BR-02,2024-07-18,2024-07-19,2024-07-20,Delivered,Vidyut Logistics Delivery Van
DEL-000245,SO-000808,INV-000808,CUST-007,BR-01,2024-07-19,2024-07-20,2024-07-20,Delivered,Vidyut Logistics Delivery Van
DEL-000246,SO-000809,INV-000809,CUST-041,BR-03,2024-07-19,2024-07-20,2024-07-20,Delivered,Vidyut Logistics Delivery Van
DEL-000247,SO-000810,INV-000810,CUST-015,BR-01,2024-07-19,2024-07-21,2024-07-21,Delivered,Vidyut Logistics Delivery Van
DEL-000248,SO-000811,INV-000811,CUST-040,BR-03,2024-07-20,2024-07-23,2024-07-24,Delivered,Vidyut Logistics Delivery Van
DEL-000249,SO-000813,INV-000813,CUST-011,BR-01,2024-07-20,2024-07-21,2024-07-22,Delivered,Vidyut Logistics Delivery Van
DEL-000250,SO-000815,INV-000815,CUST-011,BR-01,2024-07-22,2024-07-25,2024-07-25,Delivered,Vidyut Logistics Delivery Van
DEL-000251,SO-000818,INV-000818,CUST-041,BR-03,2024-07-23,2024-07-25,2024-07-25,Delivered,Vidyut Logistics Delivery Van
DEL-000252,SO-000822,INV-000822,CUST-001,BR-01,2024-07-23,2024-07-24,2024-07-25,Delivered,Vidyut Logistics Delivery Van
DEL-000253,SO-000833,INV-000833,CUST-001,BR-01,2024-07-25,2024-07-26,2024-07-26,Delivered,Vidyut Logistics Delivery Van
DEL-000254,SO-000838,INV-000838,CUST-032,BR-02,2024-07-26,2024-07-29,2024-07-30,Delivered,Vidyut Logistics Delivery Van
DEL-000255,SO-000845,INV-000845,CUST-032,BR-02,2024-07-27,2024-07-29,2024-07-29,Delivered,Vidyut Logistics Delivery Van
DEL-000256,SO-000846,INV-000846,CUST-036,BR-02,2024-07-29,2024-08-01,2024-08-01,Delivered,Vidyut Logistics Delivery Van
DEL-000257,SO-000848,INV-000848,CUST-001,BR-01,2024-07-29,2024-07-30,2024-07-30,Delivered,Vidyut Logistics Delivery Van
DEL-000258,SO-000849,INV-000849,CUST-029,BR-02,2024-07-29,2024-07-30,2024-07-30,Delivered,Vidyut Logistics Delivery Van
DEL-000259,SO-000851,INV-000851,CUST-043,BR-03,2024-07-30,2024-07-31,2024-08-01,Delivered,Vidyut Logistics Delivery Van
DEL-000260,SO-000852,INV-000852,CUST-034,BR-02,2024-07-30,2024-07-31,2024-07-31,Delivered,Vidyut Logistics Delivery Van
DEL-000261,SO-000856,INV-000856,CUST-015,BR-01,2024-07-30,2024-07-31,2024-07-31,Delivered,Vidyut Logistics Delivery Van
DEL-000262,SO-000861,INV-000861,CUST-041,BR-03,2024-07-31,2024-08-02,2024-08-03,Delivered,Vidyut Logistics Delivery Van
DEL-000263,SO-000864,INV-000864,CUST-004,BR-01,2024-08-01,2024-08-02,2024-08-02,Delivered,Vidyut Logistics Delivery Van
DEL-000264,SO-000869,INV-000869,CUST-034,BR-02,2024-08-02,2024-08-04,2024-08-04,Delivered,Vidyut Logistics Delivery Van
DEL-000265,SO-000873,INV-000873,CUST-015,BR-01,2024-08-03,2024-08-04,2024-08-04,Delivered,Vidyut Logistics Delivery Van
DEL-000266,SO-000876,INV-000876,CUST-011,BR-01,2024-08-03,2024-08-06,2024-08-06,Delivered,Vidyut Logistics Delivery Van
DEL-000267,SO-000878,INV-000878,CUST-004,BR-01,2024-08-03,2024-08-04,2024-08-04,Delivered,Vidyut Logistics Delivery Van
DEL-000268,SO-000879,INV-000879,CUST-034,BR-02,2024-08-05,2024-08-07,2024-08-08,Delivered,Vidyut Logistics Delivery Van
DEL-000269,SO-000881,INV-000881,CUST-015,BR-01,2024-08-05,2024-08-08,2024-08-08,Delivered,Vidyut Logistics Delivery Van
DEL-000270,SO-000883,INV-000883,CUST-040,BR-03,2024-08-05,2024-08-06,2024-08-07,Delivered,Vidyut Logistics Delivery Van
DEL-000271,SO-000887,INV-000887,CUST-022,BR-01,2024-08-06,2024-08-08,2024-08-08,Delivered,Vidyut Logistics Delivery Van
DEL-000272,SO-000891,INV-000891,CUST-043,BR-03,2024-08-06,2024-08-07,2024-08-08,Delivered,Vidyut Logistics Delivery Van
DEL-000273,SO-000892,INV-000892,CUST-032,BR-02,2024-08-06,2024-08-09,2024-08-09,Delivered,Vidyut Logistics Delivery Van
DEL-000274,SO-000893,INV-000893,CUST-001,BR-01,2024-08-07,2024-08-08,2024-08-09,Delivered,Vidyut Logistics Delivery Van
DEL-000275,SO-000895,INV-000895,CUST-043,BR-03,2024-08-07,2024-08-09,2024-08-09,Delivered,Vidyut Logistics Delivery Van
DEL-000276,SO-000896,INV-000896,CUST-029,BR-02,2024-08-08,2024-08-11,2024-08-11,Delivered,Vidyut Logistics Delivery Van
DEL-000277,SO-000904,INV-000904,CUST-001,BR-01,2024-08-10,2024-08-13,2024-08-13,Delivered,Vidyut Logistics Delivery Van
DEL-000278,SO-000908,INV-000908,CUST-029,BR-02,2024-08-10,2024-08-13,2024-08-15,Delivered,Vidyut Logistics Delivery Van
DEL-000279,SO-000911,INV-000911,CUST-036,BR-02,2024-08-12,2024-08-14,2024-08-14,Delivered,Vidyut Logistics Delivery Van
DEL-000280,SO-000914,INV-000914,CUST-036,BR-02,2024-08-13,2024-08-16,2024-08-17,Delivered,Vidyut Logistics Delivery Van
DEL-000281,SO-000919,INV-000919,CUST-010,BR-01,2024-08-14,2024-08-17,2024-08-18,Delivered,Vidyut Logistics Delivery Van
DEL-000282,SO-000920,INV-000920,CUST-043,BR-03,2024-08-14,2024-08-15,2024-08-15,Delivered,Vidyut Logistics Delivery Van
DEL-000283,SO-000922,INV-000922,CUST-034,BR-02,2024-08-14,2024-08-16,2024-08-16,Delivered,Vidyut Logistics Delivery Van
DEL-000284,SO-000924,INV-000924,CUST-034,BR-02,2024-08-14,2024-08-15,2024-08-15,Delivered,Vidyut Logistics Delivery Van
DEL-000285,SO-000928,INV-000928,CUST-036,BR-02,2024-08-15,2024-08-17,2024-08-17,Delivered,Vidyut Logistics Delivery Van
DEL-000286,SO-000930,INV-000930,CUST-015,BR-01,2024-08-15,2024-08-16,2024-08-16,Delivered,Vidyut Logistics Delivery Van
DEL-000287,SO-000938,INV-000938,CUST-040,BR-03,2024-08-17,2024-08-18,2024-08-18,Delivered,Vidyut Logistics Delivery Van
DEL-000288,SO-000942,INV-000942,CUST-010,BR-01,2024-08-17,2024-08-18,2024-08-18,Delivered,Vidyut Logistics Delivery Van
DEL-000289,SO-000944,INV-000944,CUST-041,BR-03,2024-08-19,2024-08-21,2024-08-21,Delivered,Vidyut Logistics Delivery Van
DEL-000290,SO-000947,INV-000947,CUST-034,BR-02,2024-08-19,2024-08-21,2024-08-21,Delivered,Vidyut Logistics Delivery Van
DEL-000291,SO-000948,INV-000948,CUST-015,BR-01,2024-08-19,2024-08-21,2024-08-21,Delivered,Vidyut Logistics Delivery Van
DEL-000292,SO-000950,INV-000950,CUST-004,BR-01,2024-08-20,2024-08-23,2024-08-23,Delivered,Vidyut Logistics Delivery Van
DEL-000293,SO-000961,INV-000961,CUST-011,BR-01,2024-08-21,2024-08-22,2024-08-22,Delivered,Vidyut Logistics Delivery Van
DEL-000294,SO-000964,INV-000964,CUST-015,BR-01,2024-08-22,2024-08-23,2024-08-23,Delivered,Vidyut Logistics Delivery Van
DEL-000295,SO-000968,INV-000968,CUST-043,BR-03,2024-08-23,2024-08-26,2024-08-26,Delivered,Vidyut Logistics Delivery Van
DEL-000296,SO-000970,INV-000970,CUST-032,BR-02,2024-08-23,2024-08-24,2024-08-24,Delivered,Vidyut Logistics Delivery Van
DEL-000297,SO-000973,INV-000973,CUST-011,BR-01,2024-08-24,2024-08-25,2024-08-25,Delivered,Vidyut Logistics Delivery Van
DEL-000298,SO-000975,INV-000975,CUST-004,BR-01,2024-08-24,2024-08-25,2024-08-25,Delivered,Vidyut Logistics Delivery Van
DEL-000299,SO-000978,INV-000978,CUST-011,BR-01,2024-08-26,2024-08-29,2024-08-29,Delivered,Vidyut Logistics Delivery Van
DEL-000300,SO-000985,INV-000985,CUST-004,BR-01,2024-08-27,2024-08-29,2024-08-29,Delivered,Vidyut Logistics Delivery Van
DEL-000301,SO-000988,INV-000988,CUST-015,BR-01,2024-08-28,2024-08-31,2024-08-31,Delivered,Vidyut Logistics Delivery Van
DEL-000302,SO-000989,INV-000989,CUST-032,BR-02,2024-08-28,2024-08-31,2024-08-31,Delivered,Vidyut Logistics Delivery Van
DEL-000303,SO-000992,INV-000992,CUST-007,BR-01,2024-08-29,2024-08-30,2024-08-30,Delivered,Vidyut Logistics Delivery Van
DEL-000304,SO-000996,INV-000996,CUST-011,BR-01,2024-08-29,2024-09-01,2024-09-01,Delivered,Vidyut Logistics Delivery Van
DEL-000305,SO-001000,INV-001000,CUST-040,BR-03,2024-08-30,2024-09-02,2024-09-02,Delivered,Vidyut Logistics Delivery Van
DEL-000306,SO-001003,INV-001003,CUST-011,BR-01,2024-08-30,2024-08-31,2024-08-31,Delivered,Vidyut Logistics Delivery Van
DEL-000307,SO-001004,INV-001004,CUST-043,BR-03,2024-08-30,2024-09-02,2024-09-02,Delivered,Vidyut Logistics Delivery Van
DEL-000308,SO-001010,INV-001010,CUST-036,BR-02,2024-08-31,2024-09-03,2024-09-03,Delivered,Vidyut Logistics Delivery Van
DEL-000309,SO-001012,INV-001012,CUST-011,BR-01,2024-09-02,2024-09-04,2024-09-04,Delivered,Vidyut Logistics Delivery Van
DEL-000310,SO-001013,INV-001013,CUST-040,BR-03,2024-09-02,2024-09-03,2024-09-03,Delivered,Vidyut Logistics Delivery Van
DEL-000311,SO-001017,INV-001017,CUST-001,BR-01,2024-09-03,2024-09-04,2024-09-04,Delivered,Vidyut Logistics Delivery Van
DEL-000312,SO-001025,INV-001025,CUST-007,BR-01,2024-09-04,2024-09-06,2024-09-07,Delivered,Vidyut Logistics Delivery Van
DEL-000313,SO-001027,INV-001027,CUST-029,BR-02,2024-09-05,2024-09-07,2024-09-07,Delivered,Vidyut Logistics Delivery Van
DEL-000314,SO-001030,INV-001030,CUST-040,BR-03,2024-09-05,2024-09-06,2024-09-07,Delivered,Vidyut Logistics Delivery Van
DEL-000315,SO-001038,INV-001038,CUST-043,BR-03,2024-09-06,2024-09-08,2024-09-09,Delivered,Vidyut Logistics Delivery Van
DEL-000316,SO-001047,INV-001047,CUST-007,BR-01,2024-09-09,2024-09-11,2024-09-12,Delivered,Vidyut Logistics Delivery Van
DEL-000317,SO-001053,INV-001053,CUST-022,BR-01,2024-09-10,2024-09-13,2024-09-13,Delivered,Vidyut Logistics Delivery Van
DEL-000318,SO-001054,INV-001054,CUST-022,BR-01,2024-09-10,2024-09-11,2024-09-11,Delivered,Vidyut Logistics Delivery Van
DEL-000319,SO-001056,INV-001056,CUST-034,BR-02,2024-09-10,2024-09-12,2024-09-13,Delivered,Vidyut Logistics Delivery Van
DEL-000320,SO-001057,INV-001057,CUST-011,BR-01,2024-09-10,2024-09-13,2024-09-13,Delivered,Vidyut Logistics Delivery Van
DEL-000321,SO-001060,INV-001060,CUST-036,BR-02,2024-09-11,2024-09-13,2024-09-13,Delivered,Vidyut Logistics Delivery Van
DEL-000322,SO-001066,INV-001066,CUST-007,BR-01,2024-09-12,2024-09-14,2024-09-14,Delivered,Vidyut Logistics Delivery Van
DEL-000323,SO-001070,INV-001070,CUST-041,BR-03,2024-09-12,2024-09-15,2024-09-15,Delivered,Vidyut Logistics Delivery Van
DEL-000324,SO-001071,INV-001071,CUST-004,BR-01,2024-09-12,2024-09-13,2024-09-13,Delivered,Vidyut Logistics Delivery Van
DEL-000325,SO-001075,INV-001075,CUST-001,BR-01,2024-09-13,2024-09-16,2024-09-16,Delivered,Vidyut Logistics Delivery Van
DEL-000326,SO-001076,INV-001076,CUST-034,BR-02,2024-09-13,2024-09-16,2024-09-16,Delivered,Vidyut Logistics Delivery Van
DEL-000327,SO-001085,INV-001085,CUST-001,BR-01,2024-09-16,2024-09-19,2024-09-19,Delivered,Vidyut Logistics Delivery Van
DEL-000328,SO-001086,INV-001086,CUST-029,BR-02,2024-09-16,2024-09-18,2024-09-18,Delivered,Vidyut Logistics Delivery Van
DEL-000329,SO-001090,INV-001090,CUST-029,BR-02,2024-09-17,2024-09-20,2024-09-20,Delivered,Vidyut Logistics Delivery Van
DEL-000330,SO-001093,INV-001093,CUST-040,BR-03,2024-09-17,2024-09-18,2024-09-18,Delivered,Vidyut Logistics Delivery Van
DEL-000331,SO-001094,INV-001094,CUST-043,BR-03,2024-09-17,2024-09-19,2024-09-20,Delivered,Vidyut Logistics Delivery Van
DEL-000332,SO-001095,INV-001095,CUST-004,BR-01,2024-09-17,2024-09-19,2024-09-19,Delivered,Vidyut Logistics Delivery Van
DEL-000333,SO-001096,INV-001096,CUST-004,BR-01,2024-09-17,2024-09-20,2024-09-20,Delivered,Vidyut Logistics Delivery Van
DEL-000334,SO-001099,INV-001099,CUST-040,BR-03,2024-09-18,2024-09-20,2024-09-22,Delivered,Vidyut Logistics Delivery Van
DEL-000335,SO-001103,INV-001103,CUST-022,BR-01,2024-09-19,2024-09-20,2024-09-20,Delivered,Vidyut Logistics Delivery Van
DEL-000336,SO-001105,INV-001105,CUST-001,BR-01,2024-09-19,2024-09-20,2024-09-20,Delivered,Vidyut Logistics Delivery Van
DEL-000337,SO-001108,INV-001108,CUST-034,BR-02,2024-09-20,2024-09-21,2024-09-21,Delivered,Vidyut Logistics Delivery Van
DEL-000338,SO-001110,INV-001110,CUST-034,BR-02,2024-09-20,2024-09-21,2024-09-21,Delivered,Vidyut Logistics Delivery Van
DEL-000339,SO-001112,INV-001112,CUST-041,BR-03,2024-09-20,2024-09-22,2024-09-22,Delivered,Vidyut Logistics Delivery Van
DEL-000340,SO-001113,INV-001113,CUST-001,BR-01,2024-09-21,2024-09-24,2024-09-24,Delivered,Vidyut Logistics Delivery Van
DEL-000341,SO-001117,INV-001117,CUST-010,BR-01,2024-09-21,2024-09-22,2024-09-23,Delivered,Vidyut Logistics Delivery Van
DEL-000342,SO-001121,INV-001121,CUST-040,BR-03,2024-09-23,2024-09-26,2024-09-26,Delivered,Vidyut Logistics Delivery Van
DEL-000343,SO-001129,INV-001129,CUST-004,BR-01,2024-09-24,2024-09-25,2024-09-25,Delivered,Vidyut Logistics Delivery Van
DEL-000344,SO-001131,INV-001131,CUST-043,BR-03,2024-09-24,2024-09-27,2024-09-27,Delivered,Vidyut Logistics Delivery Van
DEL-000345,SO-001132,INV-001132,CUST-010,BR-01,2024-09-24,2024-09-26,2024-09-26,Delivered,Vidyut Logistics Delivery Van
DEL-000346,SO-001138,INV-001138,CUST-001,BR-01,2024-09-25,2024-09-26,2024-09-26,Delivered,Vidyut Logistics Delivery Van
DEL-000347,SO-001141,INV-001141,CUST-040,BR-03,2024-09-26,2024-09-28,2024-09-29,Delivered,Vidyut Logistics Delivery Van
DEL-000348,SO-001146,INV-001146,CUST-029,BR-02,2024-09-27,2024-09-28,2024-09-28,Delivered,Vidyut Logistics Delivery Van
DEL-000349,SO-001148,INV-001148,CUST-032,BR-02,2024-09-27,2024-09-28,2024-09-29,Delivered,Vidyut Logistics Delivery Van
DEL-000350,SO-001152,INV-001152,CUST-022,BR-01,2024-09-28,2024-09-30,2024-09-30,Delivered,Vidyut Logistics Delivery Van
DEL-000351,SO-001160,INV-001160,CUST-010,BR-01,2024-09-30,2024-10-03,2024-10-04,Delivered,Vidyut Logistics Delivery Van
DEL-000352,SO-001161,INV-001161,CUST-036,BR-02,2024-09-30,2024-10-01,2024-10-01,Delivered,Vidyut Logistics Delivery Van
DEL-000353,SO-001165,INV-001165,CUST-004,BR-01,2024-10-01,2024-10-02,2024-10-02,Delivered,Vidyut Logistics Delivery Van
DEL-000354,SO-001166,INV-001166,CUST-015,BR-01,2024-10-01,2024-10-03,2024-10-03,Delivered,Vidyut Logistics Delivery Van
DEL-000355,SO-001169,INV-001169,CUST-029,BR-02,2024-10-02,2024-10-03,2024-10-04,Delivered,Vidyut Logistics Delivery Van
DEL-000356,SO-001170,INV-001170,CUST-022,BR-01,2024-10-02,2024-10-03,2024-10-03,Delivered,Vidyut Logistics Delivery Van
DEL-000357,SO-001177,INV-001177,CUST-032,BR-02,2024-10-04,2024-10-05,2024-10-06,Delivered,Vidyut Logistics Delivery Van
DEL-000358,SO-001178,INV-001178,CUST-010,BR-01,2024-10-04,2024-10-07,2024-10-07,Delivered,Vidyut Logistics Delivery Van
DEL-000359,SO-001180,INV-001180,CUST-007,BR-01,2024-10-04,2024-10-05,2024-10-05,Delivered,Vidyut Logistics Delivery Van
DEL-000360,SO-001188,INV-001188,CUST-011,BR-01,2024-10-07,2024-10-09,2024-10-09,Delivered,Vidyut Logistics Delivery Van
DEL-000361,SO-001189,INV-001189,CUST-041,BR-03,2024-10-07,2024-10-08,2024-10-08,Delivered,Vidyut Logistics Delivery Van
DEL-000362,SO-001194,INV-001194,CUST-040,BR-03,2024-10-07,2024-10-09,2024-10-09,Delivered,Vidyut Logistics Delivery Van
DEL-000363,SO-001196,INV-001196,CUST-029,BR-02,2024-10-08,2024-10-10,2024-10-10,Delivered,Vidyut Logistics Delivery Van
DEL-000364,SO-001197,INV-001197,CUST-034,BR-02,2024-10-08,2024-10-10,2024-10-12,Delivered,Vidyut Logistics Delivery Van
DEL-000365,SO-001198,INV-001198,CUST-041,BR-03,2024-10-08,2024-10-10,2024-10-10,Delivered,Vidyut Logistics Delivery Van
DEL-000366,SO-001200,INV-001200,CUST-029,BR-02,2024-10-08,2024-10-10,2024-10-10,Delivered,Vidyut Logistics Delivery Van
DEL-000367,SO-001208,INV-001208,CUST-011,BR-01,2024-10-09,2024-10-10,2024-10-10,Delivered,Vidyut Logistics Delivery Van
DEL-000368,SO-001209,INV-001209,CUST-041,BR-03,2024-10-09,2024-10-10,2024-10-10,Delivered,Vidyut Logistics Delivery Van
DEL-000369,SO-001211,INV-001211,CUST-032,BR-02,2024-10-10,2024-10-11,2024-10-12,Delivered,Vidyut Logistics Delivery Van
DEL-000370,SO-001217,INV-001217,CUST-043,BR-03,2024-10-11,2024-10-12,2024-10-14,Delivered,Vidyut Logistics Delivery Van
DEL-000371,SO-001219,INV-001219,CUST-007,BR-01,2024-10-11,2024-10-14,2024-10-15,Delivered,Vidyut Logistics Delivery Van
DEL-000372,SO-001221,INV-001221,CUST-036,BR-02,2024-10-12,2024-10-15,2024-10-15,Delivered,Vidyut Logistics Delivery Van
DEL-000373,SO-001224,INV-001224,CUST-022,BR-01,2024-10-12,2024-10-15,2024-10-16,Delivered,Vidyut Logistics Delivery Van
DEL-000374,SO-001227,INV-001227,CUST-040,BR-03,2024-10-14,2024-10-15,2024-10-15,Delivered,Vidyut Logistics Delivery Van
DEL-000375,SO-001229,INV-001229,CUST-034,BR-02,2024-10-14,2024-10-15,2024-10-15,Delivered,Vidyut Logistics Delivery Van
DEL-000376,SO-001231,INV-001231,CUST-022,BR-01,2024-10-14,2024-10-15,2024-10-15,Delivered,Vidyut Logistics Delivery Van
DEL-000377,SO-001232,INV-001232,CUST-029,BR-02,2024-10-15,2024-10-18,2024-10-19,Delivered,Vidyut Logistics Delivery Van
DEL-000378,SO-001240,INV-001240,CUST-022,BR-01,2024-10-16,2024-10-19,2024-10-19,Delivered,Vidyut Logistics Delivery Van
DEL-000379,SO-001243,INV-001243,CUST-029,BR-02,2024-10-17,2024-10-20,2024-10-20,Delivered,Vidyut Logistics Delivery Van
DEL-000380,SO-001253,INV-001253,CUST-010,BR-01,2024-10-18,2024-10-20,2024-10-20,Delivered,Vidyut Logistics Delivery Van
DEL-000381,SO-001257,INV-001257,CUST-015,BR-01,2024-10-19,2024-10-21,2024-10-21,Delivered,Vidyut Logistics Delivery Van
DEL-000382,SO-001259,INV-001259,CUST-034,BR-02,2024-10-19,2024-10-21,2024-10-21,Delivered,Vidyut Logistics Delivery Van
DEL-000383,SO-001261,INV-001261,CUST-029,BR-02,2024-10-19,2024-10-22,2024-10-22,Delivered,Vidyut Logistics Delivery Van
DEL-000384,SO-001268,INV-001268,CUST-015,BR-01,2024-10-22,2024-10-23,2024-10-23,Delivered,Vidyut Logistics Delivery Van
DEL-000385,SO-001274,INV-001274,CUST-022,BR-01,2024-10-24,2024-10-26,2024-10-27,Delivered,Vidyut Logistics Delivery Van
DEL-000386,SO-001276,INV-001276,CUST-036,BR-02,2024-10-24,2024-10-25,2024-10-25,Delivered,Vidyut Logistics Delivery Van
DEL-000387,SO-001279,INV-001279,CUST-001,BR-01,2024-10-24,2024-10-25,2024-10-25,Delivered,Vidyut Logistics Delivery Van
DEL-000388,SO-001284,INV-001284,CUST-032,BR-02,2024-10-26,2024-10-28,2024-10-28,Delivered,Vidyut Logistics Delivery Van
DEL-000389,SO-001285,INV-001285,CUST-029,BR-02,2024-10-26,2024-10-29,2024-10-29,Delivered,Vidyut Logistics Delivery Van
DEL-000390,SO-001288,INV-001288,CUST-034,BR-02,2024-10-26,2024-10-28,2024-10-28,Delivered,Vidyut Logistics Delivery Van
DEL-000391,SO-001290,INV-001290,CUST-034,BR-02,2024-10-28,2024-10-31,2024-10-31,Delivered,Vidyut Logistics Delivery Van
DEL-000392,SO-001291,INV-001291,CUST-004,BR-01,2024-10-28,2024-10-31,2024-11-01,Delivered,Vidyut Logistics Delivery Van
DEL-000393,SO-001293,INV-001293,CUST-007,BR-01,2024-10-28,2024-10-29,2024-10-29,Delivered,Vidyut Logistics Delivery Van
DEL-000394,SO-001296,INV-001296,CUST-032,BR-02,2024-10-28,2024-10-30,2024-10-30,Delivered,Vidyut Logistics Delivery Van
DEL-000395,SO-001298,INV-001298,CUST-036,BR-02,2024-10-29,2024-11-01,2024-11-01,Delivered,Vidyut Logistics Delivery Van
DEL-000396,SO-001299,INV-001299,CUST-011,BR-01,2024-10-29,2024-10-30,2024-10-30,Delivered,Vidyut Logistics Delivery Van
DEL-000397,SO-001301,INV-001301,CUST-032,BR-02,2024-10-29,2024-10-30,2024-10-30,Delivered,Vidyut Logistics Delivery Van
DEL-000398,SO-001308,INV-001308,CUST-010,BR-01,2024-10-31,2024-11-02,2024-11-02,Delivered,Vidyut Logistics Delivery Van
DEL-000399,SO-001311,INV-001311,CUST-004,BR-01,2024-10-31,2024-11-03,2024-11-03,Delivered,Vidyut Logistics Delivery Van
DEL-000400,SO-001312,INV-001312,CUST-032,BR-02,2024-11-01,2024-11-02,2024-11-02,Delivered,Vidyut Logistics Delivery Van
DEL-000401,SO-001314,INV-001314,CUST-041,BR-03,2024-11-01,2024-11-02,2024-11-02,Delivered,Vidyut Logistics Delivery Van
DEL-000402,SO-001315,INV-001315,CUST-036,BR-02,2024-11-01,2024-11-02,2024-11-03,Delivered,Vidyut Logistics Delivery Van
DEL-000403,SO-001317,INV-001317,CUST-040,BR-03,2024-11-01,2024-11-02,2024-11-03,Delivered,Vidyut Logistics Delivery Van
DEL-000404,SO-001319,INV-001319,CUST-032,BR-02,2024-11-02,2024-11-03,2024-11-03,Delivered,Vidyut Logistics Delivery Van
DEL-000405,SO-001334,INV-001334,CUST-043,BR-03,2024-11-06,2024-11-07,2024-11-07,Delivered,Vidyut Logistics Delivery Van
DEL-000406,SO-001335,INV-001335,CUST-004,BR-01,2024-11-06,2024-11-07,2024-11-08,Delivered,Vidyut Logistics Delivery Van
DEL-000407,SO-001337,INV-001337,CUST-040,BR-03,2024-11-07,2024-11-09,2024-11-09,Delivered,Vidyut Logistics Delivery Van
DEL-000408,SO-001339,INV-001339,CUST-034,BR-02,2024-11-07,2024-11-09,2024-11-09,Delivered,Vidyut Logistics Delivery Van
DEL-000409,SO-001342,INV-001342,CUST-041,BR-03,2024-11-08,2024-11-09,2024-11-09,Delivered,Vidyut Logistics Delivery Van
DEL-000410,SO-001344,INV-001344,CUST-011,BR-01,2024-11-08,2024-11-09,2024-11-09,Delivered,Vidyut Logistics Delivery Van
DEL-000411,SO-001347,INV-001347,CUST-029,BR-02,2024-11-08,2024-11-11,2024-11-12,Delivered,Vidyut Logistics Delivery Van
DEL-000412,SO-001351,INV-001351,CUST-032,BR-02,2024-11-09,2024-11-11,2024-11-12,Delivered,Vidyut Logistics Delivery Van
DEL-000413,SO-001357,INV-001357,CUST-015,BR-01,2024-11-11,2024-11-14,2024-11-14,Delivered,Vidyut Logistics Delivery Van
DEL-000414,SO-001358,INV-001358,CUST-043,BR-03,2024-11-11,2024-11-14,2024-11-14,Delivered,Vidyut Logistics Delivery Van
DEL-000415,SO-001359,INV-001359,CUST-001,BR-01,2024-11-11,2024-11-13,2024-11-13,Delivered,Vidyut Logistics Delivery Van
DEL-000416,SO-001369,INV-001369,CUST-022,BR-01,2024-11-13,2024-11-15,2024-11-16,Delivered,Vidyut Logistics Delivery Van
DEL-000417,SO-001376,INV-001376,CUST-015,BR-01,2024-11-14,2024-11-16,2024-11-16,Delivered,Vidyut Logistics Delivery Van
DEL-000418,SO-001377,INV-001377,CUST-041,BR-03,2024-11-14,2024-11-17,2024-11-17,Delivered,Vidyut Logistics Delivery Van
DEL-000419,SO-001389,INV-001389,CUST-034,BR-02,2024-11-19,2024-11-21,2024-11-22,Delivered,Vidyut Logistics Delivery Van
DEL-000420,SO-001392,INV-001392,CUST-041,BR-03,2024-11-20,2024-11-22,2024-11-22,Delivered,Vidyut Logistics Delivery Van
DEL-000421,SO-001393,INV-001393,CUST-001,BR-01,2024-11-20,2024-11-23,2024-11-23,Delivered,Vidyut Logistics Delivery Van
DEL-000422,SO-001404,INV-001404,CUST-034,BR-02,2024-11-22,2024-11-23,2024-11-24,Delivered,Vidyut Logistics Delivery Van
DEL-000423,SO-001408,INV-001408,CUST-022,BR-01,2024-11-23,2024-11-26,2024-11-27,Delivered,Vidyut Logistics Delivery Van
DEL-000424,SO-001414,INV-001414,CUST-001,BR-01,2024-11-25,2024-11-28,2024-11-28,Delivered,Vidyut Logistics Delivery Van
DEL-000425,SO-001415,INV-001415,CUST-010,BR-01,2024-11-25,2024-11-26,2024-11-26,Delivered,Vidyut Logistics Delivery Van
DEL-000426,SO-001419,INV-001419,CUST-036,BR-02,2024-11-26,2024-11-27,2024-11-27,Delivered,Vidyut Logistics Delivery Van
DEL-000427,SO-001420,INV-001420,CUST-022,BR-01,2024-11-26,2024-11-28,2024-11-28,Delivered,Vidyut Logistics Delivery Van
DEL-000428,SO-001427,INV-001427,CUST-029,BR-02,2024-11-27,2024-11-29,2024-11-29,Delivered,Vidyut Logistics Delivery Van
DEL-000429,SO-001431,INV-001431,CUST-001,BR-01,2024-11-28,2024-12-01,2024-12-01,Delivered,Vidyut Logistics Delivery Van
DEL-000430,SO-001432,INV-001432,CUST-036,BR-02,2024-11-28,2024-11-29,2024-11-29,Delivered,Vidyut Logistics Delivery Van
DEL-000431,SO-001444,INV-001444,CUST-004,BR-01,2024-11-30,2024-12-02,2024-12-03,Delivered,Vidyut Logistics Delivery Van
DEL-000432,SO-001445,INV-001445,CUST-007,BR-01,2024-11-30,2024-12-02,2024-12-03,Delivered,Vidyut Logistics Delivery Van
DEL-000433,SO-001447,INV-001447,CUST-004,BR-01,2024-11-30,2024-12-01,2024-12-02,Delivered,Vidyut Logistics Delivery Van
DEL-000434,SO-001448,INV-001448,CUST-007,BR-01,2024-11-30,2024-12-01,2024-12-01,Delivered,Vidyut Logistics Delivery Van
DEL-000435,SO-001449,INV-001449,CUST-015,BR-01,2024-12-02,2024-12-03,2024-12-03,Delivered,Vidyut Logistics Delivery Van
DEL-000436,SO-001451,INV-001451,CUST-041,BR-03,2024-12-02,2024-12-04,2024-12-05,Delivered,Vidyut Logistics Delivery Van
DEL-000437,SO-001452,INV-001452,CUST-022,BR-01,2024-12-02,2024-12-04,2024-12-04,Delivered,Vidyut Logistics Delivery Van
DEL-000438,SO-001454,INV-001454,CUST-022,BR-01,2024-12-03,2024-12-05,2024-12-06,Delivered,Vidyut Logistics Delivery Van
DEL-000439,SO-001455,INV-001455,CUST-010,BR-01,2024-12-03,2024-12-06,2024-12-07,Delivered,Vidyut Logistics Delivery Van
DEL-000440,SO-001457,INV-001457,CUST-040,BR-03,2024-12-03,2024-12-04,2024-12-04,Delivered,Vidyut Logistics Delivery Van
DEL-000441,SO-001459,INV-001459,CUST-015,BR-01,2024-12-04,2024-12-06,2024-12-06,Delivered,Vidyut Logistics Delivery Van
DEL-000442,SO-001460,INV-001460,CUST-043,BR-03,2024-12-04,2024-12-05,2024-12-06,Delivered,Vidyut Logistics Delivery Van
DEL-000443,SO-001467,INV-001467,CUST-032,BR-02,2024-12-05,2024-12-07,2024-12-07,Delivered,Vidyut Logistics Delivery Van
DEL-000444,SO-001468,INV-001468,CUST-043,BR-03,2024-12-05,2024-12-08,2024-12-08,Delivered,Vidyut Logistics Delivery Van
DEL-000445,SO-001474,INV-001474,CUST-043,BR-03,2024-12-06,2024-12-09,2024-12-09,Delivered,Vidyut Logistics Delivery Van
DEL-000446,SO-001475,INV-001475,CUST-034,BR-02,2024-12-06,2024-12-09,2024-12-09,Delivered,Vidyut Logistics Delivery Van
DEL-000447,SO-001476,INV-001476,CUST-007,BR-01,2024-12-06,2024-12-08,2024-12-08,Delivered,Vidyut Logistics Delivery Van
DEL-000448,SO-001477,INV-001477,CUST-034,BR-02,2024-12-07,2024-12-09,2024-12-09,Delivered,Vidyut Logistics Delivery Van
DEL-000449,SO-001482,INV-001482,CUST-015,BR-01,2024-12-07,2024-12-09,2024-12-10,Delivered,Vidyut Logistics Delivery Van
DEL-000450,SO-001483,INV-001483,CUST-007,BR-01,2024-12-09,2024-12-11,2024-12-12,Delivered,Vidyut Logistics Delivery Van
DEL-000451,SO-001488,INV-001488,CUST-001,BR-01,2024-12-09,2024-12-12,2024-12-12,Delivered,Vidyut Logistics Delivery Van
DEL-000452,SO-001491,INV-001491,CUST-040,BR-03,2024-12-10,2024-12-12,2024-12-12,Delivered,Vidyut Logistics Delivery Van
DEL-000453,SO-001493,INV-001493,CUST-040,BR-03,2024-12-10,2024-12-11,2024-12-13,Delivered,Vidyut Logistics Delivery Van
DEL-000454,SO-001495,INV-001495,CUST-040,BR-03,2024-12-10,2024-12-13,2024-12-14,Delivered,Vidyut Logistics Delivery Van
DEL-000455,SO-001499,INV-001499,CUST-011,BR-01,2024-12-11,2024-12-13,2024-12-14,Delivered,Vidyut Logistics Delivery Van
DEL-000456,SO-001501,INV-001501,CUST-022,BR-01,2024-12-12,2024-12-15,2024-12-15,Delivered,Vidyut Logistics Delivery Van
DEL-000457,SO-001503,INV-001503,CUST-043,BR-03,2024-12-12,2024-12-14,2024-12-15,Delivered,Vidyut Logistics Delivery Van
DEL-000458,SO-001506,INV-001506,CUST-029,BR-02,2024-12-12,2024-12-13,2024-12-13,Delivered,Vidyut Logistics Delivery Van
DEL-000459,SO-001514,INV-001514,CUST-032,BR-02,2024-12-14,2024-12-17,2024-12-17,Delivered,Vidyut Logistics Delivery Van
DEL-000460,SO-001520,INV-001520,CUST-022,BR-01,2024-12-16,2024-12-17,2024-12-17,Delivered,Vidyut Logistics Delivery Van
DEL-000461,SO-001528,INV-001528,CUST-022,BR-01,2024-12-18,2024-12-21,2024-12-21,Delivered,Vidyut Logistics Delivery Van
DEL-000462,SO-001532,INV-001532,CUST-043,BR-03,2024-12-19,2024-12-21,2024-12-21,Delivered,Vidyut Logistics Delivery Van
DEL-000463,SO-001535,INV-001535,CUST-022,BR-01,2024-12-19,2024-12-20,2024-12-20,Delivered,Vidyut Logistics Delivery Van
DEL-000464,SO-001543,INV-001543,CUST-032,BR-02,2024-12-23,2024-12-24,2024-12-24,Delivered,Vidyut Logistics Delivery Van
DEL-000465,SO-001545,INV-001545,CUST-041,BR-03,2024-12-23,2024-12-24,2024-12-24,Delivered,Vidyut Logistics Delivery Van
DEL-000466,SO-001546,INV-001546,CUST-001,BR-01,2024-12-23,2024-12-24,2024-12-24,Delivered,Vidyut Logistics Delivery Van
DEL-000467,SO-001548,INV-001548,CUST-001,BR-01,2024-12-23,2024-12-25,2024-12-25,Delivered,Vidyut Logistics Delivery Van
DEL-000468,SO-001553,INV-001553,CUST-036,BR-02,2024-12-24,2024-12-25,2024-12-26,Delivered,Vidyut Logistics Delivery Van
DEL-000469,SO-001554,INV-001554,CUST-034,BR-02,2024-12-24,2024-12-27,2024-12-27,Delivered,Vidyut Logistics Delivery Van
DEL-000470,SO-001559,INV-001559,CUST-011,BR-01,2024-12-25,2024-12-27,2024-12-27,Delivered,Vidyut Logistics Delivery Van
DEL-000471,SO-001563,INV-001563,CUST-001,BR-01,2024-12-26,2024-12-27,2024-12-28,Delivered,Vidyut Logistics Delivery Van
DEL-000472,SO-001566,INV-001566,CUST-040,BR-03,2024-12-27,2024-12-30,2024-12-30,Delivered,Vidyut Logistics Delivery Van
DEL-000473,SO-001569,INV-001569,CUST-040,BR-03,2024-12-27,2024-12-30,2024-12-30,Delivered,Vidyut Logistics Delivery Van
DEL-000474,SO-001571,INV-001571,CUST-004,BR-01,2024-12-27,2024-12-28,2024-12-28,Delivered,Vidyut Logistics Delivery Van
DEL-000475,SO-001572,INV-001572,CUST-029,BR-02,2024-12-27,2024-12-30,2024-12-30,Delivered,Vidyut Logistics Delivery Van
DEL-000476,SO-001573,INV-001573,CUST-007,BR-01,2024-12-28,2024-12-29,2024-12-29,Delivered,Vidyut Logistics Delivery Van
DEL-000477,SO-001577,INV-001577,CUST-001,BR-01,2024-12-28,2024-12-30,2024-12-30,Delivered,Vidyut Logistics Delivery Van
DEL-000478,SO-001581,INV-001581,CUST-007,BR-01,2024-12-30,2025-01-01,2025-01-01,Delivered,Vidyut Logistics Delivery Van
DEL-000479,SO-001583,INV-001583,CUST-011,BR-01,2024-12-31,2025-01-01,2025-01-01,Delivered,Vidyut Logistics Delivery Van
DEL-000480,SO-001587,INV-001587,CUST-011,BR-01,2024-12-31,2025-01-03,2025-01-03,Delivered,Vidyut Logistics Delivery Van
DEL-000481,SO-001593,INV-001593,CUST-043,BR-03,2025-01-01,2025-01-04,2025-01-04,Delivered,Vidyut Logistics Delivery Van
DEL-000482,SO-001598,INV-001598,CUST-004,BR-01,2025-01-02,2025-01-03,2025-01-03,Delivered,Vidyut Logistics Delivery Van
DEL-000483,SO-001599,INV-001599,CUST-001,BR-01,2025-01-02,2025-01-03,2025-01-03,Delivered,Vidyut Logistics Delivery Van
DEL-000484,SO-001601,INV-001601,CUST-040,BR-03,2025-01-03,2025-01-04,2025-01-04,Delivered,Vidyut Logistics Delivery Van
DEL-000485,SO-001603,INV-001603,CUST-041,BR-03,2025-01-03,2025-01-04,2025-01-04,Delivered,Vidyut Logistics Delivery Van
DEL-000486,SO-001606,INV-001606,CUST-036,BR-02,2025-01-04,2025-01-05,2025-01-05,Delivered,Vidyut Logistics Delivery Van
DEL-000487,SO-001607,INV-001607,CUST-034,BR-02,2025-01-04,2025-01-06,2025-01-06,Delivered,Vidyut Logistics Delivery Van
DEL-000488,SO-001608,INV-001608,CUST-043,BR-03,2025-01-04,2025-01-06,2025-01-06,Delivered,Vidyut Logistics Delivery Van
DEL-000489,SO-001609,INV-001609,CUST-007,BR-01,2025-01-06,2025-01-08,2025-01-08,Delivered,Vidyut Logistics Delivery Van
DEL-000490,SO-001616,INV-001616,CUST-034,BR-02,2025-01-07,2025-01-09,2025-01-09,Delivered,Vidyut Logistics Delivery Van
DEL-000491,SO-001621,INV-001621,CUST-010,BR-01,2025-01-07,2025-01-08,2025-01-09,Delivered,Vidyut Logistics Delivery Van
DEL-000492,SO-001627,INV-001627,CUST-011,BR-01,2025-01-08,2025-01-09,2025-01-09,Delivered,Vidyut Logistics Delivery Van
DEL-000493,SO-001632,INV-001632,CUST-040,BR-03,2025-01-09,2025-01-11,2025-01-11,Delivered,Vidyut Logistics Delivery Van
DEL-000494,SO-001637,INV-001637,CUST-036,BR-02,2025-01-10,2025-01-12,2025-01-13,Delivered,Vidyut Logistics Delivery Van
DEL-000495,SO-001641,INV-001641,CUST-015,BR-01,2025-01-11,2025-01-14,2025-01-15,Delivered,Vidyut Logistics Delivery Van
DEL-000496,SO-001648,INV-001648,CUST-011,BR-01,2025-01-13,2025-01-14,2025-01-14,Delivered,Vidyut Logistics Delivery Van
DEL-000497,SO-001649,INV-001649,CUST-015,BR-01,2025-01-13,2025-01-16,2025-01-16,Delivered,Vidyut Logistics Delivery Van
DEL-000498,SO-001650,INV-001650,CUST-011,BR-01,2025-01-13,2025-01-16,2025-01-16,Delivered,Vidyut Logistics Delivery Van
DEL-000499,SO-001655,INV-001655,CUST-040,BR-03,2025-01-14,2025-01-16,2025-01-16,Delivered,Vidyut Logistics Delivery Van
DEL-000500,SO-001656,INV-001656,CUST-034,BR-02,2025-01-14,2025-01-15,2025-01-15,Delivered,Vidyut Logistics Delivery Van
DEL-000501,SO-001658,INV-001658,CUST-004,BR-01,2025-01-14,2025-01-16,2025-01-16,Delivered,Vidyut Logistics Delivery Van
DEL-000502,SO-001659,INV-001659,CUST-034,BR-02,2025-01-14,2025-01-16,2025-01-17,Delivered,Vidyut Logistics Delivery Van
DEL-000503,SO-001662,INV-001662,CUST-043,BR-03,2025-01-15,2025-01-17,2025-01-17,Delivered,Vidyut Logistics Delivery Van
DEL-000504,SO-001666,INV-001666,CUST-029,BR-02,2025-01-15,2025-01-16,2025-01-17,Delivered,Vidyut Logistics Delivery Van
DEL-000505,SO-001669,INV-001669,CUST-022,BR-01,2025-01-16,2025-01-18,2025-01-18,Delivered,Vidyut Logistics Delivery Van
DEL-000506,SO-001672,INV-001672,CUST-034,BR-02,2025-01-16,2025-01-18,2025-01-18,Delivered,Vidyut Logistics Delivery Van
DEL-000507,SO-001677,INV-001677,CUST-043,BR-03,2025-01-18,2025-01-20,2025-01-20,Delivered,Vidyut Logistics Delivery Van
DEL-000508,SO-001679,INV-001679,CUST-041,BR-03,2025-01-18,2025-01-20,2025-01-20,Delivered,Vidyut Logistics Delivery Van
DEL-000509,SO-001680,INV-001680,CUST-041,BR-03,2025-01-18,2025-01-20,2025-01-20,Delivered,Vidyut Logistics Delivery Van
DEL-000510,SO-001686,INV-001686,CUST-029,BR-02,2025-01-21,2025-01-23,2025-01-23,Delivered,Vidyut Logistics Delivery Van
DEL-000511,SO-001688,INV-001688,CUST-007,BR-01,2025-01-22,2025-01-23,2025-01-23,Delivered,Vidyut Logistics Delivery Van
DEL-000512,SO-001690,INV-001690,CUST-015,BR-01,2025-01-22,2025-01-23,2025-01-23,Delivered,Vidyut Logistics Delivery Van
DEL-000513,SO-001691,INV-001691,CUST-022,BR-01,2025-01-22,2025-01-24,2025-01-24,Delivered,Vidyut Logistics Delivery Van
DEL-000514,SO-001694,INV-001694,CUST-022,BR-01,2025-01-23,2025-01-24,2025-01-24,Delivered,Vidyut Logistics Delivery Van
DEL-000515,SO-001695,INV-001695,CUST-004,BR-01,2025-01-23,2025-01-25,2025-01-26,Delivered,Vidyut Logistics Delivery Van
DEL-000516,SO-001696,INV-001696,CUST-001,BR-01,2025-01-23,2025-01-25,2025-01-26,Delivered,Vidyut Logistics Delivery Van
DEL-000517,SO-001699,INV-001699,CUST-029,BR-02,2025-01-23,2025-01-25,2025-01-25,Delivered,Vidyut Logistics Delivery Van
DEL-000518,SO-001701,INV-001701,CUST-029,BR-02,2025-01-24,2025-01-25,2025-01-25,Delivered,Vidyut Logistics Delivery Van
DEL-000519,SO-001703,INV-001703,CUST-010,BR-01,2025-01-24,2025-01-27,2025-01-27,Delivered,Vidyut Logistics Delivery Van
DEL-000520,SO-001709,INV-001709,CUST-011,BR-01,2025-01-25,2025-01-27,2025-01-27,Delivered,Vidyut Logistics Delivery Van
DEL-000521,SO-001711,INV-001711,CUST-032,BR-02,2025-01-27,2025-01-28,2025-01-28,Delivered,Vidyut Logistics Delivery Van
DEL-000522,SO-001713,INV-001713,CUST-022,BR-01,2025-01-28,2025-01-31,2025-02-01,Delivered,Vidyut Logistics Delivery Van
DEL-000523,SO-001718,INV-001718,CUST-034,BR-02,2025-01-29,2025-01-30,2025-01-30,Delivered,Vidyut Logistics Delivery Van
DEL-000524,SO-001719,INV-001719,CUST-001,BR-01,2025-01-29,2025-02-01,2025-02-01,Delivered,Vidyut Logistics Delivery Van
DEL-000525,SO-001723,INV-001723,CUST-011,BR-01,2025-01-30,2025-02-01,2025-02-01,Delivered,Vidyut Logistics Delivery Van
DEL-000526,SO-001724,INV-001724,CUST-029,BR-02,2025-01-30,2025-02-01,2025-02-01,Delivered,Vidyut Logistics Delivery Van
DEL-000527,SO-001725,INV-001725,CUST-015,BR-01,2025-01-30,2025-01-31,2025-01-31,Delivered,Vidyut Logistics Delivery Van
DEL-000528,SO-001726,INV-001726,CUST-015,BR-01,2025-01-30,2025-02-01,2025-02-01,Delivered,Vidyut Logistics Delivery Van
DEL-000529,SO-001730,INV-001730,CUST-034,BR-02,2025-01-31,2025-02-03,2025-02-04,Delivered,Vidyut Logistics Delivery Van
DEL-000530,SO-001732,INV-001732,CUST-015,BR-01,2025-01-31,2025-02-02,2025-02-02,Delivered,Vidyut Logistics Delivery Van
DEL-000531,SO-001734,INV-001734,CUST-043,BR-03,2025-01-31,2025-02-03,2025-02-03,Delivered,Vidyut Logistics Delivery Van
DEL-000532,SO-001736,INV-001736,CUST-007,BR-01,2025-02-01,2025-02-04,2025-02-04,Delivered,Vidyut Logistics Delivery Van
DEL-000533,SO-001745,INV-001745,CUST-007,BR-01,2025-02-03,2025-02-05,2025-02-05,Delivered,Vidyut Logistics Delivery Van
DEL-000534,SO-001746,INV-001746,CUST-040,BR-03,2025-02-03,2025-02-05,2025-02-05,Delivered,Vidyut Logistics Delivery Van
DEL-000535,SO-001747,INV-001747,CUST-032,BR-02,2025-02-03,2025-02-04,2025-02-04,Delivered,Vidyut Logistics Delivery Van
DEL-000536,SO-001749,INV-001749,CUST-001,BR-01,2025-02-04,2025-02-06,2025-02-06,Delivered,Vidyut Logistics Delivery Van
DEL-000537,SO-001750,INV-001750,CUST-040,BR-03,2025-02-04,2025-02-05,2025-02-05,Delivered,Vidyut Logistics Delivery Van
DEL-000538,SO-001753,INV-001753,CUST-040,BR-03,2025-02-04,2025-02-05,2025-02-05,Delivered,Vidyut Logistics Delivery Van
DEL-000539,SO-001755,INV-001755,CUST-036,BR-02,2025-02-04,2025-02-05,2025-02-06,Delivered,Vidyut Logistics Delivery Van
DEL-000540,SO-001756,INV-001756,CUST-043,BR-03,2025-02-05,2025-02-07,2025-02-08,Delivered,Vidyut Logistics Delivery Van
DEL-000541,SO-001757,INV-001757,CUST-004,BR-01,2025-02-05,2025-02-06,2025-02-07,Delivered,Vidyut Logistics Delivery Van
DEL-000542,SO-001759,INV-001759,CUST-029,BR-02,2025-02-05,2025-02-07,2025-02-07,Delivered,Vidyut Logistics Delivery Van
DEL-000543,SO-001764,INV-001764,CUST-011,BR-01,2025-02-06,2025-02-08,2025-02-09,Delivered,Vidyut Logistics Delivery Van
DEL-000544,SO-001773,INV-001773,CUST-040,BR-03,2025-02-08,2025-02-11,2025-02-12,Delivered,Vidyut Logistics Delivery Van
DEL-000545,SO-001776,INV-001776,CUST-010,BR-01,2025-02-08,2025-02-10,2025-02-10,Delivered,Vidyut Logistics Delivery Van
DEL-000546,SO-001777,INV-001777,CUST-010,BR-01,2025-02-08,2025-02-09,2025-02-09,Delivered,Vidyut Logistics Delivery Van
DEL-000547,SO-001780,INV-001780,CUST-041,BR-03,2025-02-10,2025-02-11,2025-02-11,Delivered,Vidyut Logistics Delivery Van
DEL-000548,SO-001783,INV-001783,CUST-001,BR-01,2025-02-11,2025-02-12,2025-02-12,Delivered,Vidyut Logistics Delivery Van
DEL-000549,SO-001786,INV-001786,CUST-029,BR-02,2025-02-11,2025-02-13,2025-02-15,Delivered,Vidyut Logistics Delivery Van
DEL-000550,SO-001789,INV-001789,CUST-010,BR-01,2025-02-12,2025-02-13,2025-02-14,Delivered,Vidyut Logistics Delivery Van
DEL-000551,SO-001790,INV-001790,CUST-036,BR-02,2025-02-12,2025-02-15,2025-02-15,Delivered,Vidyut Logistics Delivery Van
DEL-000552,SO-001791,INV-001791,CUST-022,BR-01,2025-02-12,2025-02-13,2025-02-14,Delivered,Vidyut Logistics Delivery Van
DEL-000553,SO-001798,INV-001798,CUST-032,BR-02,2025-02-14,2025-02-15,2025-02-15,Delivered,Vidyut Logistics Delivery Van
DEL-000554,SO-001802,INV-001802,CUST-036,BR-02,2025-02-14,2025-02-16,2025-02-16,Delivered,Vidyut Logistics Delivery Van
DEL-000555,SO-001803,INV-001803,CUST-029,BR-02,2025-02-15,2025-02-16,2025-02-16,Delivered,Vidyut Logistics Delivery Van
DEL-000556,SO-001804,INV-001804,CUST-040,BR-03,2025-02-15,2025-02-17,2025-02-17,Delivered,Vidyut Logistics Delivery Van
DEL-000557,SO-001806,INV-001806,CUST-007,BR-01,2025-02-17,2025-02-20,2025-02-20,Delivered,Vidyut Logistics Delivery Van
DEL-000558,SO-001813,INV-001813,CUST-010,BR-01,2025-02-18,2025-02-21,2025-02-21,Delivered,Vidyut Logistics Delivery Van
DEL-000559,SO-001820,INV-001820,CUST-015,BR-01,2025-02-19,2025-02-20,2025-02-20,Delivered,Vidyut Logistics Delivery Van
DEL-000560,SO-001821,INV-001821,CUST-040,BR-03,2025-02-19,2025-02-20,2025-02-20,Delivered,Vidyut Logistics Delivery Van
DEL-000561,SO-001824,INV-001824,CUST-036,BR-02,2025-02-20,2025-02-21,2025-02-21,Delivered,Vidyut Logistics Delivery Van
DEL-000562,SO-001827,INV-001827,CUST-036,BR-02,2025-02-21,2025-02-24,2025-02-25,Delivered,Vidyut Logistics Delivery Van
DEL-000563,SO-001828,INV-001828,CUST-004,BR-01,2025-02-21,2025-02-24,2025-02-24,Delivered,Vidyut Logistics Delivery Van
DEL-000564,SO-001829,INV-001829,CUST-004,BR-01,2025-02-21,2025-02-24,2025-02-24,Delivered,Vidyut Logistics Delivery Van
DEL-000565,SO-001830,INV-001830,CUST-040,BR-03,2025-02-21,2025-02-24,2025-02-24,Delivered,Vidyut Logistics Delivery Van
DEL-000566,SO-001834,INV-001834,CUST-040,BR-03,2025-02-22,2025-02-24,2025-02-24,Delivered,Vidyut Logistics Delivery Van
DEL-000567,SO-001836,INV-001836,CUST-004,BR-01,2025-02-22,2025-02-23,2025-02-24,Delivered,Vidyut Logistics Delivery Van
DEL-000568,SO-001838,INV-001838,CUST-022,BR-01,2025-02-22,2025-02-24,2025-02-24,Delivered,Vidyut Logistics Delivery Van
DEL-000569,SO-001839,INV-001839,CUST-040,BR-03,2025-02-24,2025-02-26,2025-02-26,Delivered,Vidyut Logistics Delivery Van
DEL-000570,SO-001840,INV-001840,CUST-029,BR-02,2025-02-24,2025-02-26,2025-02-26,Delivered,Vidyut Logistics Delivery Van
DEL-000571,SO-001843,INV-001843,CUST-004,BR-01,2025-02-25,2025-02-26,2025-02-26,Delivered,Vidyut Logistics Delivery Van
DEL-000572,SO-001845,INV-001845,CUST-032,BR-02,2025-02-25,2025-02-26,2025-02-26,Delivered,Vidyut Logistics Delivery Van
DEL-000573,SO-001849,INV-001849,CUST-034,BR-02,2025-02-26,2025-02-27,2025-02-28,Delivered,Vidyut Logistics Delivery Van
DEL-000574,SO-001851,INV-001851,CUST-001,BR-01,2025-02-26,2025-03-01,2025-03-01,Delivered,Vidyut Logistics Delivery Van
DEL-000575,SO-001853,INV-001853,CUST-029,BR-02,2025-02-27,2025-03-02,2025-03-02,Delivered,Vidyut Logistics Delivery Van
DEL-000576,SO-001856,INV-001856,CUST-029,BR-02,2025-02-28,2025-03-01,2025-03-01,Delivered,Vidyut Logistics Delivery Van
DEL-000577,SO-001857,INV-001857,CUST-004,BR-01,2025-02-28,2025-03-01,2025-03-01,Delivered,Vidyut Logistics Delivery Van
DEL-000578,SO-001858,INV-001858,CUST-036,BR-02,2025-02-28,2025-03-03,2025-03-03,Delivered,Vidyut Logistics Delivery Van
DEL-000579,SO-001863,INV-001863,CUST-010,BR-01,2025-03-01,2025-03-02,2025-03-02,Delivered,Vidyut Logistics Delivery Van
DEL-000580,SO-001864,INV-001864,CUST-004,BR-01,2025-03-01,2025-03-03,2025-03-03,Delivered,Vidyut Logistics Delivery Van
DEL-000581,SO-001866,INV-001866,CUST-043,BR-03,2025-03-01,2025-03-02,2025-03-02,Delivered,Vidyut Logistics Delivery Van
DEL-000582,SO-001871,INV-001871,CUST-034,BR-02,2025-03-03,2025-03-04,2025-03-04,Delivered,Vidyut Logistics Delivery Van
DEL-000583,SO-001872,INV-001872,CUST-036,BR-02,2025-03-03,2025-03-06,2025-03-07,Delivered,Vidyut Logistics Delivery Van
DEL-000584,SO-001883,INV-001883,CUST-034,BR-02,2025-03-07,2025-03-10,2025-03-11,Delivered,Vidyut Logistics Delivery Van
DEL-000585,SO-001886,INV-001886,CUST-010,BR-01,2025-03-07,2025-03-10,2025-03-10,Delivered,Vidyut Logistics Delivery Van
DEL-000586,SO-001887,INV-001887,CUST-004,BR-01,2025-03-07,2025-03-09,2025-03-09,Delivered,Vidyut Logistics Delivery Van
DEL-000587,SO-001891,INV-001891,CUST-011,BR-01,2025-03-08,2025-03-10,2025-03-10,Delivered,Vidyut Logistics Delivery Van
DEL-000588,SO-001899,INV-001899,CUST-022,BR-01,2025-03-10,2025-03-12,2025-03-12,Delivered,Vidyut Logistics Delivery Van
DEL-000589,SO-001900,INV-001900,CUST-043,BR-03,2025-03-11,2025-03-12,2025-03-12,Delivered,Vidyut Logistics Delivery Van
DEL-000590,SO-001906,INV-001906,CUST-011,BR-01,2025-03-12,2025-03-14,2025-03-15,Delivered,Vidyut Logistics Delivery Van
DEL-000591,SO-001909,INV-001909,CUST-015,BR-01,2025-03-12,2025-03-13,2025-03-13,Delivered,Vidyut Logistics Delivery Van
DEL-000592,SO-001910,INV-001910,CUST-041,BR-03,2025-03-12,2025-03-14,2025-03-14,Delivered,Vidyut Logistics Delivery Van
DEL-000593,SO-001918,INV-001918,CUST-015,BR-01,2025-03-14,2025-03-15,2025-03-15,Delivered,Vidyut Logistics Delivery Van
DEL-000594,SO-001924,INV-001924,CUST-034,BR-02,2025-03-15,2025-03-16,2025-03-16,Delivered,Vidyut Logistics Delivery Van
DEL-000595,SO-001928,INV-001928,CUST-015,BR-01,2025-03-17,2025-03-19,2025-03-19,Delivered,Vidyut Logistics Delivery Van
DEL-000596,SO-001931,INV-001931,CUST-040,BR-03,2025-03-18,2025-03-19,2025-03-19,Delivered,Vidyut Logistics Delivery Van
DEL-000597,SO-001933,INV-001933,CUST-036,BR-02,2025-03-18,2025-03-20,2025-03-20,Delivered,Vidyut Logistics Delivery Van
DEL-000598,SO-001936,INV-001936,CUST-004,BR-01,2025-03-19,2025-03-21,2025-03-22,Delivered,Vidyut Logistics Delivery Van
DEL-000599,SO-001939,INV-001939,CUST-010,BR-01,2025-03-19,2025-03-21,2025-03-21,Delivered,Vidyut Logistics Delivery Van
DEL-000600,SO-001945,INV-001945,CUST-040,BR-03,2025-03-21,2025-03-23,2025-03-23,Delivered,Vidyut Logistics Delivery Van
DEL-000601,SO-001950,INV-001950,CUST-032,BR-02,2025-03-22,2025-03-24,2025-03-25,Delivered,Vidyut Logistics Delivery Van
DEL-000602,SO-001957,INV-001957,CUST-004,BR-01,2025-03-25,2025-03-26,2025-03-26,Delivered,Vidyut Logistics Delivery Van
DEL-000603,SO-001960,INV-001960,CUST-001,BR-01,2025-03-26,2025-03-28,2025-03-28,Delivered,Vidyut Logistics Delivery Van
DEL-000604,SO-001965,INV-001965,CUST-040,BR-03,2025-03-27,2025-03-30,2025-03-31,Delivered,Vidyut Logistics Delivery Van
DEL-000605,SO-001967,INV-001967,CUST-015,BR-01,2025-03-28,2025-03-29,2025-03-29,Delivered,Vidyut Logistics Delivery Van
DEL-000606,SO-001968,INV-001968,CUST-034,BR-02,2025-03-28,2025-03-31,2025-03-31,Delivered,Vidyut Logistics Delivery Van
DEL-000607,SO-001981,INV-001981,CUST-034,BR-02,2025-04-01,2025-04-03,2025-04-04,Delivered,Vidyut Logistics Delivery Van
DEL-000608,SO-001991,INV-001991,CUST-022,BR-01,2025-04-03,2025-04-05,2025-04-05,Delivered,Vidyut Logistics Delivery Van
DEL-000609,SO-001996,INV-001996,CUST-010,BR-01,2025-04-04,2025-04-07,2025-04-07,Delivered,Vidyut Logistics Delivery Van
DEL-000610,SO-001997,INV-001997,CUST-004,BR-01,2025-04-04,2025-04-07,2025-04-07,Delivered,Vidyut Logistics Delivery Van
DEL-000611,SO-002000,INV-002000,CUST-040,BR-03,2025-04-05,2025-04-08,2025-04-08,Delivered,Vidyut Logistics Delivery Van
DEL-000612,SO-002002,INV-002002,CUST-022,BR-01,2025-04-05,2025-04-08,2025-04-09,Delivered,Vidyut Logistics Delivery Van
DEL-000613,SO-002005,INV-002005,CUST-022,BR-01,2025-04-07,2025-04-10,2025-04-10,Delivered,Vidyut Logistics Delivery Van
DEL-000614,SO-002008,INV-002008,CUST-043,BR-03,2025-04-08,2025-04-11,2025-04-11,Delivered,Vidyut Logistics Delivery Van
DEL-000615,SO-002012,INV-002012,CUST-043,BR-03,2025-04-09,2025-04-11,2025-04-11,Delivered,Vidyut Logistics Delivery Van
DEL-000616,SO-002016,INV-002016,CUST-029,BR-02,2025-04-09,2025-04-12,2025-04-12,Delivered,Vidyut Logistics Delivery Van
DEL-000617,SO-002018,INV-002018,CUST-001,BR-01,2025-04-10,2025-04-11,2025-04-11,Delivered,Vidyut Logistics Delivery Van
DEL-000618,SO-002026,INV-002026,CUST-032,BR-02,2025-04-11,2025-04-13,2025-04-13,Delivered,Vidyut Logistics Delivery Van
DEL-000619,SO-002032,INV-002032,CUST-022,BR-01,2025-04-12,2025-04-13,2025-04-13,Delivered,Vidyut Logistics Delivery Van
DEL-000620,SO-002035,INV-002035,CUST-015,BR-01,2025-04-12,2025-04-13,2025-04-13,Delivered,Vidyut Logistics Delivery Van
DEL-000621,SO-002042,INV-002042,CUST-004,BR-01,2025-04-15,2025-04-18,2025-04-19,Delivered,Vidyut Logistics Delivery Van
DEL-000622,SO-002045,INV-002045,CUST-001,BR-01,2025-04-16,2025-04-18,2025-04-18,Delivered,Vidyut Logistics Delivery Van
DEL-000623,SO-002046,INV-002046,CUST-043,BR-03,2025-04-16,2025-04-17,2025-04-18,Delivered,Vidyut Logistics Delivery Van
DEL-000624,SO-002049,INV-002049,CUST-041,BR-03,2025-04-17,2025-04-20,2025-04-21,Delivered,Vidyut Logistics Delivery Van
DEL-000625,SO-002052,INV-002052,CUST-022,BR-01,2025-04-17,2025-04-20,2025-04-20,Delivered,Vidyut Logistics Delivery Van
DEL-000626,SO-002060,INV-002060,CUST-032,BR-02,2025-04-19,2025-04-21,2025-04-21,Delivered,Vidyut Logistics Delivery Van
DEL-000627,SO-002061,INV-002061,CUST-041,BR-03,2025-04-19,2025-04-22,2025-04-22,Delivered,Vidyut Logistics Delivery Van
DEL-000628,SO-002062,INV-002062,CUST-022,BR-01,2025-04-19,2025-04-20,2025-04-20,Delivered,Vidyut Logistics Delivery Van
DEL-000629,SO-002066,INV-002066,CUST-022,BR-01,2025-04-21,2025-04-22,2025-04-22,Delivered,Vidyut Logistics Delivery Van
DEL-000630,SO-002067,INV-002067,CUST-007,BR-01,2025-04-21,2025-04-24,2025-04-24,Delivered,Vidyut Logistics Delivery Van
DEL-000631,SO-002071,INV-002071,CUST-007,BR-01,2025-04-22,2025-04-23,2025-04-23,Delivered,Vidyut Logistics Delivery Van
DEL-000632,SO-002072,INV-002072,CUST-010,BR-01,2025-04-22,2025-04-25,2025-04-25,Delivered,Vidyut Logistics Delivery Van
DEL-000633,SO-002074,INV-002074,CUST-032,BR-02,2025-04-23,2025-04-25,2025-04-25,Delivered,Vidyut Logistics Delivery Van
DEL-000634,SO-002076,INV-002076,CUST-015,BR-01,2025-04-23,2025-04-26,2025-04-26,Delivered,Vidyut Logistics Delivery Van
DEL-000635,SO-002083,INV-002083,CUST-032,BR-02,2025-04-24,2025-04-26,2025-04-28,Delivered,Vidyut Logistics Delivery Van
DEL-000636,SO-002092,INV-002092,CUST-010,BR-01,2025-04-25,2025-04-27,2025-04-28,Delivered,Vidyut Logistics Delivery Van
DEL-000637,SO-002097,INV-002097,CUST-007,BR-01,2025-04-26,2025-04-27,2025-04-27,Delivered,Vidyut Logistics Delivery Van
DEL-000638,SO-002099,INV-002099,CUST-036,BR-02,2025-04-26,2025-04-29,2025-04-29,Delivered,Vidyut Logistics Delivery Van
DEL-000639,SO-002104,INV-002104,CUST-001,BR-01,2025-04-28,2025-05-01,2025-05-01,Delivered,Vidyut Logistics Delivery Van
DEL-000640,SO-002106,INV-002106,CUST-011,BR-01,2025-04-28,2025-04-30,2025-04-30,Delivered,Vidyut Logistics Delivery Van
DEL-000641,SO-002110,INV-002110,CUST-043,BR-03,2025-04-29,2025-05-02,2025-05-02,Delivered,Vidyut Logistics Delivery Van
DEL-000642,SO-002111,INV-002111,CUST-022,BR-01,2025-04-29,2025-04-30,2025-04-30,Delivered,Vidyut Logistics Delivery Van
DEL-000643,SO-002116,INV-002116,CUST-043,BR-03,2025-04-30,2025-05-03,2025-05-03,Delivered,Vidyut Logistics Delivery Van
DEL-000644,SO-002121,INV-002121,CUST-007,BR-01,2025-05-01,2025-05-04,2025-05-04,Delivered,Vidyut Logistics Delivery Van
DEL-000645,SO-002127,INV-002127,CUST-001,BR-01,2025-05-02,2025-05-04,2025-05-04,Delivered,Vidyut Logistics Delivery Van
DEL-000646,SO-002128,INV-002128,CUST-004,BR-01,2025-05-02,2025-05-03,2025-05-04,Delivered,Vidyut Logistics Delivery Van
DEL-000647,SO-002129,INV-002129,CUST-011,BR-01,2025-05-02,2025-05-03,2025-05-03,Delivered,Vidyut Logistics Delivery Van
DEL-000648,SO-002130,INV-002130,CUST-040,BR-03,2025-05-02,2025-05-05,2025-05-05,Delivered,Vidyut Logistics Delivery Van
DEL-000649,SO-002131,INV-002131,CUST-001,BR-01,2025-05-02,2025-05-05,2025-05-05,Delivered,Vidyut Logistics Delivery Van
DEL-000650,SO-002135,INV-002135,CUST-029,BR-02,2025-05-03,2025-05-05,2025-05-05,Delivered,Vidyut Logistics Delivery Van
DEL-000651,SO-002136,INV-002136,CUST-040,BR-03,2025-05-03,2025-05-06,2025-05-06,Delivered,Vidyut Logistics Delivery Van
DEL-000652,SO-002138,INV-002138,CUST-029,BR-02,2025-05-05,2025-05-07,2025-05-07,Delivered,Vidyut Logistics Delivery Van
DEL-000653,SO-002142,INV-002142,CUST-040,BR-03,2025-05-06,2025-05-07,2025-05-08,Delivered,Vidyut Logistics Delivery Van
DEL-000654,SO-002143,INV-002143,CUST-004,BR-01,2025-05-06,2025-05-07,2025-05-08,Delivered,Vidyut Logistics Delivery Van
DEL-000655,SO-002145,INV-002145,CUST-011,BR-01,2025-05-06,2025-05-07,2025-05-07,Delivered,Vidyut Logistics Delivery Van
DEL-000656,SO-002146,INV-002146,CUST-034,BR-02,2025-05-06,2025-05-08,2025-05-08,Delivered,Vidyut Logistics Delivery Van
DEL-000657,SO-002153,INV-002153,CUST-032,BR-02,2025-05-08,2025-05-10,2025-05-10,Delivered,Vidyut Logistics Delivery Van
DEL-000658,SO-002155,INV-002155,CUST-040,BR-03,2025-05-08,2025-05-11,2025-05-11,Delivered,Vidyut Logistics Delivery Van
DEL-000659,SO-002160,INV-002160,CUST-010,BR-01,2025-05-09,2025-05-11,2025-05-11,Delivered,Vidyut Logistics Delivery Van
DEL-000660,SO-002161,INV-002161,CUST-011,BR-01,2025-05-10,2025-05-13,2025-05-15,Delivered,Vidyut Logistics Delivery Van
DEL-000661,SO-002163,INV-002163,CUST-036,BR-02,2025-05-10,2025-05-12,2025-05-12,Delivered,Vidyut Logistics Delivery Van
DEL-000662,SO-002164,INV-002164,CUST-015,BR-01,2025-05-10,2025-05-12,2025-05-12,Delivered,Vidyut Logistics Delivery Van
DEL-000663,SO-002175,INV-002175,CUST-015,BR-01,2025-05-14,2025-05-15,2025-05-15,Delivered,Vidyut Logistics Delivery Van
DEL-000664,SO-002176,INV-002176,CUST-010,BR-01,2025-05-14,2025-05-17,2025-05-18,Delivered,Vidyut Logistics Delivery Van
DEL-000665,SO-002179,INV-002179,CUST-022,BR-01,2025-05-15,2025-05-18,2025-05-19,Delivered,Vidyut Logistics Delivery Van
DEL-000666,SO-002185,INV-002185,CUST-011,BR-01,2025-05-17,2025-05-18,2025-05-18,Delivered,Vidyut Logistics Delivery Van
DEL-000667,SO-002187,INV-002187,CUST-032,BR-02,2025-05-19,2025-05-21,2025-05-21,Delivered,Vidyut Logistics Delivery Van
DEL-000668,SO-002189,INV-002189,CUST-032,BR-02,2025-05-19,2025-05-22,2025-05-22,Delivered,Vidyut Logistics Delivery Van
DEL-000669,SO-002190,INV-002190,CUST-041,BR-03,2025-05-19,2025-05-21,2025-05-21,Delivered,Vidyut Logistics Delivery Van
DEL-000670,SO-002194,INV-002194,CUST-034,BR-02,2025-05-20,2025-05-23,2025-05-24,Delivered,Vidyut Logistics Delivery Van
DEL-000671,SO-002195,INV-002195,CUST-015,BR-01,2025-05-20,2025-05-22,2025-05-22,Delivered,Vidyut Logistics Delivery Van
DEL-000672,SO-002196,INV-002196,CUST-011,BR-01,2025-05-20,2025-05-22,2025-05-22,Delivered,Vidyut Logistics Delivery Van
DEL-000673,SO-002199,INV-002199,CUST-041,BR-03,2025-05-21,2025-05-22,2025-05-22,Delivered,Vidyut Logistics Delivery Van
DEL-000674,SO-002200,INV-002200,CUST-022,BR-01,2025-05-21,2025-05-23,2025-05-23,Delivered,Vidyut Logistics Delivery Van
DEL-000675,SO-002202,INV-002202,CUST-029,BR-02,2025-05-22,2025-05-25,2025-05-25,Delivered,Vidyut Logistics Delivery Van
DEL-000676,SO-002203,INV-002203,CUST-011,BR-01,2025-05-22,2025-05-25,2025-05-25,Delivered,Vidyut Logistics Delivery Van
DEL-000677,SO-002205,INV-002205,CUST-010,BR-01,2025-05-22,2025-05-23,2025-05-23,Delivered,Vidyut Logistics Delivery Van
DEL-000678,SO-002214,INV-002214,CUST-036,BR-02,2025-05-24,2025-05-25,2025-05-25,Delivered,Vidyut Logistics Delivery Van
DEL-000679,SO-002215,INV-002215,CUST-041,BR-03,2025-05-24,2025-05-27,2025-05-27,Delivered,Vidyut Logistics Delivery Van
DEL-000680,SO-002216,INV-002216,CUST-007,BR-01,2025-05-26,2025-05-27,2025-05-28,Delivered,Vidyut Logistics Delivery Van
DEL-000681,SO-002217,INV-002217,CUST-040,BR-03,2025-05-26,2025-05-27,2025-05-27,Delivered,Vidyut Logistics Delivery Van
DEL-000682,SO-002219,INV-002219,CUST-011,BR-01,2025-05-27,2025-05-30,2025-05-30,Delivered,Vidyut Logistics Delivery Van
DEL-000683,SO-002221,INV-002221,CUST-007,BR-01,2025-05-27,2025-05-29,2025-05-29,Delivered,Vidyut Logistics Delivery Van
DEL-000684,SO-002225,INV-002225,CUST-015,BR-01,2025-05-28,2025-05-29,2025-05-29,Delivered,Vidyut Logistics Delivery Van
DEL-000685,SO-002230,INV-002230,CUST-043,BR-03,2025-05-28,2025-05-29,2025-05-29,Delivered,Vidyut Logistics Delivery Van
DEL-000686,SO-002234,INV-002234,CUST-040,BR-03,2025-05-29,2025-05-31,2025-05-31,Delivered,Vidyut Logistics Delivery Van
DEL-000687,SO-002238,INV-002238,CUST-040,BR-03,2025-05-29,2025-05-30,2025-05-30,Delivered,Vidyut Logistics Delivery Van
DEL-000688,SO-002242,INV-002242,CUST-043,BR-03,2025-05-30,2025-06-02,2025-06-02,Delivered,Vidyut Logistics Delivery Van
DEL-000689,SO-002243,INV-002243,CUST-036,BR-02,2025-05-30,2025-06-01,2025-06-01,Delivered,Vidyut Logistics Delivery Van
DEL-000690,SO-002244,INV-002244,CUST-032,BR-02,2025-05-31,2025-06-02,2025-06-02,Delivered,Vidyut Logistics Delivery Van
DEL-000691,SO-002247,INV-002247,CUST-032,BR-02,2025-05-31,2025-06-02,2025-06-02,Delivered,Vidyut Logistics Delivery Van
DEL-000692,SO-002248,INV-002248,CUST-032,BR-02,2025-05-31,2025-06-02,2025-06-02,Delivered,Vidyut Logistics Delivery Van
DEL-000693,SO-002256,INV-002256,CUST-034,BR-02,2025-06-03,2025-06-06,2025-06-07,Delivered,Vidyut Logistics Delivery Van
DEL-000694,SO-002258,INV-002258,CUST-022,BR-01,2025-06-03,2025-06-06,2025-06-06,Delivered,Vidyut Logistics Delivery Van
DEL-000695,SO-002269,INV-002269,CUST-001,BR-01,2025-06-04,2025-06-05,2025-06-06,Delivered,Vidyut Logistics Delivery Van
DEL-000696,SO-002270,INV-002270,CUST-029,BR-02,2025-06-04,2025-06-06,2025-06-07,Delivered,Vidyut Logistics Delivery Van
DEL-000697,SO-002272,INV-002272,CUST-032,BR-02,2025-06-05,2025-06-07,2025-06-07,Delivered,Vidyut Logistics Delivery Van
DEL-000698,SO-002274,INV-002274,CUST-032,BR-02,2025-06-05,2025-06-06,2025-06-06,Delivered,Vidyut Logistics Delivery Van
DEL-000699,SO-002275,INV-002275,CUST-029,BR-02,2025-06-05,2025-06-08,2025-06-08,Delivered,Vidyut Logistics Delivery Van
DEL-000700,SO-002281,INV-002281,CUST-034,BR-02,2025-06-07,2025-06-08,2025-06-09,Delivered,Vidyut Logistics Delivery Van
DEL-000701,SO-002282,INV-002282,CUST-011,BR-01,2025-06-07,2025-06-10,2025-06-10,Delivered,Vidyut Logistics Delivery Van
DEL-000702,SO-002283,INV-002283,CUST-029,BR-02,2025-06-07,2025-06-10,2025-06-10,Delivered,Vidyut Logistics Delivery Van
DEL-000703,SO-002285,INV-002285,CUST-007,BR-01,2025-06-09,2025-06-11,2025-06-12,Delivered,Vidyut Logistics Delivery Van
DEL-000704,SO-002287,INV-002287,CUST-004,BR-01,2025-06-09,2025-06-11,2025-06-11,Delivered,Vidyut Logistics Delivery Van
DEL-000705,SO-002289,INV-002289,CUST-034,BR-02,2025-06-09,2025-06-11,2025-06-11,Delivered,Vidyut Logistics Delivery Van
DEL-000706,SO-002291,INV-002291,CUST-029,BR-02,2025-06-10,2025-06-13,2025-06-13,Delivered,Vidyut Logistics Delivery Van
DEL-000707,SO-002293,INV-002293,CUST-001,BR-01,2025-06-10,2025-06-12,2025-06-12,Delivered,Vidyut Logistics Delivery Van
DEL-000708,SO-002298,INV-002298,CUST-004,BR-01,2025-06-11,2025-06-12,2025-06-12,Delivered,Vidyut Logistics Delivery Van
DEL-000709,SO-002302,INV-002302,CUST-015,BR-01,2025-06-12,2025-06-13,2025-06-13,Delivered,Vidyut Logistics Delivery Van
DEL-000710,SO-002303,INV-002303,CUST-011,BR-01,2025-06-12,2025-06-13,2025-06-13,Delivered,Vidyut Logistics Delivery Van
DEL-000711,SO-002304,INV-002304,CUST-011,BR-01,2025-06-13,2025-06-14,2025-06-14,Delivered,Vidyut Logistics Delivery Van
DEL-000712,SO-002306,INV-002306,CUST-011,BR-01,2025-06-13,2025-06-16,2025-06-16,Delivered,Vidyut Logistics Delivery Van
DEL-000713,SO-002313,INV-002313,CUST-015,BR-01,2025-06-16,2025-06-19,2025-06-19,Delivered,Vidyut Logistics Delivery Van
DEL-000714,SO-002314,INV-002314,CUST-040,BR-03,2025-06-16,2025-06-19,2025-06-19,Delivered,Vidyut Logistics Delivery Van
DEL-000715,SO-002320,INV-002320,CUST-040,BR-03,2025-06-17,2025-06-20,2025-06-20,Delivered,Vidyut Logistics Delivery Van
DEL-000716,SO-002328,INV-002328,CUST-011,BR-01,2025-06-18,2025-06-19,2025-06-19,Delivered,Vidyut Logistics Delivery Van
DEL-000717,SO-002342,INV-002342,CUST-011,BR-01,2025-06-21,2025-06-22,2025-06-22,Delivered,Vidyut Logistics Delivery Van
DEL-000718,SO-002344,INV-002344,CUST-036,BR-02,2025-06-21,2025-06-24,2025-06-24,Delivered,Vidyut Logistics Delivery Van
DEL-000719,SO-002345,INV-002345,CUST-015,BR-01,2025-06-23,2025-06-24,2025-06-24,Delivered,Vidyut Logistics Delivery Van
DEL-000720,SO-002351,INV-002351,CUST-007,BR-01,2025-06-23,2025-06-24,2025-06-24,Delivered,Vidyut Logistics Delivery Van
DEL-000721,SO-002353,INV-002353,CUST-010,BR-01,2025-06-24,2025-06-26,2025-06-26,Delivered,Vidyut Logistics Delivery Van
DEL-000722,SO-002354,INV-002354,CUST-010,BR-01,2025-06-24,2025-06-26,2025-06-26,Delivered,Vidyut Logistics Delivery Van
DEL-000723,SO-002361,INV-002361,CUST-015,BR-01,2025-06-26,2025-06-28,2025-06-28,Delivered,Vidyut Logistics Delivery Van
DEL-000724,SO-002374,INV-002374,CUST-032,BR-02,2025-06-28,2025-06-29,2025-06-29,Delivered,Vidyut Logistics Delivery Van
DEL-000725,SO-002378,INV-002378,CUST-022,BR-01,2025-06-30,2025-07-03,2025-07-03,Delivered,Vidyut Logistics Delivery Van
DEL-000726,SO-002380,INV-002380,CUST-004,BR-01,2025-06-30,2025-07-01,2025-07-01,Delivered,Vidyut Logistics Delivery Van
DEL-000727,SO-002382,INV-002382,CUST-041,BR-03,2025-07-01,2025-07-04,2025-07-04,Delivered,Vidyut Logistics Delivery Van
DEL-000728,SO-002384,INV-002384,CUST-011,BR-01,2025-07-01,2025-07-04,2025-07-04,Delivered,Vidyut Logistics Delivery Van
DEL-000729,SO-002385,INV-002385,CUST-032,BR-02,2025-07-02,2025-07-04,2025-07-05,Delivered,Vidyut Logistics Delivery Van
DEL-000730,SO-002387,INV-002387,CUST-032,BR-02,2025-07-02,2025-07-03,2025-07-03,Delivered,Vidyut Logistics Delivery Van
DEL-000731,SO-002389,INV-002389,CUST-015,BR-01,2025-07-02,2025-07-05,2025-07-06,Delivered,Vidyut Logistics Delivery Van
DEL-000732,SO-002394,INV-002394,CUST-043,BR-03,2025-07-03,2025-07-06,2025-07-06,Delivered,Vidyut Logistics Delivery Van
DEL-000733,SO-002397,INV-002397,CUST-004,BR-01,2025-07-03,2025-07-05,2025-07-05,Delivered,Vidyut Logistics Delivery Van
DEL-000734,SO-002398,INV-002398,CUST-040,BR-03,2025-07-04,2025-07-07,2025-07-07,Delivered,Vidyut Logistics Delivery Van
DEL-000735,SO-002400,INV-002400,CUST-040,BR-03,2025-07-04,2025-07-05,2025-07-05,Delivered,Vidyut Logistics Delivery Van
DEL-000736,SO-002402,INV-002402,CUST-034,BR-02,2025-07-04,2025-07-06,2025-07-06,Delivered,Vidyut Logistics Delivery Van
DEL-000737,SO-002406,INV-002406,CUST-010,BR-01,2025-07-05,2025-07-07,2025-07-07,Delivered,Vidyut Logistics Delivery Van
DEL-000738,SO-002418,INV-002418,CUST-022,BR-01,2025-07-08,2025-07-11,2025-07-11,Delivered,Vidyut Logistics Delivery Van
DEL-000739,SO-002420,INV-002420,CUST-011,BR-01,2025-07-09,2025-07-10,2025-07-10,Delivered,Vidyut Logistics Delivery Van
DEL-000740,SO-002421,INV-002421,CUST-001,BR-01,2025-07-09,2025-07-10,2025-07-10,Delivered,Vidyut Logistics Delivery Van
DEL-000741,SO-002428,INV-002428,CUST-022,BR-01,2025-07-10,2025-07-13,2025-07-13,Delivered,Vidyut Logistics Delivery Van
DEL-000742,SO-002434,INV-002434,CUST-040,BR-03,2025-07-11,2025-07-13,2025-07-13,Delivered,Vidyut Logistics Delivery Van
DEL-000743,SO-002440,INV-002440,CUST-041,BR-03,2025-07-12,2025-07-14,2025-07-15,Delivered,Vidyut Logistics Delivery Van
DEL-000744,SO-002445,INV-002445,CUST-029,BR-02,2025-07-14,2025-07-15,2025-07-15,Delivered,Vidyut Logistics Delivery Van
DEL-000745,SO-002449,INV-002449,CUST-007,BR-01,2025-07-15,2025-07-17,2025-07-17,Delivered,Vidyut Logistics Delivery Van
DEL-000746,SO-002456,INV-002456,CUST-010,BR-01,2025-07-17,2025-07-19,2025-07-21,Delivered,Vidyut Logistics Delivery Van
DEL-000747,SO-002462,INV-002462,CUST-041,BR-03,2025-07-18,2025-07-21,2025-07-21,Delivered,Vidyut Logistics Delivery Van
DEL-000748,SO-002464,INV-002464,CUST-040,BR-03,2025-07-18,2025-07-21,2025-07-21,Delivered,Vidyut Logistics Delivery Van
DEL-000749,SO-002466,INV-002466,CUST-007,BR-01,2025-07-19,2025-07-22,2025-07-22,Delivered,Vidyut Logistics Delivery Van
DEL-000750,SO-002467,INV-002467,CUST-010,BR-01,2025-07-19,2025-07-20,2025-07-21,Delivered,Vidyut Logistics Delivery Van
DEL-000751,SO-002471,INV-002471,CUST-004,BR-01,2025-07-19,2025-07-22,2025-07-23,Delivered,Vidyut Logistics Delivery Van
DEL-000752,SO-002473,INV-002473,CUST-004,BR-01,2025-07-19,2025-07-20,2025-07-20,Delivered,Vidyut Logistics Delivery Van
DEL-000753,SO-002475,INV-002475,CUST-011,BR-01,2025-07-21,2025-07-23,2025-07-23,Delivered,Vidyut Logistics Delivery Van
DEL-000754,SO-002476,INV-002476,CUST-029,BR-02,2025-07-21,2025-07-24,2025-07-24,Delivered,Vidyut Logistics Delivery Van
DEL-000755,SO-002478,INV-002478,CUST-007,BR-01,2025-07-21,2025-07-23,2025-07-23,Delivered,Vidyut Logistics Delivery Van
DEL-000756,SO-002480,INV-002480,CUST-032,BR-02,2025-07-22,2025-07-24,2025-07-24,Delivered,Vidyut Logistics Delivery Van
DEL-000757,SO-002481,INV-002481,CUST-032,BR-02,2025-07-22,2025-07-23,2025-07-23,Delivered,Vidyut Logistics Delivery Van
DEL-000758,SO-002482,INV-002482,CUST-004,BR-01,2025-07-22,2025-07-24,2025-07-24,Delivered,Vidyut Logistics Delivery Van
DEL-000759,SO-002484,INV-002484,CUST-029,BR-02,2025-07-22,2025-07-24,2025-07-25,Delivered,Vidyut Logistics Delivery Van
DEL-000760,SO-002486,INV-002486,CUST-041,BR-03,2025-07-22,2025-07-23,2025-07-23,Delivered,Vidyut Logistics Delivery Van
DEL-000761,SO-002493,INV-002493,CUST-007,BR-01,2025-07-24,2025-07-25,2025-07-25,Delivered,Vidyut Logistics Delivery Van
DEL-000762,SO-002498,INV-002498,CUST-041,BR-03,2025-07-25,2025-07-27,2025-07-27,Delivered,Vidyut Logistics Delivery Van
DEL-000763,SO-002509,INV-002509,CUST-015,BR-01,2025-07-26,2025-07-29,2025-07-29,Delivered,Vidyut Logistics Delivery Van
DEL-000764,SO-002511,INV-002511,CUST-041,BR-03,2025-07-28,2025-07-30,2025-07-30,Delivered,Vidyut Logistics Delivery Van
DEL-000765,SO-002516,INV-002516,CUST-022,BR-01,2025-07-28,2025-07-31,2025-07-31,Delivered,Vidyut Logistics Delivery Van
DEL-000766,SO-002517,INV-002517,CUST-034,BR-02,2025-07-28,2025-07-30,2025-07-31,Delivered,Vidyut Logistics Delivery Van
DEL-000767,SO-002518,INV-002518,CUST-040,BR-03,2025-07-29,2025-07-30,2025-07-30,Delivered,Vidyut Logistics Delivery Van
DEL-000768,SO-002519,INV-002519,CUST-001,BR-01,2025-07-29,2025-07-31,2025-07-31,Delivered,Vidyut Logistics Delivery Van
DEL-000769,SO-002525,INV-002525,CUST-022,BR-01,2025-07-30,2025-07-31,2025-07-31,Delivered,Vidyut Logistics Delivery Van
DEL-000770,SO-002530,INV-002530,CUST-022,BR-01,2025-07-31,2025-08-01,2025-08-02,Delivered,Vidyut Logistics Delivery Van
DEL-000771,SO-002541,INV-002541,CUST-022,BR-01,2025-08-01,2025-08-04,2025-08-04,Delivered,Vidyut Logistics Delivery Van
DEL-000772,SO-002542,INV-002542,CUST-040,BR-03,2025-08-02,2025-08-04,2025-08-05,Delivered,Vidyut Logistics Delivery Van
DEL-000773,SO-002550,INV-002550,CUST-004,BR-01,2025-08-05,2025-08-07,2025-08-07,Delivered,Vidyut Logistics Delivery Van
DEL-000774,SO-002551,INV-002551,CUST-001,BR-01,2025-08-05,2025-08-06,2025-08-06,Delivered,Vidyut Logistics Delivery Van
DEL-000775,SO-002555,INV-002555,CUST-010,BR-01,2025-08-05,2025-08-06,2025-08-07,Delivered,Vidyut Logistics Delivery Van
DEL-000776,SO-002558,INV-002558,CUST-040,BR-03,2025-08-06,2025-08-09,2025-08-09,Delivered,Vidyut Logistics Delivery Van
DEL-000777,SO-002562,INV-002562,CUST-041,BR-03,2025-08-06,2025-08-09,2025-08-10,Delivered,Vidyut Logistics Delivery Van
DEL-000778,SO-002563,INV-002563,CUST-032,BR-02,2025-08-07,2025-08-08,2025-08-08,Delivered,Vidyut Logistics Delivery Van
DEL-000779,SO-002564,INV-002564,CUST-034,BR-02,2025-08-07,2025-08-10,2025-08-10,Delivered,Vidyut Logistics Delivery Van
DEL-000780,SO-002566,INV-002566,CUST-007,BR-01,2025-08-07,2025-08-10,2025-08-10,Delivered,Vidyut Logistics Delivery Van
DEL-000781,SO-002567,INV-002567,CUST-034,BR-02,2025-08-08,2025-08-10,2025-08-10,Delivered,Vidyut Logistics Delivery Van
DEL-000782,SO-002573,INV-002573,CUST-043,BR-03,2025-08-09,2025-08-10,2025-08-10,Delivered,Vidyut Logistics Delivery Van
DEL-000783,SO-002577,INV-002577,CUST-036,BR-02,2025-08-12,2025-08-14,2025-08-14,Delivered,Vidyut Logistics Delivery Van
DEL-000784,SO-002582,INV-002582,CUST-004,BR-01,2025-08-12,2025-08-14,2025-08-14,Delivered,Vidyut Logistics Delivery Van
DEL-000785,SO-002586,INV-002586,CUST-011,BR-01,2025-08-13,2025-08-15,2025-08-15,Delivered,Vidyut Logistics Delivery Van
DEL-000786,SO-002589,INV-002589,CUST-004,BR-01,2025-08-13,2025-08-15,2025-08-15,Delivered,Vidyut Logistics Delivery Van
DEL-000787,SO-002590,INV-002590,CUST-029,BR-02,2025-08-14,2025-08-17,2025-08-17,Delivered,Vidyut Logistics Delivery Van
DEL-000788,SO-002592,INV-002592,CUST-043,BR-03,2025-08-14,2025-08-16,2025-08-16,Delivered,Vidyut Logistics Delivery Van
DEL-000789,SO-002594,INV-002594,CUST-015,BR-01,2025-08-14,2025-08-17,2025-08-18,Delivered,Vidyut Logistics Delivery Van
DEL-000790,SO-002598,INV-002598,CUST-001,BR-01,2025-08-15,2025-08-18,2025-08-18,Delivered,Vidyut Logistics Delivery Van
DEL-000791,SO-002600,INV-002600,CUST-001,BR-01,2025-08-15,2025-08-16,2025-08-16,Delivered,Vidyut Logistics Delivery Van
DEL-000792,SO-002602,INV-002602,CUST-010,BR-01,2025-08-16,2025-08-17,2025-08-17,Delivered,Vidyut Logistics Delivery Van
DEL-000793,SO-002608,INV-002608,CUST-010,BR-01,2025-08-16,2025-08-18,2025-08-19,Delivered,Vidyut Logistics Delivery Van
DEL-000794,SO-002621,INV-002621,CUST-040,BR-03,2025-08-20,2025-08-23,2025-08-23,Delivered,Vidyut Logistics Delivery Van
DEL-000795,SO-002624,INV-002624,CUST-007,BR-01,2025-08-21,2025-08-22,2025-08-22,Delivered,Vidyut Logistics Delivery Van
DEL-000796,SO-002625,INV-002625,CUST-010,BR-01,2025-08-21,2025-08-23,2025-08-23,Delivered,Vidyut Logistics Delivery Van
DEL-000797,SO-002631,INV-002631,CUST-041,BR-03,2025-08-23,2025-08-24,2025-08-24,Delivered,Vidyut Logistics Delivery Van
DEL-000798,SO-002635,INV-002635,CUST-043,BR-03,2025-08-25,2025-08-28,2025-08-28,Delivered,Vidyut Logistics Delivery Van
DEL-000799,SO-002638,INV-002638,CUST-036,BR-02,2025-08-25,2025-08-28,2025-08-28,Delivered,Vidyut Logistics Delivery Van
DEL-000800,SO-002641,INV-002641,CUST-015,BR-01,2025-08-26,2025-08-27,2025-08-27,Delivered,Vidyut Logistics Delivery Van
DEL-000801,SO-002642,INV-002642,CUST-011,BR-01,2025-08-26,2025-08-29,2025-08-29,Delivered,Vidyut Logistics Delivery Van
DEL-000802,SO-002645,INV-002645,CUST-043,BR-03,2025-08-26,2025-08-29,2025-08-29,Delivered,Vidyut Logistics Delivery Van
DEL-000803,SO-002647,INV-002647,CUST-041,BR-03,2025-08-27,2025-08-28,2025-08-28,Delivered,Vidyut Logistics Delivery Van
DEL-000804,SO-002654,INV-002654,CUST-007,BR-01,2025-08-29,2025-08-31,2025-08-31,Delivered,Vidyut Logistics Delivery Van
DEL-000805,SO-002660,INV-002660,CUST-011,BR-01,2025-08-30,2025-09-01,2025-09-01,Delivered,Vidyut Logistics Delivery Van
DEL-000806,SO-002661,INV-002661,CUST-022,BR-01,2025-08-30,2025-09-02,2025-09-03,Delivered,Vidyut Logistics Delivery Van
DEL-000807,SO-002663,INV-002663,CUST-004,BR-01,2025-09-01,2025-09-04,2025-09-04,Delivered,Vidyut Logistics Delivery Van
DEL-000808,SO-002664,INV-002664,CUST-034,BR-02,2025-09-01,2025-09-03,2025-09-03,Delivered,Vidyut Logistics Delivery Van
DEL-000809,SO-002666,INV-002666,CUST-041,BR-03,2025-09-02,2025-09-04,2025-09-04,Delivered,Vidyut Logistics Delivery Van
DEL-000810,SO-002669,INV-002669,CUST-015,BR-01,2025-09-02,2025-09-04,2025-09-04,Delivered,Vidyut Logistics Delivery Van
DEL-000811,SO-002673,INV-002673,CUST-029,BR-02,2025-09-03,2025-09-04,2025-09-04,Delivered,Vidyut Logistics Delivery Van
DEL-000812,SO-002674,INV-002674,CUST-034,BR-02,2025-09-04,2025-09-05,2025-09-05,Delivered,Vidyut Logistics Delivery Van
DEL-000813,SO-002676,INV-002676,CUST-001,BR-01,2025-09-04,2025-09-05,2025-09-06,Delivered,Vidyut Logistics Delivery Van
DEL-000814,SO-002677,INV-002677,CUST-041,BR-03,2025-09-05,2025-09-07,2025-09-07,Delivered,Vidyut Logistics Delivery Van
DEL-000815,SO-002681,INV-002681,CUST-029,BR-02,2025-09-06,2025-09-08,2025-09-08,Delivered,Vidyut Logistics Delivery Van
DEL-000816,SO-002682,INV-002682,CUST-004,BR-01,2025-09-06,2025-09-09,2025-09-10,Delivered,Vidyut Logistics Delivery Van
DEL-000817,SO-002683,INV-002683,CUST-036,BR-02,2025-09-06,2025-09-07,2025-09-07,Delivered,Vidyut Logistics Delivery Van
DEL-000818,SO-002687,INV-002687,CUST-010,BR-01,2025-09-08,2025-09-11,2025-09-11,Delivered,Vidyut Logistics Delivery Van
DEL-000819,SO-002691,INV-002691,CUST-040,BR-03,2025-09-08,2025-09-10,2025-09-10,Delivered,Vidyut Logistics Delivery Van
DEL-000820,SO-002692,INV-002692,CUST-010,BR-01,2025-09-09,2025-09-10,2025-09-10,Delivered,Vidyut Logistics Delivery Van
DEL-000821,SO-002697,INV-002697,CUST-034,BR-02,2025-09-09,2025-09-10,2025-09-11,Delivered,Vidyut Logistics Delivery Van
DEL-000822,SO-002700,INV-002700,CUST-029,BR-02,2025-09-10,2025-09-13,2025-09-13,Delivered,Vidyut Logistics Delivery Van
DEL-000823,SO-002702,INV-002702,CUST-029,BR-02,2025-09-10,2025-09-11,2025-09-12,Delivered,Vidyut Logistics Delivery Van
DEL-000824,SO-002706,INV-002706,CUST-022,BR-01,2025-09-11,2025-09-14,2025-09-14,Delivered,Vidyut Logistics Delivery Van
DEL-000825,SO-002707,INV-002707,CUST-036,BR-02,2025-09-12,2025-09-14,2025-09-14,Delivered,Vidyut Logistics Delivery Van
DEL-000826,SO-002711,INV-002711,CUST-010,BR-01,2025-09-13,2025-09-16,2025-09-16,Delivered,Vidyut Logistics Delivery Van
DEL-000827,SO-002712,INV-002712,CUST-015,BR-01,2025-09-13,2025-09-16,2025-09-16,Delivered,Vidyut Logistics Delivery Van
DEL-000828,SO-002713,INV-002713,CUST-011,BR-01,2025-09-13,2025-09-16,2025-09-16,Delivered,Vidyut Logistics Delivery Van
DEL-000829,SO-002716,INV-002716,CUST-001,BR-01,2025-09-15,2025-09-17,2025-09-17,Delivered,Vidyut Logistics Delivery Van
DEL-000830,SO-002717,INV-002717,CUST-043,BR-03,2025-09-15,2025-09-16,2025-09-16,Delivered,Vidyut Logistics Delivery Van
DEL-000831,SO-002721,INV-002721,CUST-040,BR-03,2025-09-16,2025-09-18,2025-09-18,Delivered,Vidyut Logistics Delivery Van
DEL-000832,SO-002723,INV-002723,CUST-010,BR-01,2025-09-16,2025-09-19,2025-09-19,Delivered,Vidyut Logistics Delivery Van
DEL-000833,SO-002727,INV-002727,CUST-041,BR-03,2025-09-17,2025-09-20,2025-09-20,Delivered,Vidyut Logistics Delivery Van
DEL-000834,SO-002728,INV-002728,CUST-034,BR-02,2025-09-17,2025-09-19,2025-09-19,Delivered,Vidyut Logistics Delivery Van
DEL-000835,SO-002729,INV-002729,CUST-041,BR-03,2025-09-18,2025-09-19,2025-09-19,Delivered,Vidyut Logistics Delivery Van
DEL-000836,SO-002730,INV-002730,CUST-001,BR-01,2025-09-18,2025-09-19,2025-09-20,Delivered,Vidyut Logistics Delivery Van
DEL-000837,SO-002732,INV-002732,CUST-041,BR-03,2025-09-19,2025-09-21,2025-09-21,Delivered,Vidyut Logistics Delivery Van
DEL-000838,SO-002747,INV-002747,CUST-041,BR-03,2025-09-22,2025-09-23,2025-09-23,Delivered,Vidyut Logistics Delivery Van
DEL-000839,SO-002753,INV-002753,CUST-041,BR-03,2025-09-23,2025-09-25,2025-09-25,Delivered,Vidyut Logistics Delivery Van
DEL-000840,SO-002760,INV-002760,CUST-007,BR-01,2025-09-24,2025-09-25,2025-09-25,Delivered,Vidyut Logistics Delivery Van
DEL-000841,SO-002763,INV-002763,CUST-034,BR-02,2025-09-25,2025-09-27,2025-09-27,Delivered,Vidyut Logistics Delivery Van
DEL-000842,SO-002767,INV-002767,CUST-011,BR-01,2025-09-26,2025-09-27,2025-09-27,Delivered,Vidyut Logistics Delivery Van
DEL-000843,SO-002768,INV-002768,CUST-034,BR-02,2025-09-26,2025-09-29,2025-09-29,Delivered,Vidyut Logistics Delivery Van
DEL-000844,SO-002769,INV-002769,CUST-036,BR-02,2025-09-26,2025-09-27,2025-09-27,Delivered,Vidyut Logistics Delivery Van
DEL-000845,SO-002780,INV-002780,CUST-029,BR-02,2025-09-29,2025-10-01,2025-10-03,Delivered,Vidyut Logistics Delivery Van
DEL-000846,SO-002782,INV-002782,CUST-034,BR-02,2025-09-29,2025-09-30,2025-09-30,Delivered,Vidyut Logistics Delivery Van
DEL-000847,SO-002784,INV-002784,CUST-041,BR-03,2025-09-30,2025-10-02,2025-10-02,Delivered,Vidyut Logistics Delivery Van
DEL-000848,SO-002785,INV-002785,CUST-004,BR-01,2025-09-30,2025-10-03,2025-10-03,Delivered,Vidyut Logistics Delivery Van
DEL-000849,SO-002786,INV-002786,CUST-041,BR-03,2025-09-30,2025-10-01,2025-10-01,Delivered,Vidyut Logistics Delivery Van
DEL-000850,SO-002794,INV-002794,CUST-001,BR-01,2025-10-01,2025-10-03,2025-10-03,Delivered,Vidyut Logistics Delivery Van
DEL-000851,SO-002795,INV-002795,CUST-036,BR-02,2025-10-02,2025-10-04,2025-10-04,Delivered,Vidyut Logistics Delivery Van
DEL-000852,SO-002801,INV-002801,CUST-010,BR-01,2025-10-03,2025-10-05,2025-10-05,Delivered,Vidyut Logistics Delivery Van
DEL-000853,SO-002802,INV-002802,CUST-010,BR-01,2025-10-03,2025-10-04,2025-10-05,Delivered,Vidyut Logistics Delivery Van
DEL-000854,SO-002808,INV-002808,CUST-011,BR-01,2025-10-04,2025-10-06,2025-10-06,Delivered,Vidyut Logistics Delivery Van
DEL-000855,SO-002811,INV-002811,CUST-029,BR-02,2025-10-06,2025-10-07,2025-10-07,Delivered,Vidyut Logistics Delivery Van
DEL-000856,SO-002813,INV-002813,CUST-040,BR-03,2025-10-06,2025-10-08,2025-10-08,Delivered,Vidyut Logistics Delivery Van
DEL-000857,SO-002814,INV-002814,CUST-041,BR-03,2025-10-07,2025-10-10,2025-10-10,Delivered,Vidyut Logistics Delivery Van
DEL-000858,SO-002815,INV-002815,CUST-004,BR-01,2025-10-07,2025-10-10,2025-10-10,Delivered,Vidyut Logistics Delivery Van
DEL-000859,SO-002816,INV-002816,CUST-041,BR-03,2025-10-07,2025-10-09,2025-10-10,Delivered,Vidyut Logistics Delivery Van
DEL-000860,SO-002818,INV-002818,CUST-041,BR-03,2025-10-07,2025-10-10,2025-10-10,Delivered,Vidyut Logistics Delivery Van
DEL-000861,SO-002819,INV-002819,CUST-041,BR-03,2025-10-07,2025-10-10,2025-10-10,Delivered,Vidyut Logistics Delivery Van
DEL-000862,SO-002824,INV-002824,CUST-040,BR-03,2025-10-09,2025-10-12,2025-10-12,Delivered,Vidyut Logistics Delivery Van
DEL-000863,SO-002828,INV-002828,CUST-022,BR-01,2025-10-09,2025-10-11,2025-10-11,Delivered,Vidyut Logistics Delivery Van
DEL-000864,SO-002838,INV-002838,CUST-034,BR-02,2025-10-13,2025-10-15,2025-10-15,Delivered,Vidyut Logistics Delivery Van
DEL-000865,SO-002840,INV-002840,CUST-007,BR-01,2025-10-13,2025-10-14,2025-10-14,Delivered,Vidyut Logistics Delivery Van
DEL-000866,SO-002841,INV-002841,CUST-032,BR-02,2025-10-13,2025-10-16,2025-10-17,Delivered,Vidyut Logistics Delivery Van
DEL-000867,SO-002843,INV-002843,CUST-007,BR-01,2025-10-14,2025-10-16,2025-10-16,Delivered,Vidyut Logistics Delivery Van
DEL-000868,SO-002850,INV-002850,CUST-022,BR-01,2025-10-15,2025-10-16,2025-10-17,Delivered,Vidyut Logistics Delivery Van
DEL-000869,SO-002852,INV-002852,CUST-036,BR-02,2025-10-15,2025-10-18,2025-10-19,Delivered,Vidyut Logistics Delivery Van
DEL-000870,SO-002856,INV-002856,CUST-032,BR-02,2025-10-16,2025-10-19,2025-10-20,Delivered,Vidyut Logistics Delivery Van
DEL-000871,SO-002857,INV-002857,CUST-022,BR-01,2025-10-16,2025-10-17,2025-10-17,Delivered,Vidyut Logistics Delivery Van
DEL-000872,SO-002864,INV-002864,CUST-022,BR-01,2025-10-17,2025-10-19,2025-10-19,Delivered,Vidyut Logistics Delivery Van
DEL-000873,SO-002873,INV-002873,CUST-034,BR-02,2025-10-18,2025-10-20,2025-10-20,Delivered,Vidyut Logistics Delivery Van
DEL-000874,SO-002879,INV-002879,CUST-015,BR-01,2025-10-20,2025-10-22,2025-10-22,Delivered,Vidyut Logistics Delivery Van
DEL-000875,SO-002883,INV-002883,CUST-043,BR-03,2025-10-21,2025-10-22,2025-10-22,Delivered,Vidyut Logistics Delivery Van
DEL-000876,SO-002885,INV-002885,CUST-004,BR-01,2025-10-21,2025-10-23,2025-10-23,Delivered,Vidyut Logistics Delivery Van
DEL-000877,SO-002887,INV-002887,CUST-040,BR-03,2025-10-21,2025-10-23,2025-10-24,Delivered,Vidyut Logistics Delivery Van
DEL-000878,SO-002889,INV-002889,CUST-001,BR-01,2025-10-22,2025-10-23,2025-10-23,Delivered,Vidyut Logistics Delivery Van
DEL-000879,SO-002892,INV-002892,CUST-022,BR-01,2025-10-22,2025-10-24,2025-10-24,Delivered,Vidyut Logistics Delivery Van
DEL-000880,SO-002899,INV-002899,CUST-011,BR-01,2025-10-23,2025-10-24,2025-10-24,Delivered,Vidyut Logistics Delivery Van
DEL-000881,SO-002900,INV-002900,CUST-007,BR-01,2025-10-24,2025-10-25,2025-10-26,Delivered,Vidyut Logistics Delivery Van
DEL-000882,SO-002905,INV-002905,CUST-029,BR-02,2025-10-25,2025-10-27,2025-10-27,Delivered,Vidyut Logistics Delivery Van
DEL-000883,SO-002907,INV-002907,CUST-034,BR-02,2025-10-25,2025-10-26,2025-10-26,Delivered,Vidyut Logistics Delivery Van
DEL-000884,SO-002912,INV-002912,CUST-041,BR-03,2025-10-28,2025-10-31,2025-10-31,Delivered,Vidyut Logistics Delivery Van
DEL-000885,SO-002931,INV-002931,CUST-010,BR-01,2025-10-31,2025-11-02,2025-11-03,Delivered,Vidyut Logistics Delivery Van
DEL-000886,SO-002932,INV-002932,CUST-034,BR-02,2025-10-31,2025-11-02,2025-11-02,Delivered,Vidyut Logistics Delivery Van
DEL-000887,SO-002936,INV-002936,CUST-040,BR-03,2025-11-01,2025-11-02,2025-11-02,Delivered,Vidyut Logistics Delivery Van
DEL-000888,SO-002942,INV-002942,CUST-043,BR-03,2025-11-01,2025-11-04,2025-11-04,Delivered,Vidyut Logistics Delivery Van
DEL-000889,SO-002943,INV-002943,CUST-001,BR-01,2025-11-03,2025-11-05,2025-11-06,Delivered,Vidyut Logistics Delivery Van
DEL-000890,SO-002944,INV-002944,CUST-015,BR-01,2025-11-03,2025-11-04,2025-11-04,Delivered,Vidyut Logistics Delivery Van
DEL-000891,SO-002946,INV-002946,CUST-043,BR-03,2025-11-03,2025-11-04,2025-11-04,Delivered,Vidyut Logistics Delivery Van
DEL-000892,SO-002955,INV-002955,CUST-007,BR-01,2025-11-06,2025-11-07,2025-11-07,Delivered,Vidyut Logistics Delivery Van
DEL-000893,SO-002961,INV-002961,CUST-036,BR-02,2025-11-06,2025-11-08,2025-11-08,Delivered,Vidyut Logistics Delivery Van
DEL-000894,SO-002966,INV-002966,CUST-036,BR-02,2025-11-07,2025-11-09,2025-11-09,Delivered,Vidyut Logistics Delivery Van
DEL-000895,SO-002967,INV-002967,CUST-015,BR-01,2025-11-08,2025-11-09,2025-11-09,Delivered,Vidyut Logistics Delivery Van
DEL-000896,SO-002968,INV-002968,CUST-022,BR-01,2025-11-08,2025-11-11,2025-11-12,Delivered,Vidyut Logistics Delivery Van
DEL-000897,SO-002973,INV-002973,CUST-032,BR-02,2025-11-10,2025-11-13,2025-11-13,Delivered,Vidyut Logistics Delivery Van
DEL-000898,SO-002978,INV-002978,CUST-029,BR-02,2025-11-11,2025-11-13,2025-11-13,Delivered,Vidyut Logistics Delivery Van
DEL-000899,SO-002980,INV-002980,CUST-004,BR-01,2025-11-11,2025-11-14,2025-11-14,Delivered,Vidyut Logistics Delivery Van
DEL-000900,SO-002991,INV-002991,CUST-036,BR-02,2025-11-13,2025-11-15,2025-11-15,Delivered,Vidyut Logistics Delivery Van
DEL-000901,SO-002998,INV-002998,CUST-029,BR-02,2025-11-14,2025-11-16,2025-11-16,Delivered,Vidyut Logistics Delivery Van
DEL-000902,SO-003001,INV-003001,CUST-041,BR-03,2025-11-15,2025-11-16,2025-11-16,Delivered,Vidyut Logistics Delivery Van
DEL-000903,SO-003004,INV-003004,CUST-036,BR-02,2025-11-15,2025-11-18,2025-11-18,Delivered,Vidyut Logistics Delivery Van
DEL-000904,SO-003007,INV-003007,CUST-011,BR-01,2025-11-17,2025-11-19,2025-11-19,Delivered,Vidyut Logistics Delivery Van
DEL-000905,SO-003008,INV-003008,CUST-022,BR-01,2025-11-17,2025-11-18,2025-11-19,Delivered,Vidyut Logistics Delivery Van
DEL-000906,SO-003010,INV-003010,CUST-011,BR-01,2025-11-17,2025-11-19,2025-11-19,Delivered,Vidyut Logistics Delivery Van
DEL-000907,SO-003011,INV-003011,CUST-015,BR-01,2025-11-17,2025-11-20,2025-11-20,Delivered,Vidyut Logistics Delivery Van
DEL-000908,SO-003013,INV-003013,CUST-015,BR-01,2025-11-18,2025-11-19,2025-11-19,Delivered,Vidyut Logistics Delivery Van
DEL-000909,SO-003018,INV-003018,CUST-022,BR-01,2025-11-18,2025-11-21,2025-11-22,Delivered,Vidyut Logistics Delivery Van
DEL-000910,SO-003019,INV-003019,CUST-036,BR-02,2025-11-18,2025-11-21,2025-11-21,Delivered,Vidyut Logistics Delivery Van
DEL-000911,SO-003024,INV-003024,CUST-034,BR-02,2025-11-20,2025-11-22,2025-11-22,Delivered,Vidyut Logistics Delivery Van
DEL-000912,SO-003029,INV-003029,CUST-041,BR-03,2025-11-21,2025-11-24,2025-11-24,Delivered,Vidyut Logistics Delivery Van
DEL-000913,SO-003030,INV-003030,CUST-032,BR-02,2025-11-21,2025-11-22,2025-11-22,Delivered,Vidyut Logistics Delivery Van
DEL-000914,SO-003032,INV-003032,CUST-015,BR-01,2025-11-21,2025-11-22,2025-11-22,Delivered,Vidyut Logistics Delivery Van
DEL-000915,SO-003038,INV-003038,CUST-022,BR-01,2025-11-22,2025-11-23,2025-11-24,Delivered,Vidyut Logistics Delivery Van
DEL-000916,SO-003039,INV-003039,CUST-036,BR-02,2025-11-22,2025-11-23,2025-11-24,Delivered,Vidyut Logistics Delivery Van
DEL-000917,SO-003040,INV-003040,CUST-015,BR-01,2025-11-24,2025-11-26,2025-11-26,Delivered,Vidyut Logistics Delivery Van
DEL-000918,SO-003042,INV-003042,CUST-029,BR-02,2025-11-24,2025-11-26,2025-11-26,Delivered,Vidyut Logistics Delivery Van
DEL-000919,SO-003046,INV-003046,CUST-041,BR-03,2025-11-25,2025-11-27,2025-11-27,Delivered,Vidyut Logistics Delivery Van
DEL-000920,SO-003049,INV-003049,CUST-036,BR-02,2025-11-26,2025-11-27,2025-11-27,Delivered,Vidyut Logistics Delivery Van
DEL-000921,SO-003050,INV-003050,CUST-004,BR-01,2025-11-26,2025-11-27,2025-11-27,Delivered,Vidyut Logistics Delivery Van
DEL-000922,SO-003051,INV-003051,CUST-032,BR-02,2025-11-26,2025-11-29,2025-11-30,Delivered,Vidyut Logistics Delivery Van
DEL-000923,SO-003052,INV-003052,CUST-010,BR-01,2025-11-26,2025-11-28,2025-11-30,Delivered,Vidyut Logistics Delivery Van
DEL-000924,SO-003053,INV-003053,CUST-004,BR-01,2025-11-26,2025-11-28,2025-11-29,Delivered,Vidyut Logistics Delivery Van
DEL-000925,SO-003057,INV-003057,CUST-032,BR-02,2025-11-27,2025-11-30,2025-11-30,Delivered,Vidyut Logistics Delivery Van
DEL-000926,SO-003063,INV-003063,CUST-041,BR-03,2025-11-28,2025-11-30,2025-12-01,Delivered,Vidyut Logistics Delivery Van
DEL-000927,SO-003065,INV-003065,CUST-010,BR-01,2025-11-28,2025-11-30,2025-11-30,Delivered,Vidyut Logistics Delivery Van
DEL-000928,SO-003069,INV-003069,CUST-040,BR-03,2025-11-29,2025-11-30,2025-11-30,Delivered,Vidyut Logistics Delivery Van
DEL-000929,SO-003072,INV-003072,CUST-001,BR-01,2025-12-01,2025-12-04,2025-12-04,Delivered,Vidyut Logistics Delivery Van
DEL-000930,SO-003079,INV-003079,CUST-034,BR-02,2025-12-03,2025-12-06,2025-12-06,Delivered,Vidyut Logistics Delivery Van
DEL-000931,SO-003081,INV-003081,CUST-015,BR-01,2025-12-03,2025-12-05,2025-12-05,Delivered,Vidyut Logistics Delivery Van
DEL-000932,SO-003083,INV-003083,CUST-015,BR-01,2025-12-03,2025-12-04,2025-12-04,Delivered,Vidyut Logistics Delivery Van
DEL-000933,SO-003084,INV-003084,CUST-007,BR-01,2025-12-03,2025-12-04,2025-12-05,Delivered,Vidyut Logistics Delivery Van
DEL-000934,SO-003091,INV-003091,CUST-022,BR-01,2025-12-04,2025-12-05,2025-12-06,Delivered,Vidyut Logistics Delivery Van
DEL-000935,SO-003093,INV-003093,CUST-007,BR-01,2025-12-05,2025-12-06,2025-12-06,Delivered,Vidyut Logistics Delivery Van
DEL-000936,SO-003096,INV-003096,CUST-022,BR-01,2025-12-05,2025-12-08,2025-12-09,Delivered,Vidyut Logistics Delivery Van
DEL-000937,SO-003101,INV-003101,CUST-034,BR-02,2025-12-06,2025-12-08,2025-12-08,Delivered,Vidyut Logistics Delivery Van
DEL-000938,SO-003108,INV-003108,CUST-011,BR-01,2025-12-08,2025-12-10,2025-12-10,Delivered,Vidyut Logistics Delivery Van
DEL-000939,SO-003114,INV-003114,CUST-004,BR-01,2025-12-09,2025-12-11,2025-12-13,Delivered,Vidyut Logistics Delivery Van
DEL-000940,SO-003118,INV-003118,CUST-004,BR-01,2025-12-10,2025-12-12,2025-12-12,Delivered,Vidyut Logistics Delivery Van
DEL-000941,SO-003119,INV-003119,CUST-032,BR-02,2025-12-10,2025-12-11,2025-12-12,Delivered,Vidyut Logistics Delivery Van
DEL-000942,SO-003120,INV-003120,CUST-043,BR-03,2025-12-10,2025-12-13,2025-12-13,Delivered,Vidyut Logistics Delivery Van
DEL-000943,SO-003121,INV-003121,CUST-022,BR-01,2025-12-10,2025-12-13,2025-12-13,Delivered,Vidyut Logistics Delivery Van
DEL-000944,SO-003123,INV-003123,CUST-029,BR-02,2025-12-10,2025-12-11,2025-12-12,Delivered,Vidyut Logistics Delivery Van
DEL-000945,SO-003130,INV-003130,CUST-043,BR-03,2025-12-12,2025-12-13,2025-12-13,Delivered,Vidyut Logistics Delivery Van
DEL-000946,SO-003135,INV-003135,CUST-040,BR-03,2025-12-13,2025-12-15,2025-12-16,Delivered,Vidyut Logistics Delivery Van
DEL-000947,SO-003136,INV-003136,CUST-029,BR-02,2025-12-13,2025-12-15,2025-12-16,Delivered,Vidyut Logistics Delivery Van
DEL-000948,SO-003137,INV-003137,CUST-043,BR-03,2025-12-13,2025-12-15,2025-12-15,Delivered,Vidyut Logistics Delivery Van
DEL-000949,SO-003139,INV-003139,CUST-001,BR-01,2025-12-15,2025-12-16,2025-12-16,Delivered,Vidyut Logistics Delivery Van
DEL-000950,SO-003141,INV-003141,CUST-015,BR-01,2025-12-15,2025-12-16,2025-12-17,Delivered,Vidyut Logistics Delivery Van
DEL-000951,SO-003143,INV-003143,CUST-001,BR-01,2025-12-16,2025-12-18,2025-12-18,Delivered,Vidyut Logistics Delivery Van
DEL-000952,SO-003151,INV-003151,CUST-010,BR-01,2025-12-18,2025-12-19,2025-12-19,Delivered,Vidyut Logistics Delivery Van
DEL-000953,SO-003157,INV-003157,CUST-029,BR-02,2025-12-19,2025-12-20,2025-12-20,Delivered,Vidyut Logistics Delivery Van
DEL-000954,SO-003162,INV-003162,CUST-043,BR-03,2025-12-20,2025-12-23,2025-12-23,Delivered,Vidyut Logistics Delivery Van
DEL-000955,SO-003164,INV-003164,CUST-032,BR-02,2025-12-20,2025-12-23,2025-12-23,Delivered,Vidyut Logistics Delivery Van
DEL-000956,SO-003165,INV-003165,CUST-034,BR-02,2025-12-20,2025-12-21,2025-12-21,Delivered,Vidyut Logistics Delivery Van
DEL-000957,SO-003170,INV-003170,CUST-001,BR-01,2025-12-22,2025-12-25,2025-12-25,Delivered,Vidyut Logistics Delivery Van
DEL-000958,SO-003175,INV-003175,CUST-034,BR-02,2025-12-23,2025-12-26,2025-12-26,Delivered,Vidyut Logistics Delivery Van
DEL-000959,SO-003177,INV-003177,CUST-022,BR-01,2025-12-23,2025-12-24,2025-12-24,Delivered,Vidyut Logistics Delivery Van
DEL-000960,SO-003179,INV-003179,CUST-043,BR-03,2025-12-24,2025-12-27,2025-12-27,Delivered,Vidyut Logistics Delivery Van
DEL-000961,SO-003181,INV-003181,CUST-001,BR-01,2025-12-24,2025-12-26,2025-12-26,Delivered,Vidyut Logistics Delivery Van
DEL-000962,SO-003183,INV-003183,CUST-036,BR-02,2025-12-24,2025-12-25,2025-12-26,Delivered,Vidyut Logistics Delivery Van
DEL-000963,SO-003187,INV-003187,CUST-032,BR-02,2025-12-25,2025-12-26,2025-12-26,Delivered,Vidyut Logistics Delivery Van
DEL-000964,SO-003189,INV-003189,CUST-007,BR-01,2025-12-25,2025-12-28,2025-12-28,Delivered,Vidyut Logistics Delivery Van
DEL-000965,SO-003194,INV-003194,CUST-022,BR-01,2025-12-26,2025-12-27,2025-12-27,Delivered,Vidyut Logistics Delivery Van
DEL-000966,SO-003202,INV-003202,CUST-011,BR-01,2025-12-29,2025-12-30,2025-12-30,Delivered,Vidyut Logistics Delivery Van
DEL-000967,SO-003211,INV-003211,CUST-007,BR-01,2025-12-30,2026-01-01,2026-01-01,Delivered,Vidyut Logistics Delivery Van
DEL-000968,SO-003212,INV-003212,CUST-004,BR-01,2025-12-30,2025-12-31,2025-12-31,Delivered,Vidyut Logistics Delivery Van
DEL-000969,SO-003218,INV-003218,CUST-041,BR-03,2026-01-01,2026-01-04,2026-01-05,Delivered,Vidyut Logistics Delivery Van
DEL-000970,SO-003221,INV-003221,CUST-029,BR-02,2026-01-01,2026-01-03,2026-01-03,Delivered,Vidyut Logistics Delivery Van
DEL-000971,SO-003224,INV-003224,CUST-011,BR-01,2026-01-02,2026-01-05,2026-01-05,Delivered,Vidyut Logistics Delivery Van
DEL-000972,SO-003225,INV-003225,CUST-004,BR-01,2026-01-02,2026-01-03,2026-01-03,Delivered,Vidyut Logistics Delivery Van
DEL-000973,SO-003233,INV-003233,CUST-022,BR-01,2026-01-03,2026-01-05,2026-01-06,Delivered,Vidyut Logistics Delivery Van
DEL-000974,SO-003238,INV-003238,CUST-007,BR-01,2026-01-05,2026-01-06,2026-01-06,Delivered,Vidyut Logistics Delivery Van
DEL-000975,SO-003242,INV-003242,CUST-029,BR-02,2026-01-06,2026-01-07,2026-01-07,Delivered,Vidyut Logistics Delivery Van
DEL-000976,SO-003248,INV-003248,CUST-015,BR-01,2026-01-07,2026-01-08,2026-01-09,Delivered,Vidyut Logistics Delivery Van
DEL-000977,SO-003249,INV-003249,CUST-034,BR-02,2026-01-07,2026-01-09,2026-01-09,Delivered,Vidyut Logistics Delivery Van
DEL-000978,SO-003252,INV-003252,CUST-032,BR-02,2026-01-07,2026-01-09,2026-01-09,Delivered,Vidyut Logistics Delivery Van
DEL-000979,SO-003257,INV-003257,CUST-043,BR-03,2026-01-08,2026-01-11,2026-01-11,Delivered,Vidyut Logistics Delivery Van
DEL-000980,SO-003270,INV-003270,CUST-010,BR-01,2026-01-10,2026-01-12,2026-01-13,Delivered,Vidyut Logistics Delivery Van
DEL-000981,SO-003277,INV-003277,CUST-036,BR-02,2026-01-12,2026-01-13,2026-01-15,Delivered,Vidyut Logistics Delivery Van
DEL-000982,SO-003279,INV-003279,CUST-001,BR-01,2026-01-13,2026-01-16,2026-01-16,Delivered,Vidyut Logistics Delivery Van
DEL-000983,SO-003281,INV-003281,CUST-041,BR-03,2026-01-13,2026-01-14,2026-01-14,Delivered,Vidyut Logistics Delivery Van
DEL-000984,SO-003285,INV-003285,CUST-041,BR-03,2026-01-14,2026-01-17,2026-01-18,Delivered,Vidyut Logistics Delivery Van
DEL-000985,SO-003286,INV-003286,CUST-007,BR-01,2026-01-15,2026-01-17,2026-01-17,Delivered,Vidyut Logistics Delivery Van
DEL-000986,SO-003288,INV-003288,CUST-022,BR-01,2026-01-15,2026-01-18,2026-01-18,Delivered,Vidyut Logistics Delivery Van
DEL-000987,SO-003291,INV-003291,CUST-040,BR-03,2026-01-15,2026-01-16,2026-01-17,Delivered,Vidyut Logistics Delivery Van
DEL-000988,SO-003292,INV-003292,CUST-041,BR-03,2026-01-16,2026-01-17,2026-01-17,Delivered,Vidyut Logistics Delivery Van
DEL-000989,SO-003300,INV-003300,CUST-029,BR-02,2026-01-17,2026-01-20,2026-01-20,Delivered,Vidyut Logistics Delivery Van
DEL-000990,SO-003301,INV-003301,CUST-004,BR-01,2026-01-19,2026-01-20,2026-01-20,Delivered,Vidyut Logistics Delivery Van
DEL-000991,SO-003304,INV-003304,CUST-022,BR-01,2026-01-19,2026-01-21,2026-01-22,Delivered,Vidyut Logistics Delivery Van
DEL-000992,SO-003305,INV-003305,CUST-043,BR-03,2026-01-20,2026-01-22,2026-01-23,Delivered,Vidyut Logistics Delivery Van
DEL-000993,SO-003306,INV-003306,CUST-032,BR-02,2026-01-20,2026-01-22,2026-01-22,Delivered,Vidyut Logistics Delivery Van
DEL-000994,SO-003307,INV-003307,CUST-010,BR-01,2026-01-20,2026-01-22,2026-01-23,Delivered,Vidyut Logistics Delivery Van
DEL-000995,SO-003310,INV-003310,CUST-015,BR-01,2026-01-20,2026-01-21,2026-01-21,Delivered,Vidyut Logistics Delivery Van
DEL-000996,SO-003311,INV-003311,CUST-015,BR-01,2026-01-20,2026-01-21,2026-01-21,Delivered,Vidyut Logistics Delivery Van
DEL-000997,SO-003313,INV-003313,CUST-043,BR-03,2026-01-21,2026-01-22,2026-01-22,Delivered,Vidyut Logistics Delivery Van
DEL-000998,SO-003318,INV-003318,CUST-007,BR-01,2026-01-21,2026-01-23,2026-01-23,Delivered,Vidyut Logistics Delivery Van
DEL-000999,SO-003319,INV-003319,CUST-043,BR-03,2026-01-22,2026-01-24,2026-01-24,Delivered,Vidyut Logistics Delivery Van
DEL-001000,SO-003321,INV-003321,CUST-029,BR-02,2026-01-22,2026-01-23,2026-01-23,Delivered,Vidyut Logistics Delivery Van
DEL-001001,SO-003322,INV-003322,CUST-032,BR-02,2026-01-22,2026-01-23,2026-01-23,Delivered,Vidyut Logistics Delivery Van
DEL-001002,SO-003323,INV-003323,CUST-004,BR-01,2026-01-22,2026-01-24,2026-01-24,Delivered,Vidyut Logistics Delivery Van
DEL-001003,SO-003325,INV-003325,CUST-029,BR-02,2026-01-22,2026-01-23,2026-01-23,Delivered,Vidyut Logistics Delivery Van
DEL-001004,SO-003331,INV-003331,CUST-036,BR-02,2026-01-23,2026-01-26,2026-01-27,Delivered,Vidyut Logistics Delivery Van
DEL-001005,SO-003334,INV-003334,CUST-001,BR-01,2026-01-24,2026-01-26,2026-01-27,Delivered,Vidyut Logistics Delivery Van
DEL-001006,SO-003337,INV-003337,CUST-001,BR-01,2026-01-24,2026-01-25,2026-01-25,Delivered,Vidyut Logistics Delivery Van
DEL-001007,SO-003338,INV-003338,CUST-041,BR-03,2026-01-24,2026-01-25,2026-01-25,Delivered,Vidyut Logistics Delivery Van
DEL-001008,SO-003340,INV-003340,CUST-015,BR-01,2026-01-26,2026-01-28,2026-01-29,Delivered,Vidyut Logistics Delivery Van
DEL-001009,SO-003350,INV-003350,CUST-010,BR-01,2026-01-27,2026-01-28,2026-01-28,Delivered,Vidyut Logistics Delivery Van
DEL-001010,SO-003352,INV-003352,CUST-029,BR-02,2026-01-28,2026-01-29,2026-01-30,Delivered,Vidyut Logistics Delivery Van
DEL-001011,SO-003354,INV-003354,CUST-036,BR-02,2026-01-28,2026-01-31,2026-01-31,Delivered,Vidyut Logistics Delivery Van
DEL-001012,SO-003356,INV-003356,CUST-032,BR-02,2026-01-28,2026-01-29,2026-01-29,Delivered,Vidyut Logistics Delivery Van
DEL-001013,SO-003357,INV-003357,CUST-011,BR-01,2026-01-28,2026-01-31,2026-01-31,Delivered,Vidyut Logistics Delivery Van
DEL-001014,SO-003362,INV-003362,CUST-015,BR-01,2026-01-30,2026-01-31,2026-01-31,Delivered,Vidyut Logistics Delivery Van
DEL-001015,SO-003365,INV-003365,CUST-007,BR-01,2026-01-30,2026-02-02,2026-02-02,Delivered,Vidyut Logistics Delivery Van
DEL-001016,SO-003371,INV-003371,CUST-022,BR-01,2026-01-31,2026-02-02,2026-02-02,Delivered,Vidyut Logistics Delivery Van
DEL-001017,SO-003372,INV-003372,CUST-022,BR-01,2026-01-31,2026-02-02,2026-02-02,Delivered,Vidyut Logistics Delivery Van
DEL-001018,SO-003374,INV-003374,CUST-041,BR-03,2026-01-31,2026-02-02,2026-02-02,Delivered,Vidyut Logistics Delivery Van
DEL-001019,SO-003382,INV-003382,CUST-022,BR-01,2026-02-03,2026-02-06,2026-02-06,Delivered,Vidyut Logistics Delivery Van
DEL-001020,SO-003386,INV-003386,CUST-010,BR-01,2026-02-03,2026-02-04,2026-02-04,Delivered,Vidyut Logistics Delivery Van
DEL-001021,SO-003388,INV-003388,CUST-007,BR-01,2026-02-04,2026-02-05,2026-02-05,Delivered,Vidyut Logistics Delivery Van
DEL-001022,SO-003391,INV-003391,CUST-015,BR-01,2026-02-05,2026-02-06,2026-02-07,Delivered,Vidyut Logistics Delivery Van
DEL-001023,SO-003395,INV-003395,CUST-041,BR-03,2026-02-06,2026-02-07,2026-02-07,Delivered,Vidyut Logistics Delivery Van
DEL-001024,SO-003402,INV-003402,CUST-010,BR-01,2026-02-07,2026-02-10,2026-02-10,Delivered,Vidyut Logistics Delivery Van
DEL-001025,SO-003405,INV-003405,CUST-029,BR-02,2026-02-09,2026-02-12,2026-02-12,Delivered,Vidyut Logistics Delivery Van
DEL-001026,SO-003406,INV-003406,CUST-022,BR-01,2026-02-09,2026-02-11,2026-02-11,Delivered,Vidyut Logistics Delivery Van
DEL-001027,SO-003407,INV-003407,CUST-041,BR-03,2026-02-09,2026-02-10,2026-02-11,Delivered,Vidyut Logistics Delivery Van
DEL-001028,SO-003410,INV-003410,CUST-010,BR-01,2026-02-09,2026-02-10,2026-02-10,Delivered,Vidyut Logistics Delivery Van
DEL-001029,SO-003411,INV-003411,CUST-015,BR-01,2026-02-09,2026-02-10,2026-02-11,Delivered,Vidyut Logistics Delivery Van
DEL-001030,SO-003412,INV-003412,CUST-029,BR-02,2026-02-10,2026-02-11,2026-02-11,Delivered,Vidyut Logistics Delivery Van
DEL-001031,SO-003414,INV-003414,CUST-015,BR-01,2026-02-10,2026-02-11,2026-02-11,Delivered,Vidyut Logistics Delivery Van
DEL-001032,SO-003415,INV-003415,CUST-015,BR-01,2026-02-10,2026-02-12,2026-02-12,Delivered,Vidyut Logistics Delivery Van
DEL-001033,SO-003416,INV-003416,CUST-004,BR-01,2026-02-10,2026-02-12,2026-02-12,Delivered,Vidyut Logistics Delivery Van
DEL-001034,SO-003418,INV-003418,CUST-004,BR-01,2026-02-11,2026-02-13,2026-02-13,Delivered,Vidyut Logistics Delivery Van
DEL-001035,SO-003423,INV-003423,CUST-034,BR-02,2026-02-12,2026-02-14,2026-02-14,Delivered,Vidyut Logistics Delivery Van
DEL-001036,SO-003425,INV-003425,CUST-043,BR-03,2026-02-13,2026-02-15,2026-02-15,Delivered,Vidyut Logistics Delivery Van
DEL-001037,SO-003427,INV-003427,CUST-004,BR-01,2026-02-13,2026-02-15,2026-02-15,Delivered,Vidyut Logistics Delivery Van
DEL-001038,SO-003429,INV-003429,CUST-043,BR-03,2026-02-13,2026-02-14,2026-02-14,Delivered,Vidyut Logistics Delivery Van
DEL-001039,SO-003434,INV-003434,CUST-041,BR-03,2026-02-14,2026-02-17,2026-02-17,Delivered,Vidyut Logistics Delivery Van
DEL-001040,SO-003436,INV-003436,CUST-011,BR-01,2026-02-14,2026-02-15,2026-02-15,Delivered,Vidyut Logistics Delivery Van
DEL-001041,SO-003440,INV-003440,CUST-041,BR-03,2026-02-16,2026-02-17,2026-02-17,Delivered,Vidyut Logistics Delivery Van
DEL-001042,SO-003441,INV-003441,CUST-004,BR-01,2026-02-16,2026-02-18,2026-02-18,Delivered,Vidyut Logistics Delivery Van
DEL-001043,SO-003442,INV-003442,CUST-015,BR-01,2026-02-16,2026-02-17,2026-02-17,Delivered,Vidyut Logistics Delivery Van
DEL-001044,SO-003443,INV-003443,CUST-041,BR-03,2026-02-16,2026-02-17,2026-02-17,Delivered,Vidyut Logistics Delivery Van
DEL-001045,SO-003444,INV-003444,CUST-029,BR-02,2026-02-16,2026-02-19,2026-02-19,Delivered,Vidyut Logistics Delivery Van
DEL-001046,SO-003445,INV-003445,CUST-032,BR-02,2026-02-16,2026-02-17,2026-02-17,Delivered,Vidyut Logistics Delivery Van
DEL-001047,SO-003458,INV-003458,CUST-010,BR-01,2026-02-19,2026-02-20,2026-02-21,Delivered,Vidyut Logistics Delivery Van
DEL-001048,SO-003460,INV-003460,CUST-029,BR-02,2026-02-20,2026-02-23,2026-02-23,Delivered,Vidyut Logistics Delivery Van
DEL-001049,SO-003471,INV-003471,CUST-040,BR-03,2026-02-23,2026-02-25,2026-02-26,Delivered,Vidyut Logistics Delivery Van
DEL-001050,SO-003472,INV-003472,CUST-040,BR-03,2026-02-23,2026-02-25,2026-02-25,Delivered,Vidyut Logistics Delivery Van
DEL-001051,SO-003480,INV-003480,CUST-041,BR-03,2026-02-25,2026-02-28,2026-03-01,Delivered,Vidyut Logistics Delivery Van
DEL-001052,SO-003485,INV-003485,CUST-029,BR-02,2026-02-26,2026-02-28,2026-03-01,Delivered,Vidyut Logistics Delivery Van
DEL-001053,SO-003487,INV-003487,CUST-010,BR-01,2026-02-26,2026-02-27,2026-02-27,Delivered,Vidyut Logistics Delivery Van
DEL-001054,SO-003492,INV-003492,CUST-007,BR-01,2026-02-27,2026-03-02,2026-03-02,Delivered,Vidyut Logistics Delivery Van
DEL-001055,SO-003499,INV-003499,CUST-022,BR-01,2026-03-02,2026-03-05,2026-03-06,Delivered,Vidyut Logistics Delivery Van
DEL-001056,SO-003507,INV-003507,CUST-004,BR-01,2026-03-04,2026-03-05,2026-03-05,Delivered,Vidyut Logistics Delivery Van
DEL-001057,SO-003510,INV-003510,CUST-041,BR-03,2026-03-05,2026-03-07,2026-03-07,Delivered,Vidyut Logistics Delivery Van
DEL-001058,SO-003512,INV-003512,CUST-034,BR-02,2026-03-05,2026-03-08,2026-03-09,Delivered,Vidyut Logistics Delivery Van
DEL-001059,SO-003513,INV-003513,CUST-004,BR-01,2026-03-06,2026-03-09,2026-03-09,Delivered,Vidyut Logistics Delivery Van
DEL-001060,SO-003520,INV-003520,CUST-029,BR-02,2026-03-07,2026-03-10,2026-03-11,Delivered,Vidyut Logistics Delivery Van
DEL-001061,SO-003523,INV-003523,CUST-036,BR-02,2026-03-07,2026-03-08,2026-03-08,Delivered,Vidyut Logistics Delivery Van
DEL-001062,SO-003524,INV-003524,CUST-034,BR-02,2026-03-09,2026-03-12,2026-03-12,Delivered,Vidyut Logistics Delivery Van
DEL-001063,SO-003529,INV-003529,CUST-041,BR-03,2026-03-09,2026-03-12,2026-03-12,Delivered,Vidyut Logistics Delivery Van
DEL-001064,SO-003530,INV-003530,CUST-011,BR-01,2026-03-10,2026-03-13,2026-03-13,Delivered,Vidyut Logistics Delivery Van
DEL-001065,SO-003531,INV-003531,CUST-022,BR-01,2026-03-10,2026-03-12,2026-03-13,Delivered,Vidyut Logistics Delivery Van
DEL-001066,SO-003532,INV-003532,CUST-007,BR-01,2026-03-10,2026-03-11,2026-03-11,Delivered,Vidyut Logistics Delivery Van
DEL-001067,SO-003537,INV-003537,CUST-041,BR-03,2026-03-10,2026-03-11,2026-03-12,Delivered,Vidyut Logistics Delivery Van
DEL-001068,SO-003542,INV-003542,CUST-043,BR-03,2026-03-11,2026-03-14,2026-03-14,Delivered,Vidyut Logistics Delivery Van
DEL-001069,SO-003547,INV-003547,CUST-029,BR-02,2026-03-12,2026-03-13,2026-03-14,Delivered,Vidyut Logistics Delivery Van
DEL-001070,SO-003549,INV-003549,CUST-034,BR-02,2026-03-13,2026-03-15,2026-03-15,Delivered,Vidyut Logistics Delivery Van
DEL-001071,SO-003551,INV-003551,CUST-036,BR-02,2026-03-13,2026-03-15,2026-03-16,Delivered,Vidyut Logistics Delivery Van
DEL-001072,SO-003557,INV-003557,CUST-036,BR-02,2026-03-14,2026-03-16,2026-03-16,Delivered,Vidyut Logistics Delivery Van
DEL-001073,SO-003559,INV-003559,CUST-040,BR-03,2026-03-14,2026-03-15,2026-03-15,Delivered,Vidyut Logistics Delivery Van
DEL-001074,SO-003560,INV-003560,CUST-010,BR-01,2026-03-16,2026-03-17,2026-03-17,Delivered,Vidyut Logistics Delivery Van
DEL-001075,SO-003570,INV-003570,CUST-004,BR-01,2026-03-18,2026-03-19,2026-03-19,Delivered,Vidyut Logistics Delivery Van
DEL-001076,SO-003571,INV-003571,CUST-004,BR-01,2026-03-19,2026-03-22,2026-03-22,Delivered,Vidyut Logistics Delivery Van
DEL-001077,SO-003572,INV-003572,CUST-004,BR-01,2026-03-19,2026-03-21,2026-03-22,Delivered,Vidyut Logistics Delivery Van
DEL-001078,SO-003574,INV-003574,CUST-010,BR-01,2026-03-20,2026-03-23,2026-03-23,Delivered,Vidyut Logistics Delivery Van
DEL-001079,SO-003575,INV-003575,CUST-036,BR-02,2026-03-20,2026-03-21,2026-03-21,Delivered,Vidyut Logistics Delivery Van
DEL-001080,SO-003578,INV-003578,CUST-029,BR-02,2026-03-20,2026-03-21,2026-03-21,Delivered,Vidyut Logistics Delivery Van
DEL-001081,SO-003581,INV-003581,CUST-043,BR-03,2026-03-21,2026-03-23,2026-03-23,Delivered,Vidyut Logistics Delivery Van
DEL-001082,SO-003584,INV-003584,CUST-004,BR-01,2026-03-23,2026-03-24,2026-03-24,Delivered,Vidyut Logistics Delivery Van
DEL-001083,SO-003589,INV-003589,CUST-015,BR-01,2026-03-24,2026-03-25,2026-03-26,Delivered,Vidyut Logistics Delivery Van
DEL-001084,SO-003590,INV-003590,CUST-040,BR-03,2026-03-24,2026-03-26,2026-03-26,Delivered,Vidyut Logistics Delivery Van
DEL-001085,SO-003592,INV-003592,CUST-034,BR-02,2026-03-24,2026-03-25,2026-03-25,Delivered,Vidyut Logistics Delivery Van
DEL-001086,SO-003593,INV-003593,CUST-015,BR-01,2026-03-25,2026-03-28,2026-03-28,Delivered,Vidyut Logistics Delivery Van
DEL-001087,SO-003595,INV-003595,CUST-001,BR-01,2026-03-25,2026-03-28,2026-03-29,Delivered,Vidyut Logistics Delivery Van
DEL-001088,SO-003603,INV-003603,CUST-015,BR-01,2026-03-27,2026-03-28,2026-03-28,Delivered,Vidyut Logistics Delivery Van
DEL-001089,SO-003605,INV-003605,CUST-032,BR-02,2026-03-27,2026-03-29,2026-03-29,Delivered,Vidyut Logistics Delivery Van
DEL-001090,SO-003609,INV-003609,CUST-015,BR-01,2026-03-28,2026-03-29,2026-03-29,Delivered,Vidyut Logistics Delivery Van
DEL-001091,SO-003611,INV-003611,CUST-036,BR-02,2026-03-28,2026-03-30,2026-03-30,Delivered,Vidyut Logistics Delivery Van
DEL-001092,SO-003620,INV-003620,CUST-010,BR-01,2026-03-31,2026-04-02,2026-04-02,Delivered,Vidyut Logistics Delivery Van
DEL-001093,SO-003621,INV-003621,CUST-034,BR-02,2026-03-31,2026-04-01,2026-04-01,Delivered,Vidyut Logistics Delivery Van
DEL-001094,SO-003622,INV-003622,CUST-007,BR-01,2026-03-31,2026-04-01,2026-04-02,Delivered,Vidyut Logistics Delivery Van
DEL-001095,SO-003628,INV-003628,CUST-010,BR-01,2026-04-02,2026-04-03,2026-04-03,Delivered,Vidyut Logistics Delivery Van
DEL-001096,SO-003631,INV-003631,CUST-036,BR-02,2026-04-02,2026-04-03,2026-04-03,Delivered,Vidyut Logistics Delivery Van
DEL-001097,SO-003636,INV-003636,CUST-041,BR-03,2026-04-04,2026-04-05,2026-04-05,Delivered,Vidyut Logistics Delivery Van
DEL-001098,SO-003639,INV-003639,CUST-034,BR-02,2026-04-04,2026-04-05,2026-04-05,Delivered,Vidyut Logistics Delivery Van
DEL-001099,SO-003645,INV-003645,CUST-011,BR-01,2026-04-07,2026-04-08,2026-04-10,Delivered,Vidyut Logistics Delivery Van
DEL-001100,SO-003646,INV-003646,CUST-043,BR-03,2026-04-07,2026-04-10,2026-04-11,Delivered,Vidyut Logistics Delivery Van
DEL-001101,SO-003647,INV-003647,CUST-015,BR-01,2026-04-07,2026-04-10,2026-04-10,Delivered,Vidyut Logistics Delivery Van
DEL-001102,SO-003651,INV-003651,CUST-004,BR-01,2026-04-08,2026-04-10,2026-04-10,Delivered,Vidyut Logistics Delivery Van
DEL-001103,SO-003654,INV-003654,CUST-011,BR-01,2026-04-09,2026-04-12,2026-04-12,Delivered,Vidyut Logistics Delivery Van
DEL-001104,SO-003656,INV-003656,CUST-034,BR-02,2026-04-10,2026-04-13,2026-04-13,Delivered,Vidyut Logistics Delivery Van
DEL-001105,SO-003659,INV-003659,CUST-032,BR-02,2026-04-10,2026-04-11,2026-04-11,Delivered,Vidyut Logistics Delivery Van
DEL-001106,SO-003662,INV-003662,CUST-032,BR-02,2026-04-11,2026-04-13,2026-04-13,Delivered,Vidyut Logistics Delivery Van
DEL-001107,SO-003663,INV-003663,CUST-007,BR-01,2026-04-11,2026-04-12,2026-04-13,Delivered,Vidyut Logistics Delivery Van
DEL-001108,SO-003674,INV-003674,CUST-041,BR-03,2026-04-14,2026-04-16,2026-04-16,Delivered,Vidyut Logistics Delivery Van
DEL-001109,SO-003676,INV-003676,CUST-041,BR-03,2026-04-15,2026-04-17,2026-04-17,Delivered,Vidyut Logistics Delivery Van
DEL-001110,SO-003677,INV-003677,CUST-001,BR-01,2026-04-15,2026-04-16,2026-04-16,Delivered,Vidyut Logistics Delivery Van
DEL-001111,SO-003678,INV-003678,CUST-004,BR-01,2026-04-15,2026-04-16,2026-04-16,Delivered,Vidyut Logistics Delivery Van
DEL-001112,SO-003681,INV-003681,CUST-010,BR-01,2026-04-16,2026-04-17,2026-04-17,Delivered,Vidyut Logistics Delivery Van
DEL-001113,SO-003690,INV-003690,CUST-011,BR-01,2026-04-17,2026-04-18,2026-04-19,Delivered,Vidyut Logistics Delivery Van
DEL-001114,SO-003696,INV-003696,CUST-010,BR-01,2026-04-18,2026-04-21,2026-04-22,Delivered,Vidyut Logistics Delivery Van
DEL-001115,SO-003697,INV-003697,CUST-010,BR-01,2026-04-18,2026-04-20,2026-04-20,Delivered,Vidyut Logistics Delivery Van
DEL-001116,SO-003702,INV-003702,CUST-043,BR-03,2026-04-20,2026-04-23,2026-04-23,Delivered,Vidyut Logistics Delivery Van
DEL-001117,SO-003703,INV-003703,CUST-032,BR-02,2026-04-20,2026-04-22,2026-04-22,Delivered,Vidyut Logistics Delivery Van
DEL-001118,SO-003709,INV-003709,CUST-032,BR-02,2026-04-21,2026-04-22,2026-04-22,Delivered,Vidyut Logistics Delivery Van
DEL-001119,SO-003711,INV-003711,CUST-032,BR-02,2026-04-21,2026-04-23,2026-04-23,Delivered,Vidyut Logistics Delivery Van
DEL-001120,SO-003714,INV-003714,CUST-043,BR-03,2026-04-22,2026-04-23,2026-04-23,Delivered,Vidyut Logistics Delivery Van
DEL-001121,SO-003717,INV-003717,CUST-043,BR-03,2026-04-22,2026-04-25,2026-04-25,Delivered,Vidyut Logistics Delivery Van
DEL-001122,SO-003719,INV-003719,CUST-041,BR-03,2026-04-22,2026-04-25,2026-04-25,Delivered,Vidyut Logistics Delivery Van
DEL-001123,SO-003720,INV-003720,CUST-010,BR-01,2026-04-22,2026-04-23,2026-04-24,Delivered,Vidyut Logistics Delivery Van
DEL-001124,SO-003722,INV-003722,CUST-032,BR-02,2026-04-23,2026-04-25,2026-04-26,Delivered,Vidyut Logistics Delivery Van
DEL-001125,SO-003724,INV-003724,CUST-040,BR-03,2026-04-24,2026-04-26,2026-04-26,Delivered,Vidyut Logistics Delivery Van
DEL-001126,SO-003727,INV-003727,CUST-015,BR-01,2026-04-24,2026-04-25,2026-04-26,Delivered,Vidyut Logistics Delivery Van
DEL-001127,SO-003728,INV-003728,CUST-032,BR-02,2026-04-24,2026-04-25,2026-04-25,Delivered,Vidyut Logistics Delivery Van
DEL-001128,SO-003732,INV-003732,CUST-032,BR-02,2026-04-25,2026-04-27,2026-04-27,Delivered,Vidyut Logistics Delivery Van
DEL-001129,SO-003733,INV-003733,CUST-043,BR-03,2026-04-25,2026-04-28,2026-04-28,Delivered,Vidyut Logistics Delivery Van
DEL-001130,SO-003734,INV-003734,CUST-007,BR-01,2026-04-25,2026-04-26,2026-04-26,Delivered,Vidyut Logistics Delivery Van
DEL-001131,SO-003736,INV-003736,CUST-015,BR-01,2026-04-27,2026-04-29,2026-04-29,Delivered,Vidyut Logistics Delivery Van
DEL-001132,SO-003739,INV-003739,CUST-040,BR-03,2026-04-27,2026-04-28,2026-04-28,Delivered,Vidyut Logistics Delivery Van
DEL-001133,SO-003740,INV-003740,CUST-043,BR-03,2026-04-27,2026-04-28,2026-04-28,Delivered,Vidyut Logistics Delivery Van
DEL-001134,SO-003741,INV-003741,CUST-043,BR-03,2026-04-27,2026-04-28,2026-04-28,Delivered,Vidyut Logistics Delivery Van
DEL-001135,SO-003743,INV-003743,CUST-001,BR-01,2026-04-28,2026-04-30,2026-04-30,Delivered,Vidyut Logistics Delivery Van
DEL-001136,SO-003744,INV-003744,CUST-022,BR-01,2026-04-28,2026-04-30,2026-04-30,Delivered,Vidyut Logistics Delivery Van
DEL-001137,SO-003747,INV-003747,CUST-041,BR-03,2026-04-28,2026-05-01,2026-05-01,Delivered,Vidyut Logistics Delivery Van
DEL-001138,SO-003748,INV-003748,CUST-043,BR-03,2026-04-28,2026-04-29,2026-04-29,Delivered,Vidyut Logistics Delivery Van
DEL-001139,SO-003750,INV-003750,CUST-043,BR-03,2026-04-29,2026-04-30,2026-04-30,Delivered,Vidyut Logistics Delivery Van
DEL-001140,SO-003751,INV-003751,CUST-011,BR-01,2026-04-29,2026-05-02,2026-05-02,Delivered,Vidyut Logistics Delivery Van
DEL-001141,SO-003756,INV-003756,CUST-029,BR-02,2026-04-30,2026-05-02,2026-05-02,Delivered,Vidyut Logistics Delivery Van
DEL-001142,SO-003757,INV-003757,CUST-011,BR-01,2026-04-30,2026-05-02,2026-05-02,Delivered,Vidyut Logistics Delivery Van
DEL-001143,SO-003760,INV-003760,CUST-032,BR-02,2026-05-01,2026-05-02,2026-05-02,Delivered,Vidyut Logistics Delivery Van
DEL-001144,SO-003761,INV-003761,CUST-004,BR-01,2026-05-01,2026-05-03,2026-05-03,Delivered,Vidyut Logistics Delivery Van
DEL-001145,SO-003764,INV-003764,CUST-040,BR-03,2026-05-01,2026-05-03,2026-05-03,Delivered,Vidyut Logistics Delivery Van
DEL-001146,SO-003776,INV-003776,CUST-036,BR-02,2026-05-04,2026-05-07,2026-05-07,Delivered,Vidyut Logistics Delivery Van
DEL-001147,SO-003777,INV-003777,CUST-011,BR-01,2026-05-04,2026-05-06,2026-05-06,Delivered,Vidyut Logistics Delivery Van
DEL-001148,SO-003779,INV-003779,CUST-004,BR-01,2026-05-05,2026-05-07,2026-05-07,Delivered,Vidyut Logistics Delivery Van
DEL-001149,SO-003783,INV-003783,CUST-041,BR-03,2026-05-05,2026-05-08,2026-05-08,Delivered,Vidyut Logistics Delivery Van
DEL-001150,SO-003788,INV-003788,CUST-007,BR-01,2026-05-06,2026-05-09,2026-05-09,Delivered,Vidyut Logistics Delivery Van
DEL-001151,SO-003790,INV-003790,CUST-043,BR-03,2026-05-07,2026-05-09,2026-05-09,Delivered,Vidyut Logistics Delivery Van
DEL-001152,SO-003793,INV-003793,CUST-001,BR-01,2026-05-07,2026-05-08,2026-05-08,Delivered,Vidyut Logistics Delivery Van
DEL-001153,SO-003795,INV-003795,CUST-001,BR-01,2026-05-07,2026-05-08,2026-05-08,Delivered,Vidyut Logistics Delivery Van
DEL-001154,SO-003800,INV-003800,CUST-004,BR-01,2026-05-08,2026-05-10,2026-05-10,Delivered,Vidyut Logistics Delivery Van
DEL-001155,SO-003801,INV-003801,CUST-001,BR-01,2026-05-08,2026-05-10,2026-05-10,Delivered,Vidyut Logistics Delivery Van
DEL-001156,SO-003805,INV-003805,CUST-036,BR-02,2026-05-09,2026-05-10,2026-05-10,Delivered,Vidyut Logistics Delivery Van
DEL-001157,SO-003815,INV-003815,CUST-040,BR-03,2026-05-12,2026-05-13,2026-05-13,Delivered,Vidyut Logistics Delivery Van
DEL-001158,SO-003821,INV-003821,CUST-004,BR-01,2026-05-13,2026-05-16,2026-05-16,Delivered,Vidyut Logistics Delivery Van
DEL-001159,SO-003826,INV-003826,CUST-022,BR-01,2026-05-15,2026-05-16,2026-05-17,Delivered,Vidyut Logistics Delivery Van
DEL-001160,SO-003828,INV-003828,CUST-004,BR-01,2026-05-15,2026-05-16,2026-05-16,Delivered,Vidyut Logistics Delivery Van
DEL-001161,SO-003832,INV-003832,CUST-015,BR-01,2026-05-15,2026-05-18,2026-05-18,Delivered,Vidyut Logistics Delivery Van
DEL-001162,SO-003833,INV-003833,CUST-040,BR-03,2026-05-16,2026-05-17,2026-05-17,Delivered,Vidyut Logistics Delivery Van
DEL-001163,SO-003835,INV-003835,CUST-015,BR-01,2026-05-16,2026-05-18,2026-05-18,Delivered,Vidyut Logistics Delivery Van
DEL-001164,SO-003839,INV-003839,CUST-011,BR-01,2026-05-18,2026-05-19,2026-05-20,Delivered,Vidyut Logistics Delivery Van
DEL-001165,SO-003842,INV-003842,CUST-041,BR-03,2026-05-19,2026-05-20,2026-05-20,Delivered,Vidyut Logistics Delivery Van
DEL-001166,SO-003846,INV-003846,CUST-032,BR-02,2026-05-19,2026-05-20,2026-05-20,Delivered,Vidyut Logistics Delivery Van
DEL-001167,SO-003847,INV-003847,CUST-015,BR-01,2026-05-20,2026-05-22,2026-05-22,Delivered,Vidyut Logistics Delivery Van
DEL-001168,SO-003848,INV-003848,CUST-011,BR-01,2026-05-20,2026-05-21,2026-05-21,Delivered,Vidyut Logistics Delivery Van
DEL-001169,SO-003851,INV-003851,CUST-036,BR-02,2026-05-20,2026-05-23,2026-05-23,Delivered,Vidyut Logistics Delivery Van
DEL-001170,SO-003865,INV-003865,CUST-015,BR-01,2026-05-22,2026-05-23,2026-05-23,Delivered,Vidyut Logistics Delivery Van
DEL-001171,SO-003876,INV-003876,CUST-022,BR-01,2026-05-26,2026-05-29,2026-05-29,Delivered,Vidyut Logistics Delivery Van
DEL-001172,SO-003878,INV-003878,CUST-015,BR-01,2026-05-26,2026-05-28,2026-05-28,Delivered,Vidyut Logistics Delivery Van
DEL-001173,SO-003883,INV-003883,CUST-034,BR-02,2026-05-26,2026-05-29,2026-05-29,Delivered,Vidyut Logistics Delivery Van
DEL-001174,SO-003888,INV-003888,CUST-007,BR-01,2026-05-28,2026-05-30,2026-05-30,Delivered,Vidyut Logistics Delivery Van
DEL-001175,SO-003889,INV-003889,CUST-022,BR-01,2026-05-28,2026-05-29,2026-05-29,Delivered,Vidyut Logistics Delivery Van
DEL-001176,SO-003893,INV-003893,CUST-022,BR-01,2026-05-29,2026-05-30,2026-05-31,Delivered,Vidyut Logistics Delivery Van
DEL-001177,SO-003894,INV-003894,CUST-034,BR-02,2026-05-29,2026-05-31,2026-05-31,Delivered,Vidyut Logistics Delivery Van
DEL-001178,SO-003895,INV-003895,CUST-007,BR-01,2026-05-29,2026-06-01,2026-06-01,Delivered,Vidyut Logistics Delivery Van
DEL-001179,SO-003897,INV-003897,CUST-015,BR-01,2026-05-29,2026-05-31,2026-05-31,Delivered,Vidyut Logistics Delivery Van
DEL-001180,SO-003899,INV-003899,CUST-015,BR-01,2026-05-30,2026-06-02,2026-06-02,Delivered,Vidyut Logistics Delivery Van
DEL-001181,SO-003900,INV-003900,CUST-032,BR-02,2026-05-30,2026-05-31,2026-05-31,Delivered,Vidyut Logistics Delivery Van
DEL-001182,SO-003903,INV-003903,CUST-043,BR-03,2026-06-01,2026-06-03,2026-06-03,Delivered,Vidyut Logistics Delivery Van
DEL-001183,SO-003906,INV-003906,CUST-041,BR-03,2026-06-02,2026-06-05,2026-06-05,Delivered,Vidyut Logistics Delivery Van
DEL-001184,SO-003907,INV-003907,CUST-007,BR-01,2026-06-02,2026-06-03,2026-06-03,Delivered,Vidyut Logistics Delivery Van
DEL-001185,SO-003908,INV-003908,CUST-036,BR-02,2026-06-02,2026-06-04,2026-06-04,Delivered,Vidyut Logistics Delivery Van
DEL-001186,SO-003917,INV-003917,CUST-029,BR-02,2026-06-04,2026-06-06,2026-06-06,Delivered,Vidyut Logistics Delivery Van
DEL-001187,SO-003920,INV-003920,CUST-029,BR-02,2026-06-04,2026-06-06,2026-06-06,Delivered,Vidyut Logistics Delivery Van
DEL-001188,SO-003922,INV-003922,CUST-015,BR-01,2026-06-05,2026-06-07,2026-06-07,Delivered,Vidyut Logistics Delivery Van
DEL-001189,SO-003924,INV-003924,CUST-004,BR-01,2026-06-05,2026-06-07,2026-06-07,Delivered,Vidyut Logistics Delivery Van
DEL-001190,SO-003929,INV-003929,CUST-029,BR-02,2026-06-06,2026-06-09,2026-06-09,Delivered,Vidyut Logistics Delivery Van
DEL-001191,SO-003945,INV-003945,CUST-041,BR-03,2026-06-09,2026-06-10,2026-06-10,Delivered,Vidyut Logistics Delivery Van
DEL-001192,SO-003949,INV-003949,CUST-036,BR-02,2026-06-09,2026-06-12,2026-06-12,Delivered,Vidyut Logistics Delivery Van
DEL-001193,SO-003951,INV-003951,CUST-029,BR-02,2026-06-10,2026-06-11,2026-06-11,Delivered,Vidyut Logistics Delivery Van
DEL-001194,SO-003957,INV-003957,CUST-007,BR-01,2026-06-11,2026-06-12,2026-06-13,Delivered,Vidyut Logistics Delivery Van
DEL-001195,SO-003958,INV-003958,CUST-007,BR-01,2026-06-11,2026-06-13,2026-06-13,Delivered,Vidyut Logistics Delivery Van
DEL-001196,SO-003959,INV-003959,CUST-022,BR-01,2026-06-11,2026-06-13,2026-06-14,Delivered,Vidyut Logistics Delivery Van
DEL-001197,SO-003965,INV-003965,CUST-036,BR-02,2026-06-12,2026-06-14,2026-06-14,Delivered,Vidyut Logistics Delivery Van
DEL-001198,SO-003967,INV-003967,CUST-040,BR-03,2026-06-12,2026-06-15,2026-06-15,Delivered,Vidyut Logistics Delivery Van
DEL-001199,SO-003969,INV-003969,CUST-004,BR-01,2026-06-12,2026-06-15,2026-06-15,Delivered,Vidyut Logistics Delivery Van
DEL-001200,SO-003972,INV-003972,CUST-010,BR-01,2026-06-13,2026-06-15,2026-06-16,Delivered,Vidyut Logistics Delivery Van
DEL-001201,SO-003973,INV-003973,CUST-029,BR-02,2026-06-15,2026-06-18,2026-06-18,Delivered,Vidyut Logistics Delivery Van
DEL-001202,SO-003974,INV-003974,CUST-007,BR-01,2026-06-15,2026-06-17,2026-06-17,Delivered,Vidyut Logistics Delivery Van
DEL-001203,SO-003975,INV-003975,CUST-041,BR-03,2026-06-16,2026-06-17,2026-06-17,Delivered,Vidyut Logistics Delivery Van
DEL-001204,SO-003976,INV-003976,CUST-032,BR-02,2026-06-16,2026-06-17,2026-06-18,Delivered,Vidyut Logistics Delivery Van
DEL-001205,SO-003980,INV-003980,CUST-004,BR-01,2026-06-16,2026-06-19,2026-06-19,Delivered,Vidyut Logistics Delivery Van
DEL-001206,SO-003986,INV-003986,CUST-036,BR-02,2026-06-17,2026-06-18,2026-06-18,Delivered,Vidyut Logistics Delivery Van
DEL-001207,SO-003992,INV-003992,CUST-032,BR-02,2026-06-19,2026-06-21,2026-06-21,Delivered,Vidyut Logistics Delivery Van
DEL-001208,SO-004003,INV-004003,CUST-034,BR-02,2026-06-20,2026-06-21,2026-06-21,Delivered,Vidyut Logistics Delivery Van
DEL-001209,SO-004004,INV-004004,CUST-041,BR-03,2026-06-20,2026-06-21,2026-06-21,Delivered,Vidyut Logistics Delivery Van
DEL-001210,SO-004005,INV-004005,CUST-004,BR-01,2026-06-22,2026-06-25,2026-06-27,Delivered,Vidyut Logistics Delivery Van
DEL-001211,SO-004009,INV-004009,CUST-015,BR-01,2026-06-22,2026-06-23,2026-06-23,Delivered,Vidyut Logistics Delivery Van
DEL-001212,SO-004013,INV-004013,CUST-004,BR-01,2026-06-24,2026-06-25,2026-06-25,Delivered,Vidyut Logistics Delivery Van
DEL-001213,SO-004016,INV-004016,CUST-041,BR-03,2026-06-25,2026-06-27,2026-06-27,Delivered,Vidyut Logistics Delivery Van
DEL-001214,SO-004017,INV-004017,CUST-004,BR-01,2026-06-25,2026-06-26,2026-06-26,Delivered,Vidyut Logistics Delivery Van
DEL-001215,SO-004018,INV-004018,CUST-029,BR-02,2026-06-25,2026-06-28,2026-06-28,Delivered,Vidyut Logistics Delivery Van
DEL-001216,SO-004019,INV-004019,CUST-001,BR-01,2026-06-25,2026-06-26,2026-06-26,Delivered,Vidyut Logistics Delivery Van
DEL-001217,SO-004020,INV-004020,CUST-029,BR-02,2026-06-25,2026-06-27,2026-06-27,Delivered,Vidyut Logistics Delivery Van
DEL-001218,SO-004021,INV-004021,CUST-010,BR-01,2026-06-25,2026-06-27,2026-06-28,Delivered,Vidyut Logistics Delivery Van
DEL-001219,SO-004024,INV-004024,CUST-022,BR-01,2026-06-26,2026-06-29,2026-06-29,Delivered,Vidyut Logistics Delivery Van
DEL-001220,SO-004026,INV-004026,CUST-004,BR-01,2026-06-26,2026-06-29,2026-06-29,Delivered,Vidyut Logistics Delivery Van
DEL-001221,SO-004027,INV-004027,CUST-001,BR-01,2026-06-26,2026-06-28,2026-06-28,Delivered,Vidyut Logistics Delivery Van
DEL-001222,SO-004030,INV-004030,CUST-001,BR-01,2026-06-27,2026-06-28,2026-06-28,Delivered,Vidyut Logistics Delivery Van
DEL-001223,SO-004040,INV-004040,CUST-007,BR-01,2026-07-01,2026-07-02,2026-07-02,Delivered,Vidyut Logistics Delivery Van
DEL-001224,SO-004041,INV-004041,CUST-029,BR-02,2026-07-01,2026-07-02,2026-07-02,Delivered,Vidyut Logistics Delivery Van
DEL-001225,SO-004042,INV-004042,CUST-029,BR-02,2026-07-01,2026-07-04,2026-07-04,Delivered,Vidyut Logistics Delivery Van
DEL-001226,SO-004043,INV-004043,CUST-040,BR-03,2026-07-01,2026-07-03,2026-07-03,Delivered,Vidyut Logistics Delivery Van
DEL-001227,SO-004045,INV-004045,CUST-034,BR-02,2026-07-01,2026-07-04,2026-07-04,Delivered,Vidyut Logistics Delivery Van
DEL-001228,SO-004049,INV-004049,CUST-040,BR-03,2026-07-02,2026-07-04,2026-07-05,Delivered,Vidyut Logistics Delivery Van
DEL-001229,SO-004051,INV-004051,CUST-022,BR-01,2026-07-02,2026-07-04,2026-07-04,Delivered,Vidyut Logistics Delivery Van
DEL-001230,SO-004054,INV-004054,CUST-022,BR-01,2026-07-03,2026-07-04,2026-07-04,Delivered,Vidyut Logistics Delivery Van
DEL-001231,SO-004056,INV-004056,CUST-007,BR-01,2026-07-03,2026-07-06,2026-07-07,Delivered,Vidyut Logistics Delivery Van
DEL-001232,SO-004063,INV-004063,CUST-010,BR-01,2026-07-04,2026-07-07,2026-07-07,Delivered,Vidyut Logistics Delivery Van
DEL-001233,SO-004069,INV-004069,CUST-043,BR-03,2026-07-06,2026-07-08,2026-07-08,Delivered,Vidyut Logistics Delivery Van
DEL-001234,SO-004070,INV-004070,CUST-043,BR-03,2026-07-06,2026-07-07,2026-07-07,Delivered,Vidyut Logistics Delivery Van
DEL-001235,SO-004071,INV-004071,CUST-007,BR-01,2026-07-06,2026-07-09,2026-07-09,Delivered,Vidyut Logistics Delivery Van
DEL-001236,SO-004072,INV-004072,CUST-010,BR-01,2026-07-06,2026-07-07,2026-07-08,Delivered,Vidyut Logistics Delivery Van
DEL-001237,SO-004073,INV-004073,CUST-029,BR-02,2026-07-06,2026-07-09,2026-07-09,Delivered,Vidyut Logistics Delivery Van
DEL-001238,SO-004078,INV-004078,CUST-011,BR-01,2026-07-07,2026-07-09,2026-07-09,Delivered,Vidyut Logistics Delivery Van
DEL-001239,SO-004080,INV-004080,CUST-011,BR-01,2026-07-08,2026-07-09,2026-07-09,Delivered,Vidyut Logistics Delivery Van
DEL-001240,SO-004084,INV-004084,CUST-041,BR-03,2026-07-08,2026-07-10,2026-07-10,Delivered,Vidyut Logistics Delivery Van
DEL-001241,SO-004087,INV-004087,CUST-029,BR-02,2026-07-09,2026-07-10,2026-07-10,Delivered,Vidyut Logistics Delivery Van
DEL-001242,SO-004090,INV-004090,CUST-022,BR-01,2026-07-09,2026-07-12,2026-07-14,Delivered,Vidyut Logistics Delivery Van
DEL-001243,SO-004094,INV-004094,CUST-043,BR-03,2026-07-11,2026-07-14,2026-07-15,Delivered,Vidyut Logistics Delivery Van
DEL-001244,SO-004095,INV-004095,CUST-022,BR-01,2026-07-11,2026-07-12,2026-07-12,Delivered,Vidyut Logistics Delivery Van
DEL-001245,SO-004096,INV-004096,CUST-041,BR-03,2026-07-11,2026-07-12,2026-07-12,Delivered,Vidyut Logistics Delivery Van
DEL-001246,SO-004098,INV-004098,CUST-001,BR-01,2026-07-11,2026-07-12,2026-07-12,Delivered,Vidyut Logistics Delivery Van
DEL-001247,SO-004108,INV-004108,CUST-007,BR-01,2026-07-13,2026-07-15,2026-07-15,Delivered,Vidyut Logistics Delivery Van
DEL-001248,SO-004111,INV-004111,CUST-011,BR-01,2026-07-14,2026-07-15,2026-07-15,Delivered,Vidyut Logistics Delivery Van
DEL-001249,SO-004118,INV-004118,CUST-015,BR-01,2026-07-15,2026-07-16,2026-07-16,Delivered,Vidyut Logistics Delivery Van
DEL-001250,SO-004119,INV-004119,CUST-007,BR-01,2026-07-15,2026-07-17,2026-07-17,Delivered,Vidyut Logistics Delivery Van
DEL-001251,SO-004120,INV-004120,CUST-011,BR-01,2026-07-15,2026-07-16,2026-07-16,Delivered,Vidyut Logistics Delivery Van
DEL-001252,SO-004121,INV-004121,CUST-007,BR-01,2026-07-15,2026-07-18,2026-07-18,Delivered,Vidyut Logistics Delivery Van
DEL-001253,SO-004131,INV-004131,CUST-040,BR-03,2026-07-18,2026-07-21,2026-07-21,Delivered,Vidyut Logistics Delivery Van
DEL-001254,SO-004132,INV-004132,CUST-011,BR-01,2026-07-18,2026-07-19,2026-07-19,Delivered,Vidyut Logistics Delivery Van
DEL-001255,SO-004135,INV-004135,CUST-011,BR-01,2026-07-18,2026-07-19,2026-07-20,Delivered,Vidyut Logistics Delivery Van
DEL-001256,SO-004137,INV-004137,CUST-036,BR-02,2026-07-20,2026-07-22,2026-07-22,Delivered,Vidyut Logistics Delivery Van
DEL-001257,SO-004139,INV-004139,CUST-043,BR-03,2026-07-20,2026-07-23,2026-07-24,Delivered,Vidyut Logistics Delivery Van
DEL-001258,SO-004143,INV-004143,CUST-043,BR-03,2026-07-21,2026-07-24,2026-07-24,Delivered,Vidyut Logistics Delivery Van
DEL-001259,SO-004144,INV-004144,CUST-010,BR-01,2026-07-21,2026-07-22,2026-07-22,Delivered,Vidyut Logistics Delivery Van
DEL-001260,SO-004154,INV-004154,CUST-001,BR-01,2026-07-23,2026-07-26,2026-07-26,Delivered,Vidyut Logistics Delivery Van
DEL-001261,SO-004163,INV-004163,CUST-011,BR-01,2026-07-24,2026-07-27,2026-07-27,Delivered,Vidyut Logistics Delivery Van
DEL-001262,SO-004165,INV-004165,CUST-034,BR-02,2026-07-24,2026-07-27,2026-07-27,Delivered,Vidyut Logistics Delivery Van
DEL-001263,SO-004167,INV-004167,CUST-040,BR-03,2026-07-25,2026-07-27,2026-07-27,Delivered,Vidyut Logistics Delivery Van
DEL-001264,SO-004170,INV-004170,CUST-004,BR-01,2026-07-25,2026-07-28,2026-07-29,Delivered,Vidyut Logistics Delivery Van
DEL-001265,SO-004171,INV-004171,CUST-036,BR-02,2026-07-25,2026-07-26,2026-07-27,Delivered,Vidyut Logistics Delivery Van
DEL-001266,SO-004175,INV-004175,CUST-004,BR-01,2026-07-27,2026-07-28,2026-07-28,Delivered,Vidyut Logistics Delivery Van
DEL-001267,SO-004182,INV-004182,CUST-007,BR-01,2026-07-28,2026-07-29,2026-07-29,Delivered,Vidyut Logistics Delivery Van
DEL-001268,SO-004183,INV-004183,CUST-001,BR-01,2026-07-28,2026-07-31,2026-07-31,Delivered,Vidyut Logistics Delivery Van
DEL-001269,SO-004185,INV-004185,CUST-015,BR-01,2026-07-28,2026-07-31,2026-07-31,Delivered,Vidyut Logistics Delivery Van
DEL-001270,SO-004188,INV-004188,CUST-011,BR-01,2026-07-29,2026-07-31,2026-07-31,Delivered,Vidyut Logistics Delivery Van
DEL-001271,SO-004190,INV-004190,CUST-007,BR-01,2026-07-29,2026-07-31,2026-08-01,Delivered,Vidyut Logistics Delivery Van
DEL-001272,SO-004191,INV-004191,CUST-041,BR-03,2026-07-30,2026-07-31,2026-07-31,Delivered,Vidyut Logistics Delivery Van
DEL-001273,SO-004192,INV-004192,CUST-036,BR-02,2026-07-30,2026-07-31,2026-07-31,Delivered,Vidyut Logistics Delivery Van
DEL-001274,SO-004194,INV-004194,CUST-036,BR-02,2026-07-30,2026-07-31,2026-08-02,Delivered,Vidyut Logistics Delivery Van
DEL-001275,SO-004195,INV-004195,CUST-022,BR-01,2026-07-31,2026-08-02,2026-08-02,Delivered,Vidyut Logistics Delivery Van
DEL-001276,SO-004197,INV-004197,CUST-041,BR-03,2026-07-31,2026-08-01,2026-08-01,Delivered,Vidyut Logistics Delivery Van
DEL-001277,SO-004205,INV-004205,CUST-015,BR-01,2026-08-03,2026-08-06,2026-08-06,Delivered,Vidyut Logistics Delivery Van
DEL-001278,SO-004215,INV-004215,CUST-043,BR-03,2026-08-05,2026-08-06,2026-08-06,Delivered,Vidyut Logistics Delivery Van
DEL-001279,SO-004222,INV-004222,CUST-036,BR-02,2026-08-06,2026-08-08,2026-08-08,Delivered,Vidyut Logistics Delivery Van
DEL-001280,SO-004224,INV-004224,CUST-015,BR-01,2026-08-06,2026-08-08,2026-08-09,Delivered,Vidyut Logistics Delivery Van
DEL-001281,SO-004225,INV-004225,CUST-010,BR-01,2026-08-06,2026-08-07,2026-08-07,Delivered,Vidyut Logistics Delivery Van
DEL-001282,SO-004228,INV-004228,CUST-011,BR-01,2026-08-07,2026-08-10,2026-08-10,Delivered,Vidyut Logistics Delivery Van
DEL-001283,SO-004230,INV-004230,CUST-022,BR-01,2026-08-08,2026-08-11,2026-08-11,Delivered,Vidyut Logistics Delivery Van
DEL-001284,SO-004233,INV-004233,CUST-022,BR-01,2026-08-10,2026-08-13,2026-08-13,Delivered,Vidyut Logistics Delivery Van
DEL-001285,SO-004236,INV-004236,CUST-001,BR-01,2026-08-10,2026-08-13,2026-08-13,Delivered,Vidyut Logistics Delivery Van
DEL-001286,SO-004238,INV-004238,CUST-034,BR-02,2026-08-10,2026-08-11,2026-08-11,Delivered,Vidyut Logistics Delivery Van
DEL-001287,SO-004240,INV-004240,CUST-036,BR-02,2026-08-11,2026-08-13,2026-08-13,Delivered,Vidyut Logistics Delivery Van
DEL-001288,SO-004252,INV-004252,CUST-032,BR-02,2026-08-12,2026-08-14,2026-08-15,Delivered,Vidyut Logistics Delivery Van
DEL-001289,SO-004254,INV-004254,CUST-040,BR-03,2026-08-12,2026-08-13,2026-08-13,Delivered,Vidyut Logistics Delivery Van
DEL-001290,SO-004256,INV-004256,CUST-001,BR-01,2026-08-13,2026-08-16,2026-08-16,Delivered,Vidyut Logistics Delivery Van
DEL-001291,SO-004257,INV-004257,CUST-029,BR-02,2026-08-13,2026-08-16,2026-08-16,Delivered,Vidyut Logistics Delivery Van
DEL-001292,SO-004262,INV-004262,CUST-036,BR-02,2026-08-14,2026-08-16,2026-08-16,Delivered,Vidyut Logistics Delivery Van
DEL-001293,SO-004263,INV-004263,CUST-036,BR-02,2026-08-14,2026-08-16,2026-08-16,Delivered,Vidyut Logistics Delivery Van
DEL-001294,SO-004267,INV-004267,CUST-034,BR-02,2026-08-15,2026-08-16,2026-08-16,Delivered,Vidyut Logistics Delivery Van
DEL-001295,SO-004269,INV-004269,CUST-004,BR-01,2026-08-17,2026-08-18,2026-08-18,Delivered,Vidyut Logistics Delivery Van
DEL-001296,SO-004270,INV-004270,CUST-015,BR-01,2026-08-17,2026-08-20,2026-08-20,Delivered,Vidyut Logistics Delivery Van
DEL-001297,SO-004274,INV-004274,CUST-032,BR-02,2026-08-18,2026-08-19,2026-08-19,Delivered,Vidyut Logistics Delivery Van
DEL-001298,SO-004278,INV-004278,CUST-041,BR-03,2026-08-19,2026-08-21,2026-08-21,Delivered,Vidyut Logistics Delivery Van
DEL-001299,SO-004286,INV-004286,CUST-034,BR-02,2026-08-22,2026-08-23,2026-08-23,Delivered,Vidyut Logistics Delivery Van
DEL-001300,SO-004299,INV-004299,CUST-034,BR-02,2026-08-25,2026-08-28,2026-08-28,Delivered,Vidyut Logistics Delivery Van
DEL-001301,SO-004300,INV-004300,CUST-004,BR-01,2026-08-25,2026-08-28,2026-08-28,Delivered,Vidyut Logistics Delivery Van
DEL-001302,SO-004305,INV-004305,CUST-032,BR-02,2026-08-26,2026-08-28,2026-08-28,Delivered,Vidyut Logistics Delivery Van
DEL-001303,SO-004310,INV-004310,CUST-015,BR-01,2026-08-27,2026-08-30,2026-08-30,Delivered,Vidyut Logistics Delivery Van
DEL-001304,SO-004311,INV-004311,CUST-004,BR-01,2026-08-27,2026-08-29,2026-08-29,Delivered,Vidyut Logistics Delivery Van
DEL-001305,SO-004315,INV-004315,CUST-040,BR-03,2026-08-27,2026-08-28,2026-08-28,Delivered,Vidyut Logistics Delivery Van
DEL-001306,SO-004317,INV-004317,CUST-032,BR-02,2026-08-28,2026-08-30,2026-08-30,Delivered,Vidyut Logistics Delivery Van
DEL-001307,SO-004319,INV-004319,CUST-015,BR-01,2026-08-29,2026-08-31,2026-09-01,Delivered,Vidyut Logistics Delivery Van
DEL-001308,SO-004320,INV-004320,CUST-036,BR-02,2026-08-29,2026-09-01,2026-09-02,Delivered,Vidyut Logistics Delivery Van
DEL-001309,SO-004323,INV-004323,CUST-040,BR-03,2026-08-29,2026-08-31,2026-08-31,Delivered,Vidyut Logistics Delivery Van
DEL-001310,SO-004328,INV-004328,CUST-040,BR-03,2026-08-31,2026-09-03,2026-09-04,Delivered,Vidyut Logistics Delivery Van
DEL-001311,SO-004331,INV-004331,CUST-043,BR-03,2026-09-01,2026-09-03,2026-09-03,Delivered,Vidyut Logistics Delivery Van
DEL-001312,SO-004336,INV-004336,CUST-011,BR-01,2026-09-02,2026-09-05,2026-09-05,Delivered,Vidyut Logistics Delivery Van
DEL-001313,SO-004344,INV-004344,CUST-041,BR-03,2026-09-04,2026-09-07,2026-09-07,Delivered,Vidyut Logistics Delivery Van
DEL-001314,SO-004347,INV-004347,CUST-034,BR-02,2026-09-04,2026-09-07,2026-09-07,Delivered,Vidyut Logistics Delivery Van
DEL-001315,SO-004348,INV-004348,CUST-029,BR-02,2026-09-04,2026-09-06,2026-09-06,Delivered,Vidyut Logistics Delivery Van
DEL-001316,SO-004350,INV-004350,CUST-010,BR-01,2026-09-05,2026-09-08,2026-09-08,Delivered,Vidyut Logistics Delivery Van
DEL-001317,SO-004352,INV-004352,CUST-022,BR-01,2026-09-07,2026-09-10,2026-09-12,Delivered,Vidyut Logistics Delivery Van
DEL-001318,SO-004355,INV-004355,CUST-043,BR-03,2026-09-07,2026-09-10,2026-09-11,Delivered,Vidyut Logistics Delivery Van
DEL-001319,SO-004360,INV-004360,CUST-032,BR-02,2026-09-08,2026-09-09,2026-09-09,Delivered,Vidyut Logistics Delivery Van
DEL-001320,SO-004361,INV-004361,CUST-007,BR-01,2026-09-08,2026-09-11,2026-09-11,Delivered,Vidyut Logistics Delivery Van
DEL-001321,SO-004364,INV-004364,CUST-043,BR-03,2026-09-08,2026-09-11,2026-09-11,Delivered,Vidyut Logistics Delivery Van
DEL-001322,SO-004366,INV-004366,CUST-007,BR-01,2026-09-09,2026-09-12,2026-09-12,Delivered,Vidyut Logistics Delivery Van
DEL-001323,SO-004370,INV-004370,CUST-040,BR-03,2026-09-10,2026-09-11,2026-09-11,Delivered,Vidyut Logistics Delivery Van
DEL-001324,SO-004381,INV-004381,CUST-043,BR-03,2026-09-12,2026-09-13,2026-09-13,Delivered,Vidyut Logistics Delivery Van
DEL-001325,SO-004382,INV-004382,CUST-043,BR-03,2026-09-12,2026-09-13,2026-09-13,Delivered,Vidyut Logistics Delivery Van
DEL-001326,SO-004384,INV-004384,CUST-001,BR-01,2026-09-12,2026-09-15,2026-09-15,Delivered,Vidyut Logistics Delivery Van
DEL-001327,SO-004385,INV-004385,CUST-032,BR-02,2026-09-14,2026-09-17,2026-09-17,Delivered,Vidyut Logistics Delivery Van
DEL-001328,SO-004389,INV-004389,CUST-011,BR-01,2026-09-14,2026-09-15,2026-09-16,Delivered,Vidyut Logistics Delivery Van
DEL-001329,SO-004396,INV-004396,CUST-015,BR-01,2026-09-16,2026-09-17,2026-09-18,Delivered,Vidyut Logistics Delivery Van
DEL-001330,SO-004398,INV-004398,CUST-007,BR-01,2026-09-16,2026-09-17,2026-09-17,Delivered,Vidyut Logistics Delivery Van
DEL-001331,SO-004401,INV-004401,CUST-010,BR-01,2026-09-17,2026-09-19,2026-09-20,Delivered,Vidyut Logistics Delivery Van
DEL-001332,SO-004403,INV-004403,CUST-001,BR-01,2026-09-17,2026-09-20,2026-09-21,Delivered,Vidyut Logistics Delivery Van
DEL-001333,SO-004406,INV-004406,CUST-043,BR-03,2026-09-18,2026-09-21,2026-09-22,Delivered,Vidyut Logistics Delivery Van
DEL-001334,SO-004412,INV-004412,CUST-011,BR-01,2026-09-18,2026-09-21,2026-09-22,Delivered,Vidyut Logistics Delivery Van
DEL-001335,SO-004413,INV-004413,CUST-034,BR-02,2026-09-19,2026-09-20,2026-09-20,Delivered,Vidyut Logistics Delivery Van
DEL-001336,SO-004414,INV-004414,CUST-041,BR-03,2026-09-19,2026-09-21,2026-09-22,Delivered,Vidyut Logistics Delivery Van
DEL-001337,SO-004422,INV-004422,CUST-011,BR-01,2026-09-21,2026-09-22,2026-09-22,Delivered,Vidyut Logistics Delivery Van
DEL-001338,SO-004425,INV-004425,CUST-015,BR-01,2026-09-21,2026-09-23,2026-09-23,Delivered,Vidyut Logistics Delivery Van
DEL-001339,SO-004426,INV-004426,CUST-015,BR-01,2026-09-21,2026-09-24,2026-09-24,Delivered,Vidyut Logistics Delivery Van
DEL-001340,SO-004429,INV-004429,CUST-036,BR-02,2026-09-22,2026-09-23,2026-09-24,Delivered,Vidyut Logistics Delivery Van
DEL-001341,SO-004431,INV-004431,CUST-001,BR-01,2026-09-22,2026-09-24,2026-09-24,Delivered,Vidyut Logistics Delivery Van
DEL-001342,SO-004432,INV-004432,CUST-036,BR-02,2026-09-23,2026-09-24,2026-09-24,Delivered,Vidyut Logistics Delivery Van
DEL-001343,SO-004433,INV-004433,CUST-015,BR-01,2026-09-23,2026-09-26,2026-09-28,Delivered,Vidyut Logistics Delivery Van
DEL-001344,SO-004434,INV-004434,CUST-041,BR-03,2026-09-23,2026-09-25,2026-09-26,Delivered,Vidyut Logistics Delivery Van
DEL-001345,SO-004438,INV-004438,CUST-001,BR-01,2026-09-24,2026-09-26,2026-09-26,Delivered,Vidyut Logistics Delivery Van
DEL-001346,SO-004439,INV-004439,CUST-043,BR-03,2026-09-24,2026-09-26,2026-09-26,Delivered,Vidyut Logistics Delivery Van
DEL-001347,SO-004440,INV-004440,CUST-029,BR-02,2026-09-24,2026-09-25,2026-09-26,Delivered,Vidyut Logistics Delivery Van
DEL-001348,SO-004444,INV-004444,CUST-036,BR-02,2026-09-25,2026-09-26,2026-09-26,Delivered,Vidyut Logistics Delivery Van
DEL-001349,SO-004450,INV-004450,CUST-022,BR-01,2026-09-26,2026-09-28,2026-09-28,Delivered,Vidyut Logistics Delivery Van
DEL-001350,SO-004458,INV-004458,CUST-011,BR-01,2026-09-29,2026-10-01,,In Transit,Vidyut Logistics Delivery Van
DEL-001351,SO-004463,INV-004463,CUST-043,BR-03,2026-09-30,2026-10-01,,In Transit,Vidyut Logistics Delivery Van
DEL-001352,SO-004466,INV-004466,CUST-034,BR-02,2026-09-30,2026-10-03,,In Transit,Vidyut Logistics Delivery Van
